PRT1
1578
3321
4 0 16 (7168 1024 752 ) (7168 1024 592 ) (7808 1024 592 ) (7808 1024 752 ) 
4 0 7 (7168 1024 592 ) (7168 1024 640 ) (7168 1056 640 ) (7168 1056 592 ) 
4 0 4 (7168 1056 640 ) (7168 1136 640 ) (7168 1136 592 ) (7168 1056 592 ) 
4 0 2 (7168 1024 640 ) (7168 1024 752 ) (7168 1136 752 ) (7168 1136 640 ) 
4 1 3 (7168 1216 240 ) (7168 1216 400 ) (7168 1392 400 ) (7168 1392 240 ) 
4 2 17 (7168 1024 640 ) (7168 1024 752 ) (6880 1024 752 ) (6880 1024 640 ) 
4 2 11 (6144 1024 640 ) (6144 1024 752 ) (6144 1136 752 ) (6144 1136 640 ) 
4 2 9 (6280 1024 640 ) (6144 1024 640 ) (6144 1056 640 ) (6280 1056 640 ) 
4 2 7 (7168 1056 640 ) (7168 1024 640 ) (6360 1024 640 ) (6360 1056 640 ) 
4 2 6 (6280 1056 640 ) (6144 1056 640 ) (6144 1136 640 ) (6280 1136 640 ) 
4 2 5 (6280 1072 640 ) (6280 1136 640 ) (6360 1136 640 ) (6360 1072 640 ) 
4 2 4 (7168 1136 640 ) (7168 1056 640 ) (6360 1056 640 ) (6360 1136 640 ) 
4 3 10 (6144 1216 240 ) (6144 1216 400 ) (6144 1392 400 ) (6144 1392 240 ) 
4 4 7 (7168 1056 640 ) (6360 1056 640 ) (6360 1056 592 ) (7168 1056 592 ) 
4 4 5 (6360 1136 640 ) (6360 1136 592 ) (6360 1072 592 ) (6360 1072 640 ) 
4 5 6 (6280 1136 640 ) (6280 1136 592 ) (6280 1072 592 ) (6280 1072 640 ) 
4 6 11 (6144 1056 592 ) (6144 1056 640 ) (6144 1136 640 ) (6144 1136 592 ) 
4 6 9 (6280 1056 640 ) (6144 1056 640 ) (6144 1056 592 ) (6280 1056 592 ) 
4 7 17 (7168 1024 592 ) (7168 1024 640 ) (6880 1024 640 ) (6880 1024 592 ) 
4 8 18 (6344 1024 544 ) (6344 1024 576 ) (6296 1024 576 ) (6296 1024 544 ) 
4 9 11 (6144 1024 592 ) (6144 1024 640 ) (6144 1056 640 ) (6144 1056 592 ) 
4 10 12 (5120 1216 240 ) (5120 1216 400 ) (5120 1392 400 ) (5120 1392 240 ) 
4 11 29 (6144 1024 592 ) (6144 1024 752 ) (5120 1024 752 ) (5120 1024 592 ) 
4 11 13 (5120 1024 592 ) (5120 1024 752 ) (5120 1136 752 ) (5120 1136 592 ) 
4 12 14 (4096 1216 240 ) (4096 1216 400 ) (4096 1392 400 ) (4096 1392 240 ) 
4 13 31 (5120 1024 592 ) (5120 1024 752 ) (4096 1024 752 ) (4096 1024 592 ) 
4 13 15 (4096 1024 592 ) (4096 1024 752 ) (4096 1136 752 ) (4096 1136 592 ) 
4 14 35 (3072 1216 240 ) (3072 1216 400 ) (3072 1392 400 ) (3072 1392 240 ) 
4 15 36 (3072 1024 592 ) (3072 1024 752 ) (3072 1136 752 ) (3072 1136 592 ) 
4 15 32 (4096 1024 592 ) (4096 1024 752 ) (3072 1024 752 ) (3072 1024 592 ) 
4 16 17 (7168 1024 752 ) (7168 1024 592 ) (7168 1008 592 ) (7168 1008 752 ) 
4 18 28 (6344 1008 544 ) (6344 1008 576 ) (6296 1008 576 ) (6296 1008 544 ) 
4 19 20 (6864 992 544 ) (6864 992 576 ) (6496 992 576 ) (6496 992 544 ) 
4 20 22 (6864 848 544 ) (6864 848 752 ) (6736 848 752 ) (6736 848 544 ) 
4 20 21 (6496 960 656 ) (6496 960 544 ) (6496 896 544 ) (6496 896 656 ) 
4 21 28 (6480 896 544 ) (6480 896 576 ) (6480 960 576 ) (6480 960 544 ) 
4 21 27 (6480 896 576 ) (6480 896 656 ) (6480 960 656 ) (6480 960 576 ) 
4 23 24 (6160 1008 976 ) (6480 1008 976 ) (6480 992 976 ) (6160 992 976 ) 
4 23 25 (6480 992 976 ) (6480 512 976 ) (6160 512 976 ) (6160 992 976 ) 
4 24 25 (6160 992 976 ) (6160 992 768 ) (6480 992 768 ) (6480 992 976 ) 
4 25 27 (6480 992 728 ) (6480 512 728 ) (6160 512 728 ) (6160 992 728 ) 
4 25 26 (6280 512 728 ) (6360 512 728 ) (6360 512 976 ) (6280 512 976 ) 
4 27 28 (6480 512 576 ) (6160 512 576 ) (6160 992 576 ) (6480 992 576 ) 
4 29 31 (5120 1024 752 ) (5120 1024 592 ) (5120 1008 592 ) (5120 1008 752 ) 
4 31 32 (4096 1024 752 ) (4096 1024 592 ) (4096 1008 592 ) (4096 1008 752 ) 
4 32 502 (3072 1008 592 ) (3072 1008 752 ) (3072 1024 752 ) (3072 1024 592 ) 
4 33 501 (3056 1024 912 ) (2192 1024 912 ) (2192 1024 816 ) (3056 1024 816 ) 
4 33 34 (2192 1152 816 ) (2192 1024 816 ) (2192 1024 912 ) (2192 1152 912 ) 
4 34 501 (2192 1024 912 ) (2048 1024 912 ) (2048 1024 816 ) (2192 1024 816 ) 
4 34 43 (2048 1024 816 ) (2048 1024 912 ) (2048 1152 912 ) (2048 1152 816 ) 
4 35 57 (2048 1216 240 ) (2048 1216 400 ) (2048 1296 400 ) (2048 1296 240 ) 
4 35 55 (2048 1296 400 ) (2048 1392 400 ) (2048 1392 240 ) (2048 1296 240 ) 
4 36 502 (3072 1024 592 ) (3072 1024 752 ) (2048 1024 752 ) (2048 1024 592 ) 
4 36 47 (2048 1024 592 ) (2048 1024 752 ) (2048 1136 752 ) (2048 1136 592 ) 
4 37 38 (144 2056 808 ) (256 2056 808 ) (256 2056 928 ) (144 2056 928 ) 
4 38 90 (144 2048 928 ) (144 2048 808 ) (256 2048 808 ) (256 2048 928 ) 
4 39 52 (1344 1408 544 ) (1344 1296 544 ) (1104 1296 544 ) (1104 1408 544 ) 
4 39 50 (1216 1408 544 ) (1104 1408 544 ) (1104 2032 544 ) (1216 2032 544 ) 
4 39 49 (1344 2032 544 ) (1344 1408 544 ) (1216 1408 544 ) (1216 2032 544 ) 
4 39 45 (1216 1296 792 ) (1168 1296 792 ) (1168 1296 728 ) (1216 1296 728 ) 
4 39 42 (1280 1296 1960 ) (1152 1296 1960 ) (1152 1296 1840 ) (1280 1296 1840 ) 
4 39 41 (1104 1664 576 ) (1104 1664 752 ) (1104 1824 752 ) (1104 1824 576 ) 
4 39 40 (1104 1752 896 ) (1104 1824 896 ) (1104 1824 808 ) (1104 1752 808 ) 
4 40 70 (1088 1824 808 ) (1088 1752 808 ) (1088 1752 896 ) (1088 1824 896 ) 
4 41 75 (1088 1664 576 ) (1088 1664 752 ) (1088 1824 752 ) (1088 1824 576 ) 
4 42 44 (1152 1264 1840 ) (1280 1264 1840 ) (1280 1264 1960 ) (1152 1264 1960 ) 
4 43 507 (2048 1024 816 ) (2048 1024 912 ) (2032 1024 912 ) (2032 1024 816 ) 
4 43 44 (2032 1152 816 ) (2032 1024 816 ) (2032 1024 912 ) (2032 1152 912 ) 
4 44 550 (1088 1024 3056 ) (1088 1024 816 ) (1680 1024 816 ) (1680 1024 3056 ) 
4 44 508 (1680 1024 816 ) (2032 1024 816 ) (2032 1024 3056 ) (1680 1024 3056 ) 
4 44 72 (1088 1024 816 ) (1088 1024 3056 ) (1088 1264 3056 ) (1088 1264 816 ) 
4 45 46 (1216 1272 792 ) (1168 1272 792 ) (1168 1272 728 ) (1216 1272 728 ) 
4 46 73 (1088 1160 800 ) (1088 1272 800 ) (1088 1272 768 ) (1088 1160 768 ) 
4 47 551 (1680 1024 752 ) (1088 1024 752 ) (1088 1024 592 ) (1680 1024 592 ) 
4 47 509 (2048 1024 592 ) (2048 1024 752 ) (1680 1024 752 ) (1680 1024 592 ) 
4 47 77 (1088 1024 592 ) (1088 1024 752 ) (1088 1136 752 ) (1088 1136 592 ) 
4 48 51 (2040 1408 544 ) (1368 1408 544 ) (1368 1408 424 ) (2040 1408 424 ) 
4 49 52 (1344 1408 432 ) (1344 1408 544 ) (1216 1408 544 ) (1216 1408 432 ) 
4 49 50 (1216 2032 544 ) (1216 2032 432 ) (1216 1408 432 ) (1216 1408 544 ) 
4 50 52 (1104 1408 544 ) (1104 1408 432 ) (1216 1408 432 ) (1216 1408 544 ) 
4 51 53 (1368 1296 424 ) (2040 1296 424 ) (2040 1296 544 ) (1368 1296 544 ) 
4 52 58 (1104 1392 520 ) (1104 1392 432 ) (1104 1312 432 ) (1104 1312 520 ) 
4 53 54 (1368 1272 424 ) (2040 1272 424 ) (2040 1272 544 ) (1368 1272 544 ) 
4 54 65 (1856 1216 544 ) (1104 1216 544 ) (1104 1216 424 ) (1856 1216 424 ) 
4 54 64 (1936 1216 544 ) (1856 1216 544 ) (1856 1216 424 ) (1936 1216 424 ) 
4 54 63 (2040 1216 544 ) (1936 1216 544 ) (1936 1216 424 ) (2040 1216 424 ) 
4 54 59 (1104 1216 424 ) (1104 1216 544 ) (1104 1272 544 ) (1104 1272 424 ) 
4 55 57 (1344 1296 400 ) (1344 1296 240 ) (2048 1296 240 ) (2048 1296 400 ) 
4 55 56 (1344 1392 400 ) (1344 1392 240 ) (1344 1296 240 ) (1344 1296 400 ) 
4 56 61 (1104 1312 240 ) (1104 1296 240 ) (1104 1296 400 ) (1104 1312 400 ) 
4 56 60 (1104 1392 400 ) (1104 1392 240 ) (1104 1312 240 ) (1104 1312 400 ) 
4 56 57 (1104 1296 400 ) (1104 1296 240 ) (1344 1296 240 ) (1344 1296 400 ) 
4 57 62 (1104 1216 240 ) (1104 1216 400 ) (1104 1296 400 ) (1104 1296 240 ) 
4 58 79 (1088 1392 520 ) (1088 1392 432 ) (1088 1312 432 ) (1088 1312 520 ) 
4 59 65 (1104 1216 544 ) (1096 1216 544 ) (1096 1216 424 ) (1104 1216 424 ) 
4 60 80 (1088 1392 400 ) (1088 1392 240 ) (1088 1312 240 ) (1088 1312 400 ) 
4 60 61 (1088 1312 240 ) (1104 1312 240 ) (1104 1312 400 ) (1088 1312 400 ) 
4 61 81 (1088 1312 400 ) (1088 1312 240 ) (1088 1296 240 ) (1088 1296 400 ) 
4 61 62 (1088 1296 240 ) (1104 1296 240 ) (1104 1296 400 ) (1088 1296 400 ) 
4 62 81 (1088 1216 240 ) (1088 1216 400 ) (1088 1296 400 ) (1088 1296 240 ) 
4 63 64 (1936 1216 544 ) (1936 1216 424 ) (1936 1032 424 ) (1936 1032 544 ) 
4 64 527 (1856 1024 480 ) (1856 1024 424 ) (1936 1024 424 ) (1936 1024 480 ) 
4 64 511 (1936 1024 544 ) (1856 1024 544 ) (1856 1024 480 ) (1936 1024 480 ) 
4 64 65 (1856 1216 544 ) (1856 1216 424 ) (1856 1032 424 ) (1856 1032 544 ) 
4 65 66 (1096 1112 432 ) (1096 1112 520 ) (1096 1184 520 ) (1096 1184 432 ) 
4 66 85 (1088 1184 520 ) (1088 1184 432 ) (1088 1112 432 ) (1088 1112 520 ) 
4 67 553 (1432 1024 96 ) (1432 1024 8 ) (1680 1024 8 ) (1680 1024 96 ) 
4 67 552 (1680 1024 216 ) (1432 1024 216 ) (1432 1024 96 ) (1680 1024 96 ) 
4 67 548 (1712 1024 216 ) (1680 1024 216 ) (1680 1024 8 ) (1712 1024 8 ) 
4 67 544 (1776 1024 8 ) (1776 1024 216 ) (1712 1024 216 ) (1712 1024 8 ) 
4 67 68 (1432 1128 40 ) (1432 1024 40 ) (1432 1024 96 ) (1432 1128 96 ) 
4 68 554 (1432 1024 40 ) (1432 1024 96 ) (1408 1024 96 ) (1408 1024 40 ) 
4 68 69 (1408 1024 40 ) (1408 1024 96 ) (1408 1128 96 ) (1408 1128 40 ) 
4 69 88 (1088 1024 16 ) (1088 1024 400 ) (1088 1184 400 ) (1088 1184 16 ) 
4 70 71 (1080 1824 808 ) (1080 1752 808 ) (1080 1752 896 ) (1080 1824 896 ) 
4 71 96 (1024 1288 864 ) (1024 1288 984 ) (1024 1296 984 ) (1024 1296 864 ) 
4 71 95 (1024 1296 984 ) (1024 1936 984 ) (1024 1936 864 ) (1024 1296 864 ) 
4 71 101 (1024 1288 808 ) (1024 1288 864 ) (1024 1936 864 ) (1024 1936 808 ) 
4 71 94 (1024 1288 984 ) (1024 1288 1016 ) (1024 1488 1016 ) (1024 1488 984 ) 
4 71 93 (1024 1488 1016 ) (1024 1616 1016 ) (1024 1616 984 ) (1024 1488 984 ) 
4 71 92 (1024 1616 1016 ) (1024 1936 1016 ) (1024 1936 984 ) (1024 1616 984 ) 
4 72 593 (1072 1024 3056 ) (1024 1024 3056 ) (1024 1024 816 ) (1072 1024 816 ) 
4 72 565 (1088 1024 816 ) (1088 1024 3056 ) (1072 1024 3056 ) (1072 1024 816 ) 
4 72 105 (1024 1024 816 ) (1024 1024 3056 ) (1024 1264 3056 ) (1024 1264 816 ) 
4 73 74 (1072 1272 800 ) (1072 1272 768 ) (1072 1160 768 ) (1072 1160 800 ) 
4 74 594 (1072 1024 800 ) (1024 1024 800 ) (1024 1024 768 ) (1072 1024 768 ) 
4 74 122 (1024 1040 768 ) (1024 1024 768 ) (1024 1024 800 ) (1024 1040 800 ) 
4 74 120 (1024 1056 768 ) (1024 1040 768 ) (1024 1040 800 ) (1024 1056 800 ) 
4 74 117 (1024 1104 768 ) (1024 1056 768 ) (1024 1056 800 ) (1024 1104 800 ) 
4 74 112 (1024 1272 768 ) (1024 1104 768 ) (1024 1104 800 ) (1024 1272 800 ) 
4 75 124 (1024 1824 576 ) (1024 1664 576 ) (1024 1664 752 ) (1024 1824 752 ) 
4 76 125 (1024 1168 592 ) (1024 1168 752 ) (1024 1632 752 ) (1024 1632 592 ) 
4 77 605 (1024 1024 608 ) (1024 1024 592 ) (1072 1024 592 ) (1072 1024 608 ) 
4 77 595 (1072 1024 752 ) (1024 1024 752 ) (1024 1024 608 ) (1072 1024 608 ) 
4 77 573 (1088 1024 592 ) (1088 1024 656 ) (1072 1024 656 ) (1072 1024 592 ) 
4 77 566 (1088 1024 656 ) (1088 1024 752 ) (1072 1024 752 ) (1072 1024 656 ) 
4 77 129 (1024 1024 592 ) (1024 1024 752 ) (1024 1136 752 ) (1024 1136 592 ) 
4 78 145 (1024 1392 432 ) (1024 1392 544 ) (1024 1408 544 ) (1024 1408 432 ) 
4 78 144 (1024 1408 544 ) (1024 1552 544 ) (1024 1552 432 ) (1024 1408 432 ) 
4 78 142 (1024 1552 544 ) (1024 1632 544 ) (1024 1632 432 ) (1024 1552 432 ) 
4 78 138 (1024 1392 544 ) (1024 1392 560 ) (1024 1552 560 ) (1024 1552 544 ) 
4 78 137 (1024 1552 560 ) (1024 1616 560 ) (1024 1616 544 ) (1024 1552 544 ) 
4 78 136 (1024 1616 560 ) (1024 1632 560 ) (1024 1632 544 ) (1024 1616 544 ) 
4 78 82 (1072 1392 432 ) (1072 1392 560 ) (1024 1392 560 ) (1024 1392 432 ) 
4 79 82 (1072 1392 520 ) (1072 1392 432 ) (1072 1312 432 ) (1072 1312 520 ) 
4 80 83 (1072 1392 400 ) (1072 1392 240 ) (1072 1312 240 ) (1072 1312 400 ) 
4 80 81 (1072 1312 400 ) (1072 1312 240 ) (1088 1312 240 ) (1088 1312 400 ) 
4 81 83 (1072 1312 400 ) (1072 1312 240 ) (1072 1216 240 ) (1072 1216 400 ) 
4 82 157 (1024 1216 432 ) (1024 1216 544 ) (1024 1376 544 ) (1024 1376 432 ) 
4 82 146 (1024 1376 544 ) (1024 1392 544 ) (1024 1392 432 ) (1024 1376 432 ) 
4 82 138 (1024 1216 544 ) (1024 1216 560 ) (1024 1392 560 ) (1024 1392 544 ) 
4 82 84 (1072 1216 432 ) (1072 1216 560 ) (1024 1216 560 ) (1024 1216 432 ) 
4 83 192 (1024 1216 240 ) (1024 1216 272 ) (1024 1392 272 ) (1024 1392 240 ) 
4 83 162 (1024 1216 272 ) (1024 1216 400 ) (1024 1376 400 ) (1024 1376 272 ) 
4 83 147 (1024 1376 400 ) (1024 1392 400 ) (1024 1392 272 ) (1024 1376 272 ) 
4 84 157 (1024 1184 432 ) (1024 1184 544 ) (1024 1216 544 ) (1024 1216 432 ) 
4 84 138 (1024 1184 544 ) (1024 1184 560 ) (1024 1216 560 ) (1024 1216 544 ) 
4 84 86 (1072 1184 560 ) (1024 1184 560 ) (1024 1184 432 ) (1072 1184 432 ) 
4 85 86 (1072 1112 432 ) (1072 1112 520 ) (1072 1184 520 ) (1072 1184 432 ) 
4 86 157 (1024 1184 544 ) (1024 1184 432 ) (1024 1088 432 ) (1024 1088 544 ) 
4 86 138 (1024 1088 560 ) (1024 1184 560 ) (1024 1184 544 ) (1024 1088 544 ) 
4 86 87 (1072 1088 432 ) (1072 1088 560 ) (1024 1088 560 ) (1024 1088 432 ) 
4 87 613 (1024 1024 480 ) (1024 1024 432 ) (1072 1024 432 ) (1072 1024 480 ) 
4 87 608 (1072 1024 560 ) (1024 1024 560 ) (1024 1024 480 ) (1072 1024 480 ) 
4 87 164 (1024 1024 432 ) (1024 1024 544 ) (1024 1056 544 ) (1024 1056 432 ) 
4 87 157 (1024 1056 544 ) (1024 1088 544 ) (1024 1088 432 ) (1024 1056 432 ) 
4 87 138 (1024 1024 544 ) (1024 1024 560 ) (1024 1088 560 ) (1024 1088 544 ) 
4 88 632 (1024 1024 224 ) (1024 1024 16 ) (1056 1024 16 ) (1056 1024 224 ) 
4 88 626 (1056 1024 400 ) (1024 1024 400 ) (1024 1024 224 ) (1056 1024 224 ) 
4 88 195 (1024 1024 16 ) (1024 1024 272 ) (1024 1184 272 ) (1024 1184 16 ) 
4 88 165 (1024 1024 272 ) (1024 1024 400 ) (1024 1056 400 ) (1024 1056 272 ) 
4 88 163 (1024 1056 400 ) (1024 1184 400 ) (1024 1184 272 ) (1024 1056 272 ) 
4 89 248 (0 2032 10224 ) (0 2032 9232 ) (0 1288 9232 ) (0 1288 10224 ) 
4 89 109 (720 1288 10224 ) (0 1288 10224 ) (0 1288 9232 ) (720 1288 9232 ) 
4 89 103 (1008 1288 10224 ) (720 1288 10224 ) (720 1288 9232 ) (1008 1288 9232 ) 
4 90 91 (144 2040 808 ) (256 2040 808 ) (256 2040 928 ) (144 2040 928 ) 
4 91 100 (24 1936 984 ) (24 1936 864 ) (384 1936 864 ) (384 1936 984 ) 
4 91 101 (24 1936 864 ) (24 1936 808 ) (384 1936 808 ) (384 1936 864 ) 
4 91 92 (24 1936 1016 ) (24 1936 984 ) (384 1936 984 ) (384 1936 1016 ) 
4 92 98 (504 1936 984 ) (608 1936 984 ) (608 1616 984 ) (504 1616 984 ) 
4 92 100 (24 1616 984 ) (24 1936 984 ) (504 1936 984 ) (504 1616 984 ) 
4 92 95 (920 1936 984 ) (1024 1936 984 ) (1024 1616 984 ) (920 1616 984 ) 
4 92 97 (608 1936 984 ) (920 1936 984 ) (920 1616 984 ) (608 1616 984 ) 
4 92 93 (24 1616 1016 ) (24 1616 984 ) (1024 1616 984 ) (1024 1616 1016 ) 
4 93 98 (504 1616 984 ) (608 1616 984 ) (608 1488 984 ) (504 1488 984 ) 
4 93 100 (24 1488 984 ) (24 1616 984 ) (504 1616 984 ) (504 1488 984 ) 
4 93 95 (920 1616 984 ) (1024 1616 984 ) (1024 1488 984 ) (920 1488 984 ) 
4 93 97 (608 1616 984 ) (920 1616 984 ) (920 1488 984 ) (608 1488 984 ) 
4 93 94 (24 1488 1016 ) (24 1488 984 ) (1024 1488 984 ) (1024 1488 1016 ) 
4 94 99 (608 1288 984 ) (504 1288 984 ) (504 1296 984 ) (608 1296 984 ) 
4 94 98 (504 1296 984 ) (504 1488 984 ) (608 1488 984 ) (608 1296 984 ) 
4 94 100 (504 1288 984 ) (24 1288 984 ) (24 1488 984 ) (504 1488 984 ) 
4 94 96 (1024 1288 984 ) (920 1288 984 ) (920 1296 984 ) (1024 1296 984 ) 
4 94 95 (920 1296 984 ) (920 1488 984 ) (1024 1488 984 ) (1024 1296 984 ) 
4 94 97 (920 1288 984 ) (608 1288 984 ) (608 1488 984 ) (920 1488 984 ) 
4 95 97 (920 1936 864 ) (920 1296 864 ) (920 1296 984 ) (920 1936 984 ) 
4 95 101 (920 1296 864 ) (920 1936 864 ) (1024 1936 864 ) (1024 1296 864 ) 
4 95 96 (920 1296 984 ) (920 1296 864 ) (1024 1296 864 ) (1024 1296 984 ) 
4 96 97 (920 1296 864 ) (920 1288 864 ) (920 1288 984 ) (920 1296 984 ) 
4 96 101 (1024 1288 864 ) (920 1288 864 ) (920 1296 864 ) (1024 1296 864 ) 
4 97 99 (608 1296 864 ) (608 1288 864 ) (608 1288 984 ) (608 1296 984 ) 
4 97 98 (608 1936 864 ) (608 1296 864 ) (608 1296 984 ) (608 1936 984 ) 
4 97 101 (920 1288 864 ) (608 1288 864 ) (608 1936 864 ) (920 1936 864 ) 
4 98 100 (504 1936 864 ) (504 1296 864 ) (504 1296 984 ) (504 1936 984 ) 
4 98 101 (504 1296 864 ) (504 1936 864 ) (608 1936 864 ) (608 1296 864 ) 
4 98 99 (504 1296 984 ) (504 1296 864 ) (608 1296 864 ) (608 1296 984 ) 
4 99 100 (504 1296 864 ) (504 1288 864 ) (504 1288 984 ) (504 1296 984 ) 
4 99 101 (608 1288 864 ) (504 1288 864 ) (504 1296 864 ) (608 1296 864 ) 
4 100 102 (24 1488 896 ) (24 1552 896 ) (24 1552 864 ) (24 1488 864 ) 
4 100 101 (504 1288 864 ) (24 1288 864 ) (24 1936 864 ) (504 1936 864 ) 
4 101 102 (24 1552 808 ) (24 1488 808 ) (24 1488 864 ) (24 1552 864 ) 
4 102 280 (0 1552 808 ) (0 1488 808 ) (0 1488 816 ) (0 1552 816 ) 
4 102 264 (0 1488 816 ) (0 1488 896 ) (0 1552 896 ) (0 1552 816 ) 
4 103 109 (720 1288 10224 ) (720 1288 9232 ) (720 1264 9232 ) (720 1264 10224 ) 
4 103 106 (720 1264 10224 ) (720 1264 9232 ) (736 1264 9232 ) (736 1264 10224 ) 
4 103 104 (736 1264 9232 ) (1008 1264 9232 ) (1008 1264 10224 ) (736 1264 10224 ) 
4 104 106 (736 1264 10224 ) (736 1264 9232 ) (736 1040 9232 ) (736 1040 10224 ) 
4 105 668 (1024 1024 816 ) (1024 1024 1024 ) (736 1024 1024 ) (736 1024 816 ) 
4 105 641 (1024 1024 1024 ) (1024 1024 1312 ) (736 1024 1312 ) (736 1024 1024 ) 
4 105 638 (1024 1024 1312 ) (1024 1024 1400 ) (736 1024 1400 ) (736 1024 1312 ) 
4 105 637 (1024 1024 1400 ) (1024 1024 3056 ) (736 1024 3056 ) (736 1024 1400 ) 
4 105 108 (912 1056 816 ) (912 1104 816 ) (960 1104 816 ) (960 1056 816 ) 
4 105 107 (736 1216 816 ) (736 1024 816 ) (736 1024 944 ) (736 1216 944 ) 
4 106 109 (720 1040 10224 ) (720 1264 10224 ) (720 1264 9232 ) (720 1040 9232 ) 
4 107 669 (720 1024 944 ) (720 1024 816 ) (736 1024 816 ) (736 1024 944 ) 
4 107 110 (720 1024 816 ) (720 1024 944 ) (720 1216 944 ) (720 1216 816 ) 
4 108 118 (912 1056 800 ) (912 1104 800 ) (960 1104 800 ) (960 1056 800 ) 
4 109 248 (0 1040 10224 ) (0 1288 10224 ) (0 1288 9232 ) (0 1040 9232 ) 
4 110 671 (720 1024 816 ) (720 1024 944 ) (704 1024 944 ) (704 1024 816 ) 
4 110 111 (704 1024 816 ) (704 1024 944 ) (704 1216 944 ) (704 1216 816 ) 
4 111 692 (32 1024 848 ) (32 1024 816 ) (80 1024 816 ) (80 1024 848 ) 
4 111 689 (32 1024 944 ) (32 1024 848 ) (80 1024 848 ) (80 1024 944 ) 
4 111 688 (80 1024 1008 ) (32 1024 1008 ) (32 1024 944 ) (80 1024 944 ) 
4 111 672 (704 1024 816 ) (704 1024 1008 ) (80 1024 1008 ) (80 1024 816 ) 
4 112 117 (1008 1104 768 ) (1024 1104 768 ) (1024 1104 800 ) (1008 1104 800 ) 
4 112 114 (1008 1272 768 ) (1008 1104 768 ) (1008 1104 800 ) (1008 1272 800 ) 
4 113 115 (896 1320 768 ) (976 1320 768 ) (976 1320 800 ) (896 1320 800 ) 
4 113 114 (976 1320 768 ) (1008 1320 768 ) (1008 1320 800 ) (976 1320 800 ) 
4 113 116 (40 1320 768 ) (896 1320 768 ) (896 1320 800 ) (40 1320 800 ) 
4 114 117 (976 1104 768 ) (1008 1104 768 ) (1008 1104 800 ) (976 1104 800 ) 
4 114 115 (976 1320 800 ) (976 1320 768 ) (976 1120 768 ) (976 1120 800 ) 
4 115 116 (896 1320 800 ) (896 1320 768 ) (896 1120 768 ) (896 1120 800 ) 
4 116 285 (0 1104 800 ) (0 1320 800 ) (0 1320 768 ) (0 1104 768 ) 
4 116 119 (0 1104 768 ) (896 1104 768 ) (896 1104 800 ) (0 1104 800 ) 
4 117 120 (976 1056 768 ) (1024 1056 768 ) (1024 1056 800 ) (976 1056 800 ) 
4 118 130 (960 1056 768 ) (912 1056 768 ) (912 1104 768 ) (960 1104 768 ) 
4 119 285 (0 1056 800 ) (0 1104 800 ) (0 1104 768 ) (0 1056 768 ) 
4 119 121 (0 1056 768 ) (896 1056 768 ) (896 1056 800 ) (0 1056 800 ) 
4 120 122 (976 1040 768 ) (1024 1040 768 ) (1024 1040 800 ) (976 1040 800 ) 
4 121 285 (0 1040 800 ) (0 1056 800 ) (0 1056 768 ) (0 1040 768 ) 
4 121 123 (0 1040 768 ) (32 1040 768 ) (32 1040 800 ) (0 1040 800 ) 
4 121 122 (720 1040 768 ) (896 1040 768 ) (896 1040 800 ) (720 1040 800 ) 
4 122 714 (736 1024 800 ) (720 1024 800 ) (720 1024 768 ) (736 1024 768 ) 
4 122 702 (1024 1024 768 ) (1024 1024 800 ) (736 1024 800 ) (736 1024 768 ) 
4 123 744 (32 1024 800 ) (0 1024 800 ) (0 1024 768 ) (32 1024 768 ) 
4 123 285 (0 1024 768 ) (0 1024 800 ) (0 1040 800 ) (0 1040 768 ) 
4 124 134 (32 1824 576 ) (32 1664 576 ) (32 1664 752 ) (32 1824 752 ) 
4 124 126 (32 1664 752 ) (32 1664 576 ) (112 1664 576 ) (112 1664 752 ) 
4 125 127 (816 1168 752 ) (736 1168 752 ) (736 1168 592 ) (816 1168 592 ) 
4 126 135 (32 1664 576 ) (32 1344 576 ) (32 1344 752 ) (32 1664 752 ) 
4 126 128 (32 1168 752 ) (32 1168 576 ) (112 1168 576 ) (112 1168 752 ) 
4 127 132 (736 1136 576 ) (816 1136 576 ) (816 1136 752 ) (736 1136 752 ) 
4 128 132 (32 1136 752 ) (32 1136 576 ) (112 1136 576 ) (112 1136 752 ) 
4 129 754 (1024 1024 592 ) (1024 1024 608 ) (960 1024 608 ) (960 1024 592 ) 
4 129 703 (1024 1024 608 ) (1024 1024 752 ) (960 1024 752 ) (960 1024 608 ) 
4 129 131 (960 1136 752 ) (960 1136 592 ) (960 1024 592 ) (960 1024 752 ) 
4 130 131 (960 1104 752 ) (960 1056 752 ) (912 1056 752 ) (912 1104 752 ) 
4 131 754 (848 1024 608 ) (848 1024 592 ) (960 1024 592 ) (960 1024 608 ) 
4 131 705 (848 1024 752 ) (848 1024 608 ) (912 1024 608 ) (912 1024 752 ) 
4 131 704 (912 1024 608 ) (960 1024 608 ) (960 1024 752 ) (912 1024 752 ) 
4 132 133 (736 1056 576 ) (816 1056 576 ) (816 1056 752 ) (736 1056 752 ) 
4 133 755 (736 1024 608 ) (736 1024 576 ) (816 1024 576 ) (816 1024 608 ) 
4 133 706 (736 1024 752 ) (736 1024 608 ) (816 1024 608 ) (816 1024 752 ) 
4 134 287 (0 1824 752 ) (0 1824 576 ) (0 1664 576 ) (0 1664 752 ) 
4 134 135 (16 1664 576 ) (32 1664 576 ) (32 1664 752 ) (16 1664 752 ) 
4 136 142 (1024 1632 544 ) (1024 1616 544 ) (912 1616 544 ) (912 1632 544 ) 
4 136 137 (912 1616 544 ) (1024 1616 544 ) (1024 1616 560 ) (912 1616 560 ) 
4 137 142 (1024 1616 544 ) (1024 1552 544 ) (912 1552 544 ) (912 1616 544 ) 
4 137 138 (912 1552 544 ) (1024 1552 544 ) (1024 1552 560 ) (912 1552 560 ) 
4 138 756 (1024 1024 544 ) (1024 1024 560 ) (912 1024 560 ) (912 1024 544 ) 
4 138 164 (1024 1056 544 ) (1024 1024 544 ) (912 1024 544 ) (912 1056 544 ) 
4 138 157 (1024 1376 544 ) (1024 1056 544 ) (912 1056 544 ) (912 1376 544 ) 
4 138 146 (1024 1392 544 ) (1024 1376 544 ) (912 1376 544 ) (912 1392 544 ) 
4 138 145 (1024 1408 544 ) (1024 1392 544 ) (912 1392 544 ) (912 1408 544 ) 
4 138 144 (1024 1552 544 ) (1024 1408 544 ) (912 1408 544 ) (912 1552 544 ) 
4 139 149 (400 1424 544 ) (400 1632 544 ) (880 1632 544 ) (880 1424 544 ) 
4 140 154 (368 1632 544 ) (368 1456 544 ) (144 1456 544 ) (144 1632 544 ) 
4 140 141 (144 1456 544 ) (368 1456 544 ) (368 1456 576 ) (144 1456 576 ) 
4 141 154 (144 1456 544 ) (368 1456 544 ) (368 1424 544 ) (144 1424 544 ) 
4 142 144 (1024 1552 432 ) (1024 1552 544 ) (912 1552 544 ) (912 1552 432 ) 
4 142 143 (912 1552 432 ) (912 1552 544 ) (912 1616 544 ) (912 1616 432 ) 
4 143 149 (880 1552 432 ) (880 1552 544 ) (880 1616 544 ) (880 1616 432 ) 
4 144 145 (1024 1408 432 ) (1024 1408 544 ) (912 1408 544 ) (912 1408 432 ) 
4 145 146 (1024 1392 432 ) (1024 1392 544 ) (912 1392 544 ) (912 1392 432 ) 
4 146 157 (1024 1376 432 ) (1024 1376 544 ) (912 1376 544 ) (912 1376 432 ) 
4 147 192 (1024 1392 272 ) (1024 1376 272 ) (912 1376 272 ) (912 1392 272 ) 
4 147 162 (912 1376 272 ) (1024 1376 272 ) (1024 1376 400 ) (912 1376 400 ) 
4 147 148 (912 1392 400 ) (912 1392 272 ) (912 1376 272 ) (912 1376 400 ) 
4 148 192 (912 1376 272 ) (880 1376 272 ) (880 1392 272 ) (912 1392 272 ) 
4 148 162 (880 1376 272 ) (912 1376 272 ) (912 1376 400 ) (880 1376 400 ) 
4 148 156 (880 1392 272 ) (880 1376 272 ) (880 1376 400 ) (880 1392 400 ) 
4 149 191 (400 1632 272 ) (600 1632 272 ) (600 1424 272 ) (400 1424 272 ) 
4 149 190 (600 1632 272 ) (880 1632 272 ) (880 1424 272 ) (600 1424 272 ) 
4 149 153 (400 1456 272 ) (400 1424 272 ) (400 1424 400 ) (400 1456 400 ) 
4 149 152 (400 1600 272 ) (400 1456 272 ) (400 1456 400 ) (400 1600 400 ) 
4 149 151 (400 1456 432 ) (400 1456 544 ) (400 1600 544 ) (400 1600 432 ) 
4 149 150 (400 1632 400 ) (400 1632 272 ) (400 1600 272 ) (400 1600 400 ) 
4 150 191 (368 1632 272 ) (400 1632 272 ) (400 1600 272 ) (368 1600 272 ) 
4 150 155 (368 1632 400 ) (368 1632 272 ) (368 1600 272 ) (368 1600 400 ) 
4 150 152 (368 1600 400 ) (368 1600 272 ) (400 1600 272 ) (400 1600 400 ) 
4 151 154 (368 1456 432 ) (368 1456 544 ) (368 1600 544 ) (368 1600 432 ) 
4 152 191 (400 1600 272 ) (400 1456 272 ) (368 1456 272 ) (368 1600 272 ) 
4 152 155 (368 1600 272 ) (368 1456 272 ) (368 1456 400 ) (368 1600 400 ) 
4 152 153 (368 1456 400 ) (368 1456 272 ) (400 1456 272 ) (400 1456 400 ) 
4 153 191 (400 1456 272 ) (400 1424 272 ) (368 1424 272 ) (368 1456 272 ) 
4 153 155 (368 1456 272 ) (368 1424 272 ) (368 1424 400 ) (368 1456 400 ) 
4 154 297 (0 1504 544 ) (0 1600 544 ) (0 1600 432 ) (0 1504 432 ) 
4 155 299 (0 1504 272 ) (0 1424 272 ) (0 1424 400 ) (0 1504 400 ) 
4 155 298 (0 1600 272 ) (0 1504 272 ) (0 1504 400 ) (0 1600 400 ) 
4 155 296 (0 1632 400 ) (0 1632 272 ) (0 1600 272 ) (0 1600 400 ) 
4 155 191 (0 1424 272 ) (0 1632 272 ) (368 1632 272 ) (368 1424 272 ) 
4 156 305 (0 1392 400 ) (0 1392 272 ) (0 1376 272 ) (0 1376 400 ) 
4 156 193 (0 1376 272 ) (0 1392 272 ) (600 1392 272 ) (600 1376 272 ) 
4 156 192 (600 1392 272 ) (880 1392 272 ) (880 1376 272 ) (600 1376 272 ) 
4 156 179 (0 1376 272 ) (112 1376 272 ) (112 1376 400 ) (0 1376 400 ) 
4 156 174 (112 1376 272 ) (128 1376 272 ) (128 1376 400 ) (112 1376 400 ) 
4 156 173 (128 1376 272 ) (624 1376 272 ) (624 1376 400 ) (128 1376 400 ) 
4 156 162 (624 1376 272 ) (880 1376 272 ) (880 1376 400 ) (624 1376 400 ) 
4 157 164 (912 1056 432 ) (1024 1056 432 ) (1024 1056 544 ) (912 1056 544 ) 
4 158 180 (624 1184 432 ) (624 1072 432 ) (624 1072 528 ) (624 1184 528 ) 
4 158 172 (624 1376 528 ) (624 1376 432 ) (624 1184 432 ) (624 1184 528 ) 
4 158 161 (768 1088 432 ) (832 1088 432 ) (832 1072 432 ) (768 1072 432 ) 
4 158 160 (624 1072 528 ) (624 1072 432 ) (704 1072 432 ) (704 1072 528 ) 
4 158 159 (752 1072 432 ) (880 1072 432 ) (880 1072 528 ) (752 1072 528 ) 
4 159 167 (752 1056 432 ) (880 1056 432 ) (880 1056 528 ) (752 1056 528 ) 
4 159 161 (832 1056 432 ) (768 1056 432 ) (768 1072 432 ) (832 1072 432 ) 
4 160 180 (624 1072 432 ) (624 1056 432 ) (624 1056 528 ) (624 1072 528 ) 
4 161 169 (768 1056 400 ) (832 1056 400 ) (832 1056 432 ) (768 1056 432 ) 
4 161 163 (832 1056 400 ) (768 1056 400 ) (768 1088 400 ) (832 1088 400 ) 
4 162 192 (624 1216 272 ) (624 1376 272 ) (1024 1376 272 ) (1024 1216 272 ) 
4 162 173 (624 1376 400 ) (624 1376 272 ) (624 1216 272 ) (624 1216 400 ) 
4 163 199 (624 1056 272 ) (624 1184 272 ) (784 1184 272 ) (784 1056 272 ) 
4 163 197 (848 1120 272 ) (848 1056 272 ) (784 1056 272 ) (784 1120 272 ) 
4 163 196 (784 1184 272 ) (848 1184 272 ) (848 1120 272 ) (784 1120 272 ) 
4 163 195 (848 1184 272 ) (1024 1184 272 ) (1024 1056 272 ) (848 1056 272 ) 
4 163 185 (624 1184 272 ) (624 1104 272 ) (624 1104 368 ) (624 1184 368 ) 
4 163 171 (624 1056 400 ) (624 1056 272 ) (752 1056 272 ) (752 1056 400 ) 
4 163 170 (752 1056 272 ) (768 1056 272 ) (768 1056 400 ) (752 1056 400 ) 
4 163 169 (768 1056 272 ) (832 1056 272 ) (832 1056 400 ) (768 1056 400 ) 
4 163 168 (832 1056 272 ) (880 1056 272 ) (880 1056 400 ) (832 1056 400 ) 
4 163 166 (880 1056 272 ) (912 1056 272 ) (912 1056 400 ) (880 1056 400 ) 
4 163 165 (912 1056 272 ) (1024 1056 272 ) (1024 1056 400 ) (912 1056 400 ) 
4 164 756 (1024 1024 432 ) (1024 1024 544 ) (912 1024 544 ) (912 1024 432 ) 
4 165 792 (1024 1024 272 ) (1024 1024 400 ) (912 1024 400 ) (912 1024 272 ) 
4 165 195 (1024 1024 272 ) (912 1024 272 ) (912 1056 272 ) (1024 1056 272 ) 
4 165 166 (912 1056 400 ) (912 1056 272 ) (912 1024 272 ) (912 1024 400 ) 
4 166 792 (880 1024 400 ) (880 1024 272 ) (912 1024 272 ) (912 1024 400 ) 
4 166 195 (912 1024 272 ) (880 1024 272 ) (880 1056 272 ) (912 1056 272 ) 
4 166 168 (880 1056 400 ) (880 1056 272 ) (880 1024 272 ) (880 1024 400 ) 
4 167 758 (752 1024 528 ) (752 1024 432 ) (816 1024 432 ) (816 1024 528 ) 
4 167 757 (816 1024 432 ) (880 1024 432 ) (880 1024 528 ) (816 1024 528 ) 
4 167 169 (768 1056 432 ) (832 1056 432 ) (832 1024 432 ) (768 1024 432 ) 
4 168 792 (832 1024 272 ) (880 1024 272 ) (880 1024 400 ) (832 1024 400 ) 
4 168 198 (848 1024 272 ) (832 1024 272 ) (832 1056 272 ) (848 1056 272 ) 
4 168 195 (880 1024 272 ) (848 1024 272 ) (848 1056 272 ) (880 1056 272 ) 
4 168 169 (832 1056 400 ) (832 1056 272 ) (832 1024 272 ) (832 1024 400 ) 
4 169 792 (768 1024 272 ) (832 1024 272 ) (832 1024 400 ) (768 1024 400 ) 
4 169 199 (784 1024 272 ) (768 1024 272 ) (768 1056 272 ) (784 1056 272 ) 
4 169 198 (832 1024 272 ) (784 1024 272 ) (784 1056 272 ) (832 1056 272 ) 
4 169 170 (768 1056 400 ) (768 1056 272 ) (768 1024 272 ) (768 1024 400 ) 
4 170 792 (752 1024 400 ) (752 1024 272 ) (768 1024 272 ) (768 1024 400 ) 
4 170 199 (768 1024 272 ) (752 1024 272 ) (752 1056 272 ) (768 1056 272 ) 
4 170 171 (752 1056 400 ) (752 1056 272 ) (752 1024 272 ) (752 1024 400 ) 
4 171 792 (624 1024 400 ) (624 1024 272 ) (752 1024 272 ) (752 1024 400 ) 
4 171 199 (752 1024 272 ) (624 1024 272 ) (624 1056 272 ) (752 1056 272 ) 
4 172 181 (592 1184 528 ) (128 1184 528 ) (128 1184 432 ) (592 1184 432 ) 
4 172 180 (624 1184 432 ) (624 1184 528 ) (592 1184 528 ) (592 1184 432 ) 
4 172 177 (128 1216 432 ) (128 1184 432 ) (128 1184 528 ) (128 1216 528 ) 
4 172 175 (128 1248 432 ) (128 1216 432 ) (128 1216 528 ) (128 1248 528 ) 
4 173 193 (128 1376 272 ) (600 1376 272 ) (600 1216 272 ) (128 1216 272 ) 
4 173 192 (600 1376 272 ) (624 1376 272 ) (624 1216 272 ) (600 1216 272 ) 
4 173 176 (128 1248 272 ) (128 1216 272 ) (128 1216 400 ) (128 1248 400 ) 
4 173 174 (128 1376 400 ) (128 1376 272 ) (128 1248 272 ) (128 1248 400 ) 
4 174 193 (112 1376 272 ) (128 1376 272 ) (128 1248 272 ) (112 1248 272 ) 
4 174 179 (112 1376 400 ) (112 1376 272 ) (112 1248 272 ) (112 1248 400 ) 
4 174 176 (112 1248 400 ) (112 1248 272 ) (128 1248 272 ) (128 1248 400 ) 
4 175 178 (112 1216 432 ) (112 1216 528 ) (112 1248 528 ) (112 1248 432 ) 
4 175 177 (128 1216 432 ) (128 1216 528 ) (112 1216 528 ) (112 1216 432 ) 
4 176 193 (128 1248 272 ) (128 1216 272 ) (112 1216 272 ) (112 1248 272 ) 
4 176 179 (112 1248 272 ) (112 1216 272 ) (112 1216 400 ) (112 1248 400 ) 
4 177 178 (112 1184 432 ) (112 1184 528 ) (112 1216 528 ) (112 1216 432 ) 
4 178 306 (0 1376 528 ) (0 1376 432 ) (0 1184 432 ) (0 1184 528 ) 
4 178 187 (112 1184 432 ) (112 1184 528 ) (0 1184 528 ) (0 1184 432 ) 
4 179 307 (0 1376 400 ) (0 1376 272 ) (0 1216 272 ) (0 1216 400 ) 
4 179 193 (0 1216 272 ) (0 1376 272 ) (112 1376 272 ) (112 1216 272 ) 
4 180 181 (592 1056 432 ) (592 1056 528 ) (592 1184 528 ) (592 1184 432 ) 
4 182 186 (592 1104 368 ) (592 1056 368 ) (128 1056 368 ) (128 1104 368 ) 
4 182 185 (128 1184 368 ) (592 1184 368 ) (592 1104 368 ) (128 1104 368 ) 
4 182 184 (128 1056 368 ) (592 1056 368 ) (592 1056 400 ) (128 1056 400 ) 
4 182 183 (128 1184 400 ) (128 1184 368 ) (128 1056 368 ) (128 1056 400 ) 
4 183 189 (112 1072 368 ) (112 1056 368 ) (112 1056 400 ) (112 1072 400 ) 
4 183 188 (112 1184 400 ) (112 1184 368 ) (112 1072 368 ) (112 1072 400 ) 
4 183 186 (112 1056 368 ) (112 1104 368 ) (128 1104 368 ) (128 1056 368 ) 
4 183 185 (112 1104 368 ) (112 1184 368 ) (128 1184 368 ) (128 1104 368 ) 
4 183 184 (112 1056 400 ) (112 1056 368 ) (128 1056 368 ) (128 1056 400 ) 
4 184 795 (112 1024 400 ) (112 1024 368 ) (592 1024 368 ) (592 1024 400 ) 
4 184 189 (112 1056 368 ) (112 1024 368 ) (112 1024 400 ) (112 1056 400 ) 
4 184 186 (112 1024 368 ) (112 1056 368 ) (592 1056 368 ) (592 1024 368 ) 
4 185 201 (112 1104 272 ) (112 1184 272 ) (592 1184 272 ) (592 1104 272 ) 
4 185 188 (112 1184 368 ) (112 1184 272 ) (112 1104 272 ) (112 1104 368 ) 
4 185 186 (592 1104 368 ) (112 1104 368 ) (112 1104 272 ) (592 1104 272 ) 
4 186 795 (112 1024 368 ) (112 1024 272 ) (592 1024 272 ) (592 1024 368 ) 
4 186 206 (200 1024 272 ) (112 1024 272 ) (112 1032 272 ) (200 1032 272 ) 
4 186 203 (592 1024 272 ) (200 1024 272 ) (200 1032 272 ) (592 1032 272 ) 
4 186 201 (112 1032 272 ) (112 1104 272 ) (592 1104 272 ) (592 1032 272 ) 
4 186 189 (112 1072 272 ) (112 1024 272 ) (112 1024 368 ) (112 1072 368 ) 
4 186 188 (112 1104 272 ) (112 1072 272 ) (112 1072 368 ) (112 1104 368 ) 
4 187 311 (0 1168 432 ) (0 1072 432 ) (0 1072 528 ) (0 1168 528 ) 
4 187 306 (0 1184 528 ) (0 1184 432 ) (0 1168 432 ) (0 1168 528 ) 
4 188 312 (0 1168 272 ) (0 1072 272 ) (0 1072 400 ) (0 1168 400 ) 
4 188 309 (0 1184 400 ) (0 1184 272 ) (0 1168 272 ) (0 1168 400 ) 
4 188 201 (0 1072 272 ) (0 1184 272 ) (112 1184 272 ) (112 1072 272 ) 
4 188 189 (0 1072 272 ) (112 1072 272 ) (112 1072 400 ) (0 1072 400 ) 
4 189 795 (0 1024 400 ) (0 1024 272 ) (112 1024 272 ) (112 1024 400 ) 
4 189 313 (0 1024 272 ) (0 1024 400 ) (0 1072 400 ) (0 1072 272 ) 
4 189 206 (112 1024 272 ) (0 1024 272 ) (0 1032 272 ) (112 1032 272 ) 
4 189 201 (0 1032 272 ) (0 1072 272 ) (112 1072 272 ) (112 1032 272 ) 
4 190 191 (600 1632 272 ) (600 1632 240 ) (600 1424 240 ) (600 1424 272 ) 
4 191 358 (0 1424 272 ) (0 1632 272 ) (0 1632 240 ) (0 1424 240 ) 
4 192 193 (600 1392 272 ) (600 1392 240 ) (600 1216 240 ) (600 1216 272 ) 
4 193 362 (0 1216 272 ) (0 1392 272 ) (0 1392 240 ) (0 1216 240 ) 
4 194 368 (0 1640 216 ) (0 1640 8 ) (0 1184 8 ) (0 1184 216 ) 
4 194 202 (592 1184 216 ) (0 1184 216 ) (0 1184 8 ) (592 1184 8 ) 
4 194 200 (600 1184 8 ) (600 1184 216 ) (592 1184 216 ) (592 1184 8 ) 
4 195 854 (1024 1024 16 ) (1024 1024 224 ) (848 1024 224 ) (848 1024 16 ) 
4 195 824 (1024 1024 224 ) (1024 1024 272 ) (848 1024 272 ) (848 1024 224 ) 
4 195 198 (848 1056 16 ) (848 1024 16 ) (848 1024 272 ) (848 1056 272 ) 
4 195 197 (848 1120 16 ) (848 1056 16 ) (848 1056 272 ) (848 1120 272 ) 
4 195 196 (848 1184 272 ) (848 1184 16 ) (848 1120 16 ) (848 1120 272 ) 
4 196 199 (784 1184 272 ) (784 1184 16 ) (784 1120 16 ) (784 1120 272 ) 
4 196 197 (784 1120 272 ) (784 1120 16 ) (848 1120 16 ) (848 1120 272 ) 
4 197 236 (784 1056 -16 ) (784 1120 -16 ) (848 1120 -16 ) (848 1056 -16 ) 
4 197 199 (784 1056 16 ) (784 1056 272 ) (784 1120 272 ) (784 1120 16 ) 
4 197 198 (784 1056 272 ) (784 1056 16 ) (848 1056 16 ) (848 1056 272 ) 
4 198 854 (784 1024 224 ) (784 1024 16 ) (848 1024 16 ) (848 1024 224 ) 
4 198 824 (848 1024 272 ) (784 1024 272 ) (784 1024 224 ) (848 1024 224 ) 
4 198 199 (784 1024 16 ) (784 1024 272 ) (784 1056 272 ) (784 1056 16 ) 
4 199 854 (624 1024 224 ) (624 1024 16 ) (784 1024 16 ) (784 1024 224 ) 
4 199 824 (784 1024 272 ) (624 1024 272 ) (624 1024 224 ) (784 1024 224 ) 
4 200 204 (600 1032 8 ) (600 1032 216 ) (592 1032 216 ) (592 1032 8 ) 
4 200 202 (592 1184 216 ) (592 1184 8 ) (592 1032 8 ) (592 1032 216 ) 
4 201 365 (0 1032 272 ) (0 1184 272 ) (0 1184 240 ) (0 1032 240 ) 
4 201 206 (200 1032 272 ) (0 1032 272 ) (0 1032 240 ) (200 1032 240 ) 
4 201 203 (592 1032 272 ) (200 1032 272 ) (200 1032 240 ) (592 1032 240 ) 
4 202 369 (0 1040 8 ) (0 1032 8 ) (0 1032 216 ) (0 1040 216 ) 
4 202 368 (0 1184 216 ) (0 1184 8 ) (0 1040 8 ) (0 1040 216 ) 
4 202 207 (0 1032 120 ) (0 1032 8 ) (104 1032 8 ) (104 1032 120 ) 
4 202 205 (200 1032 8 ) (208 1032 8 ) (208 1032 216 ) (200 1032 216 ) 
4 202 204 (208 1032 8 ) (592 1032 8 ) (592 1032 216 ) (208 1032 216 ) 
4 203 826 (592 1024 272 ) (200 1024 272 ) (200 1024 240 ) (592 1024 240 ) 
4 203 206 (200 1032 272 ) (200 1032 240 ) (200 1024 240 ) (200 1024 272 ) 
4 204 858 (600 1024 8 ) (600 1024 216 ) (208 1024 216 ) (208 1024 8 ) 
4 204 205 (208 1024 216 ) (208 1032 216 ) (208 1032 8 ) (208 1024 8 ) 
4 205 877 (200 1024 216 ) (200 1024 8 ) (208 1024 8 ) (208 1024 216 ) 
4 206 826 (200 1024 272 ) (0 1024 272 ) (0 1024 240 ) (200 1024 240 ) 
4 206 375 (0 1024 240 ) (0 1024 272 ) (0 1032 272 ) (0 1032 240 ) 
4 207 879 (0 1024 120 ) (0 1024 8 ) (104 1024 8 ) (104 1024 120 ) 
4 207 376 (0 1024 8 ) (0 1024 120 ) (0 1032 120 ) (0 1032 8 ) 
4 208 217 (656 1744 -224 ) (752 1744 -224 ) (752 1744 -16 ) (656 1744 -16 ) 
4 208 216 (768 1744 -224 ) (1024 1744 -224 ) (1024 1744 -16 ) (768 1744 -16 ) 
4 208 209 (656 2032 -16 ) (656 2032 -224 ) (656 1760 -224 ) (656 1760 -16 ) 
4 210 213 (384 1824 -224 ) (400 1824 -224 ) (400 1824 -16 ) (384 1824 -16 ) 
4 210 211 (320 1968 -224 ) (320 1824 -224 ) (320 1824 -16 ) (320 1968 -16 ) 
4 211 215 (16 1824 -224 ) (144 1824 -224 ) (144 1824 -16 ) (16 1824 -16 ) 
4 211 212 (16 2032 -16 ) (16 2032 -224 ) (16 1840 -224 ) (16 1840 -16 ) 
4 212 383 (0 1840 -16 ) (0 2032 -16 ) (0 2032 -224 ) (0 1840 -224 ) 
4 213 217 (384 1744 -224 ) (400 1744 -224 ) (400 1744 -16 ) (384 1744 -16 ) 
4 214 231 (144 1744 -224 ) (368 1744 -224 ) (368 1744 -16 ) (144 1744 -16 ) 
4 214 215 (144 1808 -224 ) (144 1744 -224 ) (144 1744 -16 ) (144 1808 -16 ) 
4 215 384 (0 1744 -16 ) (0 1824 -16 ) (0 1824 -224 ) (0 1744 -224 ) 
4 215 232 (0 1744 -224 ) (64 1744 -224 ) (64 1744 -16 ) (0 1744 -16 ) 
4 215 231 (64 1744 -224 ) (144 1744 -224 ) (144 1744 -16 ) (64 1744 -16 ) 
4 216 219 (768 1600 -224 ) (1024 1600 -224 ) (1024 1600 -16 ) (768 1600 -16 ) 
4 218 227 (496 1600 -224 ) (512 1600 -224 ) (512 1600 -16 ) (496 1600 -16 ) 
4 218 226 (512 1600 -224 ) (656 1600 -224 ) (656 1600 -16 ) (512 1600 -16 ) 
4 218 229 (384 1600 -16 ) (384 1600 -224 ) (496 1600 -224 ) (496 1600 -16 ) 
4 218 219 (672 1600 -224 ) (752 1600 -224 ) (752 1600 -16 ) (672 1600 -16 ) 
4 220 223 (736 1424 -224 ) (752 1424 -224 ) (752 1424 -16 ) (736 1424 -16 ) 
4 220 224 (672 1424 -16 ) (672 1424 -224 ) (736 1424 -224 ) (736 1424 -16 ) 
4 220 222 (752 1424 -224 ) (896 1424 -224 ) (896 1424 -16 ) (752 1424 -16 ) 
4 221 234 (960 1168 -224 ) (1024 1168 -224 ) (1024 1168 -16 ) (960 1168 -16 ) 
4 221 222 (896 1328 -224 ) (896 1168 -224 ) (896 1168 -16 ) (896 1328 -16 ) 
4 222 223 (752 1424 -16 ) (752 1424 -224 ) (752 1360 -224 ) (752 1360 -16 ) 
4 223 224 (736 1424 -16 ) (736 1424 -224 ) (736 1360 -224 ) (736 1360 -16 ) 
4 224 225 (672 1360 -224 ) (672 1168 -224 ) (672 1168 -16 ) (672 1360 -16 ) 
4 225 226 (656 1360 -224 ) (656 1168 -224 ) (656 1168 -16 ) (656 1360 -16 ) 
4 226 235 (512 1168 -224 ) (592 1168 -224 ) (592 1168 -16 ) (512 1168 -16 ) 
4 226 227 (512 1600 -16 ) (512 1600 -224 ) (512 1584 -224 ) (512 1584 -16 ) 
4 226 228 (512 1344 -224 ) (512 1168 -224 ) (512 1168 -16 ) (512 1344 -16 ) 
4 227 229 (496 1600 -16 ) (496 1600 -224 ) (496 1584 -224 ) (496 1584 -16 ) 
4 228 235 (496 1168 -224 ) (512 1168 -224 ) (512 1168 -16 ) (496 1168 -16 ) 
4 228 229 (496 1344 -224 ) (496 1168 -224 ) (496 1168 -16 ) (496 1344 -16 ) 
4 229 235 (384 1168 -224 ) (496 1168 -224 ) (496 1168 -16 ) (384 1168 -16 ) 
4 229 230 (384 1520 -224 ) (384 1168 -224 ) (384 1168 -16 ) (384 1520 -16 ) 
4 230 235 (368 1168 -224 ) (384 1168 -224 ) (384 1168 -16 ) (368 1168 -16 ) 
4 230 231 (368 1520 -224 ) (368 1168 -224 ) (368 1168 -16 ) (368 1520 -16 ) 
4 231 235 (64 1168 -224 ) (368 1168 -224 ) (368 1168 -16 ) (64 1168 -16 ) 
4 231 232 (64 1744 -16 ) (64 1744 -224 ) (64 1568 -224 ) (64 1568 -16 ) 
4 231 233 (64 1552 -224 ) (64 1168 -224 ) (64 1168 -16 ) (64 1552 -16 ) 
4 232 384 (0 1568 -16 ) (0 1744 -16 ) (0 1744 -224 ) (0 1568 -224 ) 
4 233 385 (0 1168 -16 ) (0 1552 -16 ) (0 1552 -224 ) (0 1168 -224 ) 
4 233 235 (0 1168 -224 ) (64 1168 -224 ) (64 1168 -16 ) (0 1168 -16 ) 
4 234 239 (960 1040 -224 ) (1024 1040 -224 ) (1024 1040 -16 ) (960 1040 -16 ) 
4 235 385 (0 1152 -16 ) (0 1168 -16 ) (0 1168 -224 ) (0 1152 -224 ) 
4 235 238 (0 1152 -224 ) (592 1152 -224 ) (592 1152 -16 ) (0 1152 -16 ) 
4 236 239 (608 1040 -224 ) (944 1040 -224 ) (944 1040 -16 ) (608 1040 -16 ) 
4 236 237 (608 1104 -224 ) (608 1040 -224 ) (608 1040 -16 ) (608 1104 -16 ) 
4 237 239 (592 1040 -224 ) (608 1040 -224 ) (608 1040 -16 ) (592 1040 -16 ) 
4 237 238 (592 1104 -224 ) (592 1040 -224 ) (592 1040 -16 ) (592 1104 -16 ) 
4 238 385 (0 1040 -16 ) (0 1152 -16 ) (0 1152 -224 ) (0 1040 -224 ) 
4 238 239 (208 1040 -224 ) (592 1040 -224 ) (592 1040 -16 ) (208 1040 -16 ) 
4 239 859 (600 1024 -16 ) (208 1024 -16 ) (208 1024 -224 ) (600 1024 -224 ) 
4 239 856 (624 1024 -16 ) (600 1024 -16 ) (600 1024 -224 ) (624 1024 -224 ) 
4 239 855 (1024 1024 -224 ) (1024 1024 -16 ) (624 1024 -16 ) (624 1024 -224 ) 
4 240 244 (-1024 2816 -1016 ) (-1024 2816 216 ) (-1024 3064 216 ) (-1024 3064 -1016 ) 
4 240 242 (-1024 2816 216 ) (-1024 2816 -1016 ) (-256 2816 -1016 ) (-256 2816 216 ) 
4 240 241 (-256 2816 -1016 ) (-8 2816 -1016 ) (-8 2816 216 ) (-256 2816 216 ) 
4 241 243 (-8 2304 -1016 ) (-8 2304 216 ) (-256 2304 216 ) (-256 2304 -1016 ) 
4 241 242 (-256 2816 216 ) (-256 2816 -1016 ) (-256 2304 -1016 ) (-256 2304 216 ) 
4 242 245 (-1024 2304 -1016 ) (-1024 2304 1016 ) (-1024 2816 1016 ) (-1024 2816 -1016 ) 
4 242 243 (-256 2304 -1016 ) (-256 2304 216 ) (-1024 2304 216 ) (-1024 2304 -1016 ) 
4 243 382 (-464 2048 -120 ) (-816 2048 -120 ) (-816 2048 -200 ) (-464 2048 -200 ) 
4 243 355 (-640 2048 216 ) (-648 2048 216 ) (-648 2048 32 ) (-640 2048 32 ) 
4 243 357 (-648 2048 216 ) (-1024 2048 216 ) (-1024 2048 32 ) (-648 2048 32 ) 
4 243 354 (-8 2048 32 ) (-8 2048 216 ) (-640 2048 216 ) (-640 2048 32 ) 
4 243 247 (-1024 2048 -1016 ) (-1024 2048 216 ) (-1024 2304 216 ) (-1024 2304 -1016 ) 
4 244 246 (-2040 2816 216 ) (-2040 2816 -1016 ) (-1792 2816 -1016 ) (-1792 2816 216 ) 
4 244 245 (-1792 2816 -1016 ) (-1024 2816 -1016 ) (-1024 2816 216 ) (-1792 2816 216 ) 
4 245 247 (-1024 2304 -1016 ) (-1024 2304 216 ) (-1792 2304 216 ) (-1792 2304 -1016 ) 
4 245 246 (-1792 2816 216 ) (-1792 2816 -1016 ) (-1792 2304 -1016 ) (-1792 2304 216 ) 
4 246 247 (-2040 2304 216 ) (-2040 2304 -1016 ) (-1792 2304 -1016 ) (-1792 2304 216 ) 
4 247 438 (-1856 2048 216 ) (-2040 2048 216 ) (-2040 2048 32 ) (-1856 2048 32 ) 
4 247 421 (-1136 2048 216 ) (-1144 2048 216 ) (-1144 2048 32 ) (-1136 2048 32 ) 
4 247 420 (-1024 2048 32 ) (-1024 2048 216 ) (-1136 2048 216 ) (-1136 2048 32 ) 
4 247 422 (-1144 2048 216 ) (-1856 2048 216 ) (-1856 2048 32 ) (-1144 2048 32 ) 
4 248 249 (-16 1488 9232 ) (-496 1488 9232 ) (-496 1616 9232 ) (-16 1616 9232 ) 
4 249 250 (-16 1488 3064 ) (-496 1488 3064 ) (-496 1616 3064 ) (-16 1616 3064 ) 
4 250 251 (-496 1488 2752 ) (-496 1616 2752 ) (-16 1616 2752 ) (-16 1488 2752 ) 
4 251 254 (-496 1488 2616 ) (-496 1616 2616 ) (-128 1616 2616 ) (-128 1488 2616 ) 
4 251 253 (-128 1616 2616 ) (-16 1616 2616 ) (-16 1488 2616 ) (-128 1488 2616 ) 
4 251 252 (-480 1488 2616 ) (-384 1488 2616 ) (-384 1488 2752 ) (-480 1488 2752 ) 
4 252 258 (-480 1464 2616 ) (-384 1464 2616 ) (-384 1464 2752 ) (-480 1464 2752 ) 
4 253 260 (-16 1616 2608 ) (-16 1488 2608 ) (-128 1488 2608 ) (-128 1616 2608 ) 
4 253 254 (-128 1616 2616 ) (-128 1616 2608 ) (-128 1488 2608 ) (-128 1488 2616 ) 
4 254 260 (-496 1488 2608 ) (-496 1616 2608 ) (-128 1616 2608 ) (-128 1488 2608 ) 
4 255 257 (-8 1360 2616 ) (-8 1360 3064 ) (-128 1360 3064 ) (-128 1360 2616 ) 
4 255 256 (-128 1464 3064 ) (-128 1464 2616 ) (-128 1360 2616 ) (-128 1360 3064 ) 
4 256 261 (-352 1360 2608 ) (-352 1464 2608 ) (-128 1464 2608 ) (-128 1360 2608 ) 
4 256 257 (-352 1360 3064 ) (-352 1360 2616 ) (-128 1360 2616 ) (-128 1360 3064 ) 
4 257 1115 (-8 1024 3064 ) (-352 1024 3064 ) (-352 1024 2616 ) (-8 1024 2616 ) 
4 258 263 (-504 1360 2608 ) (-504 1464 2608 ) (-496 1464 2608 ) (-496 1360 2608 ) 
4 258 262 (-496 1464 2608 ) (-384 1464 2608 ) (-384 1360 2608 ) (-496 1360 2608 ) 
4 258 259 (-504 1360 2784 ) (-504 1360 2608 ) (-384 1360 2608 ) (-384 1360 2784 ) 
4 259 1116 (-504 1024 2784 ) (-504 1024 2616 ) (-384 1024 2616 ) (-384 1024 2784 ) 
4 259 263 (-496 1024 2608 ) (-504 1024 2608 ) (-504 1360 2608 ) (-496 1360 2608 ) 
4 259 262 (-384 1024 2608 ) (-496 1024 2608 ) (-496 1360 2608 ) (-384 1360 2608 ) 
4 260 278 (-384 1488 2584 ) (-496 1488 2584 ) (-496 1616 2584 ) (-384 1616 2584 ) 
4 260 276 (-352 1488 2584 ) (-384 1488 2584 ) (-384 1616 2584 ) (-352 1616 2584 ) 
4 260 267 (-16 1616 2584 ) (-16 1488 2584 ) (-352 1488 2584 ) (-352 1616 2584 ) 
4 261 273 (-128 1360 2584 ) (-352 1360 2584 ) (-352 1456 2584 ) (-128 1456 2584 ) 
4 261 271 (-352 1456 2584 ) (-352 1464 2584 ) (-336 1464 2584 ) (-336 1456 2584 ) 
4 261 269 (-336 1464 2584 ) (-240 1464 2584 ) (-240 1456 2584 ) (-336 1456 2584 ) 
4 261 268 (-240 1464 2584 ) (-128 1464 2584 ) (-128 1456 2584 ) (-240 1456 2584 ) 
4 262 279 (-384 1024 2584 ) (-496 1024 2584 ) (-496 1464 2584 ) (-384 1464 2584 ) 
4 262 263 (-496 1464 2584 ) (-496 1024 2584 ) (-496 1024 2608 ) (-496 1464 2608 ) 
4 263 279 (-496 1464 2584 ) (-496 1024 2584 ) (-504 1024 2584 ) (-504 1464 2584 ) 
4 264 280 (0 1552 816 ) (0 1488 816 ) (-16 1488 816 ) (-16 1552 816 ) 
4 264 267 (-16 1552 816 ) (-16 1488 816 ) (-16 1488 896 ) (-16 1552 896 ) 
4 265 1124 (0 1024 816 ) (0 1024 1008 ) (-8 1024 1008 ) (-8 1024 816 ) 
4 265 266 (-8 1456 1008 ) (-8 1456 816 ) (-8 1024 816 ) (-8 1024 1008 ) 
4 266 1125 (-16 1024 1008 ) (-16 1024 816 ) (-8 1024 816 ) (-8 1024 1008 ) 
4 266 272 (-16 1456 816 ) (-16 1024 816 ) (-16 1024 1008 ) (-16 1456 1008 ) 
4 267 283 (-336 1488 816 ) (-352 1488 816 ) (-352 1616 816 ) (-336 1616 816 ) 
4 267 282 (-240 1488 816 ) (-336 1488 816 ) (-336 1616 816 ) (-240 1616 816 ) 
4 267 281 (-16 1616 816 ) (-16 1488 816 ) (-240 1488 816 ) (-240 1616 816 ) 
4 267 276 (-352 1616 816 ) (-352 1488 816 ) (-352 1488 2584 ) (-352 1616 2584 ) 
4 267 270 (-240 1488 864 ) (-240 1488 976 ) (-336 1488 976 ) (-336 1488 864 ) 
4 268 273 (-128 1456 2496 ) (-128 1456 2584 ) (-240 1456 2584 ) (-240 1456 2496 ) 
4 268 269 (-240 1456 2496 ) (-240 1456 2584 ) (-240 1464 2584 ) (-240 1464 2496 ) 
4 269 273 (-240 1456 2496 ) (-240 1456 2584 ) (-336 1456 2584 ) (-336 1456 2496 ) 
4 269 271 (-336 1456 2496 ) (-336 1456 2584 ) (-336 1464 2584 ) (-336 1464 2496 ) 
4 270 274 (-240 1456 864 ) (-240 1456 976 ) (-336 1456 976 ) (-336 1456 864 ) 
4 271 273 (-352 1456 2584 ) (-352 1456 2496 ) (-336 1456 2496 ) (-336 1456 2584 ) 
4 272 1125 (-128 1024 1008 ) (-128 1024 816 ) (-16 1024 816 ) (-16 1024 1008 ) 
4 272 275 (-128 1360 816 ) (-128 1024 816 ) (-128 1024 1008 ) (-128 1360 1008 ) 
4 272 274 (-128 1456 1008 ) (-128 1456 816 ) (-128 1360 816 ) (-128 1360 1008 ) 
4 274 277 (-352 1456 816 ) (-352 1360 816 ) (-352 1360 1008 ) (-352 1456 1008 ) 
4 274 275 (-352 1360 1008 ) (-352 1360 816 ) (-128 1360 816 ) (-128 1360 1008 ) 
4 275 1125 (-352 1024 1008 ) (-352 1024 816 ) (-128 1024 816 ) (-128 1024 1008 ) 
4 275 277 (-352 1360 816 ) (-352 1024 816 ) (-352 1024 1008 ) (-352 1360 1008 ) 
4 276 283 (-352 1616 816 ) (-352 1488 816 ) (-384 1488 816 ) (-384 1616 816 ) 
4 276 278 (-384 1616 816 ) (-384 1488 816 ) (-384 1488 2584 ) (-384 1616 2584 ) 
4 277 1126 (-368 1024 1008 ) (-368 1024 816 ) (-352 1024 816 ) (-352 1024 1008 ) 
4 278 283 (-384 1616 816 ) (-384 1488 816 ) (-496 1488 816 ) (-496 1616 816 ) 
4 280 281 (-16 1488 816 ) (-16 1552 816 ) (-16 1552 808 ) (-16 1488 808 ) 
4 281 284 (-16 1616 800 ) (-16 1488 800 ) (-240 1488 800 ) (-240 1616 800 ) 
4 281 282 (-240 1616 800 ) (-240 1488 800 ) (-240 1488 816 ) (-240 1616 816 ) 
4 282 284 (-240 1616 800 ) (-240 1488 800 ) (-336 1488 800 ) (-336 1616 800 ) 
4 282 283 (-336 1616 800 ) (-336 1488 800 ) (-336 1488 816 ) (-336 1616 816 ) 
4 283 284 (-336 1616 800 ) (-336 1488 800 ) (-496 1488 800 ) (-496 1616 800 ) 
4 284 288 (-16 1616 768 ) (-16 1488 768 ) (-496 1488 768 ) (-496 1616 768 ) 
4 285 1131 (0 1024 768 ) (0 1024 800 ) (-56 1024 800 ) (-56 1024 768 ) 
4 285 286 (-56 1320 768 ) (-56 1024 768 ) (-56 1024 800 ) (-56 1320 800 ) 
4 286 1131 (-56 1024 800 ) (-288 1024 800 ) (-288 1024 768 ) (-56 1024 768 ) 
4 287 291 (-544 1664 576 ) (-544 1664 672 ) (-544 1824 672 ) (-544 1824 576 ) 
4 288 301 (-496 1488 544 ) (-496 1616 544 ) (-16 1616 544 ) (-16 1488 544 ) 
4 289 293 (-64 1312 576 ) (-64 1312 736 ) (-352 1312 736 ) (-352 1312 576 ) 
4 289 291 (-544 1312 576 ) (-544 1312 672 ) (-544 1440 672 ) (-544 1440 576 ) 
4 289 290 (-544 1312 672 ) (-544 1312 736 ) (-544 1440 736 ) (-544 1440 672 ) 
4 290 292 (-704 1424 720 ) (-704 1424 672 ) (-704 1328 672 ) (-704 1328 720 ) 
4 290 291 (-704 1312 672 ) (-704 1440 672 ) (-544 1440 672 ) (-544 1312 672 ) 
4 291 292 (-704 1328 672 ) (-704 1424 672 ) (-704 1424 576 ) (-704 1328 576 ) 
4 292 328 (-736 1424 720 ) (-736 1424 576 ) (-736 1328 576 ) (-736 1328 720 ) 
4 293 1187 (0 1024 576 ) (0 1024 608 ) (-352 1024 608 ) (-352 1024 576 ) 
4 293 1155 (0 1024 608 ) (0 1024 736 ) (-352 1024 736 ) (-352 1024 608 ) 
4 294 334 (-736 1184 560 ) (-736 1040 560 ) (-736 1040 752 ) (-736 1184 752 ) 
4 294 333 (-736 1248 560 ) (-736 1184 560 ) (-736 1184 752 ) (-736 1248 752 ) 
4 294 330 (-736 1264 752 ) (-736 1264 560 ) (-736 1248 560 ) (-736 1248 752 ) 
4 294 295 (-432 1040 608 ) (-736 1040 608 ) (-736 1040 560 ) (-432 1040 560 ) 
4 295 1201 (-736 1024 608 ) (-736 1024 560 ) (-432 1024 560 ) (-432 1024 608 ) 
4 295 350 (-736 1024 560 ) (-736 1024 608 ) (-736 1040 608 ) (-736 1040 560 ) 
4 296 358 (-16 1632 272 ) (0 1632 272 ) (0 1600 272 ) (-16 1600 272 ) 
4 296 302 (-16 1616 272 ) (-16 1600 272 ) (-16 1600 400 ) (-16 1616 400 ) 
4 296 300 (-16 1632 400 ) (-16 1632 272 ) (-16 1616 272 ) (-16 1616 400 ) 
4 296 298 (-16 1600 400 ) (-16 1600 272 ) (0 1600 272 ) (0 1600 400 ) 
4 297 301 (-16 1504 432 ) (-16 1504 544 ) (-16 1600 544 ) (-16 1600 432 ) 
4 298 358 (0 1600 272 ) (0 1504 272 ) (-16 1504 272 ) (-16 1600 272 ) 
4 298 302 (-16 1600 272 ) (-16 1504 272 ) (-16 1504 400 ) (-16 1600 400 ) 
4 298 299 (-16 1504 400 ) (-16 1504 272 ) (0 1504 272 ) (0 1504 400 ) 
4 299 358 (0 1504 272 ) (0 1424 272 ) (-16 1424 272 ) (-16 1504 272 ) 
4 299 303 (-16 1488 272 ) (-16 1424 272 ) (-16 1424 400 ) (-16 1488 400 ) 
4 299 302 (-16 1504 272 ) (-16 1488 272 ) (-16 1488 400 ) (-16 1504 400 ) 
4 300 360 (-496 1632 272 ) (-392 1632 272 ) (-392 1616 272 ) (-496 1616 272 ) 
4 300 359 (-392 1632 272 ) (-152 1632 272 ) (-152 1616 272 ) (-392 1616 272 ) 
4 300 358 (-152 1632 272 ) (-16 1632 272 ) (-16 1616 272 ) (-152 1616 272 ) 
4 300 304 (-496 1632 400 ) (-496 1632 272 ) (-496 1616 272 ) (-496 1616 400 ) 
4 300 302 (-496 1616 400 ) (-496 1616 272 ) (-16 1616 272 ) (-16 1616 400 ) 
4 302 360 (-392 1488 272 ) (-496 1488 272 ) (-496 1616 272 ) (-392 1616 272 ) 
4 302 359 (-152 1488 272 ) (-392 1488 272 ) (-392 1616 272 ) (-152 1616 272 ) 
4 302 358 (-16 1616 272 ) (-16 1488 272 ) (-152 1488 272 ) (-152 1616 272 ) 
4 302 304 (-496 1616 272 ) (-496 1488 272 ) (-496 1488 400 ) (-496 1616 400 ) 
4 302 303 (-496 1488 400 ) (-496 1488 272 ) (-16 1488 272 ) (-16 1488 400 ) 
4 303 360 (-392 1424 272 ) (-496 1424 272 ) (-496 1488 272 ) (-392 1488 272 ) 
4 303 359 (-152 1424 272 ) (-392 1424 272 ) (-392 1488 272 ) (-152 1488 272 ) 
4 303 358 (-16 1488 272 ) (-16 1424 272 ) (-152 1424 272 ) (-152 1488 272 ) 
4 303 304 (-496 1488 272 ) (-496 1424 272 ) (-496 1424 400 ) (-496 1488 400 ) 
4 304 360 (-736 1424 272 ) (-736 1632 272 ) (-496 1632 272 ) (-496 1424 272 ) 
4 304 347 (-736 1632 272 ) (-736 1424 272 ) (-736 1424 400 ) (-736 1632 400 ) 
4 305 364 (-400 1376 272 ) (-400 1392 272 ) (-392 1392 272 ) (-392 1376 272 ) 
4 305 363 (-392 1392 272 ) (-152 1392 272 ) (-152 1376 272 ) (-392 1376 272 ) 
4 305 362 (-152 1392 272 ) (0 1392 272 ) (0 1376 272 ) (-152 1376 272 ) 
4 305 318 (-400 1392 400 ) (-400 1392 272 ) (-400 1376 272 ) (-400 1376 400 ) 
4 305 308 (-400 1376 400 ) (-400 1376 272 ) (-368 1376 272 ) (-368 1376 400 ) 
4 305 307 (-368 1376 272 ) (0 1376 272 ) (0 1376 400 ) (-368 1376 400 ) 
4 306 311 (-368 1168 432 ) (0 1168 432 ) (0 1168 528 ) (-368 1168 528 ) 
4 307 363 (-368 1376 272 ) (-152 1376 272 ) (-152 1216 272 ) (-368 1216 272 ) 
4 307 362 (-152 1376 272 ) (0 1376 272 ) (0 1216 272 ) (-152 1216 272 ) 
4 307 308 (-368 1216 272 ) (-368 1216 400 ) (-368 1376 400 ) (-368 1376 272 ) 
4 308 364 (-400 1216 272 ) (-400 1376 272 ) (-392 1376 272 ) (-392 1216 272 ) 
4 308 363 (-392 1376 272 ) (-368 1376 272 ) (-368 1216 272 ) (-392 1216 272 ) 
4 308 318 (-400 1376 272 ) (-400 1216 272 ) (-400 1216 400 ) (-400 1376 400 ) 
4 309 365 (-368 1184 272 ) (0 1184 272 ) (0 1168 272 ) (-368 1168 272 ) 
4 309 312 (-368 1168 272 ) (0 1168 272 ) (0 1168 400 ) (-368 1168 400 ) 
4 309 310 (-368 1184 400 ) (-368 1184 272 ) (-368 1168 272 ) (-368 1168 400 ) 
4 310 365 (-400 1168 272 ) (-400 1184 272 ) (-368 1184 272 ) (-368 1168 272 ) 
4 310 321 (-400 1184 272 ) (-400 1168 272 ) (-400 1168 400 ) (-400 1184 400 ) 
4 310 315 (-400 1168 400 ) (-400 1168 272 ) (-368 1168 272 ) (-368 1168 400 ) 
4 311 314 (-368 1168 528 ) (-368 1168 432 ) (-368 1088 432 ) (-368 1088 528 ) 
4 312 365 (-368 1072 272 ) (-368 1168 272 ) (0 1168 272 ) (0 1072 272 ) 
4 312 316 (-368 1088 272 ) (-368 1072 272 ) (-368 1072 400 ) (-368 1088 400 ) 
4 312 315 (-368 1168 400 ) (-368 1168 272 ) (-368 1088 272 ) (-368 1088 400 ) 
4 312 313 (-368 1072 400 ) (-368 1072 272 ) (0 1072 272 ) (0 1072 400 ) 
4 313 1216 (0 1024 272 ) (0 1024 400 ) (-368 1024 400 ) (-368 1024 272 ) 
4 313 377 (-160 1024 272 ) (-368 1024 272 ) (-368 1032 272 ) (-160 1032 272 ) 
4 313 375 (0 1024 272 ) (-160 1024 272 ) (-160 1032 272 ) (0 1032 272 ) 
4 313 365 (-368 1032 272 ) (-368 1072 272 ) (0 1072 272 ) (0 1032 272 ) 
4 313 317 (-368 1072 272 ) (-368 1024 272 ) (-368 1024 400 ) (-368 1072 400 ) 
4 314 320 (-400 1088 432 ) (-400 1088 528 ) (-400 1168 528 ) (-400 1168 432 ) 
4 315 365 (-400 1088 272 ) (-400 1168 272 ) (-368 1168 272 ) (-368 1088 272 ) 
4 315 321 (-400 1168 272 ) (-400 1088 272 ) (-400 1088 400 ) (-400 1168 400 ) 
4 315 316 (-400 1088 400 ) (-400 1088 272 ) (-368 1088 272 ) (-368 1088 400 ) 
4 316 365 (-400 1072 272 ) (-400 1088 272 ) (-368 1088 272 ) (-368 1072 272 ) 
4 316 321 (-400 1088 272 ) (-400 1072 272 ) (-400 1072 400 ) (-400 1088 400 ) 
4 316 317 (-400 1072 400 ) (-400 1072 272 ) (-368 1072 272 ) (-368 1072 400 ) 
4 317 1216 (-400 1024 400 ) (-400 1024 272 ) (-368 1024 272 ) (-368 1024 400 ) 
4 317 377 (-368 1024 272 ) (-400 1024 272 ) (-400 1032 272 ) (-368 1032 272 ) 
4 317 365 (-400 1032 272 ) (-400 1072 272 ) (-368 1072 272 ) (-368 1032 272 ) 
4 317 321 (-400 1072 272 ) (-400 1024 272 ) (-400 1024 400 ) (-400 1072 400 ) 
4 318 364 (-560 1392 272 ) (-400 1392 272 ) (-400 1216 272 ) (-560 1216 272 ) 
4 318 319 (-560 1392 400 ) (-560 1392 272 ) (-560 1216 272 ) (-560 1216 400 ) 
4 319 366 (-736 1184 272 ) (-736 1392 272 ) (-560 1392 272 ) (-560 1184 272 ) 
4 319 348 (-736 1392 272 ) (-736 1184 272 ) (-736 1184 400 ) (-736 1392 400 ) 
4 319 324 (-736 1184 400 ) (-736 1184 272 ) (-560 1184 272 ) (-560 1184 400 ) 
4 320 1202 (-432 1024 528 ) (-528 1024 528 ) (-528 1024 432 ) (-432 1024 432 ) 
4 320 1200 (-400 1024 432 ) (-400 1024 528 ) (-432 1024 528 ) (-432 1024 432 ) 
4 320 322 (-528 1024 528 ) (-528 1184 528 ) (-528 1184 432 ) (-528 1024 432 ) 
4 321 1216 (-528 1024 272 ) (-400 1024 272 ) (-400 1024 400 ) (-528 1024 400 ) 
4 321 377 (-400 1024 272 ) (-528 1024 272 ) (-528 1032 272 ) (-400 1032 272 ) 
4 321 365 (-528 1032 272 ) (-528 1184 272 ) (-400 1184 272 ) (-400 1032 272 ) 
4 322 1202 (-528 1024 432 ) (-528 1024 528 ) (-560 1024 528 ) (-560 1024 432 ) 
4 322 323 (-560 1024 528 ) (-560 1184 528 ) (-560 1184 432 ) (-560 1024 432 ) 
4 323 1202 (-736 1024 528 ) (-736 1024 432 ) (-560 1024 432 ) (-560 1024 528 ) 
4 323 351 (-736 1024 432 ) (-736 1024 528 ) (-736 1040 528 ) (-736 1040 432 ) 
4 323 335 (-736 1040 528 ) (-736 1184 528 ) (-736 1184 432 ) (-736 1040 432 ) 
4 324 1218 (-736 1024 400 ) (-736 1024 272 ) (-560 1024 272 ) (-560 1024 400 ) 
4 324 378 (-560 1024 272 ) (-736 1024 272 ) (-736 1032 272 ) (-560 1032 272 ) 
4 324 366 (-736 1032 272 ) (-736 1184 272 ) (-560 1184 272 ) (-560 1032 272 ) 
4 324 353 (-736 1040 272 ) (-736 1024 272 ) (-736 1024 400 ) (-736 1040 400 ) 
4 324 348 (-736 1184 272 ) (-736 1040 272 ) (-736 1040 400 ) (-736 1184 400 ) 
4 325 429 (-1024 1472 432 ) (-1024 1472 1008 ) (-1024 1640 1008 ) (-1024 1640 432 ) 
4 325 426 (-1024 1640 1008 ) (-1024 1656 1008 ) (-1024 1656 432 ) (-1024 1640 432 ) 
4 325 423 (-1024 1656 1008 ) (-1024 1712 1008 ) (-1024 1712 432 ) (-1024 1656 432 ) 
4 325 326 (-880 1472 976 ) (-880 1472 844 ) (-808 1472 844 ) (-808 1472 976 ) 
4 326 327 (-808 1440 844 ) (-808 1440 976 ) (-880 1440 976 ) (-880 1440 844 ) 
4 327 440 (-1024 1264 784 ) (-1024 1264 1008 ) (-1024 1440 1008 ) (-1024 1440 784 ) 
4 327 331 (-1024 1264 1008 ) (-1024 1264 784 ) (-752 1264 784 ) (-752 1264 1008 ) 
4 328 329 (-752 1440 432 ) (-752 1296 432 ) (-752 1296 752 ) (-752 1440 752 ) 
4 329 441 (-1024 1440 752 ) (-1024 1440 432 ) (-1024 1296 432 ) (-1024 1296 752 ) 
4 330 333 (-736 1248 560 ) (-736 1248 752 ) (-752 1248 752 ) (-752 1248 560 ) 
4 330 332 (-752 1264 752 ) (-752 1264 560 ) (-752 1248 560 ) (-752 1248 752 ) 
4 331 456 (-1024 1248 784 ) (-1024 1248 1008 ) (-1024 1264 1008 ) (-1024 1264 784 ) 
4 331 336 (-752 1248 784 ) (-752 1248 1008 ) (-1024 1248 1008 ) (-1024 1248 784 ) 
4 332 457 (-1024 1248 560 ) (-1024 1248 752 ) (-1024 1264 752 ) (-1024 1264 560 ) 
4 332 340 (-1008 1248 752 ) (-1024 1248 752 ) (-1024 1248 560 ) (-1008 1248 560 ) 
4 332 337 (-752 1248 560 ) (-752 1248 752 ) (-1008 1248 752 ) (-1008 1248 560 ) 
4 333 337 (-752 1248 752 ) (-752 1248 560 ) (-752 1184 560 ) (-752 1184 752 ) 
4 333 334 (-752 1184 752 ) (-752 1184 560 ) (-736 1184 560 ) (-736 1184 752 ) 
4 334 350 (-736 1040 560 ) (-736 1040 608 ) (-752 1040 608 ) (-752 1040 560 ) 
4 334 342 (-752 1040 560 ) (-752 1040 752 ) (-752 1152 752 ) (-752 1152 560 ) 
4 334 338 (-752 1152 752 ) (-752 1184 752 ) (-752 1184 560 ) (-752 1152 560 ) 
4 335 351 (-736 1040 432 ) (-736 1040 528 ) (-752 1040 528 ) (-752 1040 432 ) 
4 335 343 (-752 1040 432 ) (-752 1040 528 ) (-752 1152 528 ) (-752 1152 432 ) 
4 335 339 (-752 1152 528 ) (-752 1184 528 ) (-752 1184 432 ) (-752 1152 432 ) 
4 336 464 (-1024 1152 784 ) (-1024 1152 1544 ) (-1024 1248 1544 ) (-1024 1248 784 ) 
4 336 344 (-1008 1152 1544 ) (-1024 1152 1544 ) (-1024 1152 784 ) (-1008 1152 784 ) 
4 336 341 (-752 1152 784 ) (-752 1152 1544 ) (-1008 1152 1544 ) (-1008 1152 784 ) 
4 337 340 (-1008 1184 752 ) (-1008 1248 752 ) (-1008 1248 560 ) (-1008 1184 560 ) 
4 337 338 (-752 1184 560 ) (-752 1184 752 ) (-1008 1184 752 ) (-1008 1184 560 ) 
4 338 342 (-752 1152 560 ) (-752 1152 752 ) (-1008 1152 752 ) (-1008 1152 560 ) 
4 338 340 (-1008 1152 560 ) (-1008 1152 752 ) (-1008 1184 752 ) (-1008 1184 560 ) 
4 339 343 (-752 1152 432 ) (-752 1152 528 ) (-1008 1152 528 ) (-1008 1152 432 ) 
4 340 470 (-1024 1152 560 ) (-1024 1152 752 ) (-1024 1184 752 ) (-1024 1184 560 ) 
4 340 465 (-1024 1184 752 ) (-1024 1248 752 ) (-1024 1248 560 ) (-1024 1184 560 ) 
4 340 345 (-1008 1152 560 ) (-1008 1152 752 ) (-1024 1152 752 ) (-1024 1152 560 ) 
4 341 344 (-1008 1152 1544 ) (-1008 1152 784 ) (-1008 1040 784 ) (-1008 1040 1544 ) 
4 342 350 (-1008 1040 608 ) (-1008 1040 560 ) (-752 1040 560 ) (-752 1040 608 ) 
4 342 345 (-1008 1152 752 ) (-1008 1152 560 ) (-1008 1040 560 ) (-1008 1040 752 ) 
4 343 351 (-1008 1040 528 ) (-1008 1040 432 ) (-752 1040 432 ) (-752 1040 528 ) 
4 343 346 (-1008 1152 528 ) (-1008 1152 432 ) (-1008 1088 432 ) (-1008 1088 528 ) 
4 344 464 (-1024 1040 784 ) (-1024 1040 1544 ) (-1024 1152 1544 ) (-1024 1152 784 ) 
4 345 470 (-1024 1040 560 ) (-1024 1040 752 ) (-1024 1152 752 ) (-1024 1152 560 ) 
4 345 352 (-1024 1040 608 ) (-1024 1040 560 ) (-1008 1040 560 ) (-1008 1040 608 ) 
4 346 471 (-1024 1088 432 ) (-1024 1088 528 ) (-1024 1152 528 ) (-1024 1152 432 ) 
4 347 360 (-1008 1632 272 ) (-736 1632 272 ) (-736 1424 272 ) (-1008 1424 272 ) 
4 347 349 (-1008 1424 400 ) (-1008 1424 272 ) (-768 1424 272 ) (-768 1424 400 ) 
4 348 367 (-736 1408 272 ) (-736 1040 272 ) (-768 1040 272 ) (-768 1408 272 ) 
4 348 353 (-768 1040 272 ) (-736 1040 272 ) (-736 1040 400 ) (-768 1040 400 ) 
4 348 349 (-768 1408 272 ) (-768 1040 272 ) (-768 1040 400 ) (-768 1408 400 ) 
4 349 367 (-768 1040 272 ) (-1008 1040 272 ) (-1008 1408 272 ) (-768 1408 272 ) 
4 349 361 (-1008 1408 272 ) (-1008 1424 272 ) (-768 1424 272 ) (-768 1408 272 ) 
4 349 353 (-1008 1040 272 ) (-768 1040 272 ) (-768 1040 400 ) (-1008 1040 400 ) 
4 350 1201 (-736 1024 560 ) (-736 1024 608 ) (-1008 1024 608 ) (-1008 1024 560 ) 
4 350 352 (-1008 1024 560 ) (-1008 1024 608 ) (-1008 1040 608 ) (-1008 1040 560 ) 
4 351 1202 (-736 1024 432 ) (-736 1024 528 ) (-1008 1024 528 ) (-1008 1024 432 ) 
4 352 1204 (-1024 1024 608 ) (-1024 1024 560 ) (-1008 1024 560 ) (-1008 1024 608 ) 
4 353 1245 (-1008 1024 272 ) (-784 1024 272 ) (-784 1024 400 ) (-1008 1024 400 ) 
4 353 1220 (-784 1024 272 ) (-768 1024 272 ) (-768 1024 400 ) (-784 1024 400 ) 
4 353 1219 (-768 1024 272 ) (-752 1024 272 ) (-752 1024 400 ) (-768 1024 400 ) 
4 353 1218 (-752 1024 272 ) (-736 1024 272 ) (-736 1024 400 ) (-752 1024 400 ) 
4 353 379 (-944 1024 272 ) (-1008 1024 272 ) (-1008 1032 272 ) (-944 1032 272 ) 
4 353 378 (-736 1024 272 ) (-944 1024 272 ) (-944 1032 272 ) (-736 1032 272 ) 
4 353 367 (-1008 1032 272 ) (-1008 1040 272 ) (-736 1040 272 ) (-736 1032 272 ) 
4 354 356 (-640 1968 32 ) (-640 1888 32 ) (-640 1888 160 ) (-640 1968 160 ) 
4 354 355 (-640 2048 32 ) (-640 2016 32 ) (-640 2016 216 ) (-640 2048 216 ) 
4 355 357 (-648 2048 32 ) (-648 2008 32 ) (-648 2008 216 ) (-648 2048 216 ) 
4 356 357 (-648 1968 32 ) (-648 1888 32 ) (-648 1888 160 ) (-648 1968 160 ) 
4 357 424 (-1024 1712 32 ) (-1024 1656 32 ) (-1024 1656 216 ) (-1024 1712 216 ) 
4 357 420 (-1024 2048 216 ) (-1024 2048 32 ) (-1024 1712 32 ) (-1024 1712 216 ) 
4 358 359 (-152 1632 272 ) (-152 1632 240 ) (-152 1424 240 ) (-152 1424 272 ) 
4 359 360 (-392 1632 272 ) (-392 1632 240 ) (-392 1424 240 ) (-392 1424 272 ) 
4 360 361 (-1008 1424 272 ) (-1008 1424 240 ) (-768 1424 240 ) (-768 1424 272 ) 
4 361 367 (-1008 1408 272 ) (-1008 1408 240 ) (-768 1408 240 ) (-768 1408 272 ) 
4 362 363 (-152 1216 240 ) (-152 1216 272 ) (-152 1392 272 ) (-152 1392 240 ) 
4 363 364 (-392 1392 272 ) (-392 1392 240 ) (-392 1216 240 ) (-392 1216 272 ) 
4 364 366 (-560 1216 240 ) (-560 1216 272 ) (-560 1392 272 ) (-560 1392 240 ) 
4 365 377 (-160 1032 272 ) (-528 1032 272 ) (-528 1032 240 ) (-160 1032 240 ) 
4 365 375 (0 1032 240 ) (0 1032 272 ) (-160 1032 272 ) (-160 1032 240 ) 
4 366 378 (-560 1032 272 ) (-736 1032 272 ) (-736 1032 240 ) (-560 1032 240 ) 
4 366 367 (-736 1032 240 ) (-736 1032 272 ) (-736 1392 272 ) (-736 1392 240 ) 
4 367 379 (-944 1032 272 ) (-1008 1032 272 ) (-1008 1032 240 ) (-944 1032 240 ) 
4 367 378 (-736 1032 272 ) (-944 1032 272 ) (-944 1032 240 ) (-736 1032 240 ) 
4 368 369 (-152 1040 216 ) (-152 1040 8 ) (0 1040 8 ) (0 1040 216 ) 
4 369 376 (0 1032 8 ) (0 1032 120 ) (-128 1032 120 ) (-128 1032 8 ) 
4 370 374 (-944 1040 216 ) (-1008 1040 216 ) (-1008 1040 32 ) (-944 1040 32 ) 
4 370 373 (-864 1040 216 ) (-944 1040 216 ) (-944 1040 32 ) (-864 1040 32 ) 
4 370 372 (-392 1040 32 ) (-392 1040 216 ) (-864 1040 216 ) (-864 1040 32 ) 
4 370 371 (-1008 1040 32 ) (-1008 1040 216 ) (-1008 1640 216 ) (-1008 1640 32 ) 
4 371 472 (-1024 1040 32 ) (-1024 1040 216 ) (-1024 1184 216 ) (-1024 1184 32 ) 
4 371 466 (-1024 1184 216 ) (-1024 1248 216 ) (-1024 1248 32 ) (-1024 1184 32 ) 
4 371 458 (-1024 1248 216 ) (-1024 1264 216 ) (-1024 1264 32 ) (-1024 1248 32 ) 
4 371 446 (-1024 1264 216 ) (-1024 1440 216 ) (-1024 1440 32 ) (-1024 1264 32 ) 
4 371 431 (-1024 1440 216 ) (-1024 1472 216 ) (-1024 1472 32 ) (-1024 1440 32 ) 
4 371 430 (-1024 1472 216 ) (-1024 1640 216 ) (-1024 1640 32 ) (-1024 1472 32 ) 
4 371 374 (-1008 1040 32 ) (-1008 1040 216 ) (-1024 1040 216 ) (-1024 1040 32 ) 
4 372 373 (-864 1040 216 ) (-864 1040 32 ) (-864 1032 32 ) (-864 1032 216 ) 
4 373 374 (-944 1040 216 ) (-944 1040 32 ) (-944 1032 32 ) (-944 1032 216 ) 
4 374 496 (-1024 1032 32 ) (-1024 1032 216 ) (-1024 1040 216 ) (-1024 1040 32 ) 
4 374 381 (-1008 1032 216 ) (-1016 1032 216 ) (-1016 1032 128 ) (-1008 1032 128 ) 
4 374 380 (-944 1032 128 ) (-944 1032 216 ) (-1008 1032 216 ) (-1008 1032 128 ) 
4 375 1252 (0 1024 240 ) (0 1024 272 ) (-160 1024 272 ) (-160 1024 240 ) 
4 375 377 (-160 1032 272 ) (-160 1032 240 ) (-160 1024 240 ) (-160 1024 272 ) 
4 376 1302 (0 1024 8 ) (0 1024 88 ) (-128 1024 88 ) (-128 1024 8 ) 
4 376 1283 (0 1024 88 ) (0 1024 120 ) (-128 1024 120 ) (-128 1024 88 ) 
4 377 1252 (-160 1024 272 ) (-528 1024 272 ) (-528 1024 240 ) (-160 1024 240 ) 
4 378 1256 (-768 1024 272 ) (-944 1024 272 ) (-944 1024 240 ) (-768 1024 240 ) 
4 378 1255 (-752 1024 272 ) (-768 1024 272 ) (-768 1024 240 ) (-752 1024 240 ) 
4 378 1254 (-560 1024 272 ) (-752 1024 272 ) (-752 1024 240 ) (-560 1024 240 ) 
4 378 379 (-944 1032 272 ) (-944 1032 240 ) (-944 1024 240 ) (-944 1024 272 ) 
4 379 1256 (-944 1024 272 ) (-1008 1024 272 ) (-1008 1024 240 ) (-944 1024 240 ) 
4 380 1292 (-1008 1024 216 ) (-1008 1024 128 ) (-944 1024 128 ) (-944 1024 216 ) 
4 380 381 (-1008 1032 216 ) (-1008 1032 128 ) (-1008 1024 128 ) (-1008 1024 216 ) 
4 381 1292 (-1016 1024 216 ) (-1016 1024 128 ) (-1008 1024 128 ) (-1008 1024 216 ) 
4 382 400 (-752 2032 -120 ) (-768 2032 -120 ) (-768 2032 -200 ) (-752 2032 -200 ) 
4 382 399 (-688 2032 -120 ) (-752 2032 -120 ) (-752 2032 -200 ) (-688 2032 -200 ) 
4 382 401 (-768 2032 -120 ) (-816 2032 -120 ) (-816 2032 -200 ) (-768 2032 -200 ) 
4 382 393 (-464 2032 -120 ) (-576 2032 -120 ) (-576 2032 -200 ) (-464 2032 -200 ) 
4 382 394 (-576 2032 -120 ) (-688 2032 -120 ) (-688 2032 -200 ) (-576 2032 -200 ) 
4 383 387 (-160 1984 -224 ) (-160 1840 -224 ) (-160 1840 -16 ) (-160 1984 -16 ) 
4 384 387 (-160 1824 -224 ) (-160 1568 -224 ) (-160 1568 -16 ) (-160 1824 -16 ) 
4 385 386 (-160 1552 -224 ) (-160 1440 -224 ) (-160 1440 -16 ) (-160 1552 -16 ) 
4 385 388 (-160 1440 -224 ) (-160 1040 -224 ) (-160 1040 -16 ) (-160 1440 -16 ) 
4 386 388 (-240 1440 -16 ) (-240 1440 -224 ) (-160 1440 -224 ) (-160 1440 -16 ) 
4 387 390 (-240 1824 -224 ) (-240 1461.333374 -224 ) (-240 1461.333374 -16 ) (-240 1824 -16 ) 
4 387 389 (-240 1984 -224 ) (-240 1840 -224 ) (-240 1840 -16 ) (-240 1984 -16 ) 
4 388 417 (-240 1040 -224 ) (-160 1040 -224 ) (-160 1040 -16 ) (-240 1040 -16 ) 
4 388 391 (-240 1440 -224 ) (-240 1040 -224 ) (-240 1040 -16 ) (-240 1440 -16 ) 
4 390 392 (-384 1824 -224 ) (-384 1440 -224 ) (-384 1440 -16 ) (-384 1824 -16 ) 
4 390 391 (-384 1440 -16 ) (-384 1440 -224 ) (-256 1440 -224 ) (-256 1440 -16 ) 
4 391 417 (-304 1040 -224 ) (-240 1040 -224 ) (-240 1040 -16 ) (-304 1040 -16 ) 
4 391 392 (-384 1440 -224 ) (-384 1040 -224 ) (-384 1040 -16 ) (-384 1440 -16 ) 
4 392 397 (-400 1392 -224 ) (-400 1040 -224 ) (-400 1040 -16 ) (-400 1392 -16 ) 
4 392 395 (-400 1648 -224 ) (-400 1552 -224 ) (-400 1552 -160 ) (-400 1648 -160 ) 
4 392 393 (-400 1824 -224 ) (-400 1664 -224 ) (-400 1664 -16 ) (-400 1824 -16 ) 
4 393 394 (-576 2032 -16 ) (-576 2032 -224 ) (-576 1664 -224 ) (-576 1664 -16 ) 
4 394 407 (-688 1696 -224 ) (-688 1664 -224 ) (-688 1664 -16 ) (-688 1696 -16 ) 
4 394 405 (-688 1760 -224 ) (-688 1696 -224 ) (-688 1696 -16 ) (-688 1760 -16 ) 
4 394 399 (-688 2032 -16 ) (-688 2032 -224 ) (-688 1776 -224 ) (-688 1776 -16 ) 
4 394 396 (-688 1648 -16 ) (-688 1648 -224 ) (-576 1648 -224 ) (-576 1648 -16 ) 
4 395 396 (-416 1648 -160 ) (-416 1648 -224 ) (-416 1552 -224 ) (-416 1552 -160 ) 
4 396 398 (-688 1552 -16 ) (-688 1552 -224 ) (-416 1552 -224 ) (-416 1552 -16 ) 
4 397 398 (-416 1392 -224 ) (-416 1040 -224 ) (-416 1040 -16 ) (-416 1392 -16 ) 
4 398 410 (-688 1392 -224 ) (-688 1040 -224 ) (-688 1040 -16 ) (-688 1392 -16 ) 
4 399 400 (-752 2032 -16 ) (-752 2032 -224 ) (-752 1952 -224 ) (-752 1952 -16 ) 
4 400 401 (-768 2032 -16 ) (-768 2032 -224 ) (-768 1952 -224 ) (-768 1952 -16 ) 
4 401 402 (-832 2032 -16 ) (-832 2032 -224 ) (-832 1856 -224 ) (-832 1856 -16 ) 
4 401 403 (-832 1840 -224 ) (-832 1776 -224 ) (-832 1776 -16 ) (-832 1840 -16 ) 
4 403 404 (-912 1840 -224 ) (-912 1776 -224 ) (-912 1776 -16 ) (-912 1840 -16 ) 
4 404 406 (-928 1840 -224 ) (-928 1776 -224 ) (-928 1776 -16 ) (-928 1840 -16 ) 
4 405 409 (-928 1696 -224 ) (-864 1696 -224 ) (-864 1696 -16 ) (-928 1696 -16 ) 
4 405 408 (-816 1696 -224 ) (-704 1696 -224 ) (-704 1696 -16 ) (-816 1696 -16 ) 
4 405 407 (-704 1696 -224 ) (-688 1696 -224 ) (-688 1696 -16 ) (-704 1696 -16 ) 
4 405 406 (-928 1760 -224 ) (-928 1696 -224 ) (-928 1696 -16 ) (-928 1760 -16 ) 
4 406 409 (-960 1696 -224 ) (-928 1696 -224 ) (-928 1696 -16 ) (-960 1696 -16 ) 
4 407 408 (-704 1696 -16 ) (-704 1696 -224 ) (-704 1664 -224 ) (-704 1664 -16 ) 
4 408 414 (-816 1488 -224 ) (-736 1488 -224 ) (-736 1488 -16 ) (-816 1488 -16 ) 
4 408 412 (-736 1488 -224 ) (-720 1488 -224 ) (-720 1488 -16 ) (-736 1488 -16 ) 
4 408 411 (-720 1488 -224 ) (-704 1488 -224 ) (-704 1488 -16 ) (-720 1488 -16 ) 
4 409 416 (-960 1488 -224 ) (-864 1488 -224 ) (-864 1488 -16 ) (-960 1488 -16 ) 
4 410 411 (-704 1392 -224 ) (-704 1040 -224 ) (-704 1040 -16 ) (-704 1392 -16 ) 
4 411 412 (-720 1488 -16 ) (-720 1488 -224 ) (-720 1232 -224 ) (-720 1232 -16 ) 
4 411 413 (-720 1120 -224 ) (-720 1040 -224 ) (-720 1040 -16 ) (-720 1120 -16 ) 
4 412 414 (-736 1488 -16 ) (-736 1488 -224 ) (-736 1232 -224 ) (-736 1232 -16 ) 
4 413 414 (-736 1120 -224 ) (-736 1040 -224 ) (-736 1040 -16 ) (-736 1120 -16 ) 
4 414 415 (-832 1488 -16 ) (-832 1488 -224 ) (-832 1200 -224 ) (-832 1200 -16 ) 
4 415 416 (-848 1488 -16 ) (-848 1488 -224 ) (-848 1200 -224 ) (-848 1200 -16 ) 
4 416 418 (-944 1040 -224 ) (-864 1040 -224 ) (-864 1040 -112 ) (-944 1040 -112 ) 
4 417 1303 (-160 1024 -16 ) (-304 1024 -16 ) (-304 1024 -224 ) (-160 1024 -224 ) 
4 418 1307 (-944 1024 -112 ) (-944 1024 -224 ) (-864 1024 -224 ) (-864 1024 -112 ) 
4 419 423 (-1104 1712 432 ) (-1104 1712 1008 ) (-1504 1712 1008 ) (-1504 1712 432 ) 
4 420 424 (-1136 1712 32 ) (-1024 1712 32 ) (-1024 1712 216 ) (-1136 1712 216 ) 
4 420 421 (-1136 2048 32 ) (-1136 2008 32 ) (-1136 2008 216 ) (-1136 2048 216 ) 
4 421 422 (-1144 2048 32 ) (-1144 2016 32 ) (-1144 2016 216 ) (-1144 2048 216 ) 
4 422 438 (-1856 2048 216 ) (-1856 2048 32 ) (-1856 1712 32 ) (-1856 1712 216 ) 
4 422 425 (-1856 1712 216 ) (-1856 1712 32 ) (-1144 1712 32 ) (-1144 1712 216 ) 
4 423 428 (-1856 1656 1008 ) (-1856 1656 432 ) (-1088 1656 432 ) (-1088 1656 1008 ) 
4 423 426 (-1088 1656 432 ) (-1024 1656 432 ) (-1024 1656 1008 ) (-1088 1656 1008 ) 
4 424 427 (-1024 1656 136 ) (-1024 1656 216 ) (-1088 1656 216 ) (-1088 1656 136 ) 
4 425 438 (-1856 1656 32 ) (-1856 1656 216 ) (-1856 1712 216 ) (-1856 1712 32 ) 
4 426 429 (-1024 1640 432 ) (-1024 1640 1008 ) (-1088 1640 1008 ) (-1088 1640 432 ) 
4 426 428 (-1088 1656 1008 ) (-1088 1656 432 ) (-1088 1640 432 ) (-1088 1640 1008 ) 
4 427 430 (-1024 1640 136 ) (-1024 1640 216 ) (-1088 1640 216 ) (-1088 1640 136 ) 
4 428 429 (-1856 1640 1008 ) (-1856 1640 432 ) (-1088 1640 432 ) (-1088 1640 1008 ) 
4 429 435 (-1856 1568 520 ) (-1856 1640 520 ) (-1856 1640 432 ) (-1856 1568 432 ) 
4 429 433 (-1856 1472 696 ) (-1856 1472 608 ) (-1792 1472 608 ) (-1792 1472 696 ) 
4 430 439 (-1856 1472 32 ) (-1856 1472 216 ) (-1856 1640 216 ) (-1856 1640 32 ) 
4 430 434 (-1856 1472 216 ) (-1856 1472 32 ) (-1792 1472 32 ) (-1792 1472 216 ) 
4 430 432 (-1792 1472 32 ) (-1120 1472 32 ) (-1120 1472 216 ) (-1792 1472 216 ) 
4 430 431 (-1120 1472 32 ) (-1024 1472 32 ) (-1024 1472 216 ) (-1120 1472 216 ) 
4 431 446 (-1024 1440 32 ) (-1024 1440 216 ) (-1120 1440 216 ) (-1120 1440 32 ) 
4 431 432 (-1120 1472 216 ) (-1120 1472 32 ) (-1120 1440 32 ) (-1120 1440 216 ) 
4 432 446 (-1120 1440 32 ) (-1120 1440 216 ) (-1792 1440 216 ) (-1792 1440 32 ) 
4 432 434 (-1792 1472 216 ) (-1792 1472 32 ) (-1792 1440 32 ) (-1792 1440 216 ) 
4 433 443 (-1792 1440 608 ) (-1792 1440 696 ) (-1856 1440 696 ) (-1856 1440 608 ) 
4 434 446 (-1792 1440 32 ) (-1792 1440 216 ) (-1856 1440 216 ) (-1856 1440 32 ) 
4 434 439 (-1856 1440 32 ) (-1856 1440 216 ) (-1856 1472 216 ) (-1856 1472 32 ) 
4 435 436 (-1872 1640 432 ) (-1872 1568 432 ) (-1872 1568 520 ) (-1872 1640 520 ) 
4 436 437 (-1888 1640 432 ) (-1888 1568 432 ) (-1888 1568 520 ) (-1888 1640 520 ) 
4 437 452 (-2032 1440 528 ) (-2032 1440 432 ) (-1888 1440 432 ) (-1888 1440 528 ) 
4 439 454 (-1888 1440 216 ) (-2040 1440 216 ) (-2040 1440 32 ) (-1888 1440 32 ) 
4 439 450 (-1872 1440 216 ) (-1888 1440 216 ) (-1888 1440 32 ) (-1872 1440 32 ) 
4 439 446 (-1856 1440 32 ) (-1856 1440 216 ) (-1872 1440 216 ) (-1872 1440 32 ) 
4 440 456 (-1024 1264 784 ) (-1024 1264 1008 ) (-1776 1264 1008 ) (-1776 1264 784 ) 
4 441 442 (-1120 1440 432 ) (-1120 1296 432 ) (-1120 1296 528 ) (-1120 1440 528 ) 
4 442 444 (-1152 1440 432 ) (-1152 1296 432 ) (-1152 1296 528 ) (-1152 1440 528 ) 
4 443 448 (-1872 1424 560 ) (-1872 1296 560 ) (-1872 1296 752 ) (-1872 1424 752 ) 
4 443 447 (-1872 1440 752 ) (-1872 1440 560 ) (-1872 1424 560 ) (-1872 1424 752 ) 
4 443 445 (-1152 1296 560 ) (-1152 1296 752 ) (-1872 1296 752 ) (-1872 1296 560 ) 
4 444 449 (-1872 1424 432 ) (-1872 1312 432 ) (-1872 1312 528 ) (-1872 1424 528 ) 
4 445 461 (-1872 1264 752 ) (-1872 1264 560 ) (-1776 1264 560 ) (-1776 1264 752 ) 
4 445 460 (-1776 1264 560 ) (-1152 1264 560 ) (-1152 1264 752 ) (-1776 1264 752 ) 
4 445 448 (-1872 1264 560 ) (-1872 1264 752 ) (-1872 1296 752 ) (-1872 1296 560 ) 
4 446 463 (-1152 1264 216 ) (-1872 1264 216 ) (-1872 1264 32 ) (-1152 1264 32 ) 
4 446 459 (-1120 1264 216 ) (-1152 1264 216 ) (-1152 1264 32 ) (-1120 1264 32 ) 
4 446 458 (-1024 1264 32 ) (-1024 1264 216 ) (-1120 1264 216 ) (-1120 1264 32 ) 
4 446 450 (-1872 1440 216 ) (-1872 1440 32 ) (-1872 1264 32 ) (-1872 1264 216 ) 
4 447 451 (-1888 1440 752 ) (-1888 1440 560 ) (-1888 1424 560 ) (-1888 1424 752 ) 
4 447 448 (-1888 1424 752 ) (-1888 1424 560 ) (-1872 1424 560 ) (-1872 1424 752 ) 
4 448 461 (-1872 1264 560 ) (-1872 1264 752 ) (-1888 1264 752 ) (-1888 1264 560 ) 
4 448 451 (-1888 1264 560 ) (-1888 1264 752 ) (-1888 1424 752 ) (-1888 1424 560 ) 
4 449 452 (-1888 1424 432 ) (-1888 1312 432 ) (-1888 1312 528 ) (-1888 1424 528 ) 
4 450 463 (-1872 1264 32 ) (-1872 1264 216 ) (-1888 1264 216 ) (-1888 1264 32 ) 
4 450 454 (-1888 1440 216 ) (-1888 1440 32 ) (-1888 1264 32 ) (-1888 1264 216 ) 
4 451 461 (-1888 1264 560 ) (-1888 1264 752 ) (-2032 1264 752 ) (-2032 1264 560 ) 
4 451 453 (-2032 1440 752 ) (-2032 1440 560 ) (-2032 1264 560 ) (-2032 1264 752 ) 
4 452 462 (-1888 1264 432 ) (-1888 1264 528 ) (-2032 1264 528 ) (-2032 1264 432 ) 
4 453 461 (-2040 1264 752 ) (-2040 1264 560 ) (-2032 1264 560 ) (-2032 1264 752 ) 
4 453 455 (-2040 1440 752 ) (-2040 1440 560 ) (-2040 1264 560 ) (-2040 1264 752 ) 
4 454 463 (-1888 1264 32 ) (-1888 1264 216 ) (-2040 1264 216 ) (-2040 1264 32 ) 
4 455 498 (-2048 1264 560 ) (-2048 1264 752 ) (-2048 1440 752 ) (-2048 1440 560 ) 
4 455 461 (-2048 1264 752 ) (-2048 1264 560 ) (-2040 1264 560 ) (-2040 1264 752 ) 
4 456 464 (-1024 1248 784 ) (-1024 1248 1008 ) (-1776 1248 1008 ) (-1776 1248 784 ) 
4 457 465 (-1024 1248 560 ) (-1024 1248 752 ) (-1120 1248 752 ) (-1120 1248 560 ) 
4 458 466 (-1024 1248 32 ) (-1024 1248 216 ) (-1120 1248 216 ) (-1120 1248 32 ) 
4 458 459 (-1120 1248 32 ) (-1120 1248 216 ) (-1120 1264 216 ) (-1120 1264 32 ) 
4 459 467 (-1120 1248 32 ) (-1120 1248 216 ) (-1152 1248 216 ) (-1152 1248 32 ) 
4 459 463 (-1152 1248 32 ) (-1152 1248 216 ) (-1152 1264 216 ) (-1152 1264 32 ) 
4 460 468 (-1152 1248 560 ) (-1152 1248 752 ) (-1776 1248 752 ) (-1776 1248 560 ) 
4 460 461 (-1776 1264 560 ) (-1776 1248 560 ) (-1776 1248 752 ) (-1776 1264 752 ) 
4 461 498 (-2048 1248 560 ) (-2048 1248 752 ) (-2048 1264 752 ) (-2048 1264 560 ) 
4 461 492 (-2048 1248 752 ) (-2048 1248 560 ) (-2040 1248 560 ) (-2040 1248 752 ) 
4 461 487 (-2040 1248 560 ) (-2032 1248 560 ) (-2032 1248 752 ) (-2040 1248 752 ) 
4 461 482 (-2032 1248 560 ) (-1776 1248 560 ) (-1776 1248 752 ) (-2032 1248 752 ) 
4 462 484 (-2032 1248 528 ) (-2032 1248 432 ) (-1888 1248 432 ) (-1888 1248 528 ) 
4 463 491 (-1776 1248 216 ) (-2040 1248 216 ) (-2040 1248 32 ) (-1776 1248 32 ) 
4 463 469 (-1152 1248 32 ) (-1152 1248 216 ) (-1776 1248 216 ) (-1776 1248 32 ) 
4 464 494 (-1088 1040 896 ) (-1488 1040 896 ) (-1488 1040 784 ) (-1088 1040 784 ) 
4 465 470 (-1120 1184 752 ) (-1120 1184 560 ) (-1024 1184 560 ) (-1024 1184 752 ) 
4 466 472 (-1120 1184 216 ) (-1120 1184 32 ) (-1024 1184 32 ) (-1024 1184 216 ) 
4 466 467 (-1120 1184 32 ) (-1120 1184 216 ) (-1120 1248 216 ) (-1120 1248 32 ) 
4 467 475 (-1152 1184 216 ) (-1152 1184 32 ) (-1120 1184 32 ) (-1120 1184 216 ) 
4 467 469 (-1152 1184 32 ) (-1152 1184 216 ) (-1152 1248 216 ) (-1152 1248 32 ) 
4 468 482 (-1776 1248 752 ) (-1776 1248 560 ) (-1776 1184 560 ) (-1776 1184 752 ) 
4 468 478 (-1776 1184 752 ) (-1776 1184 560 ) (-1152 1184 560 ) (-1152 1184 752 ) 
4 469 491 (-1776 1248 216 ) (-1776 1248 32 ) (-1776 1184 32 ) (-1776 1184 216 ) 
4 469 481 (-1776 1184 216 ) (-1776 1184 32 ) (-1152 1184 32 ) (-1152 1184 216 ) 
4 470 473 (-1120 1184 624 ) (-1120 1184 560 ) (-1120 1104 560 ) (-1120 1104 624 ) 
4 471 476 (-1120 1104 432 ) (-1120 1040 432 ) (-1120 1040 528 ) (-1120 1104 528 ) 
4 471 474 (-1120 1184 528 ) (-1120 1184 432 ) (-1120 1104 432 ) (-1120 1104 528 ) 
4 472 496 (-1024 1040 32 ) (-1024 1040 216 ) (-1120 1040 216 ) (-1120 1040 32 ) 
4 472 477 (-1120 1104 32 ) (-1120 1040 32 ) (-1120 1040 216 ) (-1120 1104 216 ) 
4 472 475 (-1120 1184 216 ) (-1120 1184 32 ) (-1120 1104 32 ) (-1120 1104 216 ) 
4 473 478 (-1152 1184 624 ) (-1152 1184 560 ) (-1152 1104 560 ) (-1152 1104 624 ) 
4 474 479 (-1152 1184 528 ) (-1152 1184 432 ) (-1152 1104 432 ) (-1152 1104 528 ) 
4 474 476 (-1152 1104 528 ) (-1152 1104 432 ) (-1120 1104 432 ) (-1120 1104 528 ) 
4 475 481 (-1152 1184 216 ) (-1152 1184 32 ) (-1152 1104 32 ) (-1152 1104 216 ) 
4 475 477 (-1152 1104 216 ) (-1152 1104 32 ) (-1120 1104 32 ) (-1120 1104 216 ) 
4 476 480 (-1152 1040 432 ) (-1152 1040 528 ) (-1152 1056 528 ) (-1152 1056 432 ) 
4 476 479 (-1152 1056 528 ) (-1152 1104 528 ) (-1152 1104 432 ) (-1152 1056 432 ) 
4 477 496 (-1120 1040 32 ) (-1120 1040 216 ) (-1152 1040 216 ) (-1152 1040 32 ) 
4 477 481 (-1152 1040 32 ) (-1152 1040 216 ) (-1152 1104 216 ) (-1152 1104 32 ) 
4 478 482 (-1776 1184 752 ) (-1776 1184 560 ) (-1776 1056 560 ) (-1776 1056 752 ) 
4 479 483 (-1776 1184 528 ) (-1776 1184 432 ) (-1776 1056 432 ) (-1776 1056 528 ) 
4 479 480 (-1776 1056 432 ) (-1152 1056 432 ) (-1152 1056 528 ) (-1776 1056 528 ) 
4 480 495 (-1760 1040 520 ) (-1776 1040 520 ) (-1776 1040 456 ) (-1760 1040 456 ) 
4 480 485 (-1776 1040 432 ) (-1776 1040 528 ) (-1776 1056 528 ) (-1776 1056 432 ) 
4 481 496 (-1152 1040 32 ) (-1152 1040 216 ) (-1776 1040 216 ) (-1776 1040 32 ) 
4 481 491 (-1776 1040 32 ) (-1776 1040 216 ) (-1776 1184 216 ) (-1776 1184 32 ) 
4 482 489 (-2032 1056 752 ) (-2032 1080 752 ) (-2032 1080 560 ) (-2032 1056 560 ) 
4 482 488 (-2032 1080 752 ) (-2032 1224 752 ) (-2032 1224 560 ) (-2032 1080 560 ) 
4 482 487 (-2032 1224 752 ) (-2032 1248 752 ) (-2032 1248 560 ) (-2032 1224 560 ) 
4 483 485 (-1888 1056 432 ) (-1776 1056 432 ) (-1776 1056 528 ) (-1888 1056 528 ) 
4 483 484 (-1888 1184 432 ) (-1888 1056 432 ) (-1888 1056 528 ) (-1888 1184 528 ) 
4 484 486 (-2032 1056 432 ) (-2032 1080 432 ) (-1992 1080 432 ) (-1992 1056 432 ) 
4 484 485 (-2032 1056 528 ) (-2032 1056 432 ) (-1888 1056 432 ) (-1888 1056 528 ) 
4 485 495 (-1776 1040 456 ) (-1776 1040 520 ) (-2000 1040 520 ) (-2000 1040 456 ) 
4 485 486 (-2032 1040 432 ) (-2032 1056 432 ) (-1992 1056 432 ) (-1992 1040 432 ) 
4 486 490 (-1992 1080 408 ) (-1992 1040 408 ) (-2032 1040 408 ) (-2032 1080 408 ) 
4 487 492 (-2040 1224 752 ) (-2040 1248 752 ) (-2040 1248 560 ) (-2040 1224 560 ) 
4 487 488 (-2040 1224 752 ) (-2040 1224 560 ) (-2032 1224 560 ) (-2032 1224 752 ) 
4 488 493 (-2040 1080 752 ) (-2040 1224 752 ) (-2040 1224 560 ) (-2040 1080 560 ) 
4 488 489 (-2040 1080 752 ) (-2040 1080 560 ) (-2032 1080 560 ) (-2032 1080 752 ) 
4 489 493 (-2040 1056 752 ) (-2040 1080 752 ) (-2040 1080 560 ) (-2040 1056 560 ) 
4 490 497 (-1976 1040 408 ) (-2040 1040 408 ) (-2040 1040 216 ) (-1976 1040 216 ) 
4 490 491 (-2040 1040 216 ) (-2040 1224 216 ) (-1976 1224 216 ) (-1976 1040 216 ) 
4 491 497 (-1976 1040 216 ) (-2040 1040 216 ) (-2040 1040 32 ) (-1976 1040 32 ) 
4 491 496 (-1776 1040 32 ) (-1776 1040 216 ) (-1976 1040 216 ) (-1976 1040 32 ) 
4 492 498 (-2048 1224 560 ) (-2048 1224 752 ) (-2048 1248 752 ) (-2048 1248 560 ) 
4 492 493 (-2040 1224 560 ) (-2040 1224 752 ) (-2048 1224 752 ) (-2048 1224 560 ) 
4 493 498 (-2048 1056 560 ) (-2048 1056 752 ) (-2048 1224 752 ) (-2048 1224 560 ) 
4 494 1347 (-1088 1024 896 ) (-1488 1024 896 ) (-1488 1024 784 ) (-1088 1024 784 ) 
4 495 1348 (-1760 1024 520 ) (-2000 1024 520 ) (-2000 1024 456 ) (-1760 1024 456 ) 
4 496 497 (-1976 1032 32 ) (-1976 1032 216 ) (-1976 1040 216 ) (-1976 1040 32 ) 
4 498 499 (-2920 1056 624 ) (-2920 1056 560 ) (-2872 1056 560 ) (-2872 1056 624 ) 
4 499 500 (-2872 1040 560 ) (-2872 1040 624 ) (-2920 1040 624 ) (-2920 1040 560 ) 
4 500 1574 (-2872 1024 544 ) (-2872 1024 624 ) (-2920 1024 624 ) (-2920 1024 544 ) 
4 501 507 (2048 1024 912 ) (2048 1024 816 ) (2048 656 816 ) (2048 656 912 ) 
4 502 509 (2048 1024 752 ) (2048 1024 592 ) (2048 1008 592 ) (2048 1008 752 ) 
4 503 506 (2160 968 -2064 ) (2160 352 -2064 ) (2160 352 400 ) (2160 968 400 ) 
4 503 504 (2160 976 400 ) (2160 976 -2064 ) (2160 968 -2064 ) (2160 968 400 ) 
4 504 546 (2048 968 -2064 ) (2048 968 288 ) (2048 976 288 ) (2048 976 -2064 ) 
4 504 539 (2048 968 288 ) (2048 968 384 ) (2048 976 384 ) (2048 976 288 ) 
4 504 529 (2048 968 384 ) (2048 968 400 ) (2048 976 400 ) (2048 976 384 ) 
4 504 506 (2160 968 -2064 ) (2160 968 400 ) (2048 968 400 ) (2048 968 -2064 ) 
4 505 528 (2048 24 424 ) (2048 24 480 ) (2048 968 480 ) (2048 968 424 ) 
4 505 512 (2048 24 480 ) (2048 24 576 ) (2048 968 576 ) (2048 968 480 ) 
4 505 510 (2048 24 576 ) (2048 24 608 ) (2048 968 608 ) (2048 968 576 ) 
4 506 546 (2048 352 -2064 ) (2048 352 288 ) (2048 968 288 ) (2048 968 -2064 ) 
4 506 539 (2048 352 288 ) (2048 352 384 ) (2048 968 384 ) (2048 968 288 ) 
4 506 529 (2048 352 384 ) (2048 352 400 ) (2048 968 400 ) (2048 968 384 ) 
4 507 508 (2032 1024 912 ) (2032 1024 816 ) (2032 656 816 ) (2032 656 912 ) 
4 508 968 (1680 0 3056 ) (1680 0 816 ) (2032 0 816 ) (2032 0 3056 ) 
4 508 558 (1680 32 816 ) (1680 0 816 ) (1680 0 3056 ) (1680 32 3056 ) 
4 508 557 (1680 976 816 ) (1680 32 816 ) (1680 32 3056 ) (1680 976 3056 ) 
4 508 556 (1680 992 816 ) (1680 976 816 ) (1680 976 3056 ) (1680 992 3056 ) 
4 508 555 (1680 1008 816 ) (1680 992 816 ) (1680 992 3056 ) (1680 1008 3056 ) 
4 508 550 (1680 1024 3056 ) (1680 1024 816 ) (1680 1008 816 ) (1680 1008 3056 ) 
4 509 551 (1680 1024 752 ) (1680 1024 592 ) (1680 1008 592 ) (1680 1008 752 ) 
4 510 517 (1730 382.968994 576 ) (1730 342.972992 576 ) (1728 342.972992 576 ) (1728 382.968994 576 ) 
4 510 516 (1730 658.184998 576 ) (1730 382.968994 576 ) (1728 382.968994 576 ) (1728 658.184998 576 ) 
4 510 519 (1730 342.972992 576 ) (1730 24 576 ) (1728 24 576 ) (1728 342.972992 576 ) 
4 510 514 (1730 698.181030 576 ) (1730 658.184998 576 ) (1728 658.184998 576 ) (1728 698.181030 576 ) 
4 510 513 (1728 968 576 ) (1730 968 576 ) (1730 698.181030 576 ) (1728 698.181030 576 ) 
4 510 512 (1730 968 576 ) (2048 968 576 ) (2048 24 576 ) (1730 24 576 ) 
4 510 520 (1704 968 576 ) (1728 968 576 ) (1728 24 576 ) (1704 24 576 ) 
4 511 527 (1856 1024 480 ) (1936 1024 480 ) (1936 968 480 ) (1856 968 480 ) 
4 511 512 (1856 968 480 ) (1936 968 480 ) (1936 968 544 ) (1856 968 544 ) 
4 512 528 (1730 968 480 ) (2048 968 480 ) (2048 24 480 ) (1730 24 480 ) 
4 512 517 (1730 342.972992 538.091003 ) (1730 342.972992 576 ) (1730 382.968994 576 ) (1730 382.968994 538.091003 ) 
4 512 518 (1730 382.968994 480 ) (1730 342.972992 480 ) (1730 342.972992 490.091003 ) (1730 382.968994 490.091003 ) 
4 512 516 (1730 658.184998 480 ) (1730 382.968994 480 ) (1730 382.968994 576 ) (1730 658.184998 576 ) 
4 512 519 (1730 342.972992 480 ) (1730 24 480 ) (1730 24 576 ) (1730 342.972992 576 ) 
4 512 514 (1730 658.184998 548.930054 ) (1730 658.184998 576 ) (1730 698.181030 576 ) (1730 698.181030 548.930054 ) 
4 512 515 (1730 698.181030 480 ) (1730 658.184998 480 ) (1730 658.184998 500.930023 ) (1730 698.181030 500.930023 ) 
4 512 513 (1730 968 576 ) (1730 968 480 ) (1730 698.181030 480 ) (1730 698.181030 576 ) 
4 513 528 (1728 968 480 ) (1730 968 480 ) (1730 698.181030 480 ) (1728 698.181030 480 ) 
4 513 514 (1728 698.181030 576 ) (1728 698.181030 548.930054 ) (1730 698.181030 548.930054 ) (1730 698.181030 576 ) 
4 513 515 (1728 698.181030 500.930023 ) (1728 698.181030 480 ) (1730 698.181030 480 ) (1730 698.181030 500.930023 ) 
4 513 520 (1728 968 576 ) (1728 968 480 ) (1728 698.181030 480 ) (1728 698.181030 576 ) 
4 514 516 (1728 658.184998 576 ) (1728 658.184998 548.930054 ) (1730 658.184998 548.930054 ) (1730 658.184998 576 ) 
4 514 520 (1728 658.184998 548.930054 ) (1728 658.184998 576 ) (1728 698.181030 576 ) (1728 698.181030 548.930054 ) 
4 515 528 (1730 698.181030 480 ) (1730 658.184998 480 ) (1728 658.184998 480 ) (1728 698.181030 480 ) 
4 515 516 (1728 658.184998 500.930023 ) (1728 658.184998 480 ) (1730 658.184998 480 ) (1730 658.184998 500.930023 ) 
4 515 520 (1728 698.181030 480 ) (1728 658.184998 480 ) (1728 658.184998 500.930023 ) (1728 698.181030 500.930023 ) 
4 516 528 (1730 658.184998 480 ) (1730 382.968994 480 ) (1728 382.968994 480 ) (1728 658.184998 480 ) 
4 516 517 (1728 382.968994 576 ) (1728 382.968994 538.091003 ) (1730 382.968994 538.091003 ) (1730 382.968994 576 ) 
4 516 518 (1728 382.968994 490.091003 ) (1728 382.968994 480 ) (1730 382.968994 480 ) (1730 382.968994 490.091003 ) 
4 516 520 (1728 658.184998 480 ) (1728 382.968994 480 ) (1728 382.968994 576 ) (1728 658.184998 576 ) 
4 517 519 (1728 342.972992 576 ) (1728 342.972992 538.091003 ) (1730 342.972992 538.091003 ) (1730 342.972992 576 ) 
4 517 520 (1728 342.972992 538.091003 ) (1728 342.972992 576 ) (1728 382.968994 576 ) (1728 382.968994 538.091003 ) 
4 518 528 (1730 382.968994 480 ) (1730 342.972992 480 ) (1728 342.972992 480 ) (1728 382.968994 480 ) 
4 518 520 (1728 382.968994 480 ) (1728 342.972992 480 ) (1728 342.972992 490.091003 ) (1728 382.968994 490.091003 ) 
4 518 519 (1728 342.972992 490.091003 ) (1728 342.972992 480 ) (1730 342.972992 480 ) (1730 342.972992 490.091003 ) 
4 519 528 (1730 342.972992 480 ) (1730 24 480 ) (1728 24 480 ) (1728 342.972992 480 ) 
4 519 520 (1728 342.972992 480 ) (1728 24 480 ) (1728 24 576 ) (1728 342.972992 576 ) 
4 520 538 (1704 24 480 ) (1704 384 480 ) (1712 384 480 ) (1712 24 480 ) 
4 520 537 (1704 384 480 ) (1704 448 480 ) (1712 448 480 ) (1712 384 480 ) 
4 520 536 (1704 448 480 ) (1704 560 480 ) (1712 560 480 ) (1712 448 480 ) 
4 520 535 (1704 560 480 ) (1704 624 480 ) (1712 624 480 ) (1712 560 480 ) 
4 520 534 (1704 624 480 ) (1704 704 480 ) (1712 704 480 ) (1712 624 480 ) 
4 520 533 (1704 704 480 ) (1704 768 480 ) (1712 768 480 ) (1712 704 480 ) 
4 520 532 (1704 768 480 ) (1704 864 480 ) (1712 864 480 ) (1712 768 480 ) 
4 520 531 (1704 864 480 ) (1704 928 480 ) (1712 928 480 ) (1712 864 480 ) 
4 520 530 (1704 928 480 ) (1704 968 480 ) (1712 968 480 ) (1712 928 480 ) 
4 520 528 (1712 968 480 ) (1728 968 480 ) (1728 24 480 ) (1712 24 480 ) 
4 520 525 (1704 304 480 ) (1704 240 480 ) (1704 240 576 ) (1704 304 576 ) 
4 520 526 (1704 144 480 ) (1704 80 480 ) (1704 80 576 ) (1704 144 576 ) 
4 520 524 (1704 448 480 ) (1704 384 480 ) (1704 384 576 ) (1704 448 576 ) 
4 520 522 (1704 768 480 ) (1704 704 480 ) (1704 704 576 ) (1704 768 576 ) 
4 520 523 (1704 624 480 ) (1704 560 480 ) (1704 560 576 ) (1704 624 576 ) 
4 520 521 (1704 928 480 ) (1704 864 480 ) (1704 864 576 ) (1704 928 576 ) 
4 521 557 (1680 928 480 ) (1680 864 480 ) (1680 864 576 ) (1680 928 576 ) 
4 522 557 (1680 768 480 ) (1680 704 480 ) (1680 704 576 ) (1680 768 576 ) 
4 523 557 (1680 624 480 ) (1680 560 480 ) (1680 560 576 ) (1680 624 576 ) 
4 524 557 (1680 448 480 ) (1680 384 480 ) (1680 384 576 ) (1680 448 576 ) 
4 525 557 (1680 304 480 ) (1680 240 480 ) (1680 240 576 ) (1680 304 576 ) 
4 526 557 (1680 144 480 ) (1680 80 480 ) (1680 80 576 ) (1680 144 576 ) 
4 527 528 (1856 968 424 ) (1936 968 424 ) (1936 968 480 ) (1856 968 480 ) 
4 528 538 (1712 24 480 ) (1712 384 480 ) (1712 384 424 ) (1712 24 424 ) 
4 528 537 (1712 384 480 ) (1712 448 480 ) (1712 448 424 ) (1712 384 424 ) 
4 528 536 (1712 448 480 ) (1712 560 480 ) (1712 560 424 ) (1712 448 424 ) 
4 528 535 (1712 560 480 ) (1712 624 480 ) (1712 624 424 ) (1712 560 424 ) 
4 528 534 (1712 624 480 ) (1712 704 480 ) (1712 704 424 ) (1712 624 424 ) 
4 528 533 (1712 704 480 ) (1712 768 480 ) (1712 768 424 ) (1712 704 424 ) 
4 528 532 (1712 768 480 ) (1712 864 480 ) (1712 864 424 ) (1712 768 424 ) 
4 528 531 (1712 864 480 ) (1712 928 480 ) (1712 928 424 ) (1712 864 424 ) 
4 528 530 (1712 928 480 ) (1712 968 480 ) (1712 968 424 ) (1712 928 424 ) 
4 529 539 (1712 352 384 ) (1712 976 384 ) (2048 976 384 ) (2048 352 384 ) 
4 530 531 (1704 928 480 ) (1704 928 424 ) (1712 928 424 ) (1712 928 480 ) 
4 531 532 (1712 864 424 ) (1712 864 480 ) (1704 864 480 ) (1704 864 424 ) 
4 532 533 (1712 768 424 ) (1712 768 480 ) (1704 768 480 ) (1704 768 424 ) 
4 533 534 (1712 704 424 ) (1712 704 480 ) (1704 704 480 ) (1704 704 424 ) 
4 534 535 (1712 624 424 ) (1712 624 480 ) (1704 624 480 ) (1704 624 424 ) 
4 535 536 (1712 560 424 ) (1712 560 480 ) (1704 560 480 ) (1704 560 424 ) 
4 536 537 (1712 448 424 ) (1712 448 480 ) (1704 448 480 ) (1704 448 424 ) 
4 537 538 (1712 384 424 ) (1712 384 480 ) (1704 384 480 ) (1704 384 424 ) 
4 539 546 (2048 976 288 ) (2048 352 288 ) (1712 352 288 ) (1712 976 288 ) 
4 539 542 (1712 624 288 ) (1712 560 288 ) (1712 560 384 ) (1712 624 384 ) 
4 539 543 (1712 448 288 ) (1712 384 288 ) (1712 384 384 ) (1712 448 384 ) 
4 539 540 (1712 928 288 ) (1712 864 288 ) (1712 864 384 ) (1712 928 384 ) 
4 539 541 (1712 768 288 ) (1712 704 288 ) (1712 704 384 ) (1712 768 384 ) 
4 540 557 (1680 928 288 ) (1680 864 288 ) (1680 864 384 ) (1680 928 384 ) 
4 540 547 (1680 864 288 ) (1680 928 288 ) (1712 928 288 ) (1712 864 288 ) 
4 541 557 (1680 768 288 ) (1680 704 288 ) (1680 704 384 ) (1680 768 384 ) 
4 542 557 (1680 624 288 ) (1680 560 288 ) (1680 560 384 ) (1680 624 384 ) 
4 543 557 (1680 448 288 ) (1680 384 288 ) (1680 384 384 ) (1680 448 384 ) 
4 544 548 (1712 1016 8 ) (1712 1016 216 ) (1712 1024 216 ) (1712 1024 8 ) 
4 544 545 (1720 1016 8 ) (1776 1016 8 ) (1776 1016 216 ) (1720 1016 216 ) 
4 546 547 (1712 864 288 ) (1712 928 288 ) (1712 928 240 ) (1712 864 240 ) 
4 547 557 (1680 928 240 ) (1680 864 240 ) (1680 864 288 ) (1680 928 288 ) 
4 548 553 (1680 1024 96 ) (1680 1024 8 ) (1680 1016 8 ) (1680 1016 96 ) 
4 548 552 (1680 1024 216 ) (1680 1024 96 ) (1680 1016 96 ) (1680 1016 216 ) 
4 549 564 (1680 968 -4096 ) (1680 512 -4096 ) (1680 512 -2048 ) (1680 968 -2048 ) 
4 550 565 (1088 1008 816 ) (1088 1008 3056 ) (1088 1024 3056 ) (1088 1024 816 ) 
4 550 555 (1088 1008 3056 ) (1088 1008 816 ) (1680 1008 816 ) (1680 1008 3056 ) 
4 551 573 (1088 1008 592 ) (1088 1008 656 ) (1088 1024 656 ) (1088 1024 592 ) 
4 551 566 (1088 1008 656 ) (1088 1008 752 ) (1088 1024 752 ) (1088 1024 656 ) 
4 552 553 (1432 1016 96 ) (1432 1024 96 ) (1680 1024 96 ) (1680 1016 96 ) 
4 553 554 (1432 1016 40 ) (1432 1016 96 ) (1432 1024 96 ) (1432 1024 40 ) 
4 555 565 (1088 992 816 ) (1088 992 3056 ) (1088 1008 3056 ) (1088 1008 816 ) 
4 555 556 (1088 992 3056 ) (1088 992 816 ) (1680 992 816 ) (1680 992 3056 ) 
4 556 565 (1088 976 816 ) (1088 976 3056 ) (1088 992 3056 ) (1088 992 816 ) 
4 556 557 (1088 976 3056 ) (1088 976 816 ) (1680 976 816 ) (1680 976 3056 ) 
4 557 588 (1088 144 240 ) (1088 80 240 ) (1088 80 288 ) (1088 144 288 ) 
4 557 587 (1088 768 240 ) (1088 704 240 ) (1088 704 288 ) (1088 768 288 ) 
4 557 586 (1088 144 288 ) (1088 80 288 ) (1088 80 384 ) (1088 144 384 ) 
4 557 584 (1088 448 288 ) (1088 384 288 ) (1088 384 384 ) (1088 448 384 ) 
4 557 585 (1088 304 288 ) (1088 240 288 ) (1088 240 384 ) (1088 304 384 ) 
4 557 583 (1088 624 288 ) (1088 560 288 ) (1088 560 384 ) (1088 624 384 ) 
4 557 582 (1088 768 288 ) (1088 704 288 ) (1088 704 384 ) (1088 768 384 ) 
4 557 581 (1088 928 288 ) (1088 864 288 ) (1088 864 384 ) (1088 928 384 ) 
4 557 580 (1088 144 480 ) (1088 80 480 ) (1088 80 576 ) (1088 144 576 ) 
4 557 579 (1088 304 480 ) (1088 240 480 ) (1088 240 576 ) (1088 304 576 ) 
4 557 577 (1088 624 480 ) (1088 560 480 ) (1088 560 576 ) (1088 624 576 ) 
4 557 578 (1088 448 480 ) (1088 384 480 ) (1088 384 576 ) (1088 448 576 ) 
4 557 576 (1088 768 480 ) (1088 704 480 ) (1088 704 576 ) (1088 768 576 ) 
4 557 575 (1088 928 480 ) (1088 864 480 ) (1088 864 560 ) (1088 928 560 ) 
4 557 574 (1088 928 560 ) (1088 864 560 ) (1088 864 576 ) (1088 928 576 ) 
4 557 571 (1088 304 656 ) (1088 240 656 ) (1088 240 752 ) (1088 304 752 ) 
4 557 572 (1088 144 656 ) (1088 80 656 ) (1088 80 752 ) (1088 144 752 ) 
4 557 569 (1088 624 656 ) (1088 560 656 ) (1088 560 752 ) (1088 624 752 ) 
4 557 570 (1088 448 656 ) (1088 384 656 ) (1088 384 752 ) (1088 448 752 ) 
4 557 567 (1088 928 656 ) (1088 864 656 ) (1088 864 752 ) (1088 928 752 ) 
4 557 568 (1088 768 656 ) (1088 704 656 ) (1088 704 752 ) (1088 768 752 ) 
4 557 565 (1088 976 3056 ) (1088 976 816 ) (1088 32 816 ) (1088 32 3056 ) 
4 557 563 (1088 560 240 ) (1088 624 240 ) (1128 624 240 ) (1128 560 240 ) 
4 557 562 (1088 864 240 ) (1088 928 240 ) (1128 928 240 ) (1128 864 240 ) 
4 557 561 (1384 880 240 ) (1515.880005 744 240 ) (1384 608 240 ) (1252.120117 744 240 ) 
4 557 560 (1680 624 240 ) (1680 560 240 ) (1640 560 240 ) (1640 624 240 ) 
4 557 559 (1680 928 240 ) (1680 864 240 ) (1640 864 240 ) (1640 928 240 ) 
4 557 558 (1088 32 3056 ) (1088 32 816 ) (1680 32 816 ) (1680 32 3056 ) 
4 558 968 (1680 0 816 ) (1680 0 3056 ) (1088 0 3056 ) (1088 0 816 ) 
4 558 565 (1088 0 816 ) (1088 0 3056 ) (1088 32 3056 ) (1088 32 816 ) 
4 559 564 (1680 928 -2048 ) (1680 864 -2048 ) (1640 864 -2048 ) (1640 928 -2048 ) 
4 560 564 (1680 624 -2048 ) (1680 560 -2048 ) (1640 560 -2048 ) (1640 624 -2048 ) 
4 561 564 (1384 880 -2048 ) (1515.880005 744 -2048 ) (1384 608 -2048 ) (1252.120117 744 -2048 ) 
4 562 589 (1088 928 144 ) (1088 928 80 ) (1088 864 80 ) (1088 864 144 ) 
4 562 564 (1088 864 -2048 ) (1088 928 -2048 ) (1128 928 -2048 ) (1128 864 -2048 ) 
4 563 590 (1088 560 16 ) (1088 560 80 ) (1088 608 80 ) (1088 608 16 ) 
4 563 564 (1088 560 -2048 ) (1088 624 -2048 ) (1128 624 -2048 ) (1128 560 -2048 ) 
4 564 591 (1088 512 -2048 ) (1088 968 -2048 ) (1088 968 -4096 ) (1088 512 -4096 ) 
4 565 968 (1088 0 816 ) (1088 0 3056 ) (1072 0 3056 ) (1072 0 816 ) 
4 565 593 (1072 0 816 ) (1072 0 3056 ) (1072 1024 3056 ) (1072 1024 816 ) 
4 566 595 (1072 1008 752 ) (1072 1024 752 ) (1072 1024 656 ) (1072 1008 656 ) 
4 566 573 (1072 1008 656 ) (1072 1024 656 ) (1088 1024 656 ) (1088 1008 656 ) 
4 567 596 (1072 864 752 ) (1072 928 752 ) (1072 928 656 ) (1072 864 656 ) 
4 568 596 (1072 704 752 ) (1072 768 752 ) (1072 768 656 ) (1072 704 656 ) 
4 569 598 (1072 560 752 ) (1072 624 752 ) (1072 624 656 ) (1072 560 656 ) 
4 570 599 (1072 384 752 ) (1072 448 752 ) (1072 448 656 ) (1072 384 656 ) 
4 571 602 (1072 240 752 ) (1072 304 752 ) (1072 304 656 ) (1072 240 656 ) 
4 572 603 (1072 80 752 ) (1072 144 752 ) (1072 144 656 ) (1072 80 656 ) 
4 573 605 (1072 1024 608 ) (1072 1024 592 ) (1072 1008 592 ) (1072 1008 608 ) 
4 573 595 (1072 1008 656 ) (1072 1024 656 ) (1072 1024 608 ) (1072 1008 608 ) 
4 574 575 (1088 864 560 ) (1072 864 560 ) (1072 928 560 ) (1088 928 560 ) 
4 575 608 (1072 928 480 ) (1072 864 480 ) (1072 864 560 ) (1072 928 560 ) 
4 576 608 (1072 768 560 ) (1072 768 480 ) (1072 704 480 ) (1072 704 560 ) 
4 577 609 (1072 560 576 ) (1072 624 576 ) (1072 624 480 ) (1072 560 480 ) 
4 578 610 (1072 384 576 ) (1072 448 576 ) (1072 448 480 ) (1072 384 480 ) 
4 579 611 (1072 240 576 ) (1072 304 576 ) (1072 304 480 ) (1072 240 480 ) 
4 580 612 (1072 80 576 ) (1072 144 576 ) (1072 144 480 ) (1072 80 480 ) 
4 581 615 (1072 864 384 ) (1072 928 384 ) (1072 928 288 ) (1072 864 288 ) 
4 582 616 (1072 704 384 ) (1072 768 384 ) (1072 768 288 ) (1072 704 288 ) 
4 582 587 (1072 704 288 ) (1072 768 288 ) (1088 768 288 ) (1088 704 288 ) 
4 583 617 (1072 560 384 ) (1072 624 384 ) (1072 624 288 ) (1072 560 288 ) 
4 584 618 (1072 384 384 ) (1072 448 384 ) (1072 448 288 ) (1072 384 288 ) 
4 585 619 (1072 240 384 ) (1072 304 384 ) (1072 304 288 ) (1072 240 288 ) 
4 586 620 (1072 80 384 ) (1072 144 384 ) (1072 144 288 ) (1072 80 288 ) 
4 586 588 (1072 80 288 ) (1072 144 288 ) (1088 144 288 ) (1088 80 288 ) 
4 587 621 (1072 704 288 ) (1072 768 288 ) (1072 768 224 ) (1072 704 224 ) 
4 588 622 (1072 80 288 ) (1072 144 288 ) (1072 144 240 ) (1072 80 240 ) 
4 589 623 (1072 928 144 ) (1072 928 80 ) (1072 864 80 ) (1072 864 144 ) 
4 590 624 (1072 608 80 ) (1072 608 16 ) (1072 560 16 ) (1072 560 80 ) 
4 591 592 (1080 808 -3728 ) (1080 680 -3728 ) (1080 680 -3608 ) (1080 808 -3608 ) 
4 592 625 (1072 680 -3608 ) (1072 808 -3608 ) (1072 808 -3728 ) (1072 680 -3728 ) 
4 593 968 (1072 0 816 ) (1072 0 3056 ) (1024 0 3056 ) (1024 0 816 ) 
4 593 668 (1024 1024 1024 ) (1024 1024 816 ) (1024 0 816 ) (1024 0 1024 ) 
4 593 641 (1024 1024 1312 ) (1024 1024 1024 ) (1024 0 1024 ) (1024 0 1312 ) 
4 593 640 (1024 80 1312 ) (1024 0 1312 ) (1024 0 1400 ) (1024 80 1400 ) 
4 593 639 (1024 936 1312 ) (1024 80 1312 ) (1024 80 1400 ) (1024 936 1400 ) 
4 593 638 (1024 1024 1400 ) (1024 1024 1312 ) (1024 936 1312 ) (1024 936 1400 ) 
4 593 637 (1024 1024 3056 ) (1024 1024 1400 ) (1024 0 1400 ) (1024 0 3056 ) 
4 594 702 (1024 1024 800 ) (1024 1024 768 ) (1024 656 768 ) (1024 656 800 ) 
4 595 703 (1024 1024 752 ) (1024 1024 608 ) (1024 1008 608 ) (1024 1008 752 ) 
4 595 605 (1024 1024 608 ) (1072 1024 608 ) (1072 1008 608 ) (1024 1008 608 ) 
4 596 708 (1024 976 608 ) (1024 672 608 ) (1024 672 752 ) (1024 976 752 ) 
4 596 606 (1072 976 608 ) (1072 672 608 ) (1024 672 608 ) (1024 976 608 ) 
4 597 711 (1024 336 752 ) (1024 336 784 ) (1024 640 784 ) (1024 640 752 ) 
4 597 600 (1056 336 752 ) (1024 336 752 ) (1024 640 752 ) (1056 640 752 ) 
4 598 600 (1056 624 656 ) (1056 560 656 ) (1056 560 752 ) (1056 624 752 ) 
4 599 600 (1056 448 656 ) (1056 384 656 ) (1056 384 752 ) (1056 448 752 ) 
4 600 711 (1024 336 656 ) (1024 336 752 ) (1024 640 752 ) (1024 640 656 ) 
4 600 601 (1056 336 656 ) (1024 336 656 ) (1024 640 656 ) (1056 640 656 ) 
4 601 711 (1024 336 624 ) (1024 336 656 ) (1024 640 656 ) (1024 640 624 ) 
4 602 604 (1056 240 656 ) (1056 240 752 ) (1056 304 752 ) (1056 304 656 ) 
4 603 604 (1056 80 656 ) (1056 80 752 ) (1056 144 752 ) (1056 144 656 ) 
4 604 969 (1024 0 784 ) (1024 0 624 ) (1056 0 624 ) (1056 0 784 ) 
4 604 713 (1024 0 624 ) (1024 0 784 ) (1024 304 784 ) (1024 304 624 ) 
4 605 754 (1024 1024 608 ) (1024 1024 592 ) (1024 1008 592 ) (1024 1008 608 ) 
4 606 766 (1024 704 576 ) (1024 672 576 ) (1024 672 608 ) (1024 704 608 ) 
4 606 762 (1024 976 576 ) (1024 704 576 ) (1024 704 608 ) (1024 976 608 ) 
4 607 780 (1024 224 576 ) (1024 32 576 ) (1024 32 592 ) (1024 224 592 ) 
4 607 612 (1024 32 576 ) (1024 224 576 ) (1072 224 576 ) (1072 32 576 ) 
4 608 763 (1024 976 480 ) (1024 704 480 ) (1024 704 560 ) (1024 976 560 ) 
4 608 759 (1024 992 480 ) (1024 976 480 ) (1024 976 560 ) (1024 992 560 ) 
4 608 756 (1024 1024 560 ) (1024 1024 480 ) (1024 992 480 ) (1024 992 560 ) 
4 608 613 (1024 1024 480 ) (1072 1024 480 ) (1072 704 480 ) (1024 704 480 ) 
4 609 767 (1024 624 480 ) (1024 560 480 ) (1024 560 576 ) (1024 624 576 ) 
4 610 779 (1024 448 480 ) (1024 384 480 ) (1024 384 576 ) (1024 448 576 ) 
4 611 779 (1024 304 480 ) (1024 240 480 ) (1024 240 576 ) (1024 304 576 ) 
4 612 780 (1024 224 480 ) (1024 32 480 ) (1024 32 576 ) (1024 224 576 ) 
4 612 614 (1072 224 480 ) (1072 32 480 ) (1024 32 480 ) (1024 224 480 ) 
4 613 763 (1024 976 432 ) (1024 704 432 ) (1024 704 480 ) (1024 976 480 ) 
4 613 759 (1024 992 432 ) (1024 976 432 ) (1024 976 480 ) (1024 992 480 ) 
4 613 756 (1024 1024 480 ) (1024 1024 432 ) (1024 992 432 ) (1024 992 480 ) 
4 614 780 (1024 32 448 ) (1024 32 480 ) (1024 224 480 ) (1024 224 448 ) 
4 615 626 (1056 864 384 ) (1056 928 384 ) (1056 928 288 ) (1056 864 288 ) 
4 616 627 (1056 704 384 ) (1056 768 384 ) (1056 768 288 ) (1056 704 288 ) 
4 616 621 (1056 704 288 ) (1056 768 288 ) (1072 768 288 ) (1072 704 288 ) 
4 617 629 (1056 560 384 ) (1056 624 384 ) (1056 624 288 ) (1056 560 288 ) 
4 618 630 (1056 384 384 ) (1056 448 384 ) (1056 448 288 ) (1056 384 288 ) 
4 619 630 (1056 240 384 ) (1056 304 384 ) (1056 304 288 ) (1056 240 288 ) 
4 620 631 (1056 80 384 ) (1056 144 384 ) (1056 144 288 ) (1056 80 288 ) 
4 620 622 (1056 80 288 ) (1056 144 288 ) (1072 144 288 ) (1072 80 288 ) 
4 621 628 (1056 768 272 ) (1056 768 224 ) (1056 704 224 ) (1056 704 272 ) 
4 622 631 (1056 80 288 ) (1056 144 288 ) (1056 144 240 ) (1056 80 240 ) 
4 623 632 (1056 864 144 ) (1056 928 144 ) (1056 928 80 ) (1056 864 80 ) 
4 624 635 (1056 560 80 ) (1056 608 80 ) (1056 608 16 ) (1056 560 16 ) 
4 625 634 (1056 680 -3608 ) (1056 808 -3608 ) (1056 808 -3728 ) (1056 680 -3728 ) 
4 626 824 (1024 1024 272 ) (1024 1024 224 ) (1024 832 224 ) (1024 832 272 ) 
4 626 792 (1024 1024 400 ) (1024 1024 272 ) (1024 832 272 ) (1024 832 400 ) 
4 626 632 (1024 832 224 ) (1024 1024 224 ) (1056 1024 224 ) (1056 832 224 ) 
4 627 793 (1024 688 288 ) (1024 688 400 ) (1024 800 400 ) (1024 800 288 ) 
4 628 825 (1024 800 224 ) (1024 688 224 ) (1024 688 272 ) (1024 800 272 ) 
4 628 633 (1024 688 224 ) (1024 800 224 ) (1048 800 224 ) (1048 688 224 ) 
4 629 832 (1024 528 240 ) (1024 528 272 ) (1024 656 272 ) (1024 656 240 ) 
4 629 801 (1024 528 272 ) (1024 528 400 ) (1024 656 400 ) (1024 656 272 ) 
4 630 837 (1024 496 224 ) (1024 208 224 ) (1024 208 272 ) (1024 496 272 ) 
4 630 811 (1024 208 272 ) (1024 208 400 ) (1024 240 400 ) (1024 240 272 ) 
4 630 804 (1024 240 400 ) (1024 352 400 ) (1024 352 272 ) (1024 240 272 ) 
4 630 803 (1024 352 400 ) (1024 496 400 ) (1024 496 272 ) (1024 352 272 ) 
4 630 636 (1024 208 224 ) (1024 496 224 ) (1048 496 224 ) (1048 208 224 ) 
4 631 970 (1056 0 240 ) (1056 0 400 ) (1024 0 400 ) (1024 0 240 ) 
4 631 846 (1024 0 240 ) (1024 0 272 ) (1024 16 272 ) (1024 16 240 ) 
4 631 844 (1024 16 272 ) (1024 128 272 ) (1024 128 240 ) (1024 16 240 ) 
4 631 843 (1024 128 272 ) (1024 176 272 ) (1024 176 240 ) (1024 128 240 ) 
4 631 818 (1024 0 272 ) (1024 0 400 ) (1024 16 400 ) (1024 16 272 ) 
4 631 816 (1024 16 400 ) (1024 128 400 ) (1024 128 272 ) (1024 16 272 ) 
4 631 815 (1024 128 400 ) (1024 176 400 ) (1024 176 272 ) (1024 128 272 ) 
4 632 854 (1024 1024 224 ) (1024 1024 16 ) (1024 832 16 ) (1024 832 224 ) 
4 633 867 (1024 608 8 ) (1024 608 216 ) (1024 808 216 ) (1024 808 8 ) 
4 633 864 (1024 608 216 ) (1024 608 224 ) (1024 808 224 ) (1024 808 216 ) 
4 633 636 (1048 608 224 ) (1024 608 224 ) (1024 608 8 ) (1048 608 8 ) 
4 634 965 (1024 808 -3728 ) (1024 680 -3728 ) (1024 680 -3608 ) (1024 808 -3608 ) 
4 635 636 (1048 608 80 ) (1048 608 16 ) (1048 560 16 ) (1048 560 80 ) 
4 636 868 (1024 184 8 ) (1024 184 216 ) (1024 192 216 ) (1024 192 8 ) 
4 636 867 (1024 192 216 ) (1024 608 216 ) (1024 608 8 ) (1024 192 8 ) 
4 636 864 (1024 184 216 ) (1024 184 224 ) (1024 608 224 ) (1024 608 216 ) 
4 637 978 (1024 0 1400 ) (1024 0 3056 ) (736 0 3056 ) (736 0 1400 ) 
4 637 640 (1024 0 1400 ) (736 0 1400 ) (736 80 1400 ) (1024 80 1400 ) 
4 637 639 (736 80 1400 ) (736 936 1400 ) (1024 936 1400 ) (1024 80 1400 ) 
4 637 638 (736 936 1400 ) (736 1024 1400 ) (1024 1024 1400 ) (1024 936 1400 ) 
4 638 641 (736 1024 1312 ) (1024 1024 1312 ) (1024 936 1312 ) (736 936 1312 ) 
4 638 639 (736 936 1312 ) (1024 936 1312 ) (1024 936 1400 ) (736 936 1400 ) 
4 639 642 (712 936 1312 ) (712 80 1312 ) (712 80 1400 ) (712 936 1400 ) 
4 639 641 (736 936 1312 ) (1024 936 1312 ) (1024 80 1312 ) (736 80 1312 ) 
4 639 640 (736 80 1312 ) (1024 80 1312 ) (1024 80 1400 ) (736 80 1400 ) 
4 640 978 (1024 0 1312 ) (1024 0 1400 ) (736 0 1400 ) (736 0 1312 ) 
4 640 641 (736 80 1312 ) (1024 80 1312 ) (1024 0 1312 ) (736 0 1312 ) 
4 641 978 (1024 0 1024 ) (1024 0 1312 ) (736 0 1312 ) (736 0 1024 ) 
4 641 668 (1024 0 1024 ) (736 0 1024 ) (736 1024 1024 ) (1024 1024 1024 ) 
4 642 654 (712 504 1248 ) (712 8 1248 ) (552 8 1248 ) (552 504 1248 ) 
4 642 652 (552 1024 1248 ) (712 1024 1248 ) (712 712 1248 ) (552 712 1248 ) 
4 642 653 (712 712 1248 ) (712 504 1248 ) (552 504 1248 ) (552 712 1248 ) 
3 642 649 (552 248 1432 ) (552 306.404419 1432 ) (552 280.002411 1343.993286 ) 
5 642 648 (552 251.204407 1248 ) (552 8 1248 ) (552 8 1432 ) (552 216 1432 ) (552 256.001953 1263.991821 ) 
4 642 643 (552 1024 1248 ) (552 251.204407 1248 ) (552 306.404419 1432 ) (552 1024 1432 ) 
4 643 654 (552 504 1248 ) (552 251.204407 1248 ) (496 251.204407 1248 ) (496 504 1248 ) 
4 643 652 (496 1024 1248 ) (552 1024 1248 ) (552 712 1248 ) (496 712 1248 ) 
4 643 653 (552 712 1248 ) (552 504 1248 ) (496 504 1248 ) (496 712 1248 ) 
4 643 649 (552 280.002777 1343.992432 ) (552 306.405060 1432 ) (496 306.404755 1432 ) (496 280.002625 1343.992920 ) 
4 643 648 (496 251.204742 1248 ) (552 251.205063 1248 ) (552 256.002258 1263.990601 ) (496 256.002106 1263.991211 ) 
5 643 647 (496 258.666443 1248 ) (496 251.203979 1248 ) (496 264.446655 1292.142212 ) (496 528 1376 ) (496 344 1264 ) 
4 643 646 (496 704 1432 ) (496 1024 1432 ) (496 1024 1391.499878 ) (496 600 1312 ) 
3 643 645 (496 1024 1248 ) (496 258.666443 1248 ) (496 1024 1391.499878 ) 
3 643 644 (496 264.446655 1292.142212 ) (496 306.403992 1432 ) (496 704 1432 ) 
4 644 649 (496 280.002625 1343.992920 ) (496 306.404755 1432 ) (472 306.404633 1432 ) (472 280.002533 1343.993042 ) 
4 644 650 (408 306.404297 1432 ) (408 264.446930 1292.142334 ) (472 264.447327 1292.142456 ) (472 306.404633 1432 ) 
4 644 647 (496 527.995239 1375.997070 ) (496 264.453125 1292.142578 ) (408 264.453125 1292.142578 ) (408 527.994385 1375.996582 ) 
3 644 651 (408 264.447113 1292.142334 ) (408 306.404419 1432 ) (408 704 1432 ) 
4 645 654 (496 504 1248 ) (496 258.666870 1248 ) (408 258.666870 1248 ) (408 504 1248 ) 
4 645 652 (408 1024 1248 ) (496 1024 1248 ) (496 712 1248 ) (408 712 1248 ) 
4 645 653 (496 712 1248 ) (496 504 1248 ) (408 504 1248 ) (408 712 1248 ) 
4 645 647 (408 344 1264 ) (408 258.668335 1248 ) (496 258.668396 1248 ) (496 344 1264 ) 
4 645 646 (408 1024 1391.500488 ) (408 600 1312 ) (496 600 1312 ) (496 1024 1391.499634 ) 
3 645 651 (408 1024 1248 ) (408 258.666870 1248 ) (408 1024 1391.499878 ) 
4 646 651 (408 704 1432 ) (408 1024 1432 ) (408 1024 1391.499878 ) (408 600 1312 ) 
4 647 654 (496 258.666870 1248 ) (496 251.204407 1248 ) (408 251.204407 1248 ) (408 258.666870 1248 ) 
4 647 648 (472 251.204605 1248 ) (496 251.204742 1248 ) (496 256.002106 1263.991211 ) (472 256.002045 1263.991455 ) 
4 647 650 (408 264.446930 1292.142334 ) (408 251.204224 1248 ) (472 251.204605 1248 ) (472 264.447327 1292.142456 ) 
5 647 651 (408 258.666870 1248 ) (408 251.204407 1248 ) (408 264.447113 1292.142334 ) (408 528 1376 ) (408 344 1264 ) 
4 648 654 (552 251.204407 1248 ) (552 8 1248 ) (472 8 1248 ) (472 251.204407 1248 ) 
5 648 650 (472 256.002655 1263.988770 ) (472 251.206024 1248 ) (472 8 1248 ) (472 8 1432 ) (472 216 1432 ) 
3 649 650 (472 306.406250 1432 ) (472 280.003357 1343.990723 ) (472 248 1432 ) 
4 650 654 (472 8 1248 ) (408 8 1248 ) (408 251.204407 1248 ) (472 251.204407 1248 ) 
4 650 651 (408 251.204407 1248 ) (408 8 1248 ) (408 8 1432 ) (408 306.404419 1432 ) 
4 651 654 (408 504 1248 ) (408 8 1248 ) (88 8 1248 ) (88 504 1248 ) 
4 651 652 (88 1024 1248 ) (408 1024 1248 ) (408 712 1248 ) (88 712 1248 ) 
4 651 653 (408 712 1248 ) (408 504 1248 ) (88 504 1248 ) (88 712 1248 ) 
4 652 659 (80 712 1032 ) (80 712 1152 ) (80 1024 1152 ) (80 1024 1032 ) 
4 652 657 (80 712 1152 ) (80 712 1200 ) (80 1024 1200 ) (80 1024 1152 ) 
4 652 656 (80 712 1200 ) (80 712 1248 ) (80 1024 1248 ) (80 1024 1200 ) 
4 652 653 (712 712 1032 ) (712 712 1248 ) (80 712 1248 ) (80 712 1032 ) 
4 653 682 (80 504 1024 ) (80 640 1024 ) (96 640 1024 ) (96 504 1024 ) 
4 653 680 (80 640 1024 ) (80 704 1024 ) (96 704 1024 ) (96 640 1024 ) 
4 653 675 (96 704 1024 ) (712 704 1024 ) (712 504 1024 ) (96 504 1024 ) 
4 653 673 (80 704 1024 ) (80 712 1024 ) (712 712 1024 ) (712 704 1024 ) 
4 653 660 (80 712 1024 ) (80 504 1024 ) (80 504 1152 ) (80 712 1152 ) 
4 653 657 (80 504 1152 ) (80 504 1200 ) (80 712 1200 ) (80 712 1152 ) 
4 653 656 (80 504 1200 ) (80 504 1248 ) (80 712 1248 ) (80 712 1200 ) 
4 653 654 (712 504 1024 ) (712 504 1248 ) (88 504 1248 ) (88 504 1024 ) 
4 654 685 (88 504 1024 ) (96 504 1024 ) (96 328 1024 ) (88 328 1024 ) 
4 654 679 (704 8 1024 ) (96 8 1024 ) (96 304 1024 ) (704 304 1024 ) 
4 654 675 (96 504 1024 ) (712 504 1024 ) (712 328 1024 ) (96 328 1024 ) 
4 654 655 (88 288 1152 ) (88 240 1152 ) (88 240 1200 ) (88 288 1200 ) 
4 655 658 (80 240 1200 ) (80 288 1200 ) (80 288 1152 ) (80 240 1152 ) 
4 656 664 (64 1024 1216 ) (64 1024 1200 ) (64 712 1200 ) (64 712 1216 ) 
4 656 665 (64 712 1200 ) (64 504 1200 ) (64 504 1216 ) (64 712 1216 ) 
4 656 663 (64 504 1248 ) (64 512 1248 ) (64 512 1216 ) (64 504 1216 ) 
4 656 662 (64 512 1248 ) (64 704 1248 ) (64 704 1216 ) (64 512 1216 ) 
4 656 661 (64 704 1248 ) (64 1024 1248 ) (64 1024 1216 ) (64 704 1216 ) 
4 656 657 (64 504 1200 ) (64 1024 1200 ) (80 1024 1200 ) (80 504 1200 ) 
4 657 664 (64 712 1200 ) (64 1024 1200 ) (64 1024 1152 ) (64 712 1152 ) 
4 657 665 (64 504 1200 ) (64 712 1200 ) (64 712 1152 ) (64 504 1152 ) 
4 657 659 (64 712 1152 ) (64 1024 1152 ) (80 1024 1152 ) (80 712 1152 ) 
4 657 660 (64 504 1152 ) (64 712 1152 ) (80 712 1152 ) (80 504 1152 ) 
4 658 666 (64 240 1200 ) (64 288 1200 ) (64 288 1152 ) (64 240 1152 ) 
4 659 664 (64 712 1032 ) (64 712 1152 ) (64 1024 1152 ) (64 1024 1032 ) 
4 659 660 (80 712 1032 ) (80 712 1152 ) (64 712 1152 ) (64 712 1032 ) 
4 660 693 (80 712 1024 ) (80 504 1024 ) (64 504 1024 ) (64 712 1024 ) 
4 660 665 (64 712 1024 ) (64 504 1024 ) (64 504 1152 ) (64 712 1152 ) 
4 661 664 (64 1024 1216 ) (64 712 1216 ) (18 712 1216 ) (18 1024 1216 ) 
4 661 665 (64 712 1216 ) (64 704 1216 ) (18 704 1216 ) (18 712 1216 ) 
4 661 662 (18 704 1216 ) (64 704 1216 ) (64 704 1248 ) (18 704 1248 ) 
4 662 665 (64 704 1216 ) (64 512 1216 ) (18 512 1216 ) (18 704 1216 ) 
4 662 663 (18 512 1216 ) (64 512 1216 ) (64 512 1248 ) (18 512 1248 ) 
4 663 665 (64 512 1216 ) (64 504 1216 ) (18 504 1216 ) (18 512 1216 ) 
4 664 665 (18 712 1216 ) (18 712 1032 ) (64 712 1032 ) (64 712 1216 ) 
4 665 693 (64 712 1024 ) (64 504 1024 ) (18 504 1024 ) (18 712 1024 ) 
4 666 1170 (0 336 1024 ) (0 192 1024 ) (0 192 1216 ) (0 336 1216 ) 
4 666 697 (0 192 1024 ) (0 336 1024 ) (64 336 1024 ) (64 192 1024 ) 
4 667 1171 (0 176 1024 ) (0 0 1024 ) (0 0 1200 ) (0 176 1200 ) 
4 667 988 (0 0 1200 ) (0 0 1024 ) (80 0 1024 ) (80 0 1200 ) 
4 668 998 (1024 0 816 ) (1024 0 944 ) (736 0 944 ) (736 0 816 ) 
4 668 997 (1024 0 944 ) (1024 0 1024 ) (736 0 1024 ) (736 0 944 ) 
4 668 670 (736 384 832 ) (736 384 928 ) (736 480 928 ) (736 480 832 ) 
4 668 669 (736 1024 816 ) (736 752 816 ) (736 752 944 ) (736 1024 944 ) 
4 669 671 (720 752 944 ) (720 1024 944 ) (720 1024 816 ) (720 752 816 ) 
4 670 676 (720 480 928 ) (720 480 832 ) (720 384 832 ) (720 384 928 ) 
4 671 672 (704 752 816 ) (704 752 944 ) (704 1024 944 ) (704 1024 816 ) 
4 672 692 (80 736 816 ) (80 736 848 ) (80 1024 848 ) (80 1024 816 ) 
4 672 691 (80 736 848 ) (80 736 944 ) (80 752 944 ) (80 752 848 ) 
4 672 690 (80 752 944 ) (80 832 944 ) (80 832 848 ) (80 752 848 ) 
4 672 689 (80 832 944 ) (80 1024 944 ) (80 1024 848 ) (80 832 848 ) 
4 672 688 (80 736 944 ) (80 736 1008 ) (80 1024 1008 ) (80 1024 944 ) 
4 673 693 (80 704 952 ) (80 704 1024 ) (80 712 1024 ) (80 712 952 ) 
4 673 680 (80 704 1024 ) (80 704 952 ) (96 704 952 ) (96 704 1024 ) 
4 673 675 (96 704 952 ) (712 704 952 ) (712 704 1024 ) (96 704 1024 ) 
4 674 681 (80 704 816 ) (80 704 800 ) (96 704 800 ) (96 704 816 ) 
4 674 677 (96 704 800 ) (720 704 800 ) (720 704 816 ) (96 704 816 ) 
4 675 685 (96 504 952 ) (96 328 952 ) (96 328 1024 ) (96 504 1024 ) 
4 675 682 (96 640 952 ) (96 504 952 ) (96 504 1024 ) (96 640 1024 ) 
4 675 680 (96 704 1024 ) (96 704 952 ) (96 640 952 ) (96 640 1024 ) 
4 676 683 (96 640 832 ) (96 504 832 ) (96 504 856 ) (96 640 856 ) 
4 677 686 (96 504 800 ) (96 336 800 ) (96 336 816 ) (96 504 816 ) 
4 677 684 (96 640 800 ) (96 504 800 ) (96 504 816 ) (96 640 816 ) 
4 677 681 (96 704 816 ) (96 704 800 ) (96 640 800 ) (96 640 816 ) 
4 677 678 (720 336 800 ) (720 336 816 ) (96 336 816 ) (96 336 800 ) 
4 678 687 (96 336 800 ) (96 320 800 ) (96 320 816 ) (96 336 816 ) 
4 679 1007 (96 0 816 ) (96 0 800 ) (704 0 800 ) (704 0 816 ) 
4 679 1006 (96 0 912 ) (96 0 816 ) (576 0 816 ) (576 0 912 ) 
4 679 1005 (576 0 816 ) (648 0 816 ) (648 0 912 ) (576 0 912 ) 
4 679 1004 (648 0 816 ) (704 0 816 ) (704 0 912 ) (648 0 912 ) 
4 679 1003 (96 0 1008 ) (96 0 912 ) (704 0 912 ) (704 0 1008 ) 
4 679 731 (576 0 800 ) (96 0 800 ) (96 304 800 ) (576 304 800 ) 
4 679 730 (608 0 800 ) (576 0 800 ) (576 304 800 ) (608 304 800 ) 
4 679 729 (704 0 800 ) (608 0 800 ) (608 304 800 ) (704 304 800 ) 
4 680 693 (80 640 952 ) (80 640 1024 ) (80 704 1024 ) (80 704 952 ) 
4 680 682 (80 640 1024 ) (80 640 952 ) (96 640 952 ) (96 640 1024 ) 
4 681 684 (80 640 816 ) (80 640 800 ) (96 640 800 ) (96 640 816 ) 
4 682 693 (80 504 952 ) (80 504 1024 ) (80 640 1024 ) (80 640 952 ) 
4 682 685 (88 504 952 ) (96 504 952 ) (96 504 1024 ) (88 504 1024 ) 
4 683 694 (80 504 832 ) (80 504 856 ) (80 640 856 ) (80 640 832 ) 
4 684 686 (80 504 816 ) (80 504 800 ) (96 504 800 ) (96 504 816 ) 
4 686 696 (80 480 800 ) (80 464 800 ) (80 464 816 ) (80 480 816 ) 
4 686 687 (96 336 800 ) (96 336 816 ) (80 336 816 ) (80 336 800 ) 
4 688 691 (80 752 944 ) (80 736 944 ) (32 736 944 ) (32 752 944 ) 
4 688 690 (80 832 944 ) (80 752 944 ) (32 752 944 ) (32 832 944 ) 
4 688 689 (32 1024 944 ) (80 1024 944 ) (80 832 944 ) (32 832 944 ) 
4 689 692 (32 1024 848 ) (80 1024 848 ) (80 832 848 ) (32 832 848 ) 
4 689 690 (32 832 848 ) (80 832 848 ) (80 832 944 ) (32 832 944 ) 
4 690 1124 (0 832 848 ) (0 752 848 ) (0 752 944 ) (0 832 944 ) 
4 690 692 (32 832 848 ) (80 832 848 ) (80 752 848 ) (32 752 848 ) 
4 690 691 (32 752 848 ) (80 752 848 ) (80 752 944 ) (32 752 944 ) 
4 691 692 (32 752 848 ) (80 752 848 ) (80 736 848 ) (32 736 848 ) 
4 693 695 (18 712 952 ) (78 712 952 ) (78 504 952 ) (18 504 952 ) 
4 694 695 (78 640 856 ) (78 640 832 ) (78 504 832 ) (78 504 856 ) 
4 696 741 (80 480 800 ) (80 464 800 ) (64 464 800 ) (64 480 800 ) 
4 696 701 (64 480 800 ) (64 464 800 ) (64 464 816 ) (64 480 816 ) 
4 697 1172 (0 192 1024 ) (0 336 1024 ) (0 336 1008 ) (0 192 1008 ) 
4 697 698 (0 192 1008 ) (0 336 1008 ) (64 336 1008 ) (64 192 1008 ) 
4 698 1173 (0 480 1008 ) (0 480 848 ) (0 48 848 ) (0 48 1008 ) 
4 698 699 (64 48 848 ) (64 48 1008 ) (16 48 1008 ) (16 48 848 ) 
4 699 700 (64 16 848 ) (64 16 1008 ) (16 16 1008 ) (16 16 848 ) 
4 700 1174 (0 0 848 ) (0 0 1008 ) (0 16 1008 ) (0 16 848 ) 
4 700 1011 (0 0 1008 ) (0 0 848 ) (64 0 848 ) (64 0 1008 ) 
4 701 1178 (0 480 800 ) (0 0 800 ) (0 0 816 ) (0 480 816 ) 
4 701 1012 (0 0 816 ) (0 0 800 ) (64 0 800 ) (64 0 816 ) 
4 701 753 (48 0 800 ) (0 0 800 ) (0 480 800 ) (48 480 800 ) 
4 701 743 (64 0 800 ) (48 0 800 ) (48 480 800 ) (64 480 800 ) 
4 702 714 (736 656 768 ) (736 656 800 ) (736 1024 800 ) (736 1024 768 ) 
4 703 754 (960 1024 608 ) (1024 1024 608 ) (1024 1008 608 ) (960 1008 608 ) 
4 703 704 (960 1024 608 ) (960 1008 608 ) (960 1008 752 ) (960 1024 752 ) 
4 704 754 (912 1024 608 ) (960 1024 608 ) (960 1008 608 ) (912 1008 608 ) 
4 704 705 (912 1024 608 ) (912 1008 608 ) (912 1008 752 ) (912 1024 752 ) 
4 705 754 (848 1024 608 ) (912 1024 608 ) (912 1008 608 ) (848 1008 608 ) 
4 706 755 (736 992 608 ) (736 1024 608 ) (816 1024 608 ) (816 992 608 ) 
4 706 707 (736 992 752 ) (736 992 608 ) (816 992 608 ) (816 992 752 ) 
4 707 761 (736 976 608 ) (736 992 608 ) (752 992 608 ) (752 976 608 ) 
4 707 760 (752 992 608 ) (816 992 608 ) (816 976 608 ) (752 976 608 ) 
4 707 708 (736 976 752 ) (736 976 608 ) (816 976 608 ) (816 976 752 ) 
4 708 766 (736 672 608 ) (736 704 608 ) (1024 704 608 ) (1024 672 608 ) 
4 708 765 (736 704 608 ) (736 880 608 ) (896 880 608 ) (896 704 608 ) 
4 708 764 (736 880 608 ) (736 976 608 ) (896 976 608 ) (896 880 608 ) 
4 708 762 (896 976 608 ) (1024 976 608 ) (1024 704 608 ) (896 704 608 ) 
4 708 709 (736 672 720 ) (736 672 624 ) (832 672 624 ) (832 672 720 ) 
4 709 710 (736 656 720 ) (736 656 624 ) (832 656 624 ) (832 656 720 ) 
4 710 711 (736 640 720 ) (736 640 624 ) (832 640 624 ) (832 640 720 ) 
4 711 716 (736 352 736 ) (736 432 736 ) (736 432 624 ) (736 352 624 ) 
4 711 712 (736 336 720 ) (736 336 624 ) (832 336 624 ) (832 336 720 ) 
4 712 713 (736 304 720 ) (736 304 624 ) (832 304 624 ) (832 304 720 ) 
4 713 1013 (1024 0 624 ) (1024 0 784 ) (736 0 784 ) (736 0 624 ) 
4 713 717 (736 0 624 ) (736 0 736 ) (736 304 736 ) (736 304 624 ) 
4 713 715 (736 0 736 ) (736 0 784 ) (736 304 784 ) (736 304 736 ) 
4 715 1013 (720 0 784 ) (720 0 736 ) (736 0 736 ) (736 0 784 ) 
4 715 719 (720 144 784 ) (720 304 784 ) (720 304 736 ) (720 144 736 ) 
4 715 721 (720 0 736 ) (720 0 784 ) (720 144 784 ) (720 144 736 ) 
4 715 717 (720 0 736 ) (720 304 736 ) (736 304 736 ) (736 0 736 ) 
4 716 718 (720 352 736 ) (720 432 736 ) (720 432 624 ) (720 352 624 ) 
4 717 1013 (720 0 736 ) (720 0 624 ) (736 0 624 ) (736 0 736 ) 
4 717 719 (720 144 736 ) (720 304 736 ) (720 304 624 ) (720 144 624 ) 
4 717 721 (720 0 624 ) (720 0 736 ) (720 144 736 ) (720 144 624 ) 
4 718 724 (704 432 624 ) (704 352 624 ) (704 352 736 ) (704 432 736 ) 
4 719 721 (712 144 624 ) (720 144 624 ) (720 144 784 ) (712 144 784 ) 
4 719 720 (712 144 624 ) (712 144 784 ) (712 304 784 ) (712 304 624 ) 
4 720 732 (704 304 736 ) (704 304 624 ) (704 144 624 ) (704 144 736 ) 
4 720 729 (704 144 784 ) (704 304 784 ) (704 304 736 ) (704 144 736 ) 
4 720 721 (704 144 624 ) (712 144 624 ) (712 144 784 ) (704 144 784 ) 
4 721 1013 (704 0 784 ) (704 0 624 ) (720 0 624 ) (720 0 784 ) 
4 721 732 (704 0 624 ) (704 0 736 ) (704 144 736 ) (704 144 624 ) 
4 721 729 (704 0 736 ) (704 0 784 ) (704 144 784 ) (704 144 736 ) 
4 722 726 (256 976 736 ) (256 976 624 ) (256 896 624 ) (256 896 736 ) 
4 722 724 (608 704 624 ) (704 704 624 ) (704 704 784 ) (608 704 784 ) 
4 722 723 (352 896 624 ) (544 896 624 ) (544 808 624 ) (352 808 624 ) 
4 723 771 (544 808 608 ) (352 808 608 ) (352 896 608 ) (544 896 608 ) 
4 725 735 (544 336 736 ) (464 336 736 ) (464 336 624 ) (544 336 624 ) 
4 725 728 (256 336 624 ) (256 336 784 ) (256 672 784 ) (256 672 624 ) 
4 726 727 (224 896 624 ) (224 896 736 ) (224 976 736 ) (224 976 624 ) 
4 727 738 (96 672 624 ) (96 672 784 ) (96 1024 784 ) (96 1024 624 ) 
4 727 728 (96 672 784 ) (96 672 624 ) (224 672 624 ) (224 672 784 ) 
4 728 739 (96 448 768 ) (96 448 624 ) (96 352 624 ) (96 352 768 ) 
4 728 738 (96 512 784 ) (96 672 784 ) (96 672 624 ) (96 512 624 ) 
4 729 1016 (704 0 800 ) (608 0 800 ) (608 0 736 ) (704 0 736 ) 
4 729 732 (704 304 736 ) (704 0 736 ) (608 0 736 ) (608 304 736 ) 
4 729 730 (608 304 736 ) (608 0 736 ) (608 0 800 ) (608 304 800 ) 
4 730 1016 (608 0 800 ) (576 0 800 ) (576 0 736 ) (608 0 736 ) 
4 730 733 (608 304 736 ) (608 0 736 ) (576 0 736 ) (576 304 736 ) 
4 730 731 (576 304 736 ) (576 0 736 ) (576 0 800 ) (576 304 800 ) 
4 731 1016 (576 0 800 ) (96 0 800 ) (96 0 736 ) (576 0 736 ) 
4 731 736 (96 0 736 ) (96 304 736 ) (464 304 736 ) (464 0 736 ) 
4 731 735 (464 304 736 ) (544 304 736 ) (544 0 736 ) (464 0 736 ) 
4 731 734 (544 304 736 ) (576 304 736 ) (576 0 736 ) (544 0 736 ) 
4 732 1016 (608 0 624 ) (704 0 624 ) (704 0 736 ) (608 0 736 ) 
4 732 737 (672 0 624 ) (608 0 624 ) (608 304 624 ) (672 304 624 ) 
4 732 733 (608 304 624 ) (608 0 624 ) (608 0 736 ) (608 304 736 ) 
4 733 1016 (576 0 624 ) (608 0 624 ) (608 0 736 ) (576 0 736 ) 
4 733 737 (608 304 624 ) (608 0 624 ) (576 0 624 ) (576 304 624 ) 
4 733 734 (576 304 624 ) (576 0 624 ) (576 0 736 ) (576 304 736 ) 
4 734 1016 (544 0 624 ) (576 0 624 ) (576 0 736 ) (544 0 736 ) 
4 734 737 (576 304 624 ) (576 0 624 ) (544 0 624 ) (544 304 624 ) 
4 734 735 (544 304 624 ) (544 0 624 ) (544 0 736 ) (544 304 736 ) 
4 735 1016 (464 0 624 ) (544 0 624 ) (544 0 736 ) (464 0 736 ) 
4 735 737 (544 304 624 ) (544 0 624 ) (464 0 624 ) (464 304 624 ) 
4 735 736 (464 304 624 ) (464 0 624 ) (464 0 736 ) (464 304 736 ) 
4 736 1016 (96 0 736 ) (96 0 624 ) (464 0 624 ) (464 0 736 ) 
4 736 737 (320 304 624 ) (464 304 624 ) (464 0 624 ) (320 0 624 ) 
4 737 789 (528 0 608 ) (320 0 608 ) (320 304 608 ) (528 304 608 ) 
4 737 788 (672 0 608 ) (528 0 608 ) (528 304 608 ) (672 304 608 ) 
4 738 740 (80 512 624 ) (80 512 784 ) (80 1024 784 ) (80 1024 624 ) 
4 739 742 (80 352 624 ) (80 352 768 ) (80 448 768 ) (80 448 624 ) 
4 740 751 (48 512 624 ) (48 512 784 ) (48 704 784 ) (48 704 624 ) 
4 740 748 (48 704 784 ) (48 736 784 ) (48 736 624 ) (48 704 624 ) 
4 740 746 (48 736 784 ) (48 864 784 ) (48 864 624 ) (48 736 624 ) 
4 741 743 (64 464 624 ) (64 464 800 ) (64 480 800 ) (64 480 624 ) 
4 742 743 (64 352 624 ) (64 352 768 ) (64 448 768 ) (64 448 624 ) 
4 743 1017 (64 0 800 ) (48 0 800 ) (48 0 624 ) (64 0 624 ) 
4 743 753 (48 0 624 ) (48 0 800 ) (48 480 800 ) (48 480 624 ) 
4 744 1131 (0 1024 800 ) (0 1024 768 ) (0 960 768 ) (0 960 800 ) 
4 744 745 (32 960 768 ) (32 960 800 ) (0 960 800 ) (0 960 768 ) 
4 745 1155 (0 864 712 ) (0 864 736 ) (0 960 736 ) (0 960 712 ) 
4 745 1131 (0 864 768 ) (0 864 800 ) (0 960 800 ) (0 960 768 ) 
4 745 747 (32 864 768 ) (32 864 800 ) (0 864 800 ) (0 864 768 ) 
4 746 748 (32 736 608 ) (48 736 608 ) (48 736 800 ) (32 736 800 ) 
4 746 747 (32 864 800 ) (32 864 768 ) (32 736 768 ) (32 736 800 ) 
4 747 1131 (0 736 768 ) (0 736 800 ) (0 864 800 ) (0 864 768 ) 
4 747 750 (16 736 800 ) (0 736 800 ) (0 736 768 ) (16 736 768 ) 
4 747 749 (32 736 768 ) (32 736 800 ) (16 736 800 ) (16 736 768 ) 
4 748 751 (32 704 608 ) (48 704 608 ) (48 704 800 ) (32 704 800 ) 
4 748 749 (32 736 800 ) (32 736 768 ) (32 704 768 ) (32 704 800 ) 
4 749 751 (32 704 768 ) (32 704 800 ) (16 704 800 ) (16 704 768 ) 
4 749 750 (16 736 800 ) (16 736 768 ) (16 720 768 ) (16 720 800 ) 
4 750 1131 (0 720 800 ) (0 736 800 ) (0 736 768 ) (0 720 768 ) 
4 751 752 (16 512 608 ) (48 512 608 ) (48 512 800 ) (16 512 800 ) 
4 753 1182 (0 0 624 ) (0 0 672 ) (0 480 672 ) (0 480 624 ) 
4 753 1178 (0 0 672 ) (0 0 800 ) (0 480 800 ) (0 480 672 ) 
4 753 1017 (48 0 800 ) (0 0 800 ) (0 0 624 ) (48 0 624 ) 
4 755 761 (736 992 608 ) (736 992 576 ) (752 992 576 ) (752 992 608 ) 
4 755 760 (752 992 576 ) (816 992 576 ) (816 992 608 ) (752 992 608 ) 
4 756 759 (1024 992 432 ) (1024 992 560 ) (912 992 560 ) (912 992 432 ) 
4 757 758 (816 1024 432 ) (816 992 432 ) (816 992 528 ) (816 1024 528 ) 
4 759 763 (1024 976 432 ) (1024 976 560 ) (912 976 560 ) (912 976 432 ) 
4 760 764 (816 976 576 ) (816 976 608 ) (752 976 608 ) (752 976 576 ) 
4 760 761 (752 992 608 ) (752 992 576 ) (752 976 576 ) (752 976 608 ) 
4 761 764 (736 976 608 ) (736 976 576 ) (752 976 576 ) (752 976 608 ) 
4 762 766 (1024 704 576 ) (1024 704 608 ) (896 704 608 ) (896 704 576 ) 
4 762 765 (896 880 576 ) (896 704 576 ) (896 704 608 ) (896 880 608 ) 
4 762 764 (896 976 608 ) (896 976 576 ) (896 880 576 ) (896 880 608 ) 
4 764 765 (736 880 608 ) (736 880 576 ) (896 880 576 ) (896 880 608 ) 
4 765 768 (736 704 448 ) (736 704 592 ) (736 880 592 ) (736 880 448 ) 
4 765 766 (736 704 608 ) (736 704 576 ) (896 704 576 ) (896 704 608 ) 
4 767 779 (1024 496 448 ) (1024 496 592 ) (736 496 592 ) (736 496 448 ) 
4 767 770 (736 496 448 ) (736 496 592 ) (736 624 592 ) (736 624 448 ) 
4 768 769 (704 704 448 ) (704 704 592 ) (704 880 592 ) (704 880 448 ) 
4 769 772 (656 656 432 ) (656 656 592 ) (656 1024 592 ) (656 1024 432 ) 
4 770 779 (736 496 448 ) (736 496 592 ) (688 496 592 ) (688 496 448 ) 
4 771 774 (514.984009 881.435974 592 ) (514.984009 837.435974 592 ) (352 837.435974 592 ) (352 881.435974 592 ) 
4 771 773 (352 896 592 ) (514.984009 896 592 ) (514.984009 881.435974 592 ) (352 881.435974 592 ) 
4 771 776 (514.984009 837.435974 592 ) (514.984009 808 592 ) (352 808 592 ) (352 837.435974 592 ) 
4 771 772 (514.984009 896 592 ) (544 896 592 ) (544 808 592 ) (514.984009 808 592 ) 
4 772 778 (528 528 448 ) (528 528 560 ) (514.984009 528 560 ) (514.984009 528 448 ) 
4 772 774 (514.984009 837.435974 494.352997 ) (514.984009 837.435974 592 ) (514.984009 881.435974 592 ) (514.984009 881.435974 494.352997 ) 
4 772 775 (514.984009 881.435974 432 ) (514.984009 837.435974 432 ) (514.984009 837.435974 486.352997 ) (514.984009 881.435974 486.352997 ) 
4 772 773 (514.984009 1024 432 ) (514.984009 881.435974 432 ) (514.984009 881.435974 592 ) (514.984009 1024 592 ) 
4 772 776 (514.984009 837.435974 432 ) (514.984009 528 432 ) (514.984009 528 592 ) (514.984009 837.435974 592 ) 
4 773 774 (322.984009 881.435974 592 ) (322.984009 881.435974 494.352997 ) (514.984009 881.435974 494.352997 ) (514.984009 881.435974 592 ) 
4 773 775 (322.984009 881.435974 486.352997 ) (322.984009 881.435974 432 ) (514.984009 881.435974 432 ) (514.984009 881.435974 486.352997 ) 
4 773 777 (322.984009 1024 432 ) (322.984009 881.435974 432 ) (322.984009 881.435974 592 ) (322.984009 1024 592 ) 
4 774 776 (322.984009 837.435974 592 ) (322.984009 837.435974 494.352997 ) (514.984009 837.435974 494.352997 ) (514.984009 837.435974 592 ) 
4 774 777 (322.984009 837.435974 494.352997 ) (322.984009 837.435974 592 ) (322.984009 881.435974 592 ) (322.984009 881.435974 494.352997 ) 
4 775 777 (322.984009 881.435974 432 ) (322.984009 837.435974 432 ) (322.984009 837.435974 486.352997 ) (322.984009 881.435974 486.352997 ) 
4 775 776 (322.984009 837.435974 486.352997 ) (322.984009 837.435974 432 ) (514.984009 837.435974 432 ) (514.984009 837.435974 486.352997 ) 
4 776 778 (514.984009 528 448 ) (514.984009 528 560 ) (448 528 560 ) (448 528 448 ) 
4 776 777 (322.984009 837.435974 432 ) (322.984009 528 432 ) (322.984009 528 592 ) (322.984009 837.435974 592 ) 
4 778 782 (528 496 448 ) (528 496 560 ) (448 496 560 ) (448 496 448 ) 
4 779 783 (688 368 448 ) (688 352 448 ) (688 352 592 ) (688 368 592 ) 
4 779 782 (688 496 592 ) (688 496 448 ) (688 368 448 ) (688 368 592 ) 
4 780 785 (688 128 512 ) (688 128 448 ) (688 64 448 ) (688 64 512 ) 
4 780 781 (688 32 592 ) (688 32 448 ) (960 32 448 ) (960 32 592 ) 
4 781 1027 (688 0 592 ) (688 0 448 ) (960 0 448 ) (960 0 592 ) 
4 782 784 (448 368 448 ) (528 368 448 ) (528 368 560 ) (448 368 560 ) 
4 782 783 (576 368 448 ) (688 368 448 ) (688 368 592 ) (576 368 592 ) 
4 783 786 (672 352 432 ) (672 352 608 ) (576 352 608 ) (576 352 432 ) 
4 784 787 (528 352 448 ) (528 352 560 ) (448 352 560 ) (448 352 448 ) 
4 785 788 (672 128 512 ) (672 128 448 ) (672 64 448 ) (672 64 512 ) 
4 786 788 (672 336 432 ) (672 336 608 ) (528 336 608 ) (528 336 432 ) 
4 786 787 (528 352 608 ) (528 352 432 ) (528 336 432 ) (528 336 608 ) 
4 787 808 (320 352 416 ) (400 352 416 ) (400 336 416 ) (320 336 416 ) 
4 787 806 (400 352 416 ) (432 352 416 ) (432 336 416 ) (400 336 416 ) 
4 787 805 (432 352 416 ) (528 352 416 ) (528 336 416 ) (432 336 416 ) 
4 787 789 (320 336 416 ) (528 336 416 ) (528 336 608 ) (320 336 608 ) 
4 788 1033 (528 0 592 ) (528 0 432 ) (560 0 432 ) (560 0 592 ) 
4 788 789 (528 336 608 ) (528 336 432 ) (528 0 432 ) (528 0 608 ) 
4 789 1033 (352 0 592 ) (352 0 432 ) (528 0 432 ) (528 0 592 ) 
4 789 808 (320 240 416 ) (320 336 416 ) (400 336 416 ) (400 240 416 ) 
4 789 806 (400 336 416 ) (432 336 416 ) (432 240 416 ) (400 240 416 ) 
4 789 805 (432 336 416 ) (528 336 416 ) (528 240 416 ) (432 240 416 ) 
4 790 1045 (32 0 448 ) (32 0 432 ) (208 0 432 ) (208 0 448 ) 
4 790 1040 (32 0 568 ) (32 0 448 ) (208 0 448 ) (208 0 568 ) 
4 790 1038 (32 0 592 ) (32 0 568 ) (208 0 568 ) (208 0 592 ) 
4 790 1034 (208 0 432 ) (288 0 432 ) (288 0 592 ) (208 0 592 ) 
4 790 791 (32 64 568 ) (32 128 568 ) (32 128 448 ) (32 64 448 ) 
4 791 1191 (0 64 568 ) (0 128 568 ) (0 128 448 ) (0 64 448 ) 
4 792 824 (624 1024 272 ) (1024 1024 272 ) (1024 832 272 ) (624 832 272 ) 
4 793 794 (624 752 368 ) (624 752 288 ) (624 704 288 ) (624 704 368 ) 
4 794 796 (592 704 288 ) (592 704 368 ) (592 752 368 ) (592 752 288 ) 
4 795 1216 (0 1024 400 ) (0 1024 272 ) (0 880 272 ) (0 880 400 ) 
4 795 826 (0 1024 272 ) (592 1024 272 ) (592 880 272 ) (0 880 272 ) 
4 796 1217 (0 848 272 ) (0 688 272 ) (0 688 400 ) (0 848 400 ) 
4 796 827 (592 848 272 ) (592 688 272 ) (0 688 272 ) (0 848 272 ) 
4 796 798 (112 688 272 ) (176 688 272 ) (176 688 336 ) (112 688 336 ) 
4 796 797 (432 688 272 ) (592 688 272 ) (592 688 400 ) (432 688 400 ) 
4 797 828 (592 688 272 ) (592 672 272 ) (432 672 272 ) (432 688 272 ) 
4 797 799 (432 672 272 ) (592 672 272 ) (592 672 400 ) (432 672 400 ) 
4 798 829 (176 672 272 ) (112 672 272 ) (112 688 272 ) (176 688 272 ) 
4 798 800 (112 672 272 ) (176 672 272 ) (176 672 336 ) (112 672 336 ) 
4 799 830 (592 672 272 ) (592 656 272 ) (432 656 272 ) (432 672 272 ) 
4 799 802 (432 656 272 ) (592 656 272 ) (592 656 400 ) (432 656 400 ) 
4 800 831 (176 656 272 ) (112 656 272 ) (112 672 272 ) (176 672 272 ) 
4 800 807 (112 656 272 ) (176 656 272 ) (176 656 336 ) (112 656 336 ) 
4 801 835 (632 528 272 ) (624 528 272 ) (624 656 272 ) (632 656 272 ) 
4 801 833 (688 528 272 ) (632 528 272 ) (632 656 272 ) (688 656 272 ) 
4 801 832 (1024 656 272 ) (1024 528 272 ) (688 528 272 ) (688 656 272 ) 
4 802 836 (592 528 272 ) (432 528 272 ) (432 656 272 ) (592 656 272 ) 
4 803 838 (624 352 272 ) (432 352 272 ) (432 496 272 ) (624 496 272 ) 
4 803 837 (1024 496 272 ) (1024 352 272 ) (624 352 272 ) (624 496 272 ) 
4 803 806 (432 384 272 ) (432 352 272 ) (432 352 400 ) (432 384 400 ) 
4 803 804 (528 352 272 ) (1024 352 272 ) (1024 352 400 ) (528 352 400 ) 
4 803 805 (432 352 400 ) (432 352 272 ) (528 352 272 ) (528 352 400 ) 
4 804 838 (624 240 272 ) (528 240 272 ) (528 352 272 ) (624 352 272 ) 
4 804 837 (1024 352 272 ) (1024 240 272 ) (624 240 272 ) (624 352 272 ) 
4 804 811 (528 240 272 ) (1024 240 272 ) (1024 240 400 ) (528 240 400 ) 
4 804 805 (528 352 400 ) (528 352 272 ) (528 240 272 ) (528 240 400 ) 
4 805 838 (528 240 272 ) (432 240 272 ) (432 352 272 ) (528 352 272 ) 
4 805 811 (432 240 272 ) (528 240 272 ) (528 240 400 ) (432 240 400 ) 
4 805 806 (432 352 272 ) (432 240 272 ) (432 240 416 ) (432 352 416 ) 
4 806 839 (432 240 272 ) (400 240 272 ) (400 384 272 ) (432 384 272 ) 
4 806 808 (400 352 272 ) (400 240 272 ) (400 240 416 ) (400 352 416 ) 
4 806 807 (400 384 272 ) (400 352 272 ) (400 352 400 ) (400 384 400 ) 
4 807 840 (48 352 272 ) (48 656 272 ) (400 656 272 ) (400 352 272 ) 
4 807 810 (48 656 400 ) (48 656 272 ) (48 592 272 ) (48 592 400 ) 
4 807 809 (48 352 400 ) (48 352 272 ) (320 352 272 ) (320 352 400 ) 
4 807 808 (320 352 272 ) (400 352 272 ) (400 352 400 ) (320 352 400 ) 
4 808 840 (400 240 272 ) (320 240 272 ) (320 352 272 ) (400 352 272 ) 
4 808 812 (320 240 272 ) (400 240 272 ) (400 240 400 ) (320 240 400 ) 
4 808 809 (320 352 400 ) (320 352 272 ) (320 240 272 ) (320 240 400 ) 
4 809 840 (320 240 272 ) (48 240 272 ) (48 352 272 ) (320 352 272 ) 
4 809 812 (48 240 272 ) (320 240 272 ) (320 240 400 ) (48 240 400 ) 
4 810 842 (32 592 272 ) (32 656 272 ) (48 656 272 ) (48 592 272 ) 
4 810 819 (32 656 400 ) (32 656 272 ) (32 592 272 ) (32 592 400 ) 
4 811 838 (624 208 272 ) (432 208 272 ) (432 240 272 ) (624 240 272 ) 
4 811 837 (1024 240 272 ) (1024 208 272 ) (624 208 272 ) (624 240 272 ) 
4 812 840 (400 208 272 ) (48 208 272 ) (48 240 272 ) (400 240 272 ) 
4 812 813 (80 208 272 ) (160 208 272 ) (160 208 384 ) (80 208 384 ) 
4 813 841 (160 176 272 ) (80 176 272 ) (80 208 272 ) (160 208 272 ) 
4 813 815 (80 176 272 ) (160 176 272 ) (160 176 384 ) (80 176 384 ) 
4 814 817 (32 16 400 ) (32 128 400 ) (48 128 400 ) (48 16 400 ) 
4 814 815 (32 128 400 ) (32 176 400 ) (48 176 400 ) (48 128 400 ) 
4 815 843 (1024 176 272 ) (1024 128 272 ) (32 128 272 ) (32 176 272 ) 
4 815 820 (32 152 272 ) (32 128 272 ) (32 128 328 ) (32 152 328 ) 
4 815 816 (1024 128 400 ) (208 128 400 ) (208 128 272 ) (1024 128 272 ) 
4 815 817 (176 128 400 ) (32 128 400 ) (32 128 272 ) (176 128 272 ) 
4 816 844 (1024 128 272 ) (1024 16 272 ) (208 16 272 ) (208 128 272 ) 
4 816 818 (1024 16 400 ) (208 16 400 ) (208 16 272 ) (1024 16 272 ) 
4 817 845 (176 16 272 ) (32 16 272 ) (32 128 272 ) (176 128 272 ) 
4 817 820 (32 128 272 ) (32 48 272 ) (32 48 328 ) (32 128 328 ) 
4 818 1077 (784 0 400 ) (208 0 400 ) (208 0 272 ) (784 0 272 ) 
4 818 1054 (992 0 400 ) (784 0 400 ) (784 0 272 ) (992 0 272 ) 
4 818 1053 (1024 0 272 ) (1024 0 400 ) (992 0 400 ) (992 0 272 ) 
4 818 846 (1024 16 272 ) (1024 0 272 ) (208 0 272 ) (208 16 272 ) 
4 819 849 (16 592 272 ) (16 656 272 ) (32 656 272 ) (32 592 272 ) 
4 819 821 (16 656 400 ) (16 656 272 ) (16 592 272 ) (16 592 400 ) 
4 820 850 (16 48 272 ) (16 152 272 ) (32 152 272 ) (32 48 272 ) 
4 820 822 (16 152 272 ) (16 48 272 ) (16 48 328 ) (16 152 328 ) 
4 821 1221 (0 656 272 ) (0 592 272 ) (0 592 400 ) (0 656 400 ) 
4 821 851 (0 592 272 ) (0 656 272 ) (16 656 272 ) (16 592 272 ) 
4 822 852 (8 16 272 ) (8 176 272 ) (16 176 272 ) (16 16 272 ) 
4 822 823 (8 176 272 ) (8 16 272 ) (8 16 344 ) (8 176 344 ) 
4 823 1222 (0 568 272 ) (0 0 272 ) (0 0 408 ) (0 568 408 ) 
4 823 1108 (0 0 344 ) (0 0 272 ) (8 0 272 ) (8 0 344 ) 
4 823 1107 (0 0 408 ) (0 0 344 ) (8 0 344 ) (8 0 408 ) 
4 823 853 (8 0 272 ) (0 0 272 ) (0 568 272 ) (8 568 272 ) 
4 824 854 (624 1024 224 ) (1024 1024 224 ) (1024 832 224 ) (624 832 224 ) 
4 825 865 (688 688 224 ) (632 688 224 ) (632 800 224 ) (688 800 224 ) 
4 825 864 (1024 800 224 ) (1024 688 224 ) (688 688 224 ) (688 800 224 ) 
4 825 866 (632 688 224 ) (624 688 224 ) (624 800 224 ) (632 800 224 ) 
4 826 1252 (0 1024 272 ) (0 1024 240 ) (0 880 240 ) (0 880 272 ) 
4 827 1253 (0 688 240 ) (0 688 272 ) (0 848 272 ) (0 848 240 ) 
4 827 829 (176 688 272 ) (112 688 272 ) (112 688 240 ) (176 688 240 ) 
4 827 828 (592 688 240 ) (592 688 272 ) (432 688 272 ) (432 688 240 ) 
4 828 830 (592 672 240 ) (592 672 272 ) (432 672 272 ) (432 672 240 ) 
4 829 831 (176 672 240 ) (176 672 272 ) (112 672 272 ) (112 672 240 ) 
4 830 836 (592 656 240 ) (592 656 272 ) (432 656 272 ) (432 656 240 ) 
4 831 840 (176 656 240 ) (176 656 272 ) (112 656 272 ) (112 656 240 ) 
4 832 833 (688 656 272 ) (688 656 240 ) (688 528 240 ) (688 528 272 ) 
4 833 835 (632 656 272 ) (632 656 240 ) (632 528 240 ) (632 528 272 ) 
4 833 834 (632 560 240 ) (632 624 240 ) (688 624 240 ) (688 560 240 ) 
4 834 865 (688 624 224 ) (688 560 224 ) (632 560 224 ) (632 624 224 ) 
4 837 864 (1024 496 224 ) (1024 208 224 ) (688 208 224 ) (688 496 224 ) 
4 837 866 (632 208 224 ) (624 208 224 ) (624 496 224 ) (632 496 224 ) 
4 837 838 (624 496 224 ) (624 208 224 ) (624 208 272 ) (624 496 272 ) 
4 838 866 (624 208 224 ) (432 208 224 ) (432 496 224 ) (624 496 224 ) 
4 838 839 (432 240 240 ) (432 240 272 ) (432 384 272 ) (432 384 240 ) 
4 839 840 (400 240 240 ) (400 240 272 ) (400 384 272 ) (400 384 240 ) 
4 840 842 (48 656 272 ) (48 656 240 ) (48 592 240 ) (48 592 272 ) 
4 840 841 (80 208 240 ) (160 208 240 ) (160 208 272 ) (80 208 272 ) 
4 841 843 (160 176 240 ) (160 176 272 ) (80 176 272 ) (80 176 240 ) 
4 842 849 (32 656 272 ) (32 656 240 ) (32 592 240 ) (32 592 272 ) 
4 843 850 (32 128 272 ) (32 152 272 ) (32 152 240 ) (32 128 240 ) 
4 843 844 (208 128 240 ) (1024 128 240 ) (1024 128 272 ) (208 128 272 ) 
4 843 845 (32 128 272 ) (32 128 240 ) (176 128 240 ) (176 128 272 ) 
4 844 847 (208 128 240 ) (992 128 240 ) (992 16 240 ) (208 16 240 ) 
4 844 846 (208 16 240 ) (1024 16 240 ) (1024 16 272 ) (208 16 272 ) 
4 845 850 (32 48 272 ) (32 128 272 ) (32 128 240 ) (32 48 240 ) 
4 846 1077 (784 0 272 ) (208 0 272 ) (208 0 240 ) (784 0 240 ) 
4 846 1054 (992 0 272 ) (784 0 272 ) (784 0 240 ) (992 0 240 ) 
4 846 1053 (1024 0 240 ) (1024 0 272 ) (992 0 272 ) (992 0 240 ) 
4 846 848 (992 0 240 ) (208 0 240 ) (208 16 240 ) (992 16 240 ) 
4 847 869 (992 128 224 ) (992 16 224 ) (208 16 224 ) (208 128 224 ) 
4 847 848 (992 16 240 ) (208 16 240 ) (208 16 224 ) (992 16 224 ) 
4 848 1077 (784 0 240 ) (208 0 240 ) (208 0 224 ) (784 0 224 ) 
4 848 1054 (992 0 240 ) (784 0 240 ) (784 0 224 ) (992 0 224 ) 
4 848 869 (992 0 224 ) (208 0 224 ) (208 16 224 ) (992 16 224 ) 
4 849 851 (16 656 272 ) (16 656 240 ) (16 592 240 ) (16 592 272 ) 
4 850 852 (16 48 240 ) (16 48 272 ) (16 152 272 ) (16 152 240 ) 
4 851 1258 (0 592 240 ) (0 592 272 ) (0 656 272 ) (0 656 240 ) 
4 852 853 (8 16 240 ) (8 16 272 ) (8 176 272 ) (8 176 240 ) 
4 853 1261 (0 0 232 ) (0 0 272 ) (0 568 272 ) (0 568 232 ) 
4 853 1108 (8 0 272 ) (0 0 272 ) (0 0 232 ) (8 0 232 ) 
4 855 882 (920 832 -224 ) (624 832 -224 ) (624 964 -224 ) (920 964 -224 ) 
4 855 857 (624 832 -224 ) (1024 832 -224 ) (1024 832 -16 ) (624 832 -16 ) 
4 855 856 (624 1024 -224 ) (624 832 -224 ) (624 832 -16 ) (624 1024 -16 ) 
4 856 882 (624 964 -224 ) (624 832 -224 ) (600 832 -224 ) (600 964 -224 ) 
4 856 859 (600 1024 -224 ) (600 832 -224 ) (600 832 -16 ) (600 1024 -16 ) 
4 856 857 (600 832 -16 ) (600 832 -224 ) (624 832 -224 ) (624 832 -16 ) 
4 857 882 (920 824 -224 ) (600 824 -224 ) (600 832 -224 ) (920 832 -224 ) 
4 857 860 (600 824 -224 ) (1024 824 -224 ) (1024 824 -16 ) (600 824 -16 ) 
4 857 859 (600 832 -224 ) (600 824 -224 ) (600 824 -16 ) (600 832 -16 ) 
4 858 877 (208 824 8 ) (208 824 216 ) (208 1024 216 ) (208 1024 8 ) 
4 858 861 (288 824 24 ) (288 824 104 ) (248 824 104 ) (248 824 24 ) 
4 859 883 (208 824 -224 ) (208 964 -224 ) (408 964 -224 ) (408 824 -224 ) 
4 859 882 (408 964 -224 ) (600 964 -224 ) (600 824 -224 ) (408 824 -224 ) 
4 859 881 (208 964 -224 ) (208 1016 -224 ) (280 1016 -224 ) (280 964 -224 ) 
4 859 863 (208 824 -16 ) (208 824 -224 ) (248 824 -224 ) (248 824 -16 ) 
4 859 862 (248 824 -224 ) (288 824 -224 ) (288 824 -16 ) (248 824 -16 ) 
4 859 860 (288 824 -224 ) (600 824 -224 ) (600 824 -16 ) (288 824 -16 ) 
4 860 883 (288 824 -224 ) (408 824 -224 ) (408 808 -224 ) (288 808 -224 ) 
4 860 882 (408 824 -224 ) (920 824 -224 ) (920 808 -224 ) (408 808 -224 ) 
4 860 870 (288 808 -224 ) (1024 808 -224 ) (1024 808 -16 ) (288 808 -16 ) 
4 860 862 (288 824 -16 ) (288 824 -224 ) (288 808 -224 ) (288 808 -16 ) 
4 861 867 (288 808 24 ) (288 808 104 ) (248 808 104 ) (248 808 24 ) 
4 862 883 (248 824 -224 ) (288 824 -224 ) (288 808 -224 ) (248 808 -224 ) 
4 862 870 (248 808 -224 ) (288 808 -224 ) (288 808 -16 ) (248 808 -16 ) 
4 862 863 (248 824 -16 ) (248 824 -224 ) (248 808 -224 ) (248 808 -16 ) 
4 863 883 (208 808 -224 ) (208 824 -224 ) (248 824 -224 ) (248 808 -224 ) 
4 863 870 (208 808 -16 ) (208 808 -224 ) (248 808 -224 ) (248 808 -16 ) 
4 864 868 (1024 184 216 ) (688 184 216 ) (688 192 216 ) (1024 192 216 ) 
4 864 867 (688 192 216 ) (688 808 216 ) (1024 808 216 ) (1024 192 216 ) 
4 864 865 (688 808 224 ) (688 808 216 ) (688 560 216 ) (688 560 224 ) 
4 865 867 (632 560 216 ) (632 808 216 ) (688 808 216 ) (688 560 216 ) 
4 865 866 (632 808 224 ) (632 808 216 ) (632 560 216 ) (632 560 224 ) 
4 866 878 (208 184 224 ) (208 808 224 ) (208 808 216 ) (208 184 216 ) 
4 866 868 (632 184 216 ) (208 184 216 ) (208 192 216 ) (632 192 216 ) 
4 866 867 (208 192 216 ) (208 808 216 ) (632 808 216 ) (632 192 216 ) 
4 867 878 (208 808 216 ) (208 808 8 ) (208 192 8 ) (208 192 216 ) 
4 867 876 (208 192 -16 ) (208 768 -16 ) (384 768 -16 ) (384 192 -16 ) 
4 867 874 (880 768 -16 ) (1024 768 -16 ) (1024 192 -16 ) (880 192 -16 ) 
4 867 875 (400 768 -16 ) (864 768 -16 ) (864 192 -16 ) (400 192 -16 ) 
4 867 872 (528 784 -16 ) (704 784 -16 ) (704 768 -16 ) (528 768 -16 ) 
4 867 873 (208 768 -16 ) (208 784 -16 ) (384 784 -16 ) (384 768 -16 ) 
4 867 871 (880 784 -16 ) (1024 784 -16 ) (1024 768 -16 ) (880 768 -16 ) 
4 867 870 (208 784 -16 ) (208 808 -16 ) (1024 808 -16 ) (1024 784 -16 ) 
4 867 868 (1024 192 8 ) (1024 192 216 ) (208 192 216 ) (208 192 8 ) 
4 868 878 (208 184 8 ) (208 184 216 ) (208 192 216 ) (208 192 8 ) 
4 869 1077 (784 0 224 ) (208 0 224 ) (208 0 160 ) (784 0 160 ) 
4 869 1054 (992 0 224 ) (784 0 224 ) (784 0 160 ) (992 0 160 ) 
4 870 883 (208 784 -224 ) (208 808 -224 ) (408 808 -224 ) (408 784 -224 ) 
4 870 882 (408 808 -224 ) (920 808 -224 ) (920 784 -224 ) (408 784 -224 ) 
4 870 872 (704 784 -16 ) (528 784 -16 ) (528 784 -224 ) (704 784 -224 ) 
4 870 873 (384 784 -16 ) (208 784 -16 ) (208 784 -224 ) (384 784 -224 ) 
4 870 871 (1024 784 -16 ) (880 784 -16 ) (880 784 -224 ) (1024 784 -224 ) 
4 871 882 (880 784 -224 ) (920 784 -224 ) (920 768 -224 ) (880 768 -224 ) 
4 871 874 (1024 768 -16 ) (880 768 -16 ) (880 768 -224 ) (1024 768 -224 ) 
4 872 882 (528 784 -224 ) (704 784 -224 ) (704 768 -224 ) (528 768 -224 ) 
4 872 875 (704 768 -16 ) (528 768 -16 ) (528 768 -224 ) (704 768 -224 ) 
4 873 883 (208 768 -224 ) (208 784 -224 ) (384 784 -224 ) (384 768 -224 ) 
4 873 876 (384 768 -16 ) (208 768 -16 ) (208 768 -224 ) (384 768 -224 ) 
4 874 1061 (896 0 -16 ) (880 0 -16 ) (880 0 -224 ) (896 0 -224 ) 
4 874 1058 (960 0 -16 ) (896 0 -16 ) (896 0 -224 ) (960 0 -224 ) 
4 874 1057 (976 0 -16 ) (960 0 -16 ) (960 0 -224 ) (976 0 -224 ) 
4 874 1055 (1024 0 -224 ) (1024 0 -16 ) (976 0 -16 ) (976 0 -224 ) 
4 874 882 (880 240 -224 ) (880 768 -224 ) (920 768 -224 ) (920 240 -224 ) 
4 875 1078 (784 0 -16 ) (400 0 -16 ) (400 0 -224 ) (784 0 -224 ) 
4 875 1064 (816 0 -16 ) (800 0 -16 ) (800 0 -224 ) (816 0 -224 ) 
4 875 1065 (800 0 -16 ) (784 0 -16 ) (784 0 -224 ) (800 0 -224 ) 
4 875 1062 (864 0 -16 ) (816 0 -16 ) (816 0 -224 ) (864 0 -224 ) 
4 875 883 (400 240 -224 ) (400 768 -224 ) (408 768 -224 ) (408 240 -224 ) 
4 875 882 (408 240 -224 ) (408 768 -224 ) (864 768 -224 ) (864 240 -224 ) 
4 876 1078 (384 0 -16 ) (208 0 -16 ) (208 0 -224 ) (384 0 -224 ) 
4 876 883 (208 240 -224 ) (208 768 -224 ) (384 768 -224 ) (384 240 -224 ) 
4 879 1302 (0 1024 88 ) (0 1024 8 ) (0 1008 8 ) (0 1008 88 ) 
4 879 1283 (0 1024 120 ) (0 1024 88 ) (0 1008 88 ) (0 1008 120 ) 
4 879 880 (104 1008 120 ) (0 1008 120 ) (0 1008 8 ) (104 1008 8 ) 
4 880 1304 (0 1008 -224 ) (0 0 -224 ) (0 0 88 ) (0 1008 88 ) 
4 880 1287 (0 0 88 ) (0 0 208 ) (0 488 208 ) (0 488 88 ) 
4 880 1284 (0 488 208 ) (0 1008 208 ) (0 1008 88 ) (0 488 88 ) 
4 880 1109 (0 0 208 ) (0 0 -224 ) (16 0 -224 ) (16 0 208 ) 
4 880 1106 (16 0 -224 ) (32 0 -224 ) (32 0 208 ) (16 0 208 ) 
4 880 1104 (32 0 -224 ) (176 0 -224 ) (176 0 208 ) (32 0 208 ) 
4 881 893 (208 964 -248 ) (208 1016 -248 ) (280 1016 -248 ) (280 964 -248 ) 
4 881 883 (208 964 -224 ) (208 964 -248 ) (280 964 -248 ) (280 964 -224 ) 
4 882 947 (768 456 -248 ) (784 456 -248 ) (784 296 -248 ) (768 296 -248 ) 
4 882 948 (784 296 -248 ) (784 240 -248 ) (768 240 -248 ) (768 296 -248 ) 
4 882 946 (784 456 -248 ) (920 456 -248 ) (920 240 -248 ) (784 240 -248 ) 
4 882 949 (408 240 -248 ) (408 456 -248 ) (768 456 -248 ) (768 240 -248 ) 
4 882 932 (408 456 -248 ) (408 504 -248 ) (768 504 -248 ) (768 456 -248 ) 
4 882 931 (816 504 -248 ) (920 504 -248 ) (920 456 -248 ) (816 456 -248 ) 
4 882 927 (408 504 -248 ) (408 712 -248 ) (920 712 -248 ) (920 504 -248 ) 
4 882 924 (408 712 -248 ) (408 728 -248 ) (920 728 -248 ) (920 712 -248 ) 
4 882 922 (408 728 -248 ) (408 824 -248 ) (768 824 -248 ) (768 728 -248 ) 
4 882 921 (816 776 -248 ) (816 728 -248 ) (768 728 -248 ) (768 776 -248 ) 
4 882 916 (872 824 -248 ) (920 824 -248 ) (920 800 -248 ) (872 800 -248 ) 
4 882 917 (920 800 -248 ) (920 728 -248 ) (872 728 -248 ) (872 800 -248 ) 
4 882 918 (816 824 -248 ) (872 824 -248 ) (872 728 -248 ) (816 728 -248 ) 
4 882 912 (768 840 -248 ) (792 840 -248 ) (792 824 -248 ) (768 824 -248 ) 
4 882 915 (408 824 -248 ) (408 840 -248 ) (768 840 -248 ) (768 824 -248 ) 
4 882 911 (792 840 -248 ) (816 840 -248 ) (816 824 -248 ) (792 824 -248 ) 
4 882 910 (816 840 -248 ) (920 840 -248 ) (920 824 -248 ) (816 824 -248 ) 
4 882 893 (408 848 -248 ) (408 964 -248 ) (472 964 -248 ) (472 848 -248 ) 
4 882 890 (472 964 -248 ) (480 964 -248 ) (480 944 -248 ) (472 944 -248 ) 
4 882 887 (480 964 -248 ) (792 964 -248 ) (792 840 -248 ) (480 840 -248 ) 
4 882 885 (792 964 -248 ) (816 964 -248 ) (816 840 -248 ) (792 840 -248 ) 
4 882 884 (816 964 -248 ) (920 964 -248 ) (920 840 -248 ) (816 840 -248 ) 
4 882 883 (408 964 -224 ) (408 964 -248 ) (408 240 -248 ) (408 240 -224 ) 
4 883 963 (208 240 -248 ) (208 456 -248 ) (408 456 -248 ) (408 240 -248 ) 
4 883 938 (208 600 -248 ) (208 840 -248 ) (232 840 -248 ) (232 600 -248 ) 
4 883 939 (208 456 -248 ) (208 600 -248 ) (232 600 -248 ) (232 456 -248 ) 
4 883 936 (288 656 -248 ) (288 600 -248 ) (232 600 -248 ) (232 656 -248 ) 
4 883 935 (232 840 -248 ) (288 840 -248 ) (288 656 -248 ) (232 656 -248 ) 
4 883 937 (288 600 -248 ) (288 456 -248 ) (232 456 -248 ) (232 600 -248 ) 
4 883 932 (408 504 -248 ) (408 456 -248 ) (336 456 -248 ) (336 504 -248 ) 
4 883 929 (336 504 -248 ) (288 504 -248 ) (288 656 -248 ) (336 656 -248 ) 
4 883 928 (288 656 -248 ) (288 712 -248 ) (336 712 -248 ) (336 656 -248 ) 
4 883 927 (408 712 -248 ) (408 504 -248 ) (336 504 -248 ) (336 712 -248 ) 
4 883 924 (408 728 -248 ) (408 712 -248 ) (312 712 -248 ) (312 728 -248 ) 
4 883 923 (328 728 -248 ) (312 728 -248 ) (312 824 -248 ) (328 824 -248 ) 
4 883 922 (408 824 -248 ) (408 728 -248 ) (328 728 -248 ) (328 824 -248 ) 
4 883 926 (312 712 -248 ) (288 712 -248 ) (288 824 -248 ) (312 824 -248 ) 
4 883 915 (288 840 -248 ) (408 840 -248 ) (408 824 -248 ) (288 824 -248 ) 
4 883 893 (208 848 -248 ) (208 964 -248 ) (408 964 -248 ) (408 848 -248 ) 
4 884 910 (920 840 -248 ) (816 840 -248 ) (816 840 -792 ) (920 840 -792 ) 
4 884 886 (816 1016 -536 ) (816 1016 -632 ) (816 944 -632 ) (816 944 -536 ) 
4 884 885 (816 1016 -248 ) (816 1016 -328 ) (816 840 -328 ) (816 840 -248 ) 
4 885 911 (816 840 -248 ) (792 840 -248 ) (792 840 -328 ) (816 840 -328 ) 
4 885 887 (792 1016 -248 ) (792 1016 -328 ) (792 840 -328 ) (792 840 -248 ) 
4 886 888 (792 1016 -536 ) (792 1016 -632 ) (792 944 -632 ) (792 944 -536 ) 
4 887 912 (792 840 -248 ) (768 840 -248 ) (768 840 -328 ) (792 840 -328 ) 
4 887 915 (768 840 -248 ) (480 840 -248 ) (480 840 -328 ) (768 840 -328 ) 
4 887 890 (480 1016 -248 ) (480 1016 -328 ) (480 944 -328 ) (480 944 -248 ) 
4 888 913 (768 840 -632 ) (792 840 -632 ) (792 840 -344 ) (768 840 -344 ) 
4 888 915 (480 840 -344 ) (480 840 -632 ) (768 840 -632 ) (768 840 -344 ) 
4 888 891 (480 1016 -528 ) (480 1016 -608 ) (480 944 -608 ) (480 944 -528 ) 
4 889 914 (768 840 -792 ) (792 840 -792 ) (792 840 -648 ) (768 840 -648 ) 
4 889 915 (480 840 -648 ) (480 840 -792 ) (768 840 -792 ) (768 840 -648 ) 
4 889 892 (480 976 -792 ) (480 888 -792 ) (480 888 -696 ) (480 976 -696 ) 
4 890 893 (472 944 -248 ) (472 1016 -248 ) (472 1016 -328 ) (472 944 -328 ) 
4 891 897 (472 944 -528 ) (472 1016 -528 ) (472 1016 -608 ) (472 944 -608 ) 
4 892 899 (472 888 -696 ) (472 976 -696 ) (472 976 -792 ) (472 888 -792 ) 
4 893 902 (232 848 -288 ) (176 848 -288 ) (176 848 -368 ) (232 848 -368 ) 
4 893 900 (440 848 -288 ) (384 848 -288 ) (384 848 -368 ) (440 848 -368 ) 
4 893 901 (336 848 -288 ) (288 848 -288 ) (288 848 -368 ) (336 848 -368 ) 
4 893 894 (144 880 -368 ) (144 1016 -368 ) (280 1016 -368 ) (260 964 -368 ) 
4 894 895 (144 880 -376 ) (144 1016 -376 ) (280 1016 -376 ) (260 964 -376 ) 
4 895 906 (232 848 -408 ) (176 848 -408 ) (176 848 -488 ) (232 848 -488 ) 
4 895 904 (440 848 -408 ) (384 848 -408 ) (384 848 -488 ) (440 848 -488 ) 
4 895 905 (336 848 -408 ) (288 848 -408 ) (288 848 -488 ) (336 848 -488 ) 
4 895 903 (472 848 -408 ) (472 848 -376 ) (144 848 -376 ) (144 848 -408 ) 
4 895 896 (144 880 -488 ) (144 1016 -488 ) (280 1016 -488 ) (260 964 -488 ) 
4 896 897 (144 880 -496 ) (144 1016 -496 ) (280 1016 -496 ) (260 964 -496 ) 
4 897 907 (440 848 -528 ) (288 848 -528 ) (288 848 -608 ) (440 848 -608 ) 
4 897 908 (232 848 -528 ) (176 848 -528 ) (176 848 -608 ) (232 848 -608 ) 
4 897 898 (144 880 -608 ) (144 1016 -608 ) (280 1016 -608 ) (260 964 -608 ) 
4 898 899 (144 880 -616 ) (144 1016 -616 ) (280 1016 -616 ) (260 964 -616 ) 
4 899 909 (472 848 -792 ) (472 848 -616 ) (144 848 -616 ) (144 848 -792 ) 
4 900 915 (384 840 -368 ) (440 840 -368 ) (440 840 -288 ) (384 840 -288 ) 
4 900 903 (384 848 -368 ) (440 848 -368 ) (440 840 -368 ) (384 840 -368 ) 
4 901 915 (288 840 -368 ) (336 840 -368 ) (336 840 -288 ) (288 840 -288 ) 
4 901 903 (288 848 -368 ) (336 848 -368 ) (336 840 -368 ) (288 840 -368 ) 
4 902 938 (176 840 -368 ) (232 840 -368 ) (232 840 -288 ) (176 840 -288 ) 
4 902 903 (176 848 -368 ) (232 848 -368 ) (232 840 -368 ) (176 840 -368 ) 
4 903 940 (144 840 -368 ) (144 840 -408 ) (176 840 -408 ) (176 840 -368 ) 
4 903 938 (176 840 -408 ) (232 840 -408 ) (232 840 -368 ) (176 840 -368 ) 
4 903 935 (232 840 -408 ) (288 840 -408 ) (288 840 -368 ) (232 840 -368 ) 
4 903 915 (288 840 -408 ) (472 840 -408 ) (472 840 -368 ) (288 840 -368 ) 
4 903 906 (176 848 -408 ) (232 848 -408 ) (232 840 -408 ) (176 840 -408 ) 
4 903 904 (384 848 -408 ) (440 848 -408 ) (440 840 -408 ) (384 840 -408 ) 
4 903 905 (288 848 -408 ) (336 848 -408 ) (336 840 -408 ) (288 840 -408 ) 
4 904 915 (384 840 -488 ) (440 840 -488 ) (440 840 -408 ) (384 840 -408 ) 
4 905 915 (288 840 -488 ) (336 840 -488 ) (336 840 -408 ) (288 840 -408 ) 
4 906 938 (176 840 -488 ) (232 840 -488 ) (232 840 -408 ) (176 840 -408 ) 
4 907 915 (288 840 -608 ) (440 840 -608 ) (440 840 -528 ) (288 840 -528 ) 
4 907 909 (288 848 -608 ) (440 848 -608 ) (440 840 -608 ) (288 840 -608 ) 
4 908 944 (176 840 -608 ) (232 840 -608 ) (232 840 -528 ) (176 840 -528 ) 
4 908 909 (176 848 -608 ) (232 848 -608 ) (232 840 -608 ) (176 840 -608 ) 
3 909 945 (144 840 -792 ) (288 840 -792 ) (288 840 -688 ) 
4 909 942 (232 840 -664 ) (256 840 -664 ) (256 840 -608 ) (232 840 -608 ) 
4 909 941 (256 840 -664 ) (288 840 -664 ) (288 840 -608 ) (256 840 -608 ) 
4 909 944 (144 840 -608 ) (144 840 -664 ) (232 840 -664 ) (232 840 -608 ) 
4 909 915 (288 840 -792 ) (472 840 -792 ) (472 840 -608 ) (288 840 -608 ) 
4 910 919 (816 824 -792 ) (920 824 -792 ) (920 824 -680 ) (816 824 -680 ) 
4 910 916 (920 824 -384 ) (920 824 -248 ) (872 824 -248 ) (872 824 -384 ) 
4 910 918 (872 824 -248 ) (816 824 -248 ) (816 824 -472 ) (872 824 -472 ) 
4 910 911 (816 840 -248 ) (816 840 -328 ) (816 824 -328 ) (816 824 -248 ) 
4 911 912 (792 840 -248 ) (792 840 -328 ) (792 824 -328 ) (792 824 -248 ) 
4 912 915 (768 840 -248 ) (768 840 -328 ) (768 824 -328 ) (768 824 -248 ) 
4 913 915 (768 840 -344 ) (768 840 -632 ) (768 824 -632 ) (768 824 -344 ) 
4 914 915 (768 840 -648 ) (768 840 -792 ) (768 824 -792 ) (768 824 -648 ) 
4 915 945 (288 840 -688 ) (288 840 -792 ) (288 824 -792 ) (288 824 -688 ) 
4 915 941 (288 840 -496 ) (288 840 -664 ) (288 824 -664 ) (288 824 -496 ) 
4 915 935 (288 840 -248 ) (288 840 -496 ) (288 824 -496 ) (288 824 -248 ) 
4 915 923 (328 824 -672 ) (328 824 -248 ) (312 824 -248 ) (312 824 -672 ) 
4 915 922 (328 824 -792 ) (768 824 -792 ) (768 824 -248 ) (328 824 -248 ) 
4 915 926 (288 824 -248 ) (288 824 -792 ) (312 824 -792 ) (312 824 -248 ) 
4 916 917 (872 800 -248 ) (872 800 -384 ) (920 800 -384 ) (920 800 -248 ) 
4 916 918 (872 824 -248 ) (872 824 -384 ) (872 800 -384 ) (872 800 -248 ) 
4 917 924 (920 728 -472 ) (920 728 -248 ) (872 728 -248 ) (872 728 -472 ) 
4 917 920 (920 728 -472 ) (872 728 -472 ) (872 800 -472 ) (920 800 -472 ) 
4 917 918 (872 800 -472 ) (872 728 -472 ) (872 728 -248 ) (872 800 -248 ) 
4 918 924 (872 728 -248 ) (816 728 -248 ) (816 728 -472 ) (872 728 -472 ) 
4 918 921 (816 776 -472 ) (816 728 -472 ) (816 728 -248 ) (816 776 -248 ) 
4 918 920 (872 728 -472 ) (816 728 -472 ) (816 800 -472 ) (872 800 -472 ) 
4 919 920 (920 800 -792 ) (920 800 -680 ) (816 800 -680 ) (816 800 -792 ) 
4 920 924 (920 728 -672 ) (920 728 -472 ) (816 728 -472 ) (816 728 -672 ) 
4 920 921 (816 776 -792 ) (816 728 -792 ) (816 728 -472 ) (816 776 -472 ) 
4 921 924 (816 728 -672 ) (816 728 -248 ) (768 728 -248 ) (768 728 -672 ) 
4 921 922 (768 776 -792 ) (768 728 -792 ) (768 728 -248 ) (768 776 -248 ) 
4 922 925 (576 728 -792 ) (680 728 -792 ) (680 728 -672 ) (576 728 -672 ) 
4 922 924 (768 728 -672 ) (768 728 -248 ) (328 728 -248 ) (328 728 -672 ) 
4 922 923 (328 824 -248 ) (328 824 -672 ) (328 728 -672 ) (328 728 -248 ) 
4 923 924 (312 728 -248 ) (312 728 -672 ) (328 728 -672 ) (328 728 -248 ) 
4 923 926 (312 824 -248 ) (312 824 -672 ) (312 728 -672 ) (312 728 -248 ) 
4 924 928 (336 712 -248 ) (312 712 -248 ) (312 712 -672 ) (336 712 -672 ) 
4 924 927 (920 712 -672 ) (920 712 -248 ) (336 712 -248 ) (336 712 -672 ) 
4 924 925 (680 712 -672 ) (576 712 -672 ) (576 728 -672 ) (680 728 -672 ) 
4 924 926 (312 712 -672 ) (312 712 -248 ) (312 728 -248 ) (312 728 -672 ) 
4 925 927 (576 712 -792 ) (680 712 -792 ) (680 712 -672 ) (576 712 -672 ) 
4 926 945 (288 824 -792 ) (288 712 -792 ) (288 712 -688 ) (288 824 -688 ) 
4 926 941 (288 712 -664 ) (288 712 -496 ) (288 824 -496 ) (288 824 -664 ) 
4 926 935 (288 712 -496 ) (288 712 -248 ) (288 824 -248 ) (288 824 -496 ) 
4 926 928 (288 712 -248 ) (288 712 -792 ) (312 712 -792 ) (312 712 -248 ) 
4 927 964 (920 504 -792 ) (816 504 -792 ) (816 664 -792 ) (920 664 -792 ) 
4 927 933 (720 504 -376 ) (384 504 -376 ) (384 504 -392 ) (720 504 -392 ) 
4 927 932 (768 504 -376 ) (768 504 -248 ) (336 504 -248 ) (336 504 -376 ) 
4 927 934 (336 504 -792 ) (768 504 -792 ) (768 504 -392 ) (336 504 -392 ) 
4 927 931 (816 504 -792 ) (920 504 -792 ) (920 504 -248 ) (816 504 -248 ) 
4 927 929 (336 504 -488 ) (336 504 -248 ) (336 656 -248 ) (336 656 -488 ) 
4 927 930 (336 656 -792 ) (336 504 -792 ) (336 504 -496 ) (336 656 -496 ) 
4 927 928 (336 712 -248 ) (336 712 -792 ) (336 656 -792 ) (336 656 -248 ) 
4 928 945 (288 712 -792 ) (288 656 -792 ) (288 656 -688 ) (288 712 -688 ) 
4 928 941 (288 656 -664 ) (288 656 -496 ) (288 712 -496 ) (288 712 -664 ) 
4 928 935 (288 656 -496 ) (288 656 -248 ) (288 712 -248 ) (288 712 -496 ) 
4 928 929 (288 656 -248 ) (288 656 -488 ) (336 656 -488 ) (336 656 -248 ) 
4 928 930 (288 656 -496 ) (288 656 -792 ) (336 656 -792 ) (336 656 -496 ) 
4 929 936 (288 600 -248 ) (288 656 -248 ) (288 656 -488 ) (288 600 -488 ) 
4 929 937 (288 504 -488 ) (288 504 -248 ) (288 600 -248 ) (288 600 -488 ) 
4 930 945 (288 656 -792 ) (288 504 -792 ) (288 504 -688 ) (288 656 -688 ) 
4 930 941 (288 504 -664 ) (288 504 -496 ) (288 656 -496 ) (288 656 -664 ) 
4 931 964 (920 456 -792 ) (816 456 -792 ) (816 504 -792 ) (920 504 -792 ) 
4 931 946 (816 456 -792 ) (920 456 -792 ) (920 456 -248 ) (816 456 -248 ) 
4 932 963 (408 456 -248 ) (336 456 -248 ) (336 456 -376 ) (408 456 -376 ) 
4 932 949 (768 456 -376 ) (768 456 -248 ) (408 456 -248 ) (408 456 -376 ) 
4 932 933 (384 504 -376 ) (720 504 -376 ) (720 456 -376 ) (384 456 -376 ) 
4 933 963 (408 456 -376 ) (384 456 -376 ) (384 456 -392 ) (408 456 -392 ) 
4 933 949 (720 456 -376 ) (408 456 -376 ) (408 456 -392 ) (720 456 -392 ) 
4 933 934 (384 504 -392 ) (720 504 -392 ) (720 456 -392 ) (384 456 -392 ) 
4 934 963 (336 456 -792 ) (408 456 -792 ) (408 456 -392 ) (336 456 -392 ) 
4 934 949 (408 456 -792 ) (768 456 -792 ) (768 456 -392 ) (408 456 -392 ) 
4 935 942 (232 840 -496 ) (256 840 -496 ) (256 656 -496 ) (232 656 -496 ) 
4 935 941 (256 840 -496 ) (288 840 -496 ) (288 656 -496 ) (256 656 -496 ) 
4 935 938 (232 840 -248 ) (232 840 -488 ) (232 656 -488 ) (232 656 -248 ) 
4 935 936 (232 656 -248 ) (232 656 -488 ) (288 656 -488 ) (288 656 -248 ) 
4 936 938 (232 600 -488 ) (232 600 -248 ) (232 656 -248 ) (232 656 -488 ) 
4 936 937 (232 600 -248 ) (232 600 -488 ) (288 600 -488 ) (288 600 -248 ) 
4 937 963 (288 456 -496 ) (288 456 -248 ) (232 456 -248 ) (232 456 -496 ) 
4 937 943 (256 456 -496 ) (232 456 -496 ) (232 600 -496 ) (256 600 -496 ) 
4 937 941 (288 600 -496 ) (288 456 -496 ) (256 456 -496 ) (256 600 -496 ) 
4 937 939 (232 600 -496 ) (232 456 -496 ) (232 456 -248 ) (232 600 -248 ) 
4 938 940 (176 840 -248 ) (176 840 -488 ) (176 600 -488 ) (176 600 -248 ) 
4 938 939 (176 600 -248 ) (176 600 -488 ) (232 600 -488 ) (232 600 -248 ) 
4 939 963 (232 456 -248 ) (176 456 -248 ) (176 456 -496 ) (232 456 -496 ) 
4 939 944 (232 600 -496 ) (232 456 -496 ) (176 456 -496 ) (176 600 -496 ) 
4 939 940 (176 600 -496 ) (176 456 -496 ) (176 456 -248 ) (176 600 -248 ) 
4 940 963 (176 456 -248 ) (144 456 -248 ) (144 456 -496 ) (176 456 -496 ) 
4 940 944 (144 840 -496 ) (176 840 -496 ) (176 456 -496 ) (144 456 -496 ) 
4 941 963 (288 456 -664 ) (288 456 -496 ) (256 456 -496 ) (256 456 -664 ) 
4 941 942 (256 840 -664 ) (256 656 -664 ) (256 656 -496 ) (256 840 -496 ) 
4 941 943 (256 632 -664 ) (256 456 -664 ) (256 456 -496 ) (256 632 -496 ) 
4 942 944 (232 840 -664 ) (232 656 -664 ) (232 656 -496 ) (232 840 -496 ) 
4 943 963 (256 456 -496 ) (232 456 -496 ) (232 456 -664 ) (256 456 -664 ) 
4 943 944 (232 632 -664 ) (232 456 -664 ) (232 456 -496 ) (232 632 -496 ) 
4 944 963 (232 456 -496 ) (144 456 -496 ) (144 456 -664 ) (232 456 -664 ) 
4 946 947 (784 456 -248 ) (784 456 -656 ) (784 296 -656 ) (784 296 -248 ) 
4 946 948 (784 296 -792 ) (784 240 -792 ) (784 240 -248 ) (784 296 -248 ) 
4 947 948 (768 296 -248 ) (768 296 -656 ) (784 296 -656 ) (784 296 -248 ) 
4 947 949 (768 456 -248 ) (768 456 -656 ) (768 296 -656 ) (768 296 -248 ) 
4 948 949 (768 296 -792 ) (768 240 -792 ) (768 240 -248 ) (768 296 -248 ) 
4 949 963 (408 456 -248 ) (408 456 -792 ) (408 240 -792 ) (408 240 -248 ) 
4 949 950 (544 240 -544 ) (656 240 -544 ) (656 240 -248 ) (544 240 -248 ) 
4 949 951 (408 240 -248 ) (408 240 -544 ) (520 240 -544 ) (520 240 -248 ) 
4 949 961 (408 240 -544 ) (408 240 -792 ) (656 240 -792 ) (656 240 -544 ) 
4 950 958 (544 144 -544 ) (656 144 -544 ) (656 144 -512 ) (544 144 -512 ) 
4 950 954 (656 144 -496 ) (656 144 -376 ) (544 144 -376 ) (544 144 -496 ) 
4 950 952 (656 144 -360 ) (656 144 -248 ) (544 144 -248 ) (544 144 -360 ) 
4 950 961 (544 240 -544 ) (656 240 -544 ) (656 144 -544 ) (544 144 -544 ) 
4 951 960 (408 144 -512 ) (408 144 -544 ) (520 144 -544 ) (520 144 -512 ) 
4 951 956 (408 144 -248 ) (408 144 -360 ) (520 144 -360 ) (520 144 -248 ) 
4 951 957 (408 144 -376 ) (408 144 -496 ) (520 144 -496 ) (520 144 -376 ) 
4 951 961 (408 144 -544 ) (408 240 -544 ) (520 240 -544 ) (520 144 -544 ) 
4 952 953 (544 112 -360 ) (544 64 -360 ) (544 64 -248 ) (544 112 -248 ) 
4 953 956 (520 112 -360 ) (520 64 -360 ) (520 64 -248 ) (520 112 -248 ) 
4 954 955 (544 112 -496 ) (544 64 -496 ) (544 64 -376 ) (544 112 -376 ) 
4 955 957 (520 112 -496 ) (520 64 -496 ) (520 64 -376 ) (520 112 -376 ) 
4 958 962 (544 64 -544 ) (656 64 -544 ) (656 64 -512 ) (544 64 -512 ) 
4 958 959 (544 112 -544 ) (544 64 -544 ) (544 64 -512 ) (544 112 -512 ) 
4 958 961 (656 64 -544 ) (544 64 -544 ) (544 144 -544 ) (656 144 -544 ) 
4 959 962 (520 64 -544 ) (544 64 -544 ) (544 64 -512 ) (520 64 -512 ) 
4 959 960 (520 112 -512 ) (520 112 -544 ) (520 64 -544 ) (520 64 -512 ) 
4 959 961 (544 64 -544 ) (520 64 -544 ) (520 112 -544 ) (544 112 -544 ) 
4 960 962 (408 64 -512 ) (408 64 -544 ) (520 64 -544 ) (520 64 -512 ) 
4 960 961 (520 64 -544 ) (408 64 -544 ) (408 144 -544 ) (520 144 -544 ) 
4 961 966 (408 64 -792 ) (408 112 -792 ) (656 112 -792 ) (656 64 -792 ) 
4 961 962 (408 64 -544 ) (408 64 -792 ) (656 64 -792 ) (656 64 -544 ) 
4 962 1079 (472 0 -792 ) (592 0 -792 ) (592 0 -664 ) (472 0 -664 ) 
4 962 966 (656 0 -792 ) (408 0 -792 ) (408 64 -792 ) (656 64 -792 ) 
4 965 967 (816 808 -3728 ) (816 680 -3728 ) (816 680 -3608 ) (816 808 -3608 ) 
4 966 1079 (592 0 -792 ) (472 0 -792 ) (472 0 -800 ) (592 0 -800 ) 
4 967 1306 (0 680 -3608 ) (0 808 -3608 ) (0 808 -3728 ) (0 680 -3728 ) 
4 968 998 (1024 0 944 ) (1024 0 816 ) (1024 -256 816 ) (1024 -256 944 ) 
4 968 997 (1024 0 1024 ) (1024 0 944 ) (1024 -256 944 ) (1024 -256 1024 ) 
4 968 978 (1024 0 3056 ) (1024 0 1024 ) (1024 -256 1024 ) (1024 -256 3056 ) 
4 968 975 (1024 -256 1232 ) (1024 -256 1176 ) (1040 -256 1176 ) (1040 -256 1232 ) 
4 968 973 (1184 -256 1176 ) (1232 -256 1176 ) (1232 -256 1232 ) (1184 -256 1232 ) 
4 968 974 (1088 -256 1176 ) (1136 -256 1176 ) (1136 -256 1232 ) (1088 -256 1232 ) 
4 968 972 (1280 -256 1176 ) (1328 -256 1176 ) (1328 -256 1232 ) (1280 -256 1232 ) 
4 968 971 (1376 -256 1176 ) (1424 -256 1176 ) (1424 -256 1232 ) (1376 -256 1232 ) 
4 969 1014 (1024 -16 624 ) (1024 -176 624 ) (1024 -176 784 ) (1024 -16 784 ) 
4 969 1013 (1024 0 784 ) (1024 0 624 ) (1024 -16 624 ) (1024 -16 784 ) 
4 970 1053 (1024 0 400 ) (1024 0 240 ) (1024 -48 240 ) (1024 -48 400 ) 
4 971 976 (1376 -288 1176 ) (1424 -288 1176 ) (1424 -288 1232 ) (1376 -288 1232 ) 
4 972 976 (1280 -288 1176 ) (1328 -288 1176 ) (1328 -288 1232 ) (1280 -288 1232 ) 
4 973 976 (1184 -288 1176 ) (1232 -288 1176 ) (1232 -288 1232 ) (1184 -288 1232 ) 
4 974 976 (1088 -288 1176 ) (1136 -288 1176 ) (1136 -288 1232 ) (1088 -288 1232 ) 
4 975 979 (1024 -288 1232 ) (1024 -256 1232 ) (1024 -256 1176 ) (1024 -288 1176 ) 
4 975 976 (1024 -288 1176 ) (1040 -288 1176 ) (1040 -288 1232 ) (1024 -288 1232 ) 
4 976 980 (1024 -400 1232 ) (1024 -288 1232 ) (1024 -288 1176 ) (1024 -400 1176 ) 
4 976 977 (1024 -400 1176 ) (1024 -288 1176 ) (1472 -288 1176 ) (1472 -400 1176 ) 
4 977 980 (1024 -400 1176 ) (1024 -288 1176 ) (1024 -288 1040 ) (1024 -400 1040 ) 
4 978 997 (1024 0 1024 ) (1024 -256 1024 ) (736 -256 1024 ) (736 0 1024 ) 
4 978 979 (1024 -256 1176 ) (1024 -256 1232 ) (992 -256 1232 ) (992 -256 1176 ) 
4 979 980 (992 -288 1176 ) (1024 -288 1176 ) (1024 -288 1232 ) (992 -288 1232 ) 
4 980 981 (992 -400 1040 ) (992 -400 1232 ) (992 -288 1232 ) (992 -288 1040 ) 
4 981 999 (992 -400 1024 ) (720 -400 1024 ) (720 -288 1024 ) (992 -288 1024 ) 
4 981 982 (720 -320 1040 ) (720 -368 1040 ) (720 -368 1136 ) (720 -320 1136 ) 
4 982 984 (704 -368 1136 ) (704 -320 1136 ) (704 -320 1040 ) (704 -368 1040 ) 
4 983 985 (496 -240 1040 ) (496 -288 1040 ) (496 -288 1136 ) (496 -240 1136 ) 
4 983 984 (496 -288 1040 ) (592 -288 1040 ) (592 -288 1136 ) (496 -288 1136 ) 
4 984 985 (496 -288 1040 ) (496 -320 1040 ) (496 -320 1136 ) (496 -288 1136 ) 
4 985 986 (480 -240 1136 ) (480 -240 1040 ) (480 -320 1040 ) (480 -320 1136 ) 
4 986 989 (192 -256 1024 ) (192 -320 1024 ) (192 -320 1136 ) (192 -256 1136 ) 
4 986 987 (480 -320 1216 ) (192 -320 1216 ) (192 -320 1024 ) (480 -320 1024 ) 
4 987 995 (192 -640 1024 ) (192 -848 1024 ) (192 -848 1216 ) (192 -640 1216 ) 
4 987 989 (192 -320 1024 ) (192 -336 1024 ) (192 -336 1136 ) (192 -320 1136 ) 
4 988 1354 (0 0 1200 ) (0 0 1024 ) (0 -224 1024 ) (0 -224 1200 ) 
4 988 993 (0 -224 1200 ) (0 -224 1024 ) (48 -224 1024 ) (48 -224 1200 ) 
4 989 990 (176 -256 1024 ) (176 -336 1024 ) (176 -336 1136 ) (176 -256 1136 ) 
4 990 1002 (80 -336 1024 ) (80 -256 1024 ) (160 -256 1024 ) (160 -336 1024 ) 
4 990 992 (80 -352 1024 ) (160 -352 1024 ) (160 -352 1136 ) (80 -352 1136 ) 
4 990 991 (64 -256 1024 ) (64 -336 1024 ) (64 -336 1136 ) (64 -256 1136 ) 
4 991 993 (48 -256 1024 ) (48 -336 1024 ) (48 -336 1136 ) (48 -256 1136 ) 
4 992 994 (80 -368 1024 ) (160 -368 1024 ) (160 -368 1136 ) (80 -368 1136 ) 
4 993 1430 (0 -240 1024 ) (0 -352 1024 ) (0 -352 1200 ) (0 -240 1200 ) 
4 993 1404 (0 -224 1200 ) (0 -224 1024 ) (0 -240 1024 ) (0 -240 1200 ) 
4 994 996 (0 -624 1200 ) (0 -624 1024 ) (112 -624 1024 ) (112 -624 1200 ) 
4 997 998 (1024 -256 944 ) (736 -256 944 ) (736 0 944 ) (1024 0 944 ) 
4 999 1009 (720 -288 1008 ) (720 -288 816 ) (720 -400 816 ) (720 -400 1008 ) 
4 999 1000 (720 -400 1024 ) (720 -288 1024 ) (720 -288 1008 ) (720 -400 1008 ) 
4 1000 1009 (720 -288 1008 ) (720 -400 1008 ) (704 -400 1008 ) (704 -288 1008 ) 
4 1000 1001 (704 -288 1008 ) (704 -400 1008 ) (704 -400 1024 ) (704 -288 1024 ) 
4 1001 1008 (528 -208 1008 ) (704 -208 1008 ) (704 -288 1008 ) (528 -288 1008 ) 
4 1001 1009 (704 -288 1008 ) (704 -400 1008 ) (528 -400 1008 ) (528 -288 1008 ) 
4 1002 1010 (80 -336 1008 ) (80 -256 1008 ) (160 -256 1008 ) (160 -336 1008 ) 
4 1003 1006 (96 -176 912 ) (96 0 912 ) (576 0 912 ) (576 -176 912 ) 
4 1003 1005 (576 0 912 ) (648 0 912 ) (648 -176 912 ) (576 -176 912 ) 
4 1003 1004 (648 0 912 ) (704 0 912 ) (704 -176 912 ) (648 -176 912 ) 
4 1004 1007 (648 -176 816 ) (648 0 816 ) (704 0 816 ) (704 -176 816 ) 
4 1004 1005 (648 0 816 ) (648 -176 816 ) (648 -176 912 ) (648 0 912 ) 
4 1005 1008 (648 -208 912 ) (576 -208 912 ) (576 -208 816 ) (648 -208 816 ) 
4 1005 1007 (576 -176 816 ) (576 0 816 ) (648 0 816 ) (648 -176 816 ) 
4 1005 1006 (576 0 816 ) (576 -176 816 ) (576 -176 912 ) (576 0 912 ) 
4 1006 1007 (96 -176 816 ) (96 0 816 ) (576 0 816 ) (576 -176 816 ) 
4 1007 1016 (96 0 800 ) (704 0 800 ) (704 -176 800 ) (96 -176 800 ) 
4 1008 1009 (528 -288 1008 ) (528 -288 816 ) (704 -288 816 ) (704 -288 1008 ) 
4 1011 1357 (0 0 1008 ) (0 0 848 ) (0 -208 848 ) (0 -208 1008 ) 
4 1012 1360 (0 -96 800 ) (0 -208 800 ) (0 -208 816 ) (0 -96 816 ) 
4 1012 1359 (0 0 816 ) (0 0 800 ) (0 -96 800 ) (0 -96 816 ) 
4 1012 1021 (0 -208 800 ) (0 -192 800 ) (64 -192 800 ) (64 -208 800 ) 
4 1012 1020 (0 -192 800 ) (0 -176 800 ) (64 -176 800 ) (64 -192 800 ) 
4 1012 1017 (0 -176 800 ) (0 0 800 ) (64 0 800 ) (64 -176 800 ) 
4 1013 1016 (704 0 624 ) (704 -16 624 ) (704 -16 784 ) (704 0 784 ) 
4 1013 1015 (712 -16 784 ) (704 -16 784 ) (704 -16 624 ) (712 -16 624 ) 
4 1013 1014 (1024 -16 784 ) (712 -16 784 ) (712 -16 624 ) (1024 -16 624 ) 
4 1014 1018 (736 -176 720 ) (736 -176 624 ) (832 -176 624 ) (832 -176 720 ) 
4 1014 1015 (712 -16 784 ) (712 -16 624 ) (712 -176 624 ) (712 -176 784 ) 
4 1015 1016 (704 -16 624 ) (704 -176 624 ) (704 -176 784 ) (704 -16 784 ) 
4 1016 1019 (288 -176 784 ) (288 -176 624 ) (432 -176 624 ) (432 -176 784 ) 
4 1017 1372 (0 -176 800 ) (0 -96 800 ) (0 -96 624 ) (0 -176 624 ) 
4 1017 1361 (0 -96 800 ) (0 0 800 ) (0 0 624 ) (0 -96 624 ) 
4 1017 1020 (64 -176 800 ) (0 -176 800 ) (0 -176 624 ) (64 -176 624 ) 
4 1018 1022 (832 -192 624 ) (832 -192 720 ) (736 -192 720 ) (736 -192 624 ) 
4 1020 1372 (0 -192 800 ) (0 -176 800 ) (0 -176 624 ) (0 -192 624 ) 
4 1020 1023 (64 -192 624 ) (64 -192 720 ) (0 -192 720 ) (0 -192 624 ) 
4 1020 1021 (64 -192 720 ) (64 -192 800 ) (0 -192 800 ) (0 -192 720 ) 
4 1021 1372 (0 -208 800 ) (0 -192 800 ) (0 -192 720 ) (0 -208 720 ) 
4 1021 1023 (64 -208 720 ) (0 -208 720 ) (0 -192 720 ) (64 -192 720 ) 
4 1022 1024 (832 -208 720 ) (736 -208 720 ) (736 -208 624 ) (832 -208 624 ) 
4 1023 1372 (0 -192 720 ) (0 -192 624 ) (0 -208 624 ) (0 -208 720 ) 
4 1024 1112 (832 -1024 720 ) (736 -1024 720 ) (736 -1024 624 ) (832 -1024 624 ) 
4 1025 1026 (320 -480 624 ) (400 -480 624 ) (400 -544 624 ) (320 -544 624 ) 
4 1026 1036 (320 -480 608 ) (352 -480 608 ) (352 -544 608 ) (320 -544 608 ) 
4 1026 1032 (352 -480 608 ) (400 -480 608 ) (400 -544 608 ) (352 -544 608 ) 
4 1028 1113 (1024 -1024 432 ) (1024 -1024 608 ) (688 -1024 608 ) (688 -1024 432 ) 
4 1028 1029 (688 -1024 432 ) (688 -1024 608 ) (688 -640 608 ) (688 -640 432 ) 
4 1029 1113 (688 -1024 608 ) (672 -1024 608 ) (672 -1024 432 ) (688 -1024 432 ) 
4 1029 1030 (672 -1024 432 ) (672 -1024 608 ) (672 -640 608 ) (672 -640 432 ) 
4 1030 1113 (672 -1024 608 ) (592 -1024 608 ) (592 -1024 432 ) (672 -1024 432 ) 
4 1030 1031 (592 -848 560 ) (592 -848 432 ) (592 -960 432 ) (592 -960 560 ) 
4 1031 1033 (560 -960 432 ) (560 -960 560 ) (560 -848 560 ) (560 -848 432 ) 
4 1032 1036 (352 -544 608 ) (352 -480 608 ) (352 -480 592 ) (352 -544 592 ) 
4 1032 1033 (352 -544 592 ) (352 -480 592 ) (400 -480 592 ) (400 -544 592 ) 
4 1033 1037 (352 -768 592 ) (352 -400 592 ) (352 -400 432 ) (352 -768 432 ) 
4 1034 1045 (208 -32 432 ) (208 -32 448 ) (208 0 448 ) (208 0 432 ) 
4 1034 1040 (208 -32 448 ) (208 -32 568 ) (208 0 568 ) (208 0 448 ) 
4 1034 1038 (208 -32 568 ) (208 -32 592 ) (208 0 592 ) (208 0 568 ) 
4 1034 1035 (208 -32 592 ) (208 -32 432 ) (288 -32 432 ) (288 -32 592 ) 
4 1035 1046 (208 -368 432 ) (208 -368 448 ) (208 -32 448 ) (208 -32 432 ) 
4 1035 1040 (208 -368 448 ) (208 -368 568 ) (208 -32 568 ) (208 -32 448 ) 
4 1035 1038 (208 -368 568 ) (208 -368 592 ) (208 -32 592 ) (208 -32 568 ) 
4 1036 1037 (320 -480 592 ) (352 -480 592 ) (352 -544 592 ) (320 -544 592 ) 
4 1037 1051 (208 -656 592 ) (208 -512 592 ) (208 -512 432 ) (208 -656 432 ) 
4 1037 1042 (208 -400 528 ) (208 -400 448 ) (208 -464 448 ) (208 -464 528 ) 
4 1038 1040 (32 -368 568 ) (32 0 568 ) (208 0 568 ) (208 -368 568 ) 
4 1038 1039 (32 -368 592 ) (32 -368 568 ) (176 -368 568 ) (176 -368 592 ) 
4 1039 1044 (176 -480 568 ) (32 -480 568 ) (32 -464 568 ) (176 -464 568 ) 
4 1039 1043 (32 -464 568 ) (32 -400 568 ) (176 -400 568 ) (176 -464 568 ) 
4 1039 1041 (32 -400 568 ) (32 -368 568 ) (176 -368 568 ) (176 -400 568 ) 
4 1040 1046 (208 -32 448 ) (208 -368 448 ) (176 -368 448 ) (176 -32 448 ) 
4 1040 1047 (176 -368 448 ) (32 -368 448 ) (32 -32 448 ) (176 -32 448 ) 
4 1040 1045 (32 0 448 ) (208 0 448 ) (208 -32 448 ) (32 -32 448 ) 
4 1040 1041 (32 -368 568 ) (32 -368 448 ) (176 -368 448 ) (176 -368 568 ) 
4 1041 1048 (176 -400 448 ) (32 -400 448 ) (32 -368 448 ) (176 -368 448 ) 
4 1041 1043 (32 -400 448 ) (176 -400 448 ) (176 -400 568 ) (32 -400 568 ) 
4 1042 1043 (176 -400 528 ) (176 -400 448 ) (176 -464 448 ) (176 -464 528 ) 
4 1043 1049 (32 -400 448 ) (176 -400 448 ) (176 -464 448 ) (32 -464 448 ) 
4 1043 1044 (32 -464 448 ) (176 -464 448 ) (176 -464 568 ) (32 -464 568 ) 
4 1044 1050 (176 -480 448 ) (32 -480 448 ) (32 -464 448 ) (176 -464 448 ) 
4 1045 1046 (176 -32 432 ) (208 -32 432 ) (208 -32 448 ) (176 -32 448 ) 
4 1045 1047 (32 -32 448 ) (32 -32 432 ) (176 -32 432 ) (176 -32 448 ) 
4 1046 1047 (176 -32 448 ) (176 -32 432 ) (176 -368 432 ) (176 -368 448 ) 
4 1047 1105 (176 -368 416 ) (32 -368 416 ) (32 -32 416 ) (176 -32 416 ) 
4 1047 1048 (176 -368 448 ) (32 -368 448 ) (32 -368 416 ) (176 -368 416 ) 
4 1048 1105 (32 -368 416 ) (176 -368 416 ) (176 -400 416 ) (32 -400 416 ) 
4 1048 1049 (32 -400 448 ) (32 -400 416 ) (176 -400 416 ) (176 -400 448 ) 
4 1049 1105 (176 -464 416 ) (32 -464 416 ) (32 -400 416 ) (176 -400 416 ) 
4 1049 1050 (32 -464 448 ) (32 -464 416 ) (176 -464 416 ) (176 -464 448 ) 
4 1050 1105 (176 -480 416 ) (32 -480 416 ) (32 -464 416 ) (176 -464 416 ) 
4 1051 1052 (16 -656 432 ) (16 -656 592 ) (16 -512 592 ) (16 -512 432 ) 
4 1052 1482 (0 -512 448 ) (0 -512 432 ) (0 -656 432 ) (0 -656 448 ) 
4 1052 1443 (0 -516.625000 448 ) (0 -656 448 ) (0 -656 507.590027 ) (0 -516.625000 507.590027 ) 
4 1052 1439 (0 -512 507.590027 ) (0 -512 448 ) (0 -516.625000 448 ) (0 -516.625000 507.590027 ) 
4 1052 1438 (0 -656 592 ) (0 -512 592 ) (0 -512 507.590027 ) (0 -656 507.590027 ) 
4 1053 1054 (992 -48 240 ) (992 -48 400 ) (992 0 400 ) (992 0 240 ) 
4 1054 1080 (784 -8 160 ) (784 -48 160 ) (784 -48 400 ) (784 -8 400 ) 
4 1054 1077 (784 0 400 ) (784 0 160 ) (784 -8 160 ) (784 -8 400 ) 
4 1055 1057 (976 0 -224 ) (976 -160 -224 ) (976 -160 -16 ) (976 0 -16 ) 
4 1055 1056 (976 -160 -128 ) (976 -160 -224 ) (1024 -160 -224 ) (1024 -160 -128 ) 
4 1056 1060 (976 -368 -224 ) (1024 -368 -224 ) (1024 -368 -128 ) (976 -368 -128 ) 
4 1056 1057 (976 -160 -224 ) (976 -176 -224 ) (976 -176 -128 ) (976 -160 -128 ) 
4 1057 1058 (960 0 -224 ) (960 -176 -224 ) (960 -176 -16 ) (960 0 -16 ) 
4 1058 1061 (896 0 -224 ) (896 -352 -224 ) (896 -352 -16 ) (896 0 -16 ) 
4 1058 1059 (896 -352 -128 ) (896 -352 -224 ) (960 -352 -224 ) (960 -352 -128 ) 
4 1059 1060 (896 -368 -128 ) (896 -368 -224 ) (960 -368 -224 ) (960 -368 -128 ) 
4 1060 1066 (896 -544 -224 ) (896 -1008 -224 ) (896 -1008 -16 ) (896 -544 -16 ) 
4 1061 1062 (880 0 -224 ) (880 -352 -224 ) (880 -352 -16 ) (880 0 -16 ) 
4 1062 1064 (816 0 -224 ) (816 -240 -224 ) (816 -240 -16 ) (816 0 -16 ) 
4 1062 1063 (816 -352 -128 ) (816 -352 -224 ) (880 -352 -224 ) (880 -352 -128 ) 
4 1063 1067 (816 -384 -224 ) (880 -384 -224 ) (880 -384 -128 ) (816 -384 -128 ) 
4 1064 1065 (800 0 -224 ) (800 -240 -224 ) (800 -240 -16 ) (800 0 -16 ) 
4 1065 1082 (784 -384 -16 ) (784 -360 -16 ) (784 -360 -224 ) (784 -384 -224 ) 
4 1065 1081 (784 -360 -16 ) (784 -8 -16 ) (784 -8 -224 ) (784 -360 -224 ) 
4 1065 1078 (784 -8 -16 ) (784 0 -16 ) (784 0 -224 ) (784 -8 -224 ) 
4 1065 1067 (784 -384 -224 ) (800 -384 -224 ) (800 -384 -16 ) (784 -384 -16 ) 
4 1066 1067 (880 -544 -224 ) (880 -1008 -224 ) (880 -1008 -16 ) (880 -544 -16 ) 
4 1067 1101 (784 -1008 -16 ) (784 -488 -16 ) (784 -488 -224 ) (784 -1008 -224 ) 
4 1067 1084 (784 -488 -16 ) (784 -408 -16 ) (784 -408 -224 ) (784 -488 -224 ) 
4 1067 1082 (784 -408 -16 ) (784 -384 -16 ) (784 -384 -224 ) (784 -408 -224 ) 
4 1068 1072 (904 -480 -1816 ) (872 -480 -1816 ) (872 -360 -1816 ) (904 -360 -1816 ) 
4 1068 1069 (872 -416 -1792 ) (872 -416 -248 ) (872 -360 -248 ) (872 -360 -1792 ) 
4 1068 1070 (872 -416 -1816 ) (872 -480 -1816 ) (872 -480 -248 ) (872 -416 -248 ) 
4 1069 1070 (840 -416 -248 ) (840 -416 -1792 ) (872 -416 -1792 ) (872 -416 -248 ) 
4 1069 1071 (840 -416 -1792 ) (840 -416 -248 ) (840 -360 -248 ) (840 -360 -1792 ) 
4 1070 1072 (872 -480 -1816 ) (840 -480 -1816 ) (840 -416 -1816 ) (872 -416 -1816 ) 
4 1070 1071 (840 -416 -1816 ) (840 -480 -1816 ) (840 -480 -248 ) (840 -416 -248 ) 
4 1071 1076 (792 -440 -1656 ) (792 -416 -1656 ) (792 -416 -1704 ) (792 -440 -1704 ) 
4 1071 1075 (792 -408 -712 ) (792 -360 -712 ) (792 -360 -800 ) (792 -408 -800 ) 
4 1071 1073 (840 -480 -1816 ) (792 -480 -1816 ) (792 -372 -1816 ) (840 -372 -1816 ) 
4 1072 1111 (840 -360 -1864 ) (904 -360 -1864 ) (904 -480 -1864 ) (840 -480 -1864 ) 
4 1072 1073 (840 -480 -1840 ) (840 -480 -1816 ) (840 -372 -1816 ) (840 -384 -1840 ) 
4 1072 1074 (840 -480 -1864 ) (840 -480 -1840 ) (840 -360 -1840 ) (840 -360 -1864 ) 
4 1073 1074 (840 -384 -1840 ) (840 -480 -1840 ) (792 -480 -1840 ) (792 -384 -1840 ) 
4 1074 1111 (792 -480 -1864 ) (792 -360 -1864 ) (840 -360 -1864 ) (840 -480 -1864 ) 
4 1075 1083 (784 -408 -712 ) (784 -360 -712 ) (784 -360 -800 ) (784 -408 -800 ) 
4 1077 1080 (208 -8 400 ) (208 -8 160 ) (784 -8 160 ) (784 -8 400 ) 
4 1078 1095 (208 -8 -16 ) (208 -8 -224 ) (256 -8 -224 ) (256 -8 -16 ) 
4 1078 1094 (256 -8 -224 ) (272 -8 -224 ) (272 -8 -16 ) (256 -8 -16 ) 
4 1078 1092 (272 -8 -224 ) (336 -8 -224 ) (336 -8 -16 ) (272 -8 -16 ) 
4 1078 1091 (336 -8 -224 ) (352 -8 -224 ) (352 -8 -16 ) (336 -8 -16 ) 
4 1078 1088 (352 -8 -224 ) (416 -8 -224 ) (416 -8 -16 ) (352 -8 -16 ) 
4 1078 1086 (416 -8 -224 ) (432 -8 -224 ) (432 -8 -16 ) (416 -8 -16 ) 
4 1078 1085 (432 -8 -224 ) (776 -8 -224 ) (776 -8 -16 ) (432 -8 -16 ) 
4 1078 1081 (776 -8 -224 ) (784 -8 -224 ) (784 -8 -16 ) (776 -8 -16 ) 
4 1079 1099 (472 -8 -800 ) (592 -8 -800 ) (592 -8 -664 ) (472 -8 -664 ) 
4 1081 1085 (776 -360 -16 ) (776 -8 -16 ) (776 -8 -224 ) (776 -360 -224 ) 
4 1081 1082 (776 -360 -16 ) (776 -360 -224 ) (784 -360 -224 ) (784 -360 -16 ) 
4 1082 1085 (776 -408 -16 ) (776 -360 -16 ) (776 -360 -224 ) (776 -408 -224 ) 
4 1082 1084 (776 -408 -16 ) (776 -408 -224 ) (784 -408 -224 ) (784 -408 -16 ) 
4 1083 1098 (776 -360 -712 ) (776 -360 -800 ) (776 -408 -800 ) (776 -408 -712 ) 
4 1084 1101 (784 -488 -224 ) (784 -488 -16 ) (776 -488 -16 ) (776 -488 -224 ) 
4 1084 1085 (776 -488 -224 ) (776 -488 -16 ) (776 -408 -16 ) (776 -408 -224 ) 
4 1085 1101 (776 -488 -16 ) (432 -488 -16 ) (432 -488 -224 ) (776 -488 -224 ) 
4 1085 1086 (432 -8 -224 ) (432 -240 -224 ) (432 -240 -16 ) (432 -8 -16 ) 
4 1085 1087 (432 -384 -224 ) (432 -488 -224 ) (432 -488 -16 ) (432 -384 -16 ) 
4 1086 1088 (416 -8 -224 ) (416 -240 -224 ) (416 -240 -16 ) (416 -8 -16 ) 
4 1087 1101 (432 -488 -16 ) (416 -488 -16 ) (416 -488 -224 ) (432 -488 -224 ) 
4 1087 1090 (416 -384 -224 ) (416 -488 -224 ) (416 -488 -16 ) (416 -384 -16 ) 
4 1088 1091 (352 -8 -224 ) (352 -352 -224 ) (352 -352 -16 ) (352 -8 -16 ) 
4 1088 1089 (352 -352 -128 ) (352 -352 -224 ) (416 -352 -224 ) (416 -352 -128 ) 
4 1089 1090 (352 -384 -128 ) (352 -384 -224 ) (416 -384 -224 ) (416 -384 -128 ) 
4 1090 1101 (416 -488 -16 ) (352 -488 -16 ) (352 -488 -224 ) (416 -488 -224 ) 
4 1091 1092 (336 -8 -224 ) (336 -352 -224 ) (336 -352 -16 ) (336 -8 -16 ) 
4 1092 1094 (272 -8 -224 ) (272 -176 -224 ) (272 -176 -16 ) (272 -8 -16 ) 
4 1092 1093 (272 -352 -128 ) (272 -352 -224 ) (336 -352 -224 ) (336 -352 -128 ) 
4 1093 1097 (272 -368 -224 ) (336 -368 -224 ) (336 -368 -128 ) (272 -368 -128 ) 
4 1094 1096 (256 -160 -224 ) (256 -176 -224 ) (256 -176 -128 ) (256 -160 -128 ) 
4 1094 1095 (256 -8 -224 ) (256 -160 -224 ) (256 -160 -16 ) (256 -8 -16 ) 
4 1095 1096 (208 -160 -224 ) (256 -160 -224 ) (256 -160 -128 ) (208 -160 -128 ) 
4 1096 1097 (208 -368 -224 ) (256 -368 -224 ) (256 -368 -128 ) (208 -368 -128 ) 
4 1097 1103 (336 -488 -16 ) (208 -488 -16 ) (208 -488 -224 ) (336 -488 -224 ) 
4 1098 1099 (656 -144 -664 ) (656 -8 -664 ) (656 -8 -800 ) (656 -144 -800 ) 
4 1099 1100 (408 -8 -664 ) (408 -8 -800 ) (408 -144 -800 ) (408 -144 -664 ) 
4 1101 1102 (352 -544 -224 ) (352 -1008 -224 ) (352 -1008 -16 ) (352 -544 -16 ) 
4 1102 1103 (336 -544 -224 ) (336 -1008 -224 ) (336 -1008 -16 ) (336 -544 -16 ) 
4 1104 1106 (32 -16 -224 ) (32 -16 208 ) (32 0 208 ) (32 0 -224 ) 
4 1106 1109 (16 -16 -224 ) (16 -16 208 ) (16 0 208 ) (16 0 -224 ) 
4 1107 1377 (0 0 408 ) (0 0 344 ) (0 -216 344 ) (0 -216 408 ) 
4 1107 1110 (8 -216 344 ) (0 -216 344 ) (0 -208 344 ) (8 -208 344 ) 
4 1107 1108 (0 -208 344 ) (0 0 344 ) (8 0 344 ) (8 -208 344 ) 
4 1108 1377 (0 0 344 ) (0 0 232 ) (0 -208 232 ) (0 -208 344 ) 
4 1108 1110 (8 -208 344 ) (0 -208 344 ) (0 -208 232 ) (8 -208 232 ) 
4 1109 1483 (0 0 88 ) (0 0 -224 ) (0 -208 -224 ) (0 -208 88 ) 
4 1109 1378 (0 0 208 ) (0 0 88 ) (0 -208 88 ) (0 -208 208 ) 
4 1110 1377 (0 -216 232 ) (0 -216 344 ) (0 -208 344 ) (0 -208 232 ) 
4 1112 1114 (736 -2048 624 ) (832 -2048 624 ) (832 -2048 720 ) (736 -2048 720 ) 
4 1115 1123 (-352 1024 2576 ) (-8 1024 2576 ) (-8 888 2576 ) (-352 888 2576 ) 
4 1115 1117 (-8 888 2576 ) (-8 888 2784 ) (-352 888 2784 ) (-352 888 2576 ) 
4 1116 1117 (-504 888 2784 ) (-504 888 2616 ) (-384 888 2616 ) (-384 888 2784 ) 
4 1117 1145 (-384 712 2576 ) (-504 712 2576 ) (-504 752 2576 ) (-384 752 2576 ) 
4 1117 1143 (-504 752 2576 ) (-504 888 2576 ) (-384 888 2576 ) (-384 752 2576 ) 
4 1117 1134 (-352 712 2576 ) (-384 712 2576 ) (-384 720 2576 ) (-352 720 2576 ) 
4 1117 1133 (-8 720 2576 ) (-8 712 2576 ) (-352 712 2576 ) (-352 720 2576 ) 
4 1117 1130 (-368 720 2576 ) (-384 720 2576 ) (-384 888 2576 ) (-368 888 2576 ) 
4 1117 1129 (-352 720 2576 ) (-368 720 2576 ) (-368 736 2576 ) (-352 736 2576 ) 
4 1117 1127 (-368 736 2576 ) (-368 888 2576 ) (-352 888 2576 ) (-352 736 2576 ) 
4 1117 1123 (-8 888 2576 ) (-8 720 2576 ) (-352 720 2576 ) (-352 888 2576 ) 
4 1117 1118 (-448 712 2592 ) (-368 712 2592 ) (-368 712 2688 ) (-448 712 2688 ) 
4 1118 1119 (-448 192 2592 ) (-448 112 2592 ) (-448 112 2688 ) (-448 192 2688 ) 
4 1119 1120 (-504 112 2688 ) (-504 192 2688 ) (-504 192 2592 ) (-504 112 2592 ) 
4 1120 1122 (-640 112 2592 ) (-560 112 2592 ) (-560 112 2688 ) (-640 112 2688 ) 
4 1120 1121 (-752 192 2592 ) (-752 112 2592 ) (-752 112 2688 ) (-752 192 2688 ) 
4 1122 1353 (-640 0 2592 ) (-560 0 2592 ) (-560 0 2688 ) (-640 0 2688 ) 
4 1123 1133 (-8 720 2576 ) (-352 720 2576 ) (-352 720 2496 ) (-8 720 2496 ) 
4 1123 1129 (-352 720 2496 ) (-352 720 2576 ) (-352 736 2576 ) (-352 736 2496 ) 
4 1123 1127 (-352 736 2576 ) (-352 888 2576 ) (-352 888 2496 ) (-352 736 2496 ) 
4 1124 1125 (-8 736 816 ) (-8 736 1008 ) (-8 1024 1008 ) (-8 1024 816 ) 
4 1125 1128 (-352 736 816 ) (-352 736 1008 ) (-352 888 1008 ) (-352 888 816 ) 
4 1125 1126 (-352 888 1008 ) (-352 1024 1008 ) (-352 1024 816 ) (-352 888 816 ) 
4 1126 1128 (-368 888 1008 ) (-368 888 816 ) (-352 888 816 ) (-352 888 1008 ) 
4 1127 1130 (-368 736 2496 ) (-368 736 2576 ) (-368 888 2576 ) (-368 888 2496 ) 
4 1127 1129 (-368 736 2576 ) (-368 736 2496 ) (-352 736 2496 ) (-352 736 2576 ) 
4 1129 1134 (-352 720 2496 ) (-352 720 2576 ) (-368 720 2576 ) (-368 720 2496 ) 
4 1129 1130 (-368 720 2496 ) (-368 720 2576 ) (-368 736 2576 ) (-368 736 2496 ) 
4 1130 1145 (-384 720 2496 ) (-384 720 2576 ) (-384 752 2576 ) (-384 752 2496 ) 
4 1130 1143 (-384 752 2576 ) (-384 888 2576 ) (-384 888 2496 ) (-384 752 2496 ) 
4 1130 1134 (-384 720 2576 ) (-384 720 2496 ) (-368 720 2496 ) (-368 720 2576 ) 
4 1131 1132 (-288 1016 768 ) (-288 720 768 ) (-288 720 800 ) (-288 1016 800 ) 
4 1133 1134 (-352 720 2576 ) (-352 720 2496 ) (-352 712 2496 ) (-352 712 2576 ) 
4 1134 1145 (-384 712 2576 ) (-384 720 2576 ) (-384 720 2496 ) (-384 712 2496 ) 
4 1135 1139 (0 528 1008 ) (0 512 1008 ) (-96 512 1008 ) (-96 528 1008 ) 
4 1135 1137 (0 688 1008 ) (0 528 1008 ) (-96 528 1008 ) (-96 688 1008 ) 
4 1135 1136 (-96 704 1008 ) (0 704 1008 ) (0 688 1008 ) (-96 688 1008 ) 
4 1136 1157 (-96 704 768 ) (0 704 768 ) (0 688 768 ) (-96 688 768 ) 
4 1136 1138 (-96 688 768 ) (0 688 768 ) (0 688 960 ) (-96 688 960 ) 
4 1136 1137 (0 688 960 ) (0 688 1008 ) (-96 688 1008 ) (-96 688 960 ) 
4 1137 1140 (-128 528 1008 ) (-128 688 1008 ) (-128 688 960 ) (-128 528 960 ) 
4 1137 1139 (-96 528 960 ) (0 528 960 ) (0 528 1008 ) (-96 528 1008 ) 
4 1137 1138 (0 528 960 ) (-96 528 960 ) (-96 688 960 ) (0 688 960 ) 
4 1138 1162 (0 544 768 ) (0 528 768 ) (-96 528 768 ) (-96 544 768 ) 
4 1138 1159 (0 640 768 ) (0 544 768 ) (-96 544 768 ) (-96 640 768 ) 
4 1138 1158 (-96 688 768 ) (0 688 768 ) (0 640 768 ) (-96 640 768 ) 
4 1138 1139 (-96 528 768 ) (0 528 768 ) (0 528 960 ) (-96 528 960 ) 
4 1139 1162 (-96 528 768 ) (0 528 768 ) (0 512 768 ) (-96 512 768 ) 
4 1140 1141 (-368 512 1008 ) (-368 704 1008 ) (-368 704 848 ) (-368 512 848 ) 
4 1141 1148 (-384 512 1008 ) (-384 704 1008 ) (-384 704 848 ) (-384 512 848 ) 
4 1142 1165 (-504 1008 768 ) (-432 1008 768 ) (-432 888 768 ) (-504 888 768 ) 
4 1142 1147 (-504 1008 784 ) (-504 1008 768 ) (-504 888 768 ) (-504 888 784 ) 
4 1142 1144 (-504 888 784 ) (-504 888 768 ) (-432 888 768 ) (-432 888 784 ) 
4 1143 1145 (-504 752 2576 ) (-504 752 2496 ) (-384 752 2496 ) (-384 752 2576 ) 
4 1144 1165 (-432 752 768 ) (-504 752 768 ) (-504 888 768 ) (-432 888 768 ) 
4 1144 1147 (-504 888 768 ) (-504 752 768 ) (-504 752 784 ) (-504 888 784 ) 
4 1144 1146 (-504 752 784 ) (-504 752 768 ) (-432 752 768 ) (-432 752 784 ) 
4 1146 1165 (-432 704 768 ) (-504 704 768 ) (-504 752 768 ) (-432 752 768 ) 
4 1146 1164 (-400 704 768 ) (-432 704 768 ) (-432 752 768 ) (-400 752 768 ) 
4 1146 1150 (-504 704 768 ) (-400 704 768 ) (-400 704 784 ) (-504 704 784 ) 
4 1146 1147 (-504 752 768 ) (-504 704 768 ) (-504 704 784 ) (-504 752 784 ) 
4 1147 1165 (-1008 704 768 ) (-1008 1008 768 ) (-504 1008 768 ) (-504 704 768 ) 
4 1147 1150 (-1008 704 784 ) (-1008 704 768 ) (-504 704 768 ) (-504 704 784 ) 
4 1148 1151 (-384 512 848 ) (-384 512 1008 ) (-400 512 1008 ) (-400 512 848 ) 
4 1148 1149 (-400 512 848 ) (-400 512 1008 ) (-400 704 1008 ) (-400 704 848 ) 
4 1149 1154 (-1008 512 1008 ) (-1008 512 848 ) (-464 512 848 ) (-464 512 1008 ) 
4 1149 1152 (-464 512 848 ) (-416 512 848 ) (-416 512 1008 ) (-464 512 1008 ) 
4 1149 1151 (-416 512 848 ) (-400 512 848 ) (-400 512 1008 ) (-416 512 1008 ) 
4 1150 1165 (-1008 512 768 ) (-1008 704 768 ) (-432 704 768 ) (-432 512 768 ) 
4 1150 1164 (-432 704 768 ) (-400 704 768 ) (-400 512 768 ) (-432 512 768 ) 
4 1150 1153 (-464 512 768 ) (-416 512 768 ) (-416 512 784 ) (-464 512 784 ) 
4 1151 1152 (-416 496 1008 ) (-416 512 1008 ) (-416 512 848 ) (-416 496 848 ) 
4 1152 1154 (-464 496 1008 ) (-464 512 1008 ) (-464 512 848 ) (-464 496 848 ) 
4 1153 1168 (-464 496 768 ) (-416 496 768 ) (-416 496 784 ) (-464 496 784 ) 
4 1153 1167 (-416 496 768 ) (-464 496 768 ) (-464 512 768 ) (-416 512 768 ) 
4 1154 1169 (-1008 496 1008 ) (-1008 496 848 ) (-784 496 848 ) (-784 496 1008 ) 
4 1155 1187 (-352 1024 608 ) (0 1024 608 ) (0 736 608 ) (-352 736 608 ) 
4 1155 1156 (-352 992 608 ) (-352 768 608 ) (-352 768 736 ) (-352 992 736 ) 
4 1156 1194 (-352 992 608 ) (-352 768 608 ) (-384 768 608 ) (-384 992 608 ) 
4 1157 1188 (0 704 608 ) (0 688 608 ) (-96 688 608 ) (-96 704 608 ) 
4 1157 1158 (-96 688 608 ) (0 688 608 ) (0 688 768 ) (-96 688 768 ) 
4 1158 1188 (0 688 608 ) (0 640 608 ) (-96 640 608 ) (-96 688 608 ) 
4 1158 1161 (-96 640 608 ) (0 640 608 ) (0 640 656 ) (-96 640 656 ) 
4 1158 1160 (0 640 656 ) (0 640 736 ) (-96 640 736 ) (-96 640 656 ) 
4 1158 1159 (0 640 736 ) (0 640 768 ) (-96 640 768 ) (-96 640 736 ) 
4 1159 1162 (-96 544 736 ) (0 544 736 ) (0 544 768 ) (-96 544 768 ) 
4 1159 1160 (0 544 736 ) (-96 544 736 ) (-96 640 736 ) (0 640 736 ) 
4 1160 1163 (-128 544 656 ) (-128 544 736 ) (-128 640 736 ) (-128 640 656 ) 
4 1160 1162 (-96 544 656 ) (0 544 656 ) (0 544 736 ) (-96 544 736 ) 
4 1160 1161 (0 544 656 ) (-96 544 656 ) (-96 640 656 ) (0 640 656 ) 
4 1161 1188 (0 640 608 ) (0 544 608 ) (-96 544 608 ) (-96 640 608 ) 
4 1161 1162 (-96 544 608 ) (0 544 608 ) (0 544 656 ) (-96 544 656 ) 
4 1162 1188 (0 544 608 ) (0 512 608 ) (-96 512 608 ) (-96 544 608 ) 
4 1164 1167 (-416 512 768 ) (-432 512 768 ) (-432 512 640 ) (-416 512 640 ) 
4 1164 1165 (-432 512 624 ) (-432 512 768 ) (-432 752 768 ) (-432 752 624 ) 
4 1165 1167 (-432 512 640 ) (-432 512 768 ) (-464 512 768 ) (-464 512 640 ) 
4 1165 1166 (-1008 1008 624 ) (-960 1008 624 ) (-960 960 624 ) (-1008 960 624 ) 
4 1166 1201 (-1008 1008 608 ) (-960 1008 608 ) (-960 960 608 ) (-1008 960 608 ) 
4 1167 1168 (-416 496 640 ) (-416 496 768 ) (-464 496 768 ) (-464 496 640 ) 
4 1168 1182 (-464 480 672 ) (-464 480 640 ) (-416 480 640 ) (-416 480 672 ) 
4 1168 1178 (-464 480 784 ) (-464 480 672 ) (-416 480 672 ) (-416 480 784 ) 
4 1169 1176 (-1008 480 1008 ) (-1008 480 848 ) (-784 480 848 ) (-784 480 1008 ) 
4 1170 1172 (-768 192 1024 ) (-768 336 1024 ) (0 336 1024 ) (0 192 1024 ) 
4 1171 1356 (-560 0 1200 ) (-768 0 1200 ) (-768 0 1024 ) (-560 0 1024 ) 
4 1171 1355 (-416 0 1200 ) (-560 0 1200 ) (-560 0 1024 ) (-416 0 1024 ) 
4 1171 1354 (0 0 1024 ) (0 0 1200 ) (-416 0 1200 ) (-416 0 1024 ) 
4 1172 1173 (-768 192 1008 ) (-768 336 1008 ) (0 336 1008 ) (0 192 1008 ) 
4 1173 1175 (-768 336 896 ) (-768 192 896 ) (-768 192 976 ) (-768 336 976 ) 
4 1174 1357 (0 0 848 ) (0 0 1008 ) (-768 0 1008 ) (-768 0 848 ) 
4 1175 1176 (-784 336 896 ) (-784 192 896 ) (-784 192 976 ) (-784 336 976 ) 
4 1176 1380 (-1008 0 1008 ) (-1008 0 848 ) (-784 0 848 ) (-784 0 1008 ) 
4 1176 1177 (-1008 256 896 ) (-1008 56 896 ) (-1008 56 992 ) (-1008 256 992 ) 
4 1177 1341 (-1024 56 992 ) (-1024 256 992 ) (-1024 256 896 ) (-1024 56 896 ) 
4 1178 1361 (0 0 672 ) (0 0 800 ) (-576 0 800 ) (-576 0 672 ) 
4 1178 1359 (0 0 800 ) (0 0 816 ) (-576 0 816 ) (-576 0 800 ) 
4 1178 1182 (0 0 672 ) (-576 0 672 ) (-576 480 672 ) (0 480 672 ) 
4 1179 1387 (-1008 0 688 ) (-1008 0 672 ) (-800 0 672 ) (-800 0 688 ) 
4 1179 1386 (-800 0 672 ) (-784 0 672 ) (-784 0 688 ) (-800 0 688 ) 
4 1179 1383 (-1008 0 784 ) (-1008 0 688 ) (-784 0 688 ) (-784 0 784 ) 
4 1179 1367 (-784 0 672 ) (-672 0 672 ) (-672 0 784 ) (-784 0 784 ) 
4 1179 1363 (-672 0 672 ) (-608 0 672 ) (-608 0 784 ) (-672 0 784 ) 
4 1179 1186 (-1008 408 688 ) (-1008 36 688 ) (-1008 36 748 ) (-1008 408 748 ) 
3 1179 1185 (-666.185059 0 672 ) (-932.363953 0 672 ) (-781.915405 127.303047 672 ) 
4 1179 1184 (-608 0 672 ) (-630.588318 0 672 ) (-699.986572 196.627640 672 ) (-608 274.462677 672 ) 
5 1179 1183 (-800 480 672 ) (-608 480 672 ) (-608 274.462677 672 ) (-610.910400 272 672 ) (-726.588684 272 672 ) 
4 1179 1181 (-983.526184 0 672 ) (-1008 0 672 ) (-1008 272 672 ) (-904.875305 205.705872 672 ) 
4 1179 1180 (-1008 272 672 ) (-1008 480 672 ) (-800 480 672 ) (-879.527954 272 672 ) 
4 1181 1388 (-983.526184 0 672 ) (-1008 0 672 ) (-1008 0 624 ) (-983.526184 0 624 ) 
4 1182 1361 (0 0 624 ) (0 0 672 ) (-576 0 672 ) (-576 0 624 ) 
4 1183 1184 (-608 274.464844 624 ) (-608 274.464844 672 ) (-610.912964 272 672 ) (-610.912964 272 624 ) 
4 1184 1364 (-608 0 672 ) (-630.588318 0 672 ) (-630.588257 0 624 ) (-608 0 624 ) 
4 1185 1389 (-800 0 672 ) (-932.363953 0 672 ) (-932.363953 0 624 ) (-800 0 624 ) 
4 1185 1386 (-784 0 672 ) (-800 0 672 ) (-800 0 624 ) (-784 0 624 ) 
4 1185 1367 (-672 0 672 ) (-784 0 672 ) (-784 0 624 ) (-672 0 624 ) 
4 1185 1365 (-666.185059 0 672 ) (-672 0 672 ) (-672 0 624 ) (-666.182739 0 624 ) 
4 1186 1345 (-1024 36 748 ) (-1024 56 748 ) (-1024 56 688 ) (-1024 36 688 ) 
4 1186 1343 (-1024 56 748 ) (-1024 408 748 ) (-1024 408 688 ) (-1024 56 688 ) 
4 1187 1195 (-352 776 568 ) (-352 840 568 ) (-352 840 536 ) (-352 776 536 ) 
4 1187 1194 (-352 768 608 ) (-352 992 608 ) (-352 992 576 ) (-352 768 576 ) 
4 1187 1190 (-352 736 576 ) (-352 736 528 ) (-96 736 528 ) (-96 736 576 ) 
4 1187 1188 (-96 736 528 ) (0 736 528 ) (0 736 608 ) (-96 736 608 ) 
4 1188 1190 (-96 736 576 ) (-96 736 448 ) (-96 512 448 ) (-96 512 576 ) 
4 1188 1189 (-96 512 576 ) (-96 512 448 ) (0 512 448 ) (0 512 576 ) 
4 1189 1191 (0 384 448 ) (0 384 576 ) (-96 384 576 ) (-96 384 448 ) 
4 1189 1190 (-96 512 448 ) (-96 384 448 ) (-96 384 576 ) (-96 512 576 ) 
4 1190 1198 (-352 480 544 ) (-352 480 448 ) (-352 416 448 ) (-352 416 544 ) 
4 1190 1197 (-352 640 480 ) (-352 576 480 ) (-352 576 536 ) (-352 640 536 ) 
4 1190 1196 (-352 640 536 ) (-352 576 536 ) (-352 576 544 ) (-352 640 544 ) 
4 1190 1191 (-160 384 448 ) (-96 384 448 ) (-96 384 576 ) (-160 384 576 ) 
4 1191 1362 (0 0 448 ) (0 0 576 ) (-160 0 576 ) (-160 0 448 ) 
4 1191 1192 (-160 128 448 ) (-160 64 448 ) (-160 64 568 ) (-160 128 568 ) 
4 1192 1193 (-176 128 448 ) (-176 64 448 ) (-176 64 568 ) (-176 128 568 ) 
4 1193 1199 (-352 16 448 ) (-352 16 576 ) (-352 352 576 ) (-352 352 448 ) 
4 1195 1205 (-384 776 568 ) (-384 840 568 ) (-384 840 536 ) (-384 776 536 ) 
4 1196 1210 (-384 576 536 ) (-384 576 544 ) (-384 640 544 ) (-384 640 536 ) 
4 1196 1197 (-352 576 536 ) (-384 576 536 ) (-384 640 536 ) (-352 640 536 ) 
4 1197 1210 (-384 576 480 ) (-384 576 536 ) (-384 640 536 ) (-384 640 480 ) 
4 1198 1210 (-384 416 448 ) (-384 416 544 ) (-384 480 544 ) (-384 480 448 ) 
4 1199 1211 (-384 16 448 ) (-384 16 576 ) (-384 352 576 ) (-384 352 448 ) 
4 1200 1202 (-432 960 432 ) (-432 960 528 ) (-432 1024 528 ) (-432 1024 432 ) 
4 1201 1204 (-1008 960 560 ) (-1008 960 608 ) (-1008 1024 608 ) (-1008 1024 560 ) 
4 1201 1203 (-1008 960 608 ) (-1008 960 560 ) (-432 960 560 ) (-432 960 608 ) 
4 1203 1204 (-1008 944 560 ) (-1008 944 608 ) (-1008 960 608 ) (-1008 960 560 ) 
4 1204 1344 (-1024 1008 560 ) (-1024 944 560 ) (-1024 944 608 ) (-1024 1008 608 ) 
4 1204 1342 (-1024 1024 608 ) (-1024 1024 560 ) (-1024 1008 560 ) (-1024 1008 608 ) 
4 1205 1206 (-464 840 536 ) (-464 776 536 ) (-464 776 568 ) (-464 840 568 ) 
4 1206 1208 (-800 720 576 ) (-1008 720 576 ) (-1008 720 448 ) (-800 720 448 ) 
4 1206 1207 (-520 720 556 ) (-580 720 556 ) (-580 720 476 ) (-520 720 476 ) 
4 1207 1209 (-520 704 556 ) (-580 704 556 ) (-580 704 476 ) (-520 704 476 ) 
4 1208 1214 (-800 704 448 ) (-800 704 576 ) (-1008 704 576 ) (-1008 704 448 ) 
4 1209 1210 (-580 640 476 ) (-520 640 476 ) (-520 640 556 ) (-580 640 556 ) 
4 1211 1213 (-640 16 448 ) (-640 16 576 ) (-640 352 576 ) (-640 352 448 ) 
4 1212 1213 (-784 352 576 ) (-784 352 448 ) (-672 352 448 ) (-672 352 576 ) 
4 1214 1390 (-1008 0 576 ) (-1008 0 448 ) (-800 0 448 ) (-800 0 576 ) 
4 1214 1215 (-936 416 448 ) (-856 416 448 ) (-856 352 448 ) (-936 352 448 ) 
4 1215 1249 (-936 416 416 ) (-856 416 416 ) (-856 352 416 ) (-936 352 416 ) 
4 1216 1252 (-528 1024 272 ) (0 1024 272 ) (0 880 272 ) (-528 880 272 ) 
4 1217 1253 (0 848 272 ) (0 688 272 ) (-560 688 272 ) (-560 848 272 ) 
4 1217 1218 (-560 848 272 ) (-560 688 272 ) (-560 688 400 ) (-560 848 400 ) 
4 1218 1254 (-752 1024 272 ) (-560 1024 272 ) (-560 688 272 ) (-752 688 272 ) 
4 1218 1219 (-752 1024 272 ) (-752 688 272 ) (-752 688 400 ) (-752 1024 400 ) 
4 1219 1255 (-768 1024 272 ) (-752 1024 272 ) (-752 672 272 ) (-768 672 272 ) 
4 1219 1220 (-768 1024 272 ) (-768 672 272 ) (-768 672 400 ) (-768 1024 400 ) 
4 1220 1256 (-784 656 272 ) (-784 1024 272 ) (-768 1024 272 ) (-768 656 272 ) 
4 1220 1245 (-784 1024 272 ) (-784 656 272 ) (-784 656 400 ) (-784 1024 400 ) 
4 1220 1221 (-784 656 400 ) (-784 656 272 ) (-768 656 272 ) (-768 656 400 ) 
4 1221 1258 (-784 592 272 ) (-784 656 272 ) (0 656 272 ) (0 592 272 ) 
4 1221 1245 (-784 656 272 ) (-784 592 272 ) (-784 592 400 ) (-784 656 400 ) 
4 1222 1377 (0 0 272 ) (0 0 408 ) (-176 0 408 ) (-176 0 272 ) 
4 1222 1261 (0 0 272 ) (-176 0 272 ) (-176 568 272 ) (0 568 272 ) 
4 1222 1225 (-176 16 272 ) (-176 0 272 ) (-176 0 408 ) (-176 16 408 ) 
4 1222 1224 (-176 248 272 ) (-176 104 272 ) (-176 104 376 ) (-176 248 376 ) 
4 1222 1223 (-176 568 408 ) (-176 568 272 ) (-176 336 272 ) (-176 336 408 ) 
4 1223 1262 (-192 320 272 ) (-192 568 272 ) (-176 568 272 ) (-176 336 272 ) 
4 1223 1226 (-192 568 408 ) (-192 568 272 ) (-192 320 272 ) (-192 320 408 ) 
4 1224 1235 (-192 112 272 ) (-192 104 272 ) (-192 104 376 ) (-192 112 376 ) 
4 1224 1234 (-192 240 272 ) (-192 112 272 ) (-192 112 376 ) (-192 240 376 ) 
4 1224 1226 (-192 248 272 ) (-192 240 272 ) (-192 240 376 ) (-192 248 376 ) 
4 1225 1377 (-176 0 408 ) (-192 0 408 ) (-192 0 272 ) (-176 0 272 ) 
4 1225 1263 (-176 0 272 ) (-192 0 272 ) (-192 32 272 ) (-176 16 272 ) 
4 1225 1235 (-192 32 272 ) (-192 0 272 ) (-192 0 408 ) (-192 32 408 ) 
4 1226 1264 (-272 568 272 ) (-192 568 272 ) (-192 240 272 ) (-272 240 272 ) 
4 1226 1234 (-272 240 272 ) (-192 240 272 ) (-192 240 408 ) (-272 240 408 ) 
4 1226 1228 (-272 336 272 ) (-272 320 272 ) (-272 320 376 ) (-272 336 376 ) 
4 1226 1227 (-272 568 408 ) (-272 568 272 ) (-272 336 272 ) (-272 336 408 ) 
4 1226 1229 (-272 320 272 ) (-272 240 272 ) (-272 240 408 ) (-272 320 408 ) 
4 1227 1265 (-424 568 272 ) (-272 568 272 ) (-272 336 272 ) (-424 336 272 ) 
4 1227 1228 (-424 336 376 ) (-424 336 272 ) (-272 336 272 ) (-272 336 376 ) 
4 1227 1230 (-424 568 408 ) (-424 568 272 ) (-424 336 272 ) (-424 336 408 ) 
4 1228 1230 (-424 336 272 ) (-424 320 272 ) (-424 320 376 ) (-424 336 376 ) 
4 1228 1229 (-424 320 376 ) (-424 320 272 ) (-272 320 272 ) (-272 320 376 ) 
4 1229 1266 (-272 320 272 ) (-272 240 272 ) (-424 240 272 ) (-424 320 272 ) 
4 1229 1234 (-424 240 272 ) (-272 240 272 ) (-272 240 408 ) (-424 240 408 ) 
4 1229 1230 (-424 320 272 ) (-424 240 272 ) (-424 240 408 ) (-424 320 408 ) 
4 1230 1267 (-504 568 272 ) (-424 568 272 ) (-424 240 272 ) (-504 240 272 ) 
4 1230 1234 (-504 240 272 ) (-424 240 272 ) (-424 240 408 ) (-504 240 408 ) 
4 1230 1231 (-504 568 408 ) (-504 568 272 ) (-504 320 272 ) (-504 320 408 ) 
4 1231 1268 (-520 568 272 ) (-504 568 272 ) (-504 320 272 ) (-520 336 272 ) 
4 1231 1232 (-520 568 408 ) (-520 568 272 ) (-520 336 272 ) (-520 336 408 ) 
4 1232 1269 (-688 568 272 ) (-520 568 272 ) (-520 240 272 ) (-688 240 272 ) 
4 1232 1234 (-688 240 272 ) (-520 240 272 ) (-520 240 408 ) (-688 240 408 ) 
4 1232 1233 (-688 568 408 ) (-688 568 272 ) (-688 256 272 ) (-688 256 408 ) 
4 1233 1270 (-776 256 272 ) (-776 568 272 ) (-688 568 272 ) (-688 256 272 ) 
4 1233 1243 (-776 472 320 ) (-776 312 320 ) (-776 312 392 ) (-776 472 392 ) 
4 1234 1271 (-776 112 272 ) (-776 240 272 ) (-192 240 272 ) (-192 112 272 ) 
4 1234 1244 (-776 240 272 ) (-776 112 272 ) (-776 112 408 ) (-776 240 408 ) 
4 1234 1241 (-688 112 272 ) (-520 112 272 ) (-520 112 408 ) (-688 112 408 ) 
4 1234 1239 (-504 112 272 ) (-424 112 272 ) (-424 112 408 ) (-504 112 408 ) 
4 1234 1236 (-424 112 272 ) (-272 112 272 ) (-272 112 408 ) (-424 112 408 ) 
4 1234 1235 (-272 112 272 ) (-192 112 272 ) (-192 112 408 ) (-272 112 408 ) 
4 1235 1377 (-192 0 408 ) (-272 0 408 ) (-272 0 272 ) (-192 0 272 ) 
4 1235 1272 (-192 0 272 ) (-272 0 272 ) (-272 112 272 ) (-192 112 272 ) 
4 1235 1237 (-272 32 272 ) (-272 16 272 ) (-272 16 376 ) (-272 32 376 ) 
4 1235 1236 (-272 112 408 ) (-272 112 272 ) (-272 32 272 ) (-272 32 408 ) 
4 1235 1238 (-272 16 272 ) (-272 0 272 ) (-272 0 408 ) (-272 16 408 ) 
4 1236 1273 (-424 32 272 ) (-424 112 272 ) (-272 112 272 ) (-272 32 272 ) 
4 1236 1239 (-424 112 408 ) (-424 112 272 ) (-424 32 272 ) (-424 32 408 ) 
4 1236 1237 (-424 32 376 ) (-424 32 272 ) (-272 32 272 ) (-272 32 376 ) 
4 1237 1239 (-424 32 272 ) (-424 16 272 ) (-424 16 376 ) (-424 32 376 ) 
4 1237 1238 (-424 16 376 ) (-424 16 272 ) (-272 16 272 ) (-272 16 376 ) 
4 1238 1377 (-272 0 408 ) (-424 0 408 ) (-424 0 272 ) (-272 0 272 ) 
4 1238 1274 (-272 0 272 ) (-424 0 272 ) (-424 16 272 ) (-272 16 272 ) 
4 1238 1239 (-424 16 272 ) (-424 0 272 ) (-424 0 408 ) (-424 16 408 ) 
4 1239 1377 (-424 0 408 ) (-504 0 408 ) (-504 0 272 ) (-424 0 272 ) 
4 1239 1275 (-424 0 272 ) (-504 0 272 ) (-504 112 272 ) (-424 112 272 ) 
4 1239 1240 (-504 31.986908 272 ) (-504 0 272 ) (-504 0 408 ) (-504 31.986904 408 ) 
4 1240 1377 (-504 0 408 ) (-520 0 408 ) (-520 0 272 ) (-504 0 272 ) 
4 1240 1276 (-504 0 272 ) (-520 0 272 ) (-520 15.986893 272 ) (-504 31.986908 272 ) 
4 1240 1241 (-520 15.986893 272 ) (-520 0 272 ) (-520 0 408 ) (-520 15.986893 408 ) 
4 1241 1377 (-520 0 408 ) (-688 0 408 ) (-688 0 272 ) (-520 0 272 ) 
4 1241 1277 (-520 0 272 ) (-688 0 272 ) (-688 112 272 ) (-520 112 272 ) 
4 1241 1242 (-688 96 272 ) (-688 0 272 ) (-688 0 408 ) (-688 96 408 ) 
4 1242 1377 (-688 0 408 ) (-776 0 408 ) (-776 0 272 ) (-688 0 272 ) 
4 1242 1278 (-688 0 272 ) (-776 0 272 ) (-776 96 272 ) (-688 96 272 ) 
4 1243 1248 (-784 312 392 ) (-784 472 392 ) (-784 472 320 ) (-784 312 320 ) 
4 1244 1279 (-784 112 272 ) (-784 240 272 ) (-776 240 272 ) (-776 112 272 ) 
4 1244 1251 (-784 240 272 ) (-784 112 272 ) (-784 112 408 ) (-784 240 408 ) 
4 1245 1258 (-784 656 272 ) (-784 592 272 ) (-1008 592 272 ) (-1008 656 272 ) 
4 1245 1256 (-1008 1024 272 ) (-784 1024 272 ) (-784 656 272 ) (-1008 656 272 ) 
4 1245 1246 (-1008 1024 272 ) (-1008 592 272 ) (-1008 592 400 ) (-1008 1024 400 ) 
4 1246 1344 (-1024 1008 272 ) (-1024 592 272 ) (-1024 592 416 ) (-1024 1008 416 ) 
4 1246 1259 (-1024 592 272 ) (-1024 656 272 ) (-1008 656 272 ) (-1008 592 272 ) 
4 1246 1257 (-1024 656 272 ) (-1024 1024 272 ) (-1008 1024 272 ) (-1008 656 272 ) 
4 1247 1344 (-1024 576 272 ) (-1024 512 272 ) (-1024 512 416 ) (-1024 576 416 ) 
4 1247 1280 (-1024 512 272 ) (-1024 568 272 ) (-1008 568 272 ) (-1008 512 272 ) 
4 1247 1260 (-1024 568 272 ) (-1024 576 272 ) (-1008 576 272 ) (-1008 568 272 ) 
4 1248 1250 (-800 472 320 ) (-800 312 320 ) (-800 312 392 ) (-800 472 392 ) 
4 1249 1250 (-936 416 400 ) (-856 416 400 ) (-856 352 400 ) (-936 352 400 ) 
4 1250 1281 (-1008 496 272 ) (-800 496 272 ) (-800 288 272 ) (-1008 288 272 ) 
4 1251 1396 (-1016 0 408 ) (-1016 0 272 ) (-1008 0 272 ) (-1008 0 408 ) 
4 1251 1393 (-1008 0 272 ) (-784 0 272 ) (-784 0 408 ) (-1008 0 408 ) 
4 1251 1282 (-784 0 272 ) (-1016 0 272 ) (-1016 264 272 ) (-784 264 272 ) 
4 1253 1254 (-560 688 240 ) (-560 688 272 ) (-560 848 272 ) (-560 848 240 ) 
4 1254 1255 (-752 688 240 ) (-752 688 272 ) (-752 1024 272 ) (-752 1024 240 ) 
4 1255 1256 (-768 672 240 ) (-768 672 272 ) (-768 1024 272 ) (-768 1024 240 ) 
4 1256 1258 (-768 656 240 ) (-768 656 272 ) (-1008 656 272 ) (-1008 656 240 ) 
4 1256 1257 (-1008 656 240 ) (-1008 656 272 ) (-1008 1024 272 ) (-1008 1024 240 ) 
4 1257 1344 (-1024 1008 224 ) (-1024 656 224 ) (-1024 656 272 ) (-1024 1008 272 ) 
4 1257 1259 (-1024 656 224 ) (-1008 656 224 ) (-1008 656 272 ) (-1024 656 272 ) 
4 1258 1259 (-1008 656 272 ) (-1008 656 240 ) (-1008 592 240 ) (-1008 592 272 ) 
4 1259 1344 (-1024 656 224 ) (-1024 592 224 ) (-1024 592 272 ) (-1024 656 272 ) 
4 1260 1344 (-1024 576 224 ) (-1024 568 224 ) (-1024 568 272 ) (-1024 576 272 ) 
4 1260 1280 (-1024 568 224 ) (-1008 568 224 ) (-1008 568 272 ) (-1024 568 272 ) 
4 1261 1377 (0 0 232 ) (0 0 272 ) (-176 0 272 ) (-176 0 232 ) 
4 1261 1263 (-176 16 232 ) (-176 0 232 ) (-176 0 272 ) (-176 16 272 ) 
4 1261 1262 (-176 568 272 ) (-176 568 232 ) (-176 336 232 ) (-176 336 272 ) 
4 1262 1264 (-192 568 272 ) (-192 568 232 ) (-192 320 232 ) (-192 320 272 ) 
4 1263 1377 (-176 0 272 ) (-192 0 272 ) (-192 0 232 ) (-176 0 232 ) 
4 1263 1272 (-192 32 232 ) (-192 0 232 ) (-192 0 272 ) (-192 32 272 ) 
4 1264 1271 (-272 240 232 ) (-192 240 232 ) (-192 240 272 ) (-272 240 272 ) 
4 1264 1265 (-272 568 272 ) (-272 568 232 ) (-272 336 232 ) (-272 336 272 ) 
4 1264 1266 (-272 320 232 ) (-272 240 232 ) (-272 240 272 ) (-272 320 272 ) 
4 1265 1267 (-424 568 272 ) (-424 568 232 ) (-424 336 232 ) (-424 336 272 ) 
4 1266 1271 (-424 240 232 ) (-272 240 232 ) (-272 240 272 ) (-424 240 272 ) 
4 1266 1267 (-424 320 232 ) (-424 240 232 ) (-424 240 272 ) (-424 320 272 ) 
4 1267 1271 (-504 240 232 ) (-424 240 232 ) (-424 240 272 ) (-504 240 272 ) 
4 1267 1268 (-504 568 272 ) (-504 568 232 ) (-504 320 232 ) (-504 320 272 ) 
4 1268 1269 (-520 568 272 ) (-520 568 232 ) (-520 336 232 ) (-520 336 272 ) 
4 1269 1271 (-688 240 232 ) (-520 240 232 ) (-520 240 272 ) (-688 240 272 ) 
4 1269 1270 (-688 568 272 ) (-688 568 232 ) (-688 256 232 ) (-688 256 272 ) 
4 1271 1279 (-776 240 232 ) (-776 112 232 ) (-776 112 272 ) (-776 240 272 ) 
4 1271 1277 (-688 112 232 ) (-520 112 232 ) (-520 112 272 ) (-688 112 272 ) 
4 1271 1273 (-424 112 232 ) (-272 112 232 ) (-272 112 272 ) (-424 112 272 ) 
4 1271 1272 (-272 112 232 ) (-192 112 232 ) (-192 112 272 ) (-272 112 272 ) 
4 1271 1275 (-504 112 232 ) (-424 112 232 ) (-424 112 272 ) (-504 112 272 ) 
4 1272 1377 (-192 0 272 ) (-272 0 272 ) (-272 0 232 ) (-192 0 232 ) 
4 1272 1273 (-272 112 272 ) (-272 112 232 ) (-272 32 232 ) (-272 32 272 ) 
4 1272 1274 (-272 16 232 ) (-272 0 232 ) (-272 0 272 ) (-272 16 272 ) 
4 1273 1275 (-424 112 272 ) (-424 112 232 ) (-424 32 232 ) (-424 32 272 ) 
4 1274 1377 (-272 0 272 ) (-424 0 272 ) (-424 0 232 ) (-272 0 232 ) 
4 1274 1275 (-424 16 232 ) (-424 0 232 ) (-424 0 272 ) (-424 16 272 ) 
4 1275 1377 (-424 0 272 ) (-504 0 272 ) (-504 0 232 ) (-424 0 232 ) 
4 1275 1276 (-504 31.986908 232 ) (-504 0 232 ) (-504 0 272 ) (-504 31.986904 272 ) 
4 1276 1377 (-504 0 272 ) (-520 0 272 ) (-520 0 232 ) (-504 0 232 ) 
4 1276 1277 (-520 15.986893 232 ) (-520 0 232 ) (-520 0 272 ) (-520 15.986893 272 ) 
4 1277 1377 (-520 0 272 ) (-688 0 272 ) (-688 0 232 ) (-520 0 232 ) 
4 1277 1278 (-688 96 232 ) (-688 0 232 ) (-688 0 272 ) (-688 96 272 ) 
4 1278 1377 (-688 0 272 ) (-776 0 272 ) (-776 0 232 ) (-688 0 232 ) 
4 1279 1282 (-784 240 232 ) (-784 112 232 ) (-784 112 272 ) (-784 240 272 ) 
4 1280 1344 (-1024 568 224 ) (-1024 512 224 ) (-1024 512 272 ) (-1024 568 272 ) 
4 1281 1297 (-1008 496 224 ) (-800 496 224 ) (-800 288 224 ) (-1008 288 224 ) 
4 1282 1396 (-1008 0 272 ) (-1016 0 272 ) (-1016 0 232 ) (-1008 0 232 ) 
4 1282 1393 (-784 0 272 ) (-1008 0 272 ) (-1008 0 232 ) (-784 0 232 ) 
4 1283 1302 (-128 1024 88 ) (0 1024 88 ) (0 1008 88 ) (-128 1008 88 ) 
4 1283 1284 (-128 1008 88 ) (0 1008 88 ) (0 1008 120 ) (-128 1008 120 ) 
4 1284 1304 (0 1008 88 ) (0 488 88 ) (-352 488 88 ) (-352 1008 88 ) 
4 1284 1287 (-352 488 88 ) (0 488 88 ) (0 488 208 ) (-352 488 208 ) 
4 1285 1311 (-760 536 88 ) (-760 1008 88 ) (-384 1008 88 ) (-384 536 88 ) 
4 1285 1308 (-760 1008 88 ) (-760 1016 88 ) (-384 1016 88 ) (-384 1008 88 ) 
4 1285 1296 (-760 576 88 ) (-760 536 88 ) (-760 536 192 ) (-760 576 192 ) 
4 1285 1294 (-760 536 192 ) (-760 536 216 ) (-760 576 216 ) (-760 576 192 ) 
4 1285 1293 (-760 1016 88 ) (-760 576 88 ) (-760 576 216 ) (-760 1016 216 ) 
4 1285 1286 (-752 536 88 ) (-384 536 88 ) (-384 536 216 ) (-752 536 216 ) 
4 1286 1324 (-384 496 88 ) (-384 488 88 ) (-752 488 88 ) (-752 496 88 ) 
4 1286 1323 (-512 496 88 ) (-752 496 88 ) (-752 512 88 ) (-512 512 88 ) 
4 1286 1321 (-464 496 88 ) (-512 496 88 ) (-512 512 88 ) (-464 512 88 ) 
4 1286 1320 (-384 512 88 ) (-384 496 88 ) (-464 496 88 ) (-464 512 88 ) 
4 1286 1319 (-512 512 88 ) (-752 512 88 ) (-752 528 88 ) (-512 528 88 ) 
4 1286 1317 (-464 512 88 ) (-512 512 88 ) (-512 528 88 ) (-464 528 88 ) 
4 1286 1316 (-384 528 88 ) (-384 512 88 ) (-464 512 88 ) (-464 528 88 ) 
4 1286 1313 (-752 536 88 ) (-384 536 88 ) (-384 528 88 ) (-752 528 88 ) 
4 1286 1289 (-464 488 88 ) (-424 488 88 ) (-424 488 144 ) (-464 488 144 ) 
4 1287 1378 (0 0 88 ) (0 0 208 ) (-352 0 208 ) (-352 0 88 ) 
4 1287 1304 (0 0 88 ) (-352 0 88 ) (-352 488 88 ) (0 488 88 ) 
4 1287 1288 (-352 56 88 ) (-352 0 88 ) (-352 0 144 ) (-352 56 144 ) 
4 1288 1337 (-368 0 88 ) (-376 0 88 ) (-376 56 88 ) (-368 56 88 ) 
4 1288 1305 (-352 0 88 ) (-368 0 88 ) (-368 56 88 ) (-352 56 88 ) 
4 1288 1291 (-376 56 88 ) (-376 0 88 ) (-376 0 144 ) (-376 56 144 ) 
4 1289 1328 (-464 488 88 ) (-424 488 88 ) (-424 472 88 ) (-464 472 88 ) 
4 1289 1290 (-464 472 88 ) (-424 472 88 ) (-424 472 144 ) (-464 472 144 ) 
4 1290 1336 (-760 72 88 ) (-760 288 88 ) (-376 288 88 ) (-376 72 88 ) 
4 1290 1332 (-760 288 88 ) (-760 472 88 ) (-384 472 88 ) (-384 288 88 ) 
4 1290 1331 (-384 472 88 ) (-376 472 88 ) (-376 288 88 ) (-384 288 88 ) 
4 1290 1299 (-760 232 88 ) (-760 160 88 ) (-760 160 144 ) (-760 232 144 ) 
4 1291 1337 (-376 0 88 ) (-760 0 88 ) (-760 56 88 ) (-376 56 88 ) 
4 1291 1301 (-760 56 88 ) (-760 0 88 ) (-760 0 144 ) (-760 56 144 ) 
4 1292 1293 (-944 1016 128 ) (-944 1016 216 ) (-1016 1016 216 ) (-1016 1016 128 ) 
4 1293 1311 (-760 1008 88 ) (-760 576 88 ) (-1016 576 88 ) (-1016 1008 88 ) 
4 1293 1310 (-1016 1016 88 ) (-944 1016 88 ) (-944 1008 88 ) (-1016 1008 88 ) 
4 1293 1308 (-944 1016 88 ) (-760 1016 88 ) (-760 1008 88 ) (-944 1008 88 ) 
4 1293 1296 (-1016 576 192 ) (-1016 576 88 ) (-760 576 88 ) (-760 576 192 ) 
4 1293 1295 (-1016 576 216 ) (-1016 576 192 ) (-1008 576 192 ) (-1008 576 216 ) 
4 1293 1294 (-800 576 192 ) (-760 576 192 ) (-760 576 216 ) (-800 576 216 ) 
4 1294 1296 (-800 576 192 ) (-760 576 192 ) (-760 536 192 ) (-800 536 192 ) 
4 1295 1296 (-1016 536 192 ) (-1016 576 192 ) (-1008 576 192 ) (-1008 536 192 ) 
4 1296 1311 (-760 576 88 ) (-760 536 88 ) (-1016 536 88 ) (-1016 576 88 ) 
4 1297 1298 (-800 288 144 ) (-1008 288 144 ) (-1008 496 144 ) (-800 496 144 ) 
4 1298 1335 (-1008 496 88 ) (-800 496 88 ) (-800 288 88 ) (-1008 288 88 ) 
4 1299 1338 (-760 232 88 ) (-760 160 88 ) (-960 160 88 ) (-960 232 88 ) 
4 1299 1300 (-880 160 144 ) (-960 160 144 ) (-960 160 88 ) (-880 160 88 ) 
4 1300 1339 (-880 56 88 ) (-960 56 88 ) (-960 160 88 ) (-880 160 88 ) 
4 1300 1301 (-960 56 88 ) (-880 56 88 ) (-880 56 144 ) (-960 56 144 ) 
4 1301 1398 (-1024 0 144 ) (-1024 0 88 ) (-1016 0 88 ) (-1016 0 144 ) 
4 1301 1397 (-1016 0 88 ) (-1008 0 88 ) (-1008 0 144 ) (-1016 0 144 ) 
4 1301 1394 (-1008 0 88 ) (-984 0 88 ) (-984 0 144 ) (-1008 0 144 ) 
4 1301 1346 (-1024 56 88 ) (-1024 16 88 ) (-1024 16 144 ) (-1024 56 144 ) 
4 1301 1340 (-760 0 88 ) (-1024 0 88 ) (-1024 56 88 ) (-760 56 88 ) 
4 1302 1304 (0 1008 8 ) (0 1008 88 ) (-128 1008 88 ) (-128 1008 8 ) 
4 1303 1304 (-160 1008 -224 ) (-160 1008 -16 ) (-304 1008 -16 ) (-304 1008 -224 ) 
4 1304 1483 (0 0 -224 ) (0 0 88 ) (-352 0 88 ) (-352 0 -224 ) 
4 1304 1305 (-352 0 32 ) (-352 0 88 ) (-352 56 88 ) (-352 56 32 ) 
4 1305 1337 (-368 0 88 ) (-368 56 88 ) (-368 56 32 ) (-368 0 32 ) 
4 1307 1309 (-944 1016 -112 ) (-944 1016 -224 ) (-864 1016 -224 ) (-864 1016 -112 ) 
4 1308 1311 (-384 1008 32 ) (-384 1008 88 ) (-944 1008 88 ) (-944 1008 32 ) 
4 1308 1310 (-944 1008 32 ) (-944 1008 88 ) (-944 1016 88 ) (-944 1016 32 ) 
4 1309 1312 (-944 1008 -112 ) (-944 1008 -224 ) (-864 1008 -224 ) (-864 1008 -112 ) 
4 1310 1311 (-944 1008 32 ) (-944 1008 88 ) (-1016 1008 88 ) (-1016 1008 32 ) 
4 1311 1313 (-384 536 32 ) (-384 536 88 ) (-752 536 88 ) (-752 536 32 ) 
4 1312 1315 (-752 536 -16 ) (-1008 536 -16 ) (-1008 536 -416 ) (-752 536 -416 ) 
4 1312 1314 (-384 536 -416 ) (-384 536 -16 ) (-752 536 -16 ) (-752 536 -416 ) 
4 1313 1319 (-512 528 88 ) (-752 528 88 ) (-752 528 32 ) (-512 528 32 ) 
4 1313 1317 (-464 528 88 ) (-512 528 88 ) (-512 528 32 ) (-464 528 32 ) 
4 1313 1316 (-384 528 88 ) (-464 528 88 ) (-464 528 32 ) (-384 528 32 ) 
4 1314 1318 (-464 528 -224 ) (-464 528 -128 ) (-512 528 -128 ) (-512 528 -224 ) 
4 1314 1315 (-752 536 -16 ) (-752 536 -416 ) (-752 528 -416 ) (-752 528 -16 ) 
4 1316 1320 (-384 512 32 ) (-384 512 88 ) (-464 512 88 ) (-464 512 32 ) 
4 1316 1317 (-464 528 88 ) (-464 528 32 ) (-464 512 32 ) (-464 512 88 ) 
4 1317 1321 (-464 512 32 ) (-464 512 88 ) (-512 512 88 ) (-512 512 32 ) 
4 1317 1319 (-512 528 88 ) (-512 528 32 ) (-512 512 32 ) (-512 512 88 ) 
4 1318 1322 (-464 512 -224 ) (-464 512 -128 ) (-512 512 -128 ) (-512 512 -224 ) 
4 1319 1323 (-512 512 32 ) (-512 512 88 ) (-752 512 88 ) (-752 512 32 ) 
4 1320 1324 (-384 496 32 ) (-384 496 88 ) (-464 496 88 ) (-464 496 32 ) 
4 1320 1321 (-464 512 88 ) (-464 512 32 ) (-464 496 32 ) (-464 496 88 ) 
4 1321 1324 (-464 496 32 ) (-464 496 88 ) (-512 496 88 ) (-512 496 32 ) 
4 1321 1323 (-512 512 88 ) (-512 512 32 ) (-512 496 32 ) (-512 496 88 ) 
4 1322 1325 (-464 496 -224 ) (-464 496 -128 ) (-512 496 -128 ) (-512 496 -224 ) 
4 1323 1324 (-512 496 32 ) (-512 496 88 ) (-752 496 88 ) (-752 496 32 ) 
4 1324 1328 (-424 488 88 ) (-464 488 88 ) (-464 488 64 ) (-424 488 64 ) 
4 1325 1330 (-464 488 -112 ) (-752 488 -112 ) (-752 488 -224 ) (-464 488 -224 ) 
4 1325 1329 (-424 488 -112 ) (-464 488 -112 ) (-464 488 -224 ) (-424 488 -224 ) 
4 1325 1327 (-384 488 -224 ) (-384 488 -112 ) (-424 488 -112 ) (-424 488 -224 ) 
4 1325 1326 (-752 496 -112 ) (-752 496 -224 ) (-752 488 -224 ) (-752 488 -112 ) 
4 1326 1334 (-760 496 -112 ) (-760 496 -224 ) (-760 488 -224 ) (-760 488 -112 ) 
4 1326 1330 (-760 488 -112 ) (-760 488 -224 ) (-752 488 -224 ) (-752 488 -112 ) 
4 1327 1333 (-384 472 -224 ) (-384 472 -112 ) (-424 472 -112 ) (-424 472 -224 ) 
4 1327 1329 (-424 488 -112 ) (-424 488 -224 ) (-424 472 -224 ) (-424 472 -112 ) 
4 1328 1332 (-424 472 64 ) (-424 472 88 ) (-464 472 88 ) (-464 472 64 ) 
4 1329 1333 (-424 472 -224 ) (-424 472 -112 ) (-464 472 -112 ) (-464 472 -224 ) 
4 1329 1330 (-464 488 -112 ) (-464 488 -224 ) (-464 472 -224 ) (-464 472 -112 ) 
4 1330 1334 (-760 472 -224 ) (-760 472 -112 ) (-760 488 -112 ) (-760 488 -224 ) 
4 1330 1333 (-760 472 -112 ) (-760 472 -224 ) (-464 472 -224 ) (-464 472 -112 ) 
4 1331 1336 (-376 288 88 ) (-384 288 88 ) (-384 288 32 ) (-376 288 32 ) 
4 1331 1332 (-384 472 88 ) (-384 472 32 ) (-384 288 32 ) (-384 288 88 ) 
4 1332 1336 (-384 288 88 ) (-760 288 88 ) (-760 288 32 ) (-384 288 32 ) 
4 1333 1334 (-760 288 -224 ) (-760 288 -112 ) (-760 472 -112 ) (-760 472 -224 ) 
4 1334 1335 (-800 496 -112 ) (-800 496 -224 ) (-800 288 -224 ) (-800 288 -112 ) 
4 1336 1338 (-760 232 32 ) (-760 160 32 ) (-760 160 88 ) (-760 232 88 ) 
4 1337 1340 (-760 0 32 ) (-760 0 88 ) (-760 56 88 ) (-760 56 32 ) 
4 1338 1339 (-960 160 88 ) (-960 160 32 ) (-880 160 32 ) (-880 160 88 ) 
4 1339 1340 (-880 56 88 ) (-960 56 88 ) (-960 56 32 ) (-880 56 32 ) 
4 1340 1484 (-984 0 88 ) (-1024 0 88 ) (-1024 0 32 ) (-984 0 32 ) 
4 1340 1351 (-1024 16 88 ) (-1024 56 88 ) (-1024 56 32 ) (-1024 16 32 ) 
4 1341 1349 (-1040 256 896 ) (-1040 56 896 ) (-1040 56 992 ) (-1040 256 992 ) 
4 1342 1344 (-1040 1008 688 ) (-1040 1008 456 ) (-1024 1008 456 ) (-1024 1008 688 ) 
4 1343 1349 (-1040 56 688 ) (-1040 56 748 ) (-1040 408 748 ) (-1040 408 688 ) 
4 1343 1345 (-1040 56 748 ) (-1040 56 688 ) (-1024 56 688 ) (-1024 56 748 ) 
4 1343 1344 (-1024 56 688 ) (-1040 56 688 ) (-1040 408 688 ) (-1024 408 688 ) 
4 1344 1349 (-1040 56 224 ) (-1040 56 688 ) (-1040 1008 688 ) (-1040 1008 224 ) 
4 1345 1349 (-1040 36 748 ) (-1040 56 748 ) (-1040 56 688 ) (-1040 36 688 ) 
4 1346 1351 (-1024 56 88 ) (-1024 16 88 ) (-1040 16 88 ) (-1040 56 88 ) 
4 1346 1349 (-1040 56 88 ) (-1040 16 88 ) (-1040 16 144 ) (-1040 56 144 ) 
4 1347 1349 (-1088 1008 896 ) (-1488 1008 896 ) (-1488 1008 784 ) (-1088 1008 784 ) 
4 1348 1349 (-1760 1008 520 ) (-2000 1008 520 ) (-2000 1008 456 ) (-1760 1008 456 ) 
4 1349 1352 (-1040 1008 88 ) (-1040 16 88 ) (-2032 16 88 ) (-2032 1008 88 ) 
4 1349 1350 (-1648 16 272 ) (-1648 16 392 ) (-1968 16 392 ) (-1968 16 272 ) 
4 1350 1563 (-1968 0 392 ) (-1968 0 272 ) (-1648 0 272 ) (-1648 0 392 ) 
4 1351 1352 (-1040 16 88 ) (-1040 56 88 ) (-1040 56 32 ) (-1040 16 32 ) 
4 1353 1402 (-560 -224 2688 ) (-640 -224 2688 ) (-640 -224 2592 ) (-560 -224 2592 ) 
4 1354 1404 (0 -224 1024 ) (0 -224 1200 ) (-416 -224 1200 ) (-416 -224 1024 ) 
4 1354 1355 (-416 0 1024 ) (-416 -208 1024 ) (-416 -208 1200 ) (-416 0 1200 ) 
4 1355 1356 (-560 0 1024 ) (-560 -80 1024 ) (-560 -80 1200 ) (-560 0 1200 ) 
4 1357 1358 (-768 -96 992 ) (-768 -96 896 ) (-768 -176 896 ) (-768 -176 992 ) 
4 1358 1381 (-784 -96 992 ) (-784 -96 896 ) (-784 -176 896 ) (-784 -176 992 ) 
4 1359 1361 (-576 0 800 ) (0 0 800 ) (0 -96 800 ) (-576 -96 800 ) 
4 1359 1360 (-576 -96 800 ) (0 -96 800 ) (0 -96 816 ) (-576 -96 816 ) 
4 1360 1372 (-768 -96 800 ) (0 -96 800 ) (0 -208 800 ) (-768 -208 800 ) 
4 1361 1372 (0 -96 624 ) (0 -96 800 ) (-576 -96 800 ) (-576 -96 624 ) 
4 1362 1373 (-576 -96 448 ) (0 -96 448 ) (0 -96 576 ) (-576 -96 576 ) 
4 1362 1366 (-576 0 448 ) (-576 -96 448 ) (-576 -96 576 ) (-576 0 576 ) 
4 1363 1367 (-672 -64 784 ) (-672 0 784 ) (-672 0 672 ) (-672 -64 672 ) 
4 1363 1365 (-672 -64 672 ) (-672 0 672 ) (-666.185059 0 672 ) (-608.003113 -64 672 ) 
3 1363 1364 (-630.588257 0 672 ) (-608 0 672 ) (-608 -64 672 ) 
4 1365 1367 (-672 -64 672 ) (-672 0 672 ) (-672 0 624 ) (-672 -64 624 ) 
4 1366 1373 (-672 -96 448 ) (-576 -96 448 ) (-576 -96 576 ) (-672 -96 576 ) 
4 1366 1370 (-672 -64 448 ) (-672 -96 448 ) (-672 -96 576 ) (-672 -64 576 ) 
4 1366 1368 (-672 0 448 ) (-672 -64 448 ) (-672 -64 576 ) (-672 0 576 ) 
4 1367 1386 (-784 0 688 ) (-784 0 624 ) (-784 -64 624 ) (-784 -64 688 ) 
4 1367 1383 (-784 0 784 ) (-784 0 688 ) (-784 -64 688 ) (-784 -64 784 ) 
4 1367 1369 (-672 -64 624 ) (-672 -64 736 ) (-736 -64 736 ) (-736 -64 624 ) 
4 1368 1390 (-784 0 576 ) (-784 0 448 ) (-784 -64 448 ) (-784 -64 576 ) 
4 1368 1371 (-784 -64 448 ) (-736 -64 448 ) (-736 -64 576 ) (-784 -64 576 ) 
4 1368 1370 (-736 -64 448 ) (-672 -64 448 ) (-672 -64 576 ) (-736 -64 576 ) 
4 1369 1372 (-672 -96 624 ) (-672 -96 736 ) (-736 -96 736 ) (-736 -96 624 ) 
4 1370 1373 (-736 -96 448 ) (-672 -96 448 ) (-672 -96 576 ) (-736 -96 576 ) 
4 1370 1371 (-736 -64 576 ) (-736 -64 448 ) (-736 -96 448 ) (-736 -96 576 ) 
4 1371 1390 (-784 -64 576 ) (-784 -64 448 ) (-784 -96 448 ) (-784 -96 576 ) 
4 1371 1375 (-784 -96 448 ) (-768 -96 448 ) (-768 -96 576 ) (-784 -96 576 ) 
4 1371 1373 (-768 -96 448 ) (-736 -96 448 ) (-736 -96 576 ) (-768 -96 576 ) 
4 1372 1374 (-768 -96 800 ) (-768 -96 688 ) (-768 -176 688 ) (-768 -176 800 ) 
4 1373 1376 (-768 -208 448 ) (0 -208 448 ) (0 -208 576 ) (-768 -208 576 ) 
4 1373 1375 (-768 -96 576 ) (-768 -96 448 ) (-768 -208 448 ) (-768 -208 576 ) 
4 1374 1384 (-784 -176 800 ) (-784 -96 800 ) (-784 -96 688 ) (-784 -176 688 ) 
4 1375 1391 (-784 -96 576 ) (-784 -96 448 ) (-784 -208 448 ) (-784 -208 576 ) 
4 1375 1376 (-784 -208 448 ) (-768 -208 448 ) (-768 -208 576 ) (-784 -208 576 ) 
4 1376 1406 (-752 -224 560 ) (-752 -224 496 ) (-288 -224 496 ) (-288 -224 560 ) 
4 1376 1405 (-240 -224 560 ) (-240 -224 448 ) (-176 -224 448 ) (-176 -224 560 ) 
4 1376 1391 (-784 -224 448 ) (-784 -224 576 ) (-784 -208 576 ) (-784 -208 448 ) 
4 1377 1379 (-248 -216 232 ) (-168 -216 232 ) (-168 -216 296 ) (-248 -216 296 ) 
4 1378 1483 (-352 0 88 ) (0 0 88 ) (0 -208 88 ) (-352 -208 88 ) 
4 1379 1480 (-240 -224 296 ) (-248 -224 296 ) (-248 -224 232 ) (-240 -224 232 ) 
4 1379 1479 (-176 -224 296 ) (-240 -224 296 ) (-240 -224 232 ) (-176 -224 232 ) 
4 1379 1478 (-168 -224 232 ) (-168 -224 296 ) (-176 -224 296 ) (-176 -224 232 ) 
4 1381 1382 (-800 -96 992 ) (-800 -96 896 ) (-800 -176 896 ) (-800 -176 992 ) 
4 1382 1403 (-800 -224 1296 ) (-896 -224 1296 ) (-896 -224 1216 ) (-800 -224 1216 ) 
4 1382 1385 (-1008 -224 800 ) (-1008 -96 800 ) (-800 -96 800 ) (-800 -224 800 ) 
4 1383 1387 (-1008 -64 688 ) (-1008 0 688 ) (-800 0 688 ) (-800 -64 688 ) 
4 1383 1386 (-800 0 688 ) (-784 0 688 ) (-784 -64 688 ) (-800 -64 688 ) 
4 1384 1385 (-800 -96 688 ) (-800 -176 688 ) (-800 -176 800 ) (-800 -96 800 ) 
4 1385 1392 (-1008 -224 688 ) (-1008 -96 688 ) (-800 -96 688 ) (-800 -224 688 ) 
4 1386 1389 (-800 -64 624 ) (-800 -64 672 ) (-800 0 672 ) (-800 0 624 ) 
4 1386 1387 (-800 -64 672 ) (-800 -64 688 ) (-800 0 688 ) (-800 0 672 ) 
4 1387 1388 (-1008 -64 672 ) (-1008 0 672 ) (-983.526184 0 672 ) (-1007.994568 -63.995422 672 ) 
4 1387 1389 (-800 0 672 ) (-800 -64 672 ) (-1008 -64 672 ) (-932.363953 0 672 ) 
4 1390 1391 (-800 -96 448 ) (-784 -96 448 ) (-784 -96 576 ) (-800 -96 576 ) 
4 1390 1392 (-1008 -96 448 ) (-800 -96 448 ) (-800 -96 576 ) (-1008 -96 576 ) 
4 1391 1392 (-800 -96 576 ) (-800 -96 448 ) (-800 -224 448 ) (-800 -224 576 ) 
4 1393 1399 (-1008 -8 232 ) (-1008 -208 232 ) (-1008 -208 408 ) (-1008 -8 408 ) 
4 1393 1396 (-1008 0 408 ) (-1008 0 232 ) (-1008 -8 232 ) (-1008 -8 408 ) 
4 1394 1484 (-1008 0 88 ) (-984 0 88 ) (-984 -208 88 ) (-1008 -208 88 ) 
4 1394 1400 (-1008 -8 88 ) (-1008 -208 88 ) (-1008 -208 144 ) (-1008 -8 144 ) 
4 1394 1397 (-1008 0 144 ) (-1008 0 88 ) (-1008 -8 88 ) (-1008 -8 144 ) 
4 1394 1395 (-984 -208 88 ) (-984 -208 144 ) (-1008 -208 144 ) (-1008 -208 88 ) 
4 1395 1484 (-984 -208 88 ) (-984 -224 88 ) (-1008 -224 88 ) (-1008 -208 88 ) 
4 1395 1481 (-1008 -224 88 ) (-984 -224 88 ) (-984 -224 144 ) (-1008 -224 144 ) 
4 1395 1401 (-1008 -208 88 ) (-1008 -224 88 ) (-1008 -224 144 ) (-1008 -208 144 ) 
4 1396 1399 (-1008 -8 232 ) (-1008 -8 408 ) (-1016 -8 408 ) (-1016 -8 232 ) 
4 1397 1484 (-1016 0 88 ) (-1008 0 88 ) (-1008 -8 88 ) (-1016 -8 88 ) 
4 1397 1400 (-1016 -8 88 ) (-1008 -8 88 ) (-1008 -8 144 ) (-1016 -8 144 ) 
4 1397 1398 (-1016 0 88 ) (-1016 -8 88 ) (-1016 -8 144 ) (-1016 0 144 ) 
4 1398 1484 (-1024 -8 88 ) (-1024 0 88 ) (-1016 0 88 ) (-1016 -8 88 ) 
4 1398 1400 (-1024 -8 88 ) (-1016 -8 88 ) (-1016 -8 144 ) (-1024 -8 144 ) 
4 1399 1564 (-1024 -208 232 ) (-1024 -208 408 ) (-1024 -8 408 ) (-1024 -8 232 ) 
4 1400 1484 (-1024 -208 88 ) (-1024 -8 88 ) (-1008 -8 88 ) (-1008 -208 88 ) 
4 1400 1401 (-1024 -208 88 ) (-1008 -208 88 ) (-1008 -208 144 ) (-1024 -208 144 ) 
4 1401 1484 (-1024 -224 88 ) (-1024 -208 88 ) (-1008 -208 88 ) (-1008 -224 88 ) 
4 1401 1481 (-1024 -224 144 ) (-1024 -224 88 ) (-1008 -224 88 ) (-1008 -224 144 ) 
4 1402 1408 (-640 -240 2592 ) (-560 -240 2592 ) (-560 -240 2688 ) (-640 -240 2688 ) 
4 1403 1428 (-896 -240 1216 ) (-800 -240 1216 ) (-800 -240 1296 ) (-896 -240 1296 ) 
4 1404 1430 (-416 -240 1024 ) (0 -240 1024 ) (0 -240 1200 ) (-416 -240 1200 ) 
4 1405 1439 (-240 -240 448 ) (-176 -240 448 ) (-176 -240 507.590027 ) (-240 -240 507.590027 ) 
4 1405 1438 (-176 -240 507.590027 ) (-176 -240 560 ) (-240 -240 560 ) (-240 -240 507.590027 ) 
4 1406 1440 (-752 -240 507.590027 ) (-752 -240 496 ) (-334.882996 -240 496 ) (-334.882996 -240 507.590027 ) 
4 1406 1439 (-334.882996 -240 496 ) (-288 -240 496 ) (-288 -240 507.590027 ) (-334.882996 -240 507.590027 ) 
4 1406 1438 (-288 -240 560 ) (-752 -240 560 ) (-752 -240 507.590027 ) (-288 -240 507.590027 ) 
4 1407 1409 (-640 -256 3072 ) (-336 -256 3072 ) (-336 -1008 3072 ) (-640 -1008 3072 ) 
4 1408 1409 (-640 -256 2688 ) (-640 -256 2592 ) (-560 -256 2592 ) (-560 -256 2688 ) 
4 1409 1410 (-336 -256 2048 ) (-336 -1008 2048 ) (-623.057007 -1008 2048 ) (-623.057007 -256 2048 ) 
4 1409 1428 (-623.057007 -1008 2048 ) (-640 -1008 2048 ) (-640 -256 2048 ) (-623.057007 -256 2048 ) 
4 1410 1415 (-452.913849 -240 1370.889404 ) (-423.949097 -240 1382.475342 ) (-423.949097 -1024 1382.475342 ) (-452.913788 -1024 1370.889404 ) 
4 1410 1413 (-423.949097 -240 1382.475342 ) (-128 -240 1500.854980 ) (-128 -1024 1500.854980 ) (-423.949097 -1024 1382.475342 ) 
4 1410 1411 (-623.057007 -1024 1302.832031 ) (-623.057007 -240 1302.832031 ) (-492.915619 -240 1354.888672 ) (-492.915649 -1024 1354.888672 ) 
4 1410 1428 (-623.057007 -1024 1302.833130 ) (-623.057007 -1024 2048 ) (-623.057007 -240 2048 ) (-623.057007 -240 1302.833130 ) 
4 1411 1417 (-623.057007 -367.811005 1275.590088 ) (-623.057007 -351.811005 1275.590088 ) (-524.635071 -351.811005 1275.590088 ) (-524.635071 -367.811005 1275.590088 ) 
4 1411 1416 (-623.057007 -351.811005 1275.590088 ) (-623.057007 -240 1275.590088 ) (-524.635071 -240 1275.590088 ) (-524.635071 -351.811005 1275.590088 ) 
4 1411 1418 (-623.057007 -1024 1275.590088 ) (-623.057007 -367.811005 1275.590088 ) (-524.635071 -367.811005 1275.590088 ) (-524.635132 -1024 1275.590088 ) 
4 1411 1412 (-524.635742 -1024 1275.590088 ) (-524.635742 -240 1275.590088 ) (-508.915375 -240 1314.890991 ) (-508.915375 -1024 1314.890991 ) 
4 1411 1428 (-623.057007 -1024 1275.590088 ) (-623.057007 -1024 1302.833130 ) (-623.057007 -240 1302.833130 ) (-623.057007 -240 1275.590088 ) 
4 1412 1417 (-493.195038 -351.811005 1275.590088 ) (-493.195038 -367.811005 1275.590088 ) (-524.635071 -367.811005 1275.590088 ) (-524.635071 -351.811005 1275.590088 ) 
4 1412 1416 (-524.635071 -240 1275.590088 ) (-493.195038 -240 1275.590088 ) (-493.195038 -351.811005 1275.590088 ) (-524.635071 -351.811005 1275.590088 ) 
4 1412 1418 (-493.195038 -367.811005 1275.590088 ) (-493.195007 -1024 1275.590088 ) (-524.635132 -1024 1275.590088 ) (-524.635071 -367.811005 1275.590088 ) 
4 1413 1426 (-128 -367.811005 1275.590088 ) (-128 -1024 1275.590088 ) (-381.195007 -1024 1275.590088 ) (-381.195007 -367.811005 1275.590088 ) 
4 1413 1423 (-128 -351.811005 1275.590088 ) (-128 -367.811005 1275.590088 ) (-381.195007 -367.811005 1275.590088 ) (-381.195007 -351.811005 1275.590088 ) 
4 1413 1422 (-381.195007 -240 1275.590088 ) (-128 -240 1275.590088 ) (-128 -351.811005 1275.590088 ) (-381.195007 -351.811005 1275.590088 ) 
4 1413 1415 (-412.916016 -1024 1354.890381 ) (-423.950317 -1024 1382.475952 ) (-423.950317 -240 1382.475952 ) (-412.916016 -240 1354.890381 ) 
4 1413 1414 (-381.195740 -240 1275.590088 ) (-381.195740 -1024 1275.590088 ) (-396.915436 -1024 1314.889160 ) (-396.915436 -240 1314.889160 ) 
4 1414 1426 (-381.195007 -367.811005 1275.590088 ) (-381.195007 -1024 1275.590088 ) (-412.635040 -1024 1275.590088 ) (-412.635040 -367.811005 1275.590088 ) 
4 1414 1423 (-381.195007 -351.811005 1275.590088 ) (-381.195007 -367.811005 1275.590088 ) (-412.635040 -367.811005 1275.590088 ) (-412.635040 -351.811005 1275.590088 ) 
4 1414 1422 (-412.635040 -240 1275.590088 ) (-381.195007 -240 1275.590088 ) (-381.195007 -351.811005 1275.590088 ) (-412.635040 -351.811005 1275.590088 ) 
4 1416 1419 (-469.357330 -351.811005 1216 ) (-469.357330 -240 1216 ) (-492.912994 -240 1274.889160 ) (-492.912994 -351.811005 1274.889160 ) 
4 1416 1428 (-623.057007 -240 1216 ) (-623.057007 -351.811005 1216 ) (-623.057007 -351.811005 1275.590088 ) (-623.057007 -240 1275.590088 ) 
4 1416 1417 (-469.363129 -351.811005 1216 ) (-493.199219 -351.811005 1275.590088 ) (-623.057007 -351.811005 1275.590088 ) (-623.057007 -351.811005 1216 ) 
4 1417 1420 (-469.357330 -367.811005 1216 ) (-469.357330 -351.811005 1216 ) (-492.912994 -351.811005 1274.889160 ) (-492.912994 -367.811005 1274.889160 ) 
4 1417 1418 (-469.363129 -367.811005 1216 ) (-493.199219 -367.811005 1275.590088 ) (-623.057007 -367.811005 1275.590088 ) (-623.057007 -367.811005 1216 ) 
4 1417 1428 (-623.057007 -351.811005 1216 ) (-623.057007 -367.811005 1216 ) (-623.057007 -367.811005 1275.590088 ) (-623.057007 -351.811005 1275.590088 ) 
4 1418 1433 (-469.359009 -880 1216 ) (-469.359009 -896 1216 ) (-623.057007 -896 1216 ) (-623.057007 -880 1216 ) 
4 1418 1432 (-469.359009 -384 1216 ) (-469.359009 -880 1216 ) (-623.057007 -880 1216 ) (-623.057007 -384 1216 ) 
4 1418 1421 (-469.357330 -1024 1216 ) (-469.357330 -367.811005 1216 ) (-492.912994 -367.811005 1274.889160 ) (-492.912994 -1024 1274.889160 ) 
4 1418 1428 (-623.057007 -367.811005 1216 ) (-623.057007 -1024 1216 ) (-623.057007 -1024 1275.590088 ) (-623.057007 -367.811005 1275.590088 ) 
4 1419 1429 (-392 -240 1216 ) (-345.690063 -240 1216 ) (-345.690063 -344 1216 ) (-392 -344 1216 ) 
4 1419 1424 (-452.915436 -351.811005 1258.889771 ) (-423.949646 -351.811005 1247.303467 ) (-423.949646 -240 1247.303467 ) (-452.915436 -240 1258.889771 ) 
4 1419 1422 (-423.949646 -351.811005 1247.303467 ) (-345.690918 -351.811005 1216 ) (-345.690918 -240 1216 ) (-423.949646 -240 1247.303467 ) 
3 1419 1420 (-345.693573 -351.811005 1216 ) (-492.914062 -351.811005 1274.888672 ) (-469.358612 -351.811005 1216 ) 
4 1420 1425 (-452.915436 -367.811005 1258.889771 ) (-423.949646 -367.811005 1247.303467 ) (-423.949646 -351.811005 1247.303467 ) (-452.915436 -351.811005 1258.889771 ) 
4 1420 1423 (-423.949646 -367.811005 1247.303467 ) (-345.690918 -367.811005 1216 ) (-345.690918 -351.811005 1216 ) (-423.949646 -351.811005 1247.303467 ) 
3 1420 1421 (-345.693573 -367.811005 1216 ) (-492.914062 -367.811005 1274.888672 ) (-469.358612 -367.811005 1216 ) 
4 1421 1433 (-345.690063 -880 1216 ) (-345.690063 -896 1216 ) (-469.359009 -896 1216 ) (-469.359009 -880 1216 ) 
4 1421 1432 (-345.690063 -384 1216 ) (-345.690063 -880 1216 ) (-469.359009 -880 1216 ) (-469.359009 -384 1216 ) 
4 1421 1427 (-452.915436 -1024 1258.889771 ) (-423.949646 -1024 1247.303467 ) (-423.949646 -367.811005 1247.303467 ) (-452.915436 -367.811005 1258.889771 ) 
4 1421 1426 (-423.949646 -1024 1247.303467 ) (-345.690918 -1024 1216 ) (-345.690918 -367.811005 1216 ) (-423.949646 -367.811005 1247.303467 ) 
4 1422 1429 (-345.690063 -240 1216 ) (-288 -240 1216 ) (-288 -344 1216 ) (-345.690063 -344 1216 ) 
4 1422 1424 (-423.949219 -240 1247.300781 ) (-423.949219 -351.811005 1247.300781 ) (-412.913330 -351.811005 1274.890503 ) (-412.913330 -240 1274.890503 ) 
5 1422 1423 (-412.634766 -351.811005 1275.590088 ) (-423.947266 -351.811005 1247.308594 ) (-345.675781 -351.811005 1216 ) (-128 -351.811005 1216 ) (-128 -351.811005 1275.590088 ) 
5 1423 1426 (-423.949738 -367.811005 1247.303345 ) (-345.691406 -367.811005 1216 ) (-128 -367.811005 1216 ) (-128 -367.811005 1275.590088 ) (-412.635010 -367.811005 1275.590088 ) 
4 1423 1425 (-423.949219 -351.811005 1247.300781 ) (-423.949219 -367.811005 1247.300781 ) (-412.913330 -367.811005 1274.890503 ) (-412.913330 -351.811005 1274.890503 ) 
3 1424 1425 (-452.925781 -351.811005 1258.885620 ) (-423.953125 -351.811005 1247.296875 ) (-412.916138 -351.811005 1274.889404 ) 
3 1425 1427 (-452.915649 -367.811005 1258.889648 ) (-423.949738 -367.811005 1247.303345 ) (-412.915100 -367.811005 1274.889893 ) 
4 1426 1433 (-164.960007 -896 1216 ) (-345.690063 -896 1216 ) (-345.690063 -880 1216 ) (-164.960007 -880 1216 ) 
4 1426 1432 (-345.690063 -880 1216 ) (-345.690063 -384 1216 ) (-164.960007 -384 1216 ) (-164.960007 -880 1216 ) 
4 1426 1431 (-128 -384 1216 ) (-128 -896 1216 ) (-164.960007 -896 1216 ) (-164.960007 -384 1216 ) 
4 1426 1427 (-412.912476 -367.811005 1274.890869 ) (-423.947266 -367.811005 1247.304688 ) (-423.947296 -1024 1247.304688 ) (-412.912476 -1024 1274.890869 ) 
4 1428 1433 (-623.057007 -880 1216 ) (-623.057007 -896 1216 ) (-692.960083 -896 1216 ) (-692.960083 -880 1216 ) 
4 1428 1432 (-623.057007 -384 1216 ) (-623.057007 -880 1216 ) (-692.960083 -880 1216 ) (-692.960083 -384 1216 ) 
4 1428 1436 (-692.960083 -896 1216 ) (-896 -896 1216 ) (-896 -384 1216 ) (-692.960083 -384 1216 ) 
4 1429 1430 (-392 -344 1200 ) (-392 -240 1200 ) (-288 -240 1200 ) (-288 -344 1200 ) 
4 1431 1437 (-164.960007 -384 1024 ) (-128 -384 1024 ) (-128 -896 1024 ) (-164.960007 -896 1024 ) 
4 1431 1434 (-164.960007 -896 1074.119995 ) (-164.960007 -896 1133.709961 ) (-164.960007 -880 1133.709961 ) (-164.960007 -880 1074.119995 ) 
4 1431 1433 (-164.960007 -896 1133.709961 ) (-164.960007 -896 1216 ) (-164.960007 -880 1216 ) (-164.960007 -880 1133.709961 ) 
4 1431 1435 (-164.960007 -880 1024 ) (-164.960007 -896 1024 ) (-164.960007 -896 1074.119995 ) (-164.960007 -880 1074.119995 ) 
4 1431 1432 (-164.960007 -384 1216 ) (-164.960007 -384 1024 ) (-164.960007 -880 1024 ) (-164.960007 -880 1216 ) 
4 1432 1437 (-692.960083 -384 1024 ) (-164.960007 -384 1024 ) (-164.960007 -880 1024 ) (-692.960083 -880 1024 ) 
4 1432 1434 (-692.960083 -880 1133.709961 ) (-692.960083 -880 1074.119995 ) (-164.960007 -880 1074.119995 ) (-164.960007 -880 1133.709961 ) 
4 1432 1433 (-692.960083 -880 1216 ) (-692.960083 -880 1133.709961 ) (-164.960007 -880 1133.709961 ) (-164.960007 -880 1216 ) 
4 1432 1435 (-692.960083 -880 1074.119995 ) (-692.960083 -880 1024 ) (-164.960007 -880 1024 ) (-164.960007 -880 1074.119995 ) 
4 1432 1436 (-692.960083 -384 1216 ) (-692.960083 -384 1024 ) (-692.960083 -880 1024 ) (-692.960083 -880 1216 ) 
4 1433 1436 (-692.960083 -896 1133.709961 ) (-692.960083 -896 1216 ) (-692.960083 -880 1216 ) (-692.960083 -880 1133.709961 ) 
4 1433 1434 (-692.960083 -896 1133.709961 ) (-692.960083 -880 1133.709961 ) (-164.960007 -880 1133.709961 ) (-164.960007 -896 1133.709961 ) 
4 1434 1435 (-692.960083 -896 1074.119995 ) (-692.960083 -880 1074.119995 ) (-164.960007 -880 1074.119995 ) (-164.960007 -896 1074.119995 ) 
4 1434 1436 (-692.960083 -896 1074.119995 ) (-692.960083 -896 1133.709961 ) (-692.960083 -880 1133.709961 ) (-692.960083 -880 1074.119995 ) 
4 1435 1437 (-164.960007 -880 1024 ) (-164.960007 -896 1024 ) (-692.960083 -896 1024 ) (-692.960083 -880 1024 ) 
4 1435 1436 (-692.960083 -880 1024 ) (-692.960083 -896 1024 ) (-692.960083 -896 1074.119995 ) (-692.960083 -880 1074.119995 ) 
4 1436 1437 (-896 -896 1024 ) (-896 -384 1024 ) (-692.960083 -384 1024 ) (-692.960083 -896 1024 ) 
4 1437 1438 (-896 -896 1008 ) (-896 -384 1008 ) (-128 -384 1008 ) (-128 -896 1008 ) 
4 1438 1475 (-1022 -819.603027 526.753052 ) (-1022 -819.603027 618.036987 ) (-1022 -779.603027 618.036987 ) (-1022 -779.603027 526.753052 ) 
4 1438 1477 (-1022 -819.603027 507.590027 ) (-1022 -1024 507.590027 ) (-1022 -1024 618.036987 ) (-1022 -819.603027 618.036987 ) 
4 1438 1472 (-1022 -470.859009 529.101990 ) (-1022 -470.859009 618.036987 ) (-1022 -430.859009 618.036987 ) (-1022 -430.859009 529.101990 ) 
4 1438 1471 (-1022 -240 618.036987 ) (-1022 -240 507.590027 ) (-1022 -430.859009 507.590027 ) (-1022 -430.859009 618.036987 ) 
4 1438 1474 (-1022 -470.859009 507.590027 ) (-1022 -779.603027 507.590027 ) (-1022 -779.603027 618.036987 ) (-1022 -470.859009 618.036987 ) 
4 1438 1469 (-1022 -615.367065 618.036987 ) (-1022 -655.367065 618.036987 ) (-1022 -655.367065 619.215027 ) (-1022 -615.367065 619.215027 ) 
4 1438 1470 (-1022 -655.367065 618.036987 ) (-1022 -1024 618.036987 ) (-1022 -1024 667.215027 ) (-1022 -655.367065 667.215027 ) 
4 1438 1467 (-1022 -392.527039 666.036987 ) (-1022 -392.527039 667.215027 ) (-1022 -352.527039 667.215027 ) (-1022 -352.527039 666.036987 ) 
4 1438 1466 (-1022 -240 667.215027 ) (-1022 -240 618.036987 ) (-1022 -352.527039 618.036987 ) (-1022 -352.527039 667.215027 ) 
4 1438 1468 (-1022 -392.527039 618.036987 ) (-1022 -615.367065 618.036987 ) (-1022 -615.367065 667.215027 ) (-1022 -392.527039 667.215027 ) 
4 1438 1464 (-1022 -917.458984 667.215027 ) (-1022 -957.458984 667.215027 ) (-1022 -957.458984 814.194031 ) (-1022 -917.458984 814.194031 ) 
4 1438 1463 (-1022 -240 862.194031 ) (-1022 -240 667.215027 ) (-1022 -917.458984 667.215027 ) (-1022 -917.458984 862.194031 ) 
4 1438 1465 (-1022 -957.458984 667.215027 ) (-1022 -1024 667.215027 ) (-1022 -1024 862.194031 ) (-1022 -957.458984 862.194031 ) 
4 1438 1460 (-1022 -834.482056 912.014038 ) (-1022 -834.482056 1008 ) (-1022 -794.482056 1008 ) (-1022 -794.482056 912.014038 ) 
4 1438 1461 (-1022 -794.482056 862.194031 ) (-1022 -834.482056 862.194031 ) (-1022 -834.482056 864.014038 ) (-1022 -794.482056 864.014038 ) 
4 1438 1459 (-1022 -441.303040 862.194031 ) (-1022 -794.482056 862.194031 ) (-1022 -794.482056 1008 ) (-1022 -441.303040 1008 ) 
4 1438 1462 (-1022 -834.482056 862.194031 ) (-1022 -1024 862.194031 ) (-1022 -1024 1008 ) (-1022 -834.482056 1008 ) 
4 1438 1457 (-1022 -441.303040 922.031006 ) (-1022 -441.303040 1008 ) (-1022 -401.303040 1008 ) (-1022 -401.303040 922.031006 ) 
4 1438 1458 (-1022 -401.303040 862.194031 ) (-1022 -441.303040 862.194031 ) (-1022 -441.303040 874.031006 ) (-1022 -401.303040 874.031006 ) 
4 1438 1456 (-1022 -240 1008 ) (-1022 -240 862.194031 ) (-1022 -401.303040 862.194031 ) (-1022 -401.303040 1008 ) 
4 1438 1453 (-149.371002 -931.775085 507.590027 ) (-149.371002 -947.775085 507.590027 ) (-677.370972 -947.775085 507.590027 ) (-677.370972 -931.775085 507.590027 ) 
4 1438 1452 (-677.370972 -743.828979 507.590027 ) (-149.371002 -743.828979 507.590027 ) (-149.371002 -931.775085 507.590027 ) (-677.370972 -931.775085 507.590027 ) 
4 1438 1454 (-149.371002 -947.775085 507.590027 ) (-149.371002 -1024 507.590027 ) (-677.370972 -1024 507.590027 ) (-677.370972 -947.775085 507.590027 ) 
4 1438 1451 (-149.371002 -743.828979 507.590027 ) (0 -743.828979 507.590027 ) (0 -1024 507.590027 ) (-149.371002 -1024 507.590027 ) 
4 1438 1455 (-1022 -1024 507.590027 ) (-1022 -743.828979 507.590027 ) (-677.370972 -743.828979 507.590027 ) (-677.370972 -1024 507.590027 ) 
4 1438 1449 (-787.443054 -727.828979 507.590027 ) (-259.442993 -727.828979 507.590027 ) (-259.442993 -743.828979 507.590027 ) (-787.443054 -743.828979 507.590027 ) 
4 1438 1448 (-259.442993 -727.828979 507.590027 ) (0 -727.828979 507.590027 ) (0 -743.828979 507.590027 ) (-259.442993 -743.828979 507.590027 ) 
4 1438 1450 (-1022 -743.828979 507.590027 ) (-1022 -727.828979 507.590027 ) (-787.443054 -727.828979 507.590027 ) (-787.443054 -743.828979 507.590027 ) 
4 1438 1445 (-308.750000 -576.499023 507.590027 ) (-308.750000 -592.499023 507.590027 ) (-836.750000 -592.499023 507.590027 ) (-836.750000 -576.499023 507.590027 ) 
4 1438 1444 (-836.750000 -516.625000 507.590027 ) (-308.750000 -516.625000 507.590027 ) (-308.750000 -576.499023 507.590027 ) (-836.750000 -576.499023 507.590027 ) 
4 1438 1446 (-308.750000 -592.499023 507.590027 ) (-308.750000 -727.828979 507.590027 ) (-836.750000 -727.828979 507.590027 ) (-836.750000 -592.499023 507.590027 ) 
4 1438 1443 (-308.750000 -516.625000 507.590027 ) (0 -516.625000 507.590027 ) (0 -727.828979 507.590027 ) (-308.750000 -727.828979 507.590027 ) 
4 1438 1447 (-1022 -727.828979 507.590027 ) (-1022 -516.625000 507.590027 ) (-836.750000 -516.625000 507.590027 ) (-836.750000 -727.828979 507.590027 ) 
4 1438 1441 (-334.882996 -500.625000 507.590027 ) (-334.882996 -516.625000 507.590027 ) (-862.882996 -516.625000 507.590027 ) (-862.882996 -500.625000 507.590027 ) 
4 1438 1440 (-862.882996 -240 507.590027 ) (-334.882996 -240 507.590027 ) (-334.882996 -500.625000 507.590027 ) (-862.882996 -500.625000 507.590027 ) 
4 1438 1439 (-334.882996 -240 507.590027 ) (0 -240 507.590027 ) (0 -516.625000 507.590027 ) (-334.882996 -516.625000 507.590027 ) 
4 1438 1442 (-1022 -516.625000 507.590027 ) (-1022 -240 507.590027 ) (-862.882996 -240 507.590027 ) (-862.882996 -516.625000 507.590027 ) 
4 1439 1482 (-334.882996 -240 448 ) (0 -240 448 ) (0 -516.625000 448 ) (-334.882996 -516.625000 448 ) 
4 1439 1444 (-308.750000 -516.625000 507.590027 ) (-334.882996 -516.625000 507.590027 ) (-334.882996 -516.625000 448 ) (-308.750000 -516.625000 448 ) 
4 1439 1443 (0 -516.625000 507.590027 ) (-308.750000 -516.625000 507.590027 ) (-308.750000 -516.625000 448 ) (0 -516.625000 448 ) 
4 1439 1441 (-334.882996 -516.625000 448 ) (-334.882996 -516.625000 507.590027 ) (-334.882996 -500.625000 507.590027 ) (-334.882996 -500.625000 448 ) 
4 1439 1440 (-334.882996 -500.625000 507.590027 ) (-334.882996 -240 507.590027 ) (-334.882996 -240 448 ) (-334.882996 -500.625000 448 ) 
4 1440 1482 (-862.882996 -240 448 ) (-334.882996 -240 448 ) (-334.882996 -500.625000 448 ) (-862.882996 -500.625000 448 ) 
4 1440 1442 (-862.882996 -500.625000 507.590027 ) (-862.882996 -240 507.590027 ) (-862.882996 -240 448 ) (-862.882996 -500.625000 448 ) 
4 1440 1441 (-862.882996 -500.625000 507.590027 ) (-862.882996 -500.625000 448 ) (-334.882996 -500.625000 448 ) (-334.882996 -500.625000 507.590027 ) 
4 1441 1482 (-334.882996 -500.625000 448 ) (-334.882996 -516.625000 448 ) (-862.882996 -516.625000 448 ) (-862.882996 -500.625000 448 ) 
4 1441 1444 (-334.882996 -516.625000 507.590027 ) (-836.750000 -516.625000 507.590027 ) (-836.750000 -516.625000 448 ) (-334.882996 -516.625000 448 ) 
4 1441 1447 (-836.750000 -516.625000 507.590027 ) (-862.882996 -516.625000 507.590027 ) (-862.882996 -516.625000 448 ) (-836.750000 -516.625000 448 ) 
4 1441 1442 (-862.882996 -516.625000 448 ) (-862.882996 -516.625000 507.590027 ) (-862.882996 -500.625000 507.590027 ) (-862.882996 -500.625000 448 ) 
4 1442 1482 (-1022 -516.625000 448 ) (-1022 -240 448 ) (-862.882996 -240 448 ) (-862.882996 -516.625000 448 ) 
4 1442 1473 (-1022 -430.859009 448 ) (-1022 -470.859009 448 ) (-1022 -470.859009 481.101990 ) (-1022 -430.859009 481.101990 ) 
4 1442 1471 (-1022 -240 507.590027 ) (-1022 -240 448 ) (-1022 -430.859009 448 ) (-1022 -430.859009 507.590027 ) 
4 1442 1474 (-1022 -470.859009 448 ) (-1022 -516.625000 448 ) (-1022 -516.625000 507.590027 ) (-1022 -470.859009 507.590027 ) 
4 1442 1447 (-862.882996 -516.625000 507.590027 ) (-1022 -516.625000 507.590027 ) (-1022 -516.625000 448 ) (-862.882996 -516.625000 448 ) 
4 1443 1482 (-308.750000 -516.625000 448 ) (0 -516.625000 448 ) (0 -727.828979 448 ) (-308.750000 -727.828979 448 ) 
4 1443 1449 (-259.442993 -727.828979 507.590027 ) (-308.750000 -727.828979 507.590027 ) (-308.750000 -727.828979 448 ) (-259.442993 -727.828979 448 ) 
4 1443 1448 (0 -727.828979 507.590027 ) (-259.442993 -727.828979 507.590027 ) (-259.442993 -727.828979 448 ) (0 -727.828979 448 ) 
4 1443 1445 (-308.750000 -576.499023 448 ) (-308.750000 -592.499023 448 ) (-308.750000 -592.499023 507.590027 ) (-308.750000 -576.499023 507.590027 ) 
4 1443 1444 (-308.750000 -516.625000 507.590027 ) (-308.750000 -516.625000 448 ) (-308.750000 -576.499023 448 ) (-308.750000 -576.499023 507.590027 ) 
4 1443 1446 (-308.750000 -592.499023 448 ) (-308.750000 -727.828979 448 ) (-308.750000 -727.828979 507.590027 ) (-308.750000 -592.499023 507.590027 ) 
4 1444 1482 (-836.750000 -516.625000 448 ) (-308.750000 -516.625000 448 ) (-308.750000 -576.499023 448 ) (-836.750000 -576.499023 448 ) 
4 1444 1447 (-836.750000 -516.625000 507.590027 ) (-836.750000 -516.625000 448 ) (-836.750000 -576.499023 448 ) (-836.750000 -576.499023 507.590027 ) 
4 1444 1445 (-836.750000 -576.499023 507.590027 ) (-836.750000 -576.499023 448 ) (-308.750000 -576.499023 448 ) (-308.750000 -576.499023 507.590027 ) 
4 1445 1482 (-308.750000 -576.499023 448 ) (-308.750000 -592.499023 448 ) (-836.750000 -592.499023 448 ) (-836.750000 -576.499023 448 ) 
4 1445 1446 (-836.750000 -592.499023 507.590027 ) (-836.750000 -592.499023 448 ) (-308.750000 -592.499023 448 ) (-308.750000 -592.499023 507.590027 ) 
4 1445 1447 (-836.750000 -576.499023 448 ) (-836.750000 -592.499023 448 ) (-836.750000 -592.499023 507.590027 ) (-836.750000 -576.499023 507.590027 ) 
4 1446 1482 (-308.750000 -592.499023 448 ) (-308.750000 -727.828979 448 ) (-836.750000 -727.828979 448 ) (-836.750000 -592.499023 448 ) 
4 1446 1449 (-308.750000 -727.828979 507.590027 ) (-787.443054 -727.828979 507.590027 ) (-787.443054 -727.828979 448 ) (-308.750000 -727.828979 448 ) 
4 1446 1450 (-787.443054 -727.828979 507.590027 ) (-836.750000 -727.828979 507.590027 ) (-836.750000 -727.828979 448 ) (-787.443054 -727.828979 448 ) 
4 1446 1447 (-836.750000 -592.499023 448 ) (-836.750000 -727.828979 448 ) (-836.750000 -727.828979 507.590027 ) (-836.750000 -592.499023 507.590027 ) 
4 1447 1482 (-1022 -727.828979 448 ) (-1022 -516.625000 448 ) (-836.750000 -516.625000 448 ) (-836.750000 -727.828979 448 ) 
4 1447 1474 (-1022 -516.625000 448 ) (-1022 -727.828979 448 ) (-1022 -727.828979 507.590027 ) (-1022 -516.625000 507.590027 ) 
4 1447 1450 (-836.750000 -727.828979 507.590027 ) (-1022 -727.828979 507.590027 ) (-1022 -727.828979 448 ) (-836.750000 -727.828979 448 ) 
4 1448 1482 (-259.442993 -727.828979 448 ) (0 -727.828979 448 ) (0 -743.828979 448 ) (-259.442993 -743.828979 448 ) 
4 1448 1452 (-149.371002 -743.828979 507.590027 ) (-259.442993 -743.828979 507.590027 ) (-259.442993 -743.828979 448 ) (-149.371002 -743.828979 448 ) 
4 1448 1451 (0 -743.828979 507.590027 ) (-149.371002 -743.828979 507.590027 ) (-149.371002 -743.828979 448 ) (0 -743.828979 448 ) 
4 1448 1449 (-259.442993 -727.828979 507.590027 ) (-259.442993 -727.828979 448 ) (-259.442993 -743.828979 448 ) (-259.442993 -743.828979 507.590027 ) 
4 1449 1482 (-787.443054 -727.828979 448 ) (-259.442993 -727.828979 448 ) (-259.442993 -743.828979 448 ) (-787.443054 -743.828979 448 ) 
4 1449 1452 (-259.442993 -743.828979 507.590027 ) (-677.370972 -743.828979 507.590027 ) (-677.370972 -743.828979 448 ) (-259.442993 -743.828979 448 ) 
4 1449 1455 (-677.370972 -743.828979 507.590027 ) (-787.443054 -743.828979 507.590027 ) (-787.443054 -743.828979 448 ) (-677.370972 -743.828979 448 ) 
4 1449 1450 (-787.443054 -727.828979 507.590027 ) (-787.443054 -727.828979 448 ) (-787.443054 -743.828979 448 ) (-787.443054 -743.828979 507.590027 ) 
4 1450 1482 (-1022 -743.828979 448 ) (-1022 -727.828979 448 ) (-787.443054 -727.828979 448 ) (-787.443054 -743.828979 448 ) 
4 1450 1474 (-1022 -727.828979 448 ) (-1022 -743.828979 448 ) (-1022 -743.828979 507.590027 ) (-1022 -727.828979 507.590027 ) 
4 1450 1455 (-787.443054 -743.828979 507.590027 ) (-1022 -743.828979 507.590027 ) (-1022 -743.828979 448 ) (-787.443054 -743.828979 448 ) 
4 1451 1482 (0 -1024 448 ) (-149.371002 -1024 448 ) (-149.371002 -743.828979 448 ) (0 -743.828979 448 ) 
4 1451 1453 (-149.371002 -931.775085 448 ) (-149.371002 -947.775085 448 ) (-149.371002 -947.775085 507.590027 ) (-149.371002 -931.775085 507.590027 ) 
4 1451 1452 (-149.371002 -743.828979 507.590027 ) (-149.371002 -743.828979 448 ) (-149.371002 -931.775085 448 ) (-149.371002 -931.775085 507.590027 ) 
4 1451 1454 (-149.371002 -947.775085 448 ) (-149.371002 -1024 448 ) (-149.371002 -1024 507.590027 ) (-149.371002 -947.775085 507.590027 ) 
4 1452 1482 (-677.370972 -931.775085 448 ) (-677.370972 -743.828979 448 ) (-149.371002 -743.828979 448 ) (-149.371002 -931.775085 448 ) 
4 1452 1455 (-677.370972 -743.828979 507.590027 ) (-677.370972 -743.828979 448 ) (-677.370972 -931.775085 448 ) (-677.370972 -931.775085 507.590027 ) 
4 1452 1453 (-677.370972 -931.775085 507.590027 ) (-677.370972 -931.775085 448 ) (-149.371002 -931.775085 448 ) (-149.371002 -931.775085 507.590027 ) 
4 1453 1482 (-677.370972 -947.775085 448 ) (-677.370972 -931.775085 448 ) (-149.371002 -931.775085 448 ) (-149.371002 -947.775085 448 ) 
4 1453 1454 (-677.370972 -947.775085 507.590027 ) (-677.370972 -947.775085 448 ) (-149.371002 -947.775085 448 ) (-149.371002 -947.775085 507.590027 ) 
4 1453 1455 (-677.370972 -931.775085 448 ) (-677.370972 -947.775085 448 ) (-677.370972 -947.775085 507.590027 ) (-677.370972 -931.775085 507.590027 ) 
4 1454 1482 (-149.371002 -1024 448 ) (-677.370972 -1024 448 ) (-677.370972 -947.775085 448 ) (-149.371002 -947.775085 448 ) 
4 1454 1455 (-677.370972 -947.775085 448 ) (-677.370972 -1024 448 ) (-677.370972 -1024 507.590027 ) (-677.370972 -947.775085 507.590027 ) 
4 1455 1482 (-677.370972 -1024 448 ) (-1022 -1024 448 ) (-1022 -743.828979 448 ) (-677.370972 -743.828979 448 ) 
4 1455 1476 (-1022 -779.603027 448 ) (-1022 -819.603027 448 ) (-1022 -819.603027 478.753021 ) (-1022 -779.603027 478.753021 ) 
4 1455 1477 (-1022 -819.603027 448 ) (-1022 -1024 448 ) (-1022 -1024 507.590027 ) (-1022 -819.603027 507.590027 ) 
4 1455 1474 (-1022 -743.828979 448 ) (-1022 -779.603027 448 ) (-1022 -779.603027 507.590027 ) (-1022 -743.828979 507.590027 ) 
4 1456 1463 (-1024 -401.303040 862.194031 ) (-1024 -240 862.194031 ) (-1022 -240 862.194031 ) (-1022 -401.303040 862.194031 ) 
4 1456 1457 (-1022 -401.303040 922.031006 ) (-1022 -401.303040 1008 ) (-1024 -401.303040 1008 ) (-1024 -401.303040 922.031006 ) 
4 1456 1458 (-1024 -401.303040 862.194031 ) (-1022 -401.303040 862.194031 ) (-1022 -401.303040 874.031006 ) (-1024 -401.303040 874.031006 ) 
4 1457 1459 (-1022 -441.303040 922.031006 ) (-1022 -441.303040 1008 ) (-1024 -441.303040 1008 ) (-1024 -441.303040 922.031006 ) 
4 1458 1463 (-1024 -441.303040 862.194031 ) (-1024 -401.303040 862.194031 ) (-1022 -401.303040 862.194031 ) (-1022 -441.303040 862.194031 ) 
4 1458 1459 (-1024 -441.303040 862.194031 ) (-1022 -441.303040 862.194031 ) (-1022 -441.303040 874.031006 ) (-1024 -441.303040 874.031006 ) 
4 1459 1463 (-1024 -794.482056 862.194031 ) (-1024 -441.303040 862.194031 ) (-1022 -441.303040 862.194031 ) (-1022 -794.482056 862.194031 ) 
4 1459 1460 (-1022 -794.482056 912.014038 ) (-1022 -794.482056 1008 ) (-1024 -794.482056 1008 ) (-1024 -794.482056 912.014038 ) 
4 1459 1461 (-1024 -794.482056 862.194031 ) (-1022 -794.482056 862.194031 ) (-1022 -794.482056 864.014038 ) (-1024 -794.482056 864.014038 ) 
4 1460 1462 (-1022 -834.482056 912.014038 ) (-1022 -834.482056 1008 ) (-1024 -834.482056 1008 ) (-1024 -834.482056 912.014038 ) 
4 1461 1463 (-1024 -834.482056 862.194031 ) (-1024 -794.482056 862.194031 ) (-1022 -794.482056 862.194031 ) (-1022 -834.482056 862.194031 ) 
4 1461 1462 (-1024 -834.482056 862.194031 ) (-1022 -834.482056 862.194031 ) (-1022 -834.482056 864.014038 ) (-1024 -834.482056 864.014038 ) 
4 1462 1463 (-1024 -917.458984 862.194031 ) (-1024 -834.482056 862.194031 ) (-1022 -834.482056 862.194031 ) (-1022 -917.458984 862.194031 ) 
4 1462 1465 (-1024 -1024 862.194031 ) (-1024 -957.458984 862.194031 ) (-1022 -957.458984 862.194031 ) (-1022 -1024 862.194031 ) 
4 1463 1470 (-1022 -655.367065 667.215027 ) (-1022 -917.458984 667.215027 ) (-1024 -917.458984 667.215027 ) (-1024 -655.367065 667.215027 ) 
4 1463 1467 (-1022 -352.527039 667.215027 ) (-1022 -392.527039 667.215027 ) (-1024 -392.527039 667.215027 ) (-1024 -352.527039 667.215027 ) 
4 1463 1466 (-1024 -240 667.215027 ) (-1022 -240 667.215027 ) (-1022 -352.527039 667.215027 ) (-1024 -352.527039 667.215027 ) 
4 1463 1468 (-1022 -392.527039 667.215027 ) (-1022 -615.367065 667.215027 ) (-1024 -615.367065 667.215027 ) (-1024 -392.527039 667.215027 ) 
4 1463 1464 (-1024 -917.458984 667.215027 ) (-1022 -917.458984 667.215027 ) (-1022 -917.458984 814.194031 ) (-1024 -917.458984 814.194031 ) 
4 1464 1470 (-1022 -917.458984 667.215027 ) (-1022 -957.458984 667.215027 ) (-1024 -957.458984 667.215027 ) (-1024 -917.458984 667.215027 ) 
4 1464 1465 (-1024 -957.458984 667.215027 ) (-1022 -957.458984 667.215027 ) (-1022 -957.458984 814.194031 ) (-1024 -957.458984 814.194031 ) 
4 1465 1470 (-1022 -957.458984 667.215027 ) (-1022 -1024 667.215027 ) (-1024 -1024 667.215027 ) (-1024 -957.458984 667.215027 ) 
4 1466 1471 (-1024 -352.527039 618.036987 ) (-1024 -240 618.036987 ) (-1022 -240 618.036987 ) (-1022 -352.527039 618.036987 ) 
4 1466 1467 (-1022 -352.527039 666.036987 ) (-1022 -352.527039 667.215027 ) (-1024 -352.527039 667.215027 ) (-1024 -352.527039 666.036987 ) 
4 1467 1468 (-1022 -392.527039 666.036987 ) (-1022 -392.527039 667.215027 ) (-1024 -392.527039 667.215027 ) (-1024 -392.527039 666.036987 ) 
4 1468 1472 (-1024 -470.859009 618.036987 ) (-1024 -430.859009 618.036987 ) (-1022 -430.859009 618.036987 ) (-1022 -470.859009 618.036987 ) 
4 1468 1471 (-1024 -430.859009 618.036987 ) (-1024 -392.527039 618.036987 ) (-1022 -392.527039 618.036987 ) (-1022 -430.859009 618.036987 ) 
4 1468 1474 (-1024 -615.367065 618.036987 ) (-1024 -470.859009 618.036987 ) (-1022 -470.859009 618.036987 ) (-1022 -615.367065 618.036987 ) 
4 1468 1469 (-1024 -615.367065 618.036987 ) (-1022 -615.367065 618.036987 ) (-1022 -615.367065 619.215027 ) (-1024 -615.367065 619.215027 ) 
4 1469 1474 (-1024 -655.367065 618.036987 ) (-1024 -615.367065 618.036987 ) (-1022 -615.367065 618.036987 ) (-1022 -655.367065 618.036987 ) 
4 1469 1470 (-1024 -655.367065 618.036987 ) (-1022 -655.367065 618.036987 ) (-1022 -655.367065 619.215027 ) (-1024 -655.367065 619.215027 ) 
4 1470 1475 (-1024 -819.603027 618.036987 ) (-1024 -779.603027 618.036987 ) (-1022 -779.603027 618.036987 ) (-1022 -819.603027 618.036987 ) 
4 1470 1477 (-1024 -1024 618.036987 ) (-1024 -819.603027 618.036987 ) (-1022 -819.603027 618.036987 ) (-1022 -1024 618.036987 ) 
4 1470 1474 (-1024 -779.603027 618.036987 ) (-1024 -655.367065 618.036987 ) (-1022 -655.367065 618.036987 ) (-1022 -779.603027 618.036987 ) 
4 1471 1482 (-1024 -430.859009 448 ) (-1024 -240 448 ) (-1022 -240 448 ) (-1022 -430.859009 448 ) 
4 1471 1472 (-1022 -430.859009 529.101990 ) (-1022 -430.859009 618.036987 ) (-1024 -430.859009 618.036987 ) (-1024 -430.859009 529.101990 ) 
4 1471 1473 (-1024 -430.859009 448 ) (-1022 -430.859009 448 ) (-1022 -430.859009 481.101990 ) (-1024 -430.859009 481.101990 ) 
4 1472 1474 (-1022 -470.859009 529.101990 ) (-1022 -470.859009 618.036987 ) (-1024 -470.859009 618.036987 ) (-1024 -470.859009 529.101990 ) 
4 1473 1482 (-1024 -470.859009 448 ) (-1024 -430.859009 448 ) (-1022 -430.859009 448 ) (-1022 -470.859009 448 ) 
4 1473 1474 (-1024 -470.859009 448 ) (-1022 -470.859009 448 ) (-1022 -470.859009 481.101990 ) (-1024 -470.859009 481.101990 ) 
4 1474 1482 (-1024 -779.603027 448 ) (-1024 -470.859009 448 ) (-1022 -470.859009 448 ) (-1022 -779.603027 448 ) 
4 1474 1475 (-1022 -779.603027 526.753052 ) (-1022 -779.603027 618.036987 ) (-1024 -779.603027 618.036987 ) (-1024 -779.603027 526.753052 ) 
4 1474 1476 (-1024 -779.603027 448 ) (-1022 -779.603027 448 ) (-1022 -779.603027 478.753021 ) (-1024 -779.603027 478.753021 ) 
4 1475 1477 (-1022 -819.603027 526.753052 ) (-1022 -819.603027 618.036987 ) (-1024 -819.603027 618.036987 ) (-1024 -819.603027 526.753052 ) 
4 1476 1482 (-1024 -819.603027 448 ) (-1024 -779.603027 448 ) (-1022 -779.603027 448 ) (-1022 -819.603027 448 ) 
4 1476 1477 (-1024 -819.603027 448 ) (-1022 -819.603027 448 ) (-1022 -819.603027 478.753021 ) (-1024 -819.603027 478.753021 ) 
4 1477 1486 (-1024 -912 512 ) (-1024 -912 448 ) (-1024 -1008 448 ) (-1024 -1008 512 ) 
4 1477 1482 (-1022 -1024 448 ) (-1024 -1024 448 ) (-1024 -819.603027 448 ) (-1022 -819.603027 448 ) 
4 1478 1479 (-176 -224 232 ) (-176 -240 232 ) (-176 -240 296 ) (-176 -224 296 ) 
4 1478 1482 (-176 -240 296 ) (-176 -240 232 ) (-168 -240 232 ) (-168 -240 296 ) 
4 1479 1480 (-240 -224 232 ) (-240 -240 232 ) (-240 -240 296 ) (-240 -224 296 ) 
4 1479 1482 (-240 -240 296 ) (-240 -240 232 ) (-176 -240 232 ) (-176 -240 296 ) 
4 1480 1482 (-248 -240 296 ) (-248 -240 232 ) (-240 -240 232 ) (-240 -240 296 ) 
4 1481 1484 (-1024 -240 88 ) (-1024 -224 88 ) (-984 -224 88 ) (-984 -240 88 ) 
4 1481 1482 (-1024 -240 88 ) (-984 -240 88 ) (-984 -240 144 ) (-1024 -240 144 ) 
4 1482 1570 (-1024 -1008 320 ) (-1024 -1008 432 ) (-1024 -912 432 ) (-1024 -912 320 ) 
4 1482 1486 (-1024 -1008 448 ) (-1024 -912 448 ) (-1024 -912 432 ) (-1024 -1008 432 ) 
4 1482 1485 (0 -1024 88 ) (-1024 -1024 88 ) (-1024 -240 88 ) (0 -240 88 ) 
4 1484 1485 (-984 -240 88 ) (-1024 -240 88 ) (-1024 -240 32 ) (-984 -240 32 ) 
4 1486 1570 (-1024 -912 432 ) (-1024 -1008 432 ) (-1056 -1008 432 ) (-1056 -912 432 ) 
4 1486 1487 (-1056 -912 432 ) (-1056 -1008 432 ) (-1056 -1008 512 ) (-1056 -912 512 ) 
4 1487 1570 (-1056 -1008 432 ) (-1248 -1008 432 ) (-1248 -912 432 ) (-1056 -912 432 ) 
4 1487 1567 (-1248 -912 432 ) (-1248 -368 432 ) (-1056 -368 432 ) (-1056 -912 432 ) 
4 1487 1565 (-1248 -368 432 ) (-1248 -240 432 ) (-1056 -240 432 ) (-1056 -368 432 ) 
4 1487 1499 (-1248 -816 576 ) (-1248 -816 1008 ) (-1248 -720 1008 ) (-1248 -720 689.142944 ) 
4 1487 1500 (-1248 -816 432 ) (-1248 -1008 432 ) (-1248 -1008 1008 ) (-1248 -816 1008 ) 
4 1487 1498 (-1248 -720 464 ) (-1248 -720 544 ) (-1248 -640 544 ) (-1248 -640 464 ) 
3 1487 1497 (-1248 -720 689.143005 ) (-1248 -720 760 ) (-1248 -659.878845 760 ) 
5 1487 1496 (-1248 -720 760 ) (-1248 -720 1008 ) (-1248 -640 1008 ) (-1248 -640 783.428650 ) (-1248 -659.878845 760 ) 
4 1487 1495 (-1248 -640 783.428650 ) (-1248 -640 1008 ) (-1248 -632 1008 ) (-1248 -632 792.857178 ) 
4 1487 1494 (-1248 -632 608 ) (-1248 -632 688 ) (-1248 -552 688 ) (-1248 -552 608 ) 
4 1487 1493 (-1248 -544 464 ) (-1248 -544 544 ) (-1248 -464 544 ) (-1248 -464 464 ) 
3 1487 1492 (-1248 -524.121216 760 ) (-1248 -464 760 ) (-1248 -464 689.142822 ) 
4 1487 1491 (-1248 -464 689.142822 ) (-1248 -464 760 ) (-1248 -368 760 ) (-1248 -368 576 ) 
4 1487 1490 (-1248 -240 432 ) (-1248 -368 432 ) (-1248 -368 760 ) (-1248 -240 760 ) 
3 1487 1489 (-1248 -632 792.857178 ) (-1248 -632 887.142822 ) (-1248 -592 840 ) 
5 1487 1488 (-1248 -632 887.142822 ) (-1248 -632 1008 ) (-1248 -240 1008 ) (-1248 -240 760 ) (-1248 -524.121216 760 ) 
4 1488 1525 (-1264 -449.454529 1008 ) (-1264 -431.273773 1008 ) (-1264 -583.359375 829.816345 ) (-1264 -592 840 ) 
5 1488 1521 (-1264 -431.273773 1008 ) (-1264 -384 1008 ) (-1264 -384 760 ) (-1264 -524.121216 760 ) (-1264 -583.359375 829.816345 ) 
4 1488 1519 (-1264 -632 887.142822 ) (-1264 -632 1008 ) (-1264 -449.454529 1008 ) (-1264 -592 840 ) 
4 1488 1502 (-1264 -384 1008 ) (-1264 -368 1008 ) (-1264 -368 760 ) (-1264 -384 760 ) 
4 1488 1501 (-1264 -368 1008 ) (-1264 -240 1008 ) (-1264 -240 760 ) (-1264 -368 760 ) 
4 1488 1495 (-1264 -632 1008 ) (-1264 -632 887.142822 ) (-1248 -632 887.142822 ) (-1248 -632 1008 ) 
4 1488 1492 (-1264 -524.121216 760 ) (-1264 -464 760 ) (-1248 -464 760 ) (-1248 -524.121216 760 ) 
4 1488 1491 (-1264 -464 760 ) (-1264 -368 760 ) (-1248 -368 760 ) (-1248 -464 760 ) 
4 1488 1490 (-1264 -368 760 ) (-1264 -240 760 ) (-1248 -240 760 ) (-1248 -368 760 ) 
4 1488 1489 (-1248 -592 840 ) (-1248 -632 887.141602 ) (-1264 -632 887.141602 ) (-1264 -592 840 ) 
3 1489 1519 (-1264 -632 792.857178 ) (-1264 -632 887.142822 ) (-1264 -592 840 ) 
4 1489 1495 (-1264 -632 887.142822 ) (-1264 -632 792.857178 ) (-1248 -632 792.857178 ) (-1248 -632 887.142822 ) 
4 1490 1565 (-1264 -368 432 ) (-1264 -240 432 ) (-1248 -240 432 ) (-1248 -368 432 ) 
4 1490 1501 (-1264 -240 432 ) (-1264 -368 432 ) (-1264 -368 760 ) (-1264 -240 760 ) 
4 1490 1491 (-1248 -368 576 ) (-1248 -368 760 ) (-1264 -368 760 ) (-1264 -368 576 ) 
4 1491 1523 (-1264 -464 689.142822 ) (-1264 -464 760 ) (-1264 -384 760 ) (-1264 -384 594.857117 ) 
4 1491 1502 (-1264 -384 760 ) (-1264 -368 760 ) (-1264 -368 576 ) (-1264 -384 594.857117 ) 
4 1491 1492 (-1248 -464 689.142822 ) (-1248 -464 760 ) (-1264 -464 760 ) (-1264 -464 689.142822 ) 
3 1492 1523 (-1264 -524.121216 760 ) (-1264 -464 760 ) (-1264 -464 689.142822 ) 
4 1493 1526 (-1264 -544 464 ) (-1264 -544 544 ) (-1264 -464 544 ) (-1264 -464 464 ) 
4 1494 1520 (-1264 -632 608 ) (-1264 -632 688 ) (-1264 -552 688 ) (-1264 -552 608 ) 
4 1495 1519 (-1264 -640 783.428650 ) (-1264 -640 1008 ) (-1264 -632 1008 ) (-1264 -632 792.857178 ) 
4 1495 1496 (-1248 -640 783.428650 ) (-1248 -640 1008 ) (-1264 -640 1008 ) (-1264 -640 783.428650 ) 
5 1496 1519 (-1264 -720 760 ) (-1264 -720 1008 ) (-1264 -640 1008 ) (-1264 -640 783.428650 ) (-1264 -659.878845 760 ) 
4 1496 1499 (-1248 -720 760 ) (-1248 -720 1008 ) (-1264 -720 1008 ) (-1264 -720 760 ) 
4 1496 1497 (-1248 -720 760 ) (-1264 -720 760 ) (-1264 -659.878845 760 ) (-1248 -659.878845 760 ) 
3 1497 1519 (-1264 -720 689.143005 ) (-1264 -720 760 ) (-1264 -659.878845 760 ) 
4 1497 1499 (-1248 -720 689.143005 ) (-1248 -720 760 ) (-1264 -720 760 ) (-1264 -720 689.142944 ) 
4 1498 1527 (-1264 -720 464 ) (-1264 -720 544 ) (-1264 -640 544 ) (-1264 -640 464 ) 
4 1499 1551 (-1264 -816 576 ) (-1264 -816 1008 ) (-1264 -800 1008 ) (-1264 -800 594.857178 ) 
4 1499 1519 (-1264 -800 1008 ) (-1264 -720 1008 ) (-1264 -720 689.142944 ) (-1264 -800 594.857178 ) 
4 1499 1500 (-1248 -816 576 ) (-1248 -816 1008 ) (-1264 -816 1008 ) (-1264 -816 576 ) 
4 1500 1570 (-1264 -1008 432 ) (-1264 -912 432 ) (-1248 -912 432 ) (-1248 -1008 432 ) 
4 1500 1568 (-1264 -912 432 ) (-1264 -816 432 ) (-1248 -816 432 ) (-1248 -912 432 ) 
4 1500 1562 (-1264 -816 432 ) (-1264 -1008 432 ) (-1264 -1008 1008 ) (-1264 -816 1008 ) 
4 1501 1565 (-1264 -240 432 ) (-1264 -368 432 ) (-1344 -368 432 ) (-1344 -240 432 ) 
4 1501 1506 (-1344 -240 736 ) (-1344 -240 576 ) (-1344 -368 576 ) (-1344 -368 736 ) 
4 1501 1505 (-1344 -368 1008 ) (-1344 -240 1008 ) (-1344 -240 736 ) (-1344 -368 736 ) 
4 1501 1503 (-1344 -240 560 ) (-1344 -240 432 ) (-1344 -368 432 ) (-1344 -368 560 ) 
4 1501 1502 (-1344 -368 1008 ) (-1344 -368 576 ) (-1264 -368 576 ) (-1264 -368 1008 ) 
4 1502 1523 (-1264 -384 594.857117 ) (-1264 -384 760 ) (-1344 -384 760 ) (-1344 -384 594.857117 ) 
4 1502 1521 (-1264 -384 760 ) (-1264 -384 1008 ) (-1344 -384 1008 ) (-1344 -384 760 ) 
4 1502 1510 (-1344 -384 720 ) (-1344 -384 736 ) (-1344 -368 736 ) (-1344 -368 720 ) 
4 1502 1509 (-1344 -384 736 ) (-1344 -384 1008 ) (-1344 -368 1008 ) (-1344 -368 736 ) 
4 1502 1507 (-1344 -384 594.857117 ) (-1344 -384 720 ) (-1344 -368 720 ) (-1344 -368 576 ) 
4 1503 1513 (-1568 -240 560 ) (-1568 -240 432 ) (-1568 -368 432 ) (-1568 -368 560 ) 
4 1503 1511 (-1488 -368 432 ) (-1424 -368 432 ) (-1424 -368 528 ) (-1488 -368 528 ) 
4 1504 1513 (-1568 -240 720 ) (-1568 -240 576 ) (-1568 -368 576 ) (-1568 -368 720 ) 
4 1504 1512 (-1568 -368 720 ) (-1568 -368 576 ) (-1488 -368 633.142944 ) (-1488 -368 662.857117 ) 
3 1504 1508 (-1488 -368 633.142944 ) (-1467.200073 -368 648 ) (-1488 -368 662.857117 ) 
4 1504 1505 (-1568 -240 720.003906 ) (-1568 -368 720.003906 ) (-1467.197388 -368 648.001953 ) (-1467.197388 -240 648.001953 ) 
4 1505 1513 (-1568 -368 1008 ) (-1568 -240 1008 ) (-1568 -240 720 ) (-1568 -368 720 ) 
4 1505 1512 (-1568 -368 1008 ) (-1568 -368 720 ) (-1488 -368 662.857178 ) (-1488 -368 1008 ) 
5 1505 1509 (-1488 -368 662.857178 ) (-1467.200073 -368 648 ) (-1344 -368 736 ) (-1344 -368 1008 ) (-1488 -368 1008 ) 
4 1505 1506 (-1344 -368 736.003906 ) (-1456.001099 -368 656 ) (-1456.001099 -240 656 ) (-1344 -240 736.003906 ) 
4 1506 1510 (-1344 -368 720 ) (-1344 -368 736 ) (-1456 -368 656 ) (-1444.799927 -368 648 ) 
3 1506 1507 (-1344 -368 576 ) (-1344 -368 720 ) (-1444.799927 -368 648 ) 
4 1507 1523 (-1344 -384 594.857117 ) (-1344 -384 720 ) (-1444.799927 -384 648 ) (-1370.400024 -384 594.857117 ) 
4 1507 1510 (-1344 -368 720.003906 ) (-1444.801147 -368 648 ) (-1444.801025 -384 648 ) (-1344 -384 720.003479 ) 
3 1508 1522 (-1488 -384 662.857178 ) (-1488 -384 633.143005 ) (-1467.200073 -384 648 ) 
4 1508 1512 (-1488 -368 662.857239 ) (-1488 -368 633.143005 ) (-1488 -384 633.143005 ) (-1488 -384 662.857239 ) 
4 1508 1509 (-1488 -368 662.859375 ) (-1488 -384 662.859375 ) (-1467.198242 -384 648.001343 ) (-1467.198242 -368 648.001343 ) 
4 1509 1524 (-1488 -384 678.857117 ) (-1488 -384 662.857178 ) (-1467.200073 -384 648 ) (-1456 -384 656 ) 
5 1509 1523 (-1344 -384 736 ) (-1344 -384 760 ) (-1488 -384 760 ) (-1488 -384 678.857117 ) (-1456 -384 656 ) 
4 1509 1521 (-1344 -384 760 ) (-1344 -384 1008 ) (-1488 -384 1008 ) (-1488 -384 760 ) 
4 1509 1512 (-1488 -368 1008 ) (-1488 -368 662.857239 ) (-1488 -384 662.857239 ) (-1488 -384 1008 ) 
4 1509 1510 (-1456 -368 656 ) (-1344 -368 736.001404 ) (-1344 -384 736.001709 ) (-1456 -384 656 ) 
4 1510 1523 (-1344 -384 720 ) (-1344 -384 736 ) (-1456 -384 656 ) (-1444.799927 -384 648 ) 
4 1511 1531 (-1488 -384 432 ) (-1424 -384 432 ) (-1424 -384 528 ) (-1488 -384 528 ) 
4 1512 1524 (-1488 -384 662.857239 ) (-1488 -384 678.857117 ) (-1568 -384 736 ) (-1568 -384 720 ) 
4 1512 1523 (-1488 -384 678.857117 ) (-1488 -384 760 ) (-1568 -384 760 ) (-1568 -384 736 ) 
5 1512 1522 (-1488 -384 633.142944 ) (-1488 -384 662.857239 ) (-1568 -384 720 ) (-1568 -384 594.857117 ) (-1541.600098 -384 594.857117 ) 
4 1512 1521 (-1488 -384 760 ) (-1488 -384 1008 ) (-1568 -384 1008 ) (-1568 -384 760 ) 
4 1512 1514 (-1568 -384 594.857117 ) (-1568 -384 1008 ) (-1568 -368 1008 ) (-1568 -368 576 ) 
4 1513 1566 (-1700 -368 432 ) (-1700 -240 432 ) (-1568 -240 432 ) (-1568 -368 432 ) 
4 1513 1515 (-1700 -240 1008 ) (-1700 -240 432 ) (-1700 -368 432 ) (-1700 -368 1008 ) 
4 1513 1514 (-1568 -368 576 ) (-1568 -368 1008 ) (-1700 -368 1008 ) (-1700 -368 576 ) 
4 1514 1524 (-1568 -384 720 ) (-1568 -384 736 ) (-1601.599976 -384 760 ) (-1624 -384 760 ) 
3 1514 1523 (-1568 -384 736 ) (-1568 -384 760 ) (-1601.599976 -384 760 ) 
5 1514 1522 (-1568 -384 594.857117 ) (-1568 -384 720 ) (-1624 -384 760 ) (-1700 -384 760 ) (-1700 -384 594.857117 ) 
4 1514 1521 (-1568 -384 760 ) (-1568 -384 1008 ) (-1700 -384 1008 ) (-1700 -384 760 ) 
4 1514 1516 (-1700 -384 594.857117 ) (-1700 -384 1008 ) (-1700 -368 1008 ) (-1700 -368 576 ) 
4 1515 1566 (-1872 -368 432 ) (-1872 -240 432 ) (-1700 -240 432 ) (-1700 -368 432 ) 
4 1515 1538 (-1872 -240 432 ) (-1872 -368 432 ) (-1872 -368 1008 ) (-1872 -240 1008 ) 
4 1515 1518 (-1872 -368 1008 ) (-1872 -368 576 ) (-1780 -368 576 ) (-1780 -368 1008 ) 
4 1515 1516 (-1700 -368 576 ) (-1700 -368 1008 ) (-1780 -368 1008 ) (-1780 -368 576 ) 
4 1515 1517 (-1700 -368 464 ) (-1700 -368 544 ) (-1780 -368 544 ) (-1780 -368 464 ) 
4 1516 1522 (-1700 -384 594.857117 ) (-1700 -384 760 ) (-1780 -384 760 ) (-1780 -384 594.857117 ) 
4 1516 1521 (-1700 -384 760 ) (-1700 -384 1008 ) (-1780 -384 1008 ) (-1780 -384 760 ) 
4 1516 1518 (-1780 -368 1008 ) (-1780 -368 576 ) (-1780 -384 594.857117 ) (-1780 -384 1008 ) 
4 1517 1537 (-1700 -384 464 ) (-1700 -384 544 ) (-1780 -384 544 ) (-1780 -384 464 ) 
4 1518 1539 (-1872 -384 594.857117 ) (-1872 -384 1008 ) (-1872 -368 1008 ) (-1872 -368 576 ) 
4 1518 1522 (-1872 -384 760 ) (-1872 -384 594.857117 ) (-1780 -384 594.857117 ) (-1780 -384 760 ) 
4 1518 1521 (-1872 -384 1008 ) (-1872 -384 760 ) (-1780 -384 760 ) (-1780 -384 1008 ) 
4 1519 1560 (-1780 -800 1008 ) (-1872 -800 1008 ) (-1872 -800 594.857178 ) (-1780 -800 594.857178 ) 
4 1519 1558 (-1700 -800 1008 ) (-1780 -800 1008 ) (-1780 -800 594.857178 ) (-1700 -800 594.857178 ) 
4 1519 1557 (-1608 -800 1008 ) (-1700 -800 1008 ) (-1700 -800 594.857178 ) (-1608 -800 594.857178 ) 
4 1519 1555 (-1528 -800 1008 ) (-1608 -800 1008 ) (-1608 -800 594.857178 ) (-1528 -800 594.857178 ) 
4 1519 1554 (-1436 -800 1008 ) (-1528 -800 1008 ) (-1528 -800 594.857178 ) (-1436 -800 594.857178 ) 
4 1519 1552 (-1356 -800 1008 ) (-1436 -800 1008 ) (-1436 -800 594.857178 ) (-1356 -800 594.857178 ) 
4 1519 1551 (-1264 -800 594.857178 ) (-1264 -800 1008 ) (-1356 -800 1008 ) (-1356 -800 594.857178 ) 
4 1519 1549 (-1872 -800 594.857178 ) (-1872 -800 760 ) (-1872 -720 760 ) (-1872 -720 689.142883 ) 
3 1519 1548 (-1872 -720 760 ) (-1872 -659.878784 760 ) (-1872 -720 689.142883 ) 
5 1519 1544 (-1872 -800 760 ) (-1872 -800 1008 ) (-1872 -552 1008 ) (-1872 -552 887.142822 ) (-1872 -659.878784 760 ) 
4 1519 1543 (-1872 -552 1008 ) (-1872 -544 1008 ) (-1872 -544 896.571411 ) (-1872 -552 887.142822 ) 
4 1519 1540 (-1872 -544 1008 ) (-1872 -464 1008 ) (-1872 -464 990.857117 ) (-1872 -544 896.571411 ) 
3 1519 1539 (-1872 -464 1008 ) (-1872 -449.454529 1008 ) (-1872 -464 990.857117 ) 
4 1519 1525 (-1872 -592 840 ) (-1872 -449.453125 1008 ) (-1264 -449.453125 1008 ) (-1264 -592 840 ) 
4 1520 1546 (-1872 -552 688 ) (-1872 -552 608 ) (-1872 -632 608 ) (-1872 -632 688 ) 
4 1520 1535 (-1632 -384 560 ) (-1520 -384 560 ) (-1520 -592 560 ) (-1632 -592 560 ) 
4 1520 1536 (-1520 -800 560 ) (-1648 -800 560 ) (-1648 -608 560 ) (-1520 -608 560 ) 
4 1520 1537 (-1648 -800 560 ) (-1872 -800 560 ) (-1872 -384 560 ) (-1648 -384 560 ) 
4 1520 1533 (-1504 -384 560 ) (-1488 -384 560 ) (-1488 -496 560 ) (-1504 -496 560 ) 
4 1520 1531 (-1488 -384 560 ) (-1424 -384 560 ) (-1424 -496 560 ) (-1488 -496 560 ) 
4 1520 1530 (-1424 -384 560 ) (-1408 -384 560 ) (-1408 -496 560 ) (-1424 -496 560 ) 
4 1520 1534 (-1408 -800 560 ) (-1520 -800 560 ) (-1520 -512 560 ) (-1408 -512 560 ) 
4 1520 1529 (-1392 -800 560 ) (-1408 -800 560 ) (-1408 -608 560 ) (-1392 -608 560 ) 
4 1520 1526 (-1392 -592 560 ) (-1392 -384 560 ) (-1264 -384 560 ) (-1264 -592 560 ) 
4 1520 1527 (-1264 -800 560 ) (-1392 -800 560 ) (-1392 -608 560 ) (-1264 -608 560 ) 
3 1521 1545 (-1872 -583.359375 829.816345 ) (-1872 -552 866.557007 ) (-1872 -552 792.857117 ) 
4 1521 1543 (-1872 -552 866.557007 ) (-1872 -544 875.929810 ) (-1872 -544 783.428528 ) (-1872 -552 792.857117 ) 
5 1521 1540 (-1872 -544 875.929810 ) (-1872 -464 969.657898 ) (-1872 -464 760 ) (-1872 -524.121216 760 ) (-1872 -544 783.428528 ) 
5 1521 1539 (-1872 -464 969.657898 ) (-1872 -431.273773 1008 ) (-1872 -384 1008 ) (-1872 -384 760 ) (-1872 -464 760 ) 
4 1521 1525 (-1264 -431.273682 1008 ) (-1872 -431.273682 1008 ) (-1872 -583.359375 829.816284 ) (-1264 -583.359314 829.816345 ) 
4 1521 1524 (-1624 -384 760 ) (-1601.599976 -384 760 ) (-1601.600098 -524.121216 760 ) (-1624 -524.121216 760 ) 
4 1521 1523 (-1601.599976 -384 760 ) (-1264 -384 760 ) (-1264 -524.121216 760 ) (-1601.600098 -524.121216 760 ) 
4 1521 1522 (-1872 -524.121216 760 ) (-1872 -384 760 ) (-1624 -384 760 ) (-1624 -524.121216 760 ) 
3 1522 1541 (-1872 -464 689.142822 ) (-1872 -524.121277 760 ) (-1872 -464 760 ) 
4 1522 1539 (-1872 -384 760 ) (-1872 -384 594.857117 ) (-1872 -464 689.142822 ) (-1872 -464 760 ) 
4 1522 1524 (-1623.996094 -384 760 ) (-1623.996094 -524.121216 760 ) (-1467.198120 -429.092163 648.001465 ) (-1467.198120 -384 648.001465 ) 
4 1523 1524 (-1455.998901 -435.883301 656 ) (-1601.597656 -524.125000 760 ) (-1601.597656 -384 760 ) (-1455.998901 -384 656 ) 
4 1525 1545 (-1872 -592 840 ) (-1872 -552 887.142822 ) (-1872 -552 866.557068 ) (-1872 -583.359375 829.816406 ) 
4 1525 1543 (-1872 -552 887.142822 ) (-1872 -544 896.571411 ) (-1872 -544 875.929871 ) (-1872 -552 866.557068 ) 
4 1525 1540 (-1872 -544 896.571411 ) (-1872 -464 990.857117 ) (-1872 -464 969.657959 ) (-1872 -544 875.929871 ) 
4 1525 1539 (-1872 -464 990.857117 ) (-1872 -449.454529 1008 ) (-1872 -431.273773 1008 ) (-1872 -464 969.657959 ) 
4 1526 1528 (-1392 -528 528 ) (-1392 -528 432 ) (-1392 -592 432 ) (-1392 -592 528 ) 
4 1527 1553 (-1356 -800 464 ) (-1356 -800 544 ) (-1392 -800 544 ) (-1392 -800 464 ) 
4 1527 1529 (-1392 -800 432 ) (-1392 -800 560 ) (-1392 -608 560 ) (-1392 -608 432 ) 
4 1528 1534 (-1408 -528 528 ) (-1408 -528 432 ) (-1408 -592 432 ) (-1408 -592 528 ) 
4 1529 1553 (-1392 -800 464 ) (-1392 -800 544 ) (-1408 -800 544 ) (-1408 -800 464 ) 
4 1529 1534 (-1408 -800 432 ) (-1408 -800 560 ) (-1408 -608 560 ) (-1408 -608 432 ) 
4 1530 1531 (-1424 -496 560 ) (-1424 -384 560 ) (-1424 -384 432 ) (-1424 -496 432 ) 
4 1531 1533 (-1488 -496 560 ) (-1488 -384 560 ) (-1488 -384 432 ) (-1488 -496 432 ) 
4 1531 1532 (-1488 -496 528 ) (-1488 -496 432 ) (-1424 -496 432 ) (-1424 -496 528 ) 
4 1532 1534 (-1488 -512 432 ) (-1424 -512 432 ) (-1424 -512 528 ) (-1488 -512 528 ) 
4 1534 1553 (-1408 -800 464 ) (-1408 -800 544 ) (-1436 -800 544 ) (-1436 -800 464 ) 
4 1534 1535 (-1520 -592 560 ) (-1520 -512 560 ) (-1520 -512 432 ) (-1520 -592 432 ) 
4 1534 1536 (-1520 -800 432 ) (-1520 -800 560 ) (-1520 -608 560 ) (-1520 -608 432 ) 
4 1536 1556 (-1528 -800 464 ) (-1528 -800 544 ) (-1608 -800 544 ) (-1608 -800 464 ) 
4 1536 1537 (-1648 -800 432 ) (-1648 -800 560 ) (-1648 -608 560 ) (-1648 -608 432 ) 
4 1537 1559 (-1700 -800 464 ) (-1700 -800 544 ) (-1780 -800 544 ) (-1780 -800 464 ) 
4 1537 1547 (-1872 -720 464 ) (-1872 -720 544 ) (-1872 -640 544 ) (-1872 -640 464 ) 
4 1537 1542 (-1872 -544 464 ) (-1872 -544 544 ) (-1872 -464 544 ) (-1872 -464 464 ) 
4 1538 1566 (-1872 -240 432 ) (-1872 -368 432 ) (-1888 -368 432 ) (-1888 -240 432 ) 
4 1538 1550 (-1888 -240 432 ) (-1888 -368 432 ) (-1888 -368 1008 ) (-1888 -240 1008 ) 
4 1538 1539 (-1872 -368 576 ) (-1872 -368 1008 ) (-1888 -368 1008 ) (-1888 -368 576 ) 
4 1539 1550 (-1888 -464 689.142822 ) (-1888 -464 1008 ) (-1888 -368 1008 ) (-1888 -368 576 ) 
4 1539 1541 (-1888 -464 760 ) (-1888 -464 689.142822 ) (-1872 -464 689.142822 ) (-1872 -464 760 ) 
4 1539 1540 (-1888 -464 1008 ) (-1888 -464 760 ) (-1872 -464 760 ) (-1872 -464 1008 ) 
5 1540 1550 (-1888 -544 783.428589 ) (-1888 -544 1008 ) (-1888 -464 1008 ) (-1888 -464 760 ) (-1888 -524.121216 760 ) 
4 1540 1543 (-1872 -544 783.428589 ) (-1872 -544 1008 ) (-1888 -544 1008 ) (-1888 -544 783.428589 ) 
4 1540 1541 (-1888 -524.121216 760 ) (-1888 -464 760 ) (-1872 -464 760 ) (-1872 -524.121216 760 ) 
3 1541 1550 (-1888 -464 760 ) (-1888 -464 689.142822 ) (-1888 -524.121216 760 ) 
4 1542 1550 (-1888 -544 464 ) (-1888 -544 544 ) (-1888 -464 544 ) (-1888 -464 464 ) 
4 1543 1550 (-1888 -552 792.857117 ) (-1888 -552 1008 ) (-1888 -544 1008 ) (-1888 -544 783.428589 ) 
4 1543 1545 (-1888 -552 887.142883 ) (-1888 -552 792.857117 ) (-1872 -552 792.857117 ) (-1872 -552 887.142883 ) 
4 1543 1544 (-1888 -552 1008 ) (-1888 -552 887.142883 ) (-1872 -552 887.142883 ) (-1872 -552 1008 ) 
4 1544 1560 (-1872 -800 760 ) (-1872 -800 1008 ) (-1888 -800 1008 ) (-1888 -800 760 ) 
5 1544 1550 (-1888 -800 760 ) (-1888 -800 1008 ) (-1888 -552 1008 ) (-1888 -552 887.142822 ) (-1888 -659.878784 760 ) 
4 1544 1549 (-1888 -800 760 ) (-1888 -720 760 ) (-1872 -720 760 ) (-1872 -800 760 ) 
4 1544 1548 (-1888 -720 760 ) (-1888 -659.878784 760 ) (-1872 -659.878784 760 ) (-1872 -720 760 ) 
4 1544 1545 (-1888 -591.998901 839.998657 ) (-1888 -552 887.140503 ) (-1872 -552 887.140503 ) (-1872 -591.998901 839.998657 ) 
3 1545 1550 (-1888 -552 887.142822 ) (-1888 -552 792.857117 ) (-1888 -592 840 ) 
4 1546 1550 (-1888 -632 608 ) (-1888 -632 688 ) (-1888 -552 688 ) (-1888 -552 608 ) 
4 1547 1550 (-1888 -720 464 ) (-1888 -720 544 ) (-1888 -640 544 ) (-1888 -640 464 ) 
3 1548 1550 (-1888 -720 689.143005 ) (-1888 -720 760 ) (-1888 -659.878845 760 ) 
4 1548 1549 (-1872 -720 689.143005 ) (-1872 -720 760 ) (-1888 -720 760 ) (-1888 -720 689.142944 ) 
4 1549 1560 (-1872 -800 594.857239 ) (-1872 -800 760 ) (-1888 -800 760 ) (-1888 -800 594.857239 ) 
4 1549 1550 (-1888 -800 594.857239 ) (-1888 -800 760 ) (-1888 -720 760 ) (-1888 -720 689.142944 ) 
4 1550 1577 (-2048 -240 1008 ) (-2048 -240 432 ) (-2048 -800 432 ) (-2048 -800 1008 ) 
4 1550 1569 (-2048 -800 432 ) (-2048 -368 432 ) (-1888 -368 432 ) (-1888 -800 432 ) 
4 1550 1566 (-2048 -368 432 ) (-2048 -240 432 ) (-1888 -240 432 ) (-1888 -368 432 ) 
4 1550 1561 (-2048 -800 432 ) (-1888 -800 432 ) (-1888 -800 1008 ) (-2048 -800 1008 ) 
4 1551 1562 (-1264 -816 576 ) (-1264 -816 1008 ) (-1356 -816 1008 ) (-1356 -816 576 ) 
4 1551 1552 (-1356 -816 576 ) (-1356 -816 1008 ) (-1356 -800 1008 ) (-1356 -800 594.857239 ) 
4 1552 1562 (-1356 -816 576 ) (-1356 -816 1008 ) (-1436 -816 1008 ) (-1436 -816 576 ) 
4 1552 1554 (-1436 -800 1008 ) (-1436 -800 594.857239 ) (-1436 -816 576 ) (-1436 -816 1008 ) 
4 1553 1562 (-1356 -816 464 ) (-1356 -816 544 ) (-1436 -816 544 ) (-1436 -816 464 ) 
4 1554 1562 (-1436 -816 576 ) (-1436 -816 1008 ) (-1528 -816 1008 ) (-1528 -816 576 ) 
4 1554 1555 (-1528 -816 576 ) (-1528 -816 1008 ) (-1528 -800 1008 ) (-1528 -800 594.857239 ) 
4 1555 1562 (-1528 -816 576 ) (-1528 -816 1008 ) (-1608 -816 1008 ) (-1608 -816 576 ) 
4 1555 1557 (-1608 -800 1008 ) (-1608 -800 594.857239 ) (-1608 -816 576 ) (-1608 -816 1008 ) 
4 1556 1562 (-1528 -816 464 ) (-1528 -816 544 ) (-1608 -816 544 ) (-1608 -816 464 ) 
4 1557 1562 (-1608 -816 576 ) (-1608 -816 1008 ) (-1700 -816 1008 ) (-1700 -816 576 ) 
4 1557 1558 (-1700 -816 576 ) (-1700 -816 1008 ) (-1700 -800 1008 ) (-1700 -800 594.857239 ) 
4 1558 1562 (-1700 -816 576 ) (-1700 -816 1008 ) (-1780 -816 1008 ) (-1780 -816 576 ) 
4 1558 1560 (-1780 -816 576 ) (-1780 -816 1008 ) (-1780 -800 1008 ) (-1780 -800 594.857239 ) 
4 1559 1562 (-1700 -816 464 ) (-1700 -816 544 ) (-1780 -816 544 ) (-1780 -816 464 ) 
4 1560 1562 (-1780 -816 576 ) (-1780 -816 1008 ) (-1888 -816 1008 ) (-1888 -816 576 ) 
4 1560 1561 (-1888 -816 576 ) (-1888 -816 1008 ) (-1888 -800 1008 ) (-1888 -800 594.857239 ) 
4 1561 1577 (-2048 -800 1008 ) (-2048 -800 432 ) (-2048 -816 432 ) (-2048 -816 1008 ) 
4 1561 1569 (-2048 -816 432 ) (-2048 -800 432 ) (-1888 -800 432 ) (-1888 -816 432 ) 
4 1561 1562 (-2048 -816 1008 ) (-2048 -816 432 ) (-1888 -816 432 ) (-1888 -816 1008 ) 
4 1562 1577 (-2048 -816 1008 ) (-2048 -816 432 ) (-2048 -1008 432 ) (-2048 -1008 1008 ) 
4 1562 1570 (-2048 -1008 432 ) (-2048 -912 432 ) (-1264 -912 432 ) (-1264 -1008 432 ) 
4 1562 1568 (-1888 -816 432 ) (-1264 -816 432 ) (-1264 -912 432 ) (-1888 -912 432 ) 
4 1562 1569 (-2048 -912 432 ) (-2048 -816 432 ) (-1888 -816 432 ) (-1888 -912 432 ) 
4 1563 1564 (-1648 -8 272 ) (-1648 -8 392 ) (-1968 -8 392 ) (-1968 -8 272 ) 
4 1565 1567 (-1248 -368 384 ) (-1056 -368 384 ) (-1056 -368 432 ) (-1248 -368 432 ) 
4 1566 1577 (-2048 -368 432 ) (-2048 -240 432 ) (-2048 -240 384 ) (-2048 -368 384 ) 
4 1566 1569 (-2048 -368 384 ) (-1888 -368 384 ) (-1888 -368 432 ) (-2048 -368 432 ) 
4 1567 1570 (-1056 -912 432 ) (-1248 -912 432 ) (-1248 -912 384 ) (-1056 -912 384 ) 
4 1567 1568 (-1248 -816 384 ) (-1248 -912 384 ) (-1248 -912 432 ) (-1248 -816 432 ) 
4 1568 1570 (-1248 -912 432 ) (-1888 -912 432 ) (-1888 -912 384 ) (-1248 -912 384 ) 
4 1568 1569 (-1888 -816 384 ) (-1888 -912 384 ) (-1888 -912 432 ) (-1888 -816 432 ) 
4 1569 1577 (-2048 -912 384 ) (-2048 -912 432 ) (-2048 -368 432 ) (-2048 -368 384 ) 
4 1569 1570 (-1888 -912 432 ) (-2048 -912 432 ) (-2048 -912 384 ) (-1888 -912 384 ) 
4 1570 1577 (-2048 -1008 384 ) (-2048 -1008 432 ) (-2048 -912 432 ) (-2048 -912 384 ) 
4 1571 1573 (-2720 960 656 ) (-2720 960 544 ) (-2720 896 544 ) (-2720 896 656 ) 
4 1571 1572 (-2480 848 544 ) (-2352 848 544 ) (-2352 848 752 ) (-2480 848 752 ) 
4 1573 1575 (-2736 896 544 ) (-2736 896 656 ) (-2736 960 656 ) (-2736 960 544 ) 
4 1574 1575 (-2872 1008 544 ) (-2872 1008 624 ) (-2920 1008 624 ) (-2920 1008 544 ) 
4 1575 1576 (-2856 512 976 ) (-2936 512 976 ) (-2936 512 728 ) (-2856 512 728 ) 
