


materialPath: W:\Programs\Steam\steamapps\common\GarrysMod\garrysmod\materials
Loading w:\programs\steam\steamapps\common\garrysmod\garrysmod\addons\garrysmodmap\maps\gm_garrymod_map_by_woowz_map_garry_game.vmf
fixing up env_cubemap materials on brush sides...
ProcessBlock_Thread: 0...1...2...3...4...5...6...7...8...9...10 (0)
**** leaked ****
Processing areas...done (0)
Building Faces...done (0)
FixTjuncs...
PruneNodes...
WriteBSP...
done (0)
Creating default LDR cubemaps for env_cubemap using skybox materials:
   skybox/sky_day01_01*.vmt
 ! Run buildcubemaps in the engine to get the correct cube maps.
*** Error: Skybox vtf files for skybox/sky_day01_01 weren't compiled with the same size texture and/or same flags!
Can't load skybox file skybox/sky_day01_01 to build the default cubemap!
Finding displacement neighbors...
Finding lightmap sample positions...
Displacement Alpha : 0...1...2...3...4...5...6...7...8...9...10
Building Physics collision data...
done (0) (577 bytes)
Placing detail props : 0...1...2...3...4...5...6...7...8...9...10
Compacting texture/material tables...
Reduced 3 texinfos to 3
Reduced 1 texdatas to 1 (14 bytes to 14)
Writing w:\programs\steam\steamapps\common\garrysmod\garrysmod\addons\garrysmodmap\maps\gm_garrymod_map_by_woowz_map_garry_game.bsp
0 seconds elapsed



16 threads
reading w:\programs\steam\steamapps\common\garrysmod\garrysmod\addons\garrysmodmap\maps\gm_garrymod_map_by_woowz_map_garry_game.bsp
reading w:\programs\steam\steamapps\common\garrysmod\garrysmod\addons\garrysmodmap\maps\gm_garrymod_map_by_woowz_map_garry_game.prt
LoadPortals: couldn't read w:\programs\steam\steamapps\common\garrysmod\garrysmod\addons\garrysmodmap\maps\gm_garrymod_map_by_woowz_map_garry_game.prt



materialPath: W:\Programs\Steam\steamapps\common\GarrysMod\garrysmod\materials
Loading w:\programs\steam\steamapps\common\garrysmod\garrysmod\addons\garrysmodmap\maps\gm_garrymod_map_by_woowz_map_garry_game.vmf
fixing up env_cubemap materials on brush sides...
ProcessBlock_Thread: 0...1...2...3...4...5...6...7...8...9...10 (0)
ProcessBlock_Thread: 0...1...2...3...4...5...6...7...8...9...10 (0)
Processing areas...done (0)
Building Faces...done (0)
FixTjuncs...
PruneNodes...
WriteBSP...
done (0)
writing w:\programs\steam\steamapps\common\garrysmod\garrysmod\addons\garrysmodmap\maps\gm_garrymod_map_by_woowz_map_garry_game.prt...
Building visibility clusters...
done (0)
Creating default LDR cubemaps for env_cubemap using skybox materials:
   skybox/sky_day01_01*.vmt
 ! Run buildcubemaps in the engine to get the correct cube maps.
*** Error: Skybox vtf files for skybox/sky_day01_01 weren't compiled with the same size texture and/or same flags!
Can't load skybox file skybox/sky_day01_01 to build the default cubemap!
Finding displacement neighbors...
Finding lightmap sample positions...
Displacement Alpha : 0...1...2...3...4...5...6...7...8...9...10
Building Physics collision data...
done (0) (2325 bytes)
Placing detail props : 0...1...2...3...4...5...6...7...8...9...10
Compacting texture/material tables...
Reduced 6 texinfos to 4
Reduced 2 texdatas to 2 (38 bytes to 38)
Writing w:\programs\steam\steamapps\common\garrysmod\garrysmod\addons\garrysmodmap\maps\gm_garrymod_map_by_woowz_map_garry_game.bsp
0 seconds elapsed



16 threads
reading w:\programs\steam\steamapps\common\garrysmod\garrysmod\addons\garrysmodmap\maps\gm_garrymod_map_by_woowz_map_garry_game.bsp
reading w:\programs\steam\steamapps\common\garrysmod\garrysmod\addons\garrysmodmap\maps\gm_garrymod_map_by_woowz_map_garry_game.prt
   4 portalclusters
   4 numportals
BasePortalVis:       0...1...2...3...4...5...6...7...8...9...10 (0)
Optimized: 0 visible clusters (0.00%)
Total clusters visible: 16
Average clusters visible: 4
Building PAS...
Average clusters audible: 4
visdatasize:44  compressed from 64
writing w:\programs\steam\steamapps\common\garrysmod\garrysmod\addons\garrysmodmap\maps\gm_garrymod_map_by_woowz_map_garry_game.bsp
0 seconds elapsed



[Reading texlights from 'lights.rad']
[51 texlights parsed from 'lights.rad']
Loading w:\programs\steam\steamapps\common\garrysmod\garrysmod\addons\garrysmodmap\maps\gm_garrymod_map_by_woowz_map_garry_game.bsp
BuildFacelights:     0...1...2...3...4...5...6...7...8...9...10 (0)
BuildVisLeafs:       0...1...2...3...4...5...6...7...8...9...10 (0)
transfers 35216, max 170
GatherLight:         0...1...2...3...4...5...6...7...8...9...10 (0)
Build Patch/Sample Hash Table(s).....Done<0.0000 sec>
FinalLightFace:      0...1...2...3...4...5...6...7...8...9...10 (0)
FinalLightFace Done
0 of 0 (0% of) surface lights went in leaf ambient cubes.
ThreadComputeLeafAmbient: 0...1...2...3...4...5...6...7...8...9...10 (0)
Writing leaf ambient...done
Ready to Finish

Object names       Objects/Maxobjs  Memory / Maxmem  Fullness 
------------       ---------------  ---------------  -------- 
models                   1/4096           48/196608   ( 0.0%) 
brushes                  6/65535          72/786420   ( 0.0%) 
brushsides              36/655350        288/5242800  ( 0.0%) 
planes                  40/65536         800/1310720  ( 0.1%) 
vertexes                35/65536         420/786432   ( 0.1%) 
nodes                   27/65536         864/2097152  ( 0.0%) 
texinfos                 4/16384         288/1179648  ( 0.0%) 
texdata                  2/8192           64/262144   ( 0.0%) 
dispinfos                0/0               0/0        ( 0.0%) 
disp_verts               0/0               0/0        ( 0.0%) 
disp_tris                0/0               0/0        ( 0.0%) 
disp_multiblend          0/0               0/0        ( 0.0%) 
disp_lmsamples           0/0               0/0        ( 0.0%) 
faces                   16/65536         896/3670016  ( 0.0%) 
hdr faces                0/65536           0/3670016  ( 0.0%) 
origfaces                6/65536         336/3670016  ( 0.0%) 
leaves                  29/65536         928/2097152  ( 0.0%) 
leaffaces               16/65536          32/131072   ( 0.0%) 
leafbrushes             16/65536          32/131072   ( 0.0%) 
areas                    2/1024           16/8192     ( 0.2%) 
surfedges               88/512000        352/2048000  ( 0.0%) 
edges                   57/256000        228/1024000  ( 0.0%) 
LDR worldlights          0/8192            0/720896   ( 0.0%) 
HDR worldlights          0/8192            0/720896   ( 0.0%) 
leafwaterdata            0/32768           0/393216   ( 0.0%) 
waterstrips              0/32768           0/327680   ( 0.0%) 
waterverts               0/65536           0/786432   ( 0.0%) 
waterindices             0/65536           0/131072   ( 0.0%) 
cubemapsamples           0/1024            0/16384    ( 0.0%) 
overlays                 0/8192            0/2883584  ( 0.0%) 
LDR lightdata         [variable]       20800/0        ( 0.0%) 
HDR lightdata         [variable]           0/0        ( 0.0%) 
visdata               [variable]          44/16777216 ( 0.0%) 
entdata               [variable]         370/4194304  ( 0.0%) 
LDR ambient table       29/65536         116/262144   ( 0.0%) 
HDR ambient table       29/65536         116/262144   ( 0.0%) 
LDR leaf ambient         4/65536         112/1835008  ( 0.0%) 
HDR leaf ambient        29/65536         812/1835008  ( 0.0%) 
occluders                0/0               0/0        ( 0.0%) 
occluder polygons        0/0               0/0        ( 0.0%) 
occluder vert ind        0/0               0/0        ( 0.0%) 
detail props          [variable]          12/0        ( 0.0%) 
static props          [variable]          12/0        ( 0.0%) 
static prop count        0/16384           0/0        ( 0.0%) 
pakfile               [variable]       24934/0        ( 0.0%) 
physics               [variable]        2325/4194304  ( 0.1%) 
physics terrain       [variable]           2/1048576  ( 0.0%) 

Level flags = 0

Total triangle count: 32
Writing w:\programs\steam\steamapps\common\garrysmod\garrysmod\addons\garrysmodmap\maps\gm_garrymod_map_by_woowz_map_garry_game.bsp
0 seconds elapsed




materialPath: W:\Programs\Steam\steamapps\common\GarrysMod\garrysmod\materials
Loading w:\programs\steam\steamapps\common\garrysmod\garrysmod\addons\garrysmodmap\maps\gm_garrymod_map_by_woowz_map_garry_game.vmf
fixing up env_cubemap materials on brush sides...
ProcessBlock_Thread: 0...1...2...3...4...5...6...7...8...9...10 (0)
ProcessBlock_Thread: 0...1...2...3...4...5...6...7...8...9...10 (0)
Processing areas...done (0)
Building Faces...done (0)
FixTjuncs...
PruneNodes...
WriteBSP...
done (0)
writing w:\programs\steam\steamapps\common\garrysmod\garrysmod\addons\garrysmodmap\maps\gm_garrymod_map_by_woowz_map_garry_game.prt...
Building visibility clusters...
done (0)
Creating default LDR cubemaps for env_cubemap using skybox materials:
   skybox/sky_day01_01*.vmt
 ! Run buildcubemaps in the engine to get the correct cube maps.
*** Error: Skybox vtf files for skybox/sky_day01_01 weren't compiled with the same size texture and/or same flags!
Can't load skybox file skybox/sky_day01_01 to build the default cubemap!
Finding displacement neighbors...
Finding lightmap sample positions...
Displacement Alpha : 0...1...2...3...4...5...6...7...8...9...10
Building Physics collision data...
done (0) (2308 bytes)
Placing detail props : 0...1...2...3...4...5...6...7...8...9...10
Compacting texture/material tables...
Reduced 7 texinfos to 5
Reduced 4 texdatas to 4 (83 bytes to 83)
Writing w:\programs\steam\steamapps\common\garrysmod\garrysmod\addons\garrysmodmap\maps\gm_garrymod_map_by_woowz_map_garry_game.bsp
0 seconds elapsed



16 threads
reading w:\programs\steam\steamapps\common\garrysmod\garrysmod\addons\garrysmodmap\maps\gm_garrymod_map_by_woowz_map_garry_game.bsp
reading w:\programs\steam\steamapps\common\garrysmod\garrysmod\addons\garrysmodmap\maps\gm_garrymod_map_by_woowz_map_garry_game.prt
   1 portalclusters
   0 numportals
BasePortalVis:       0...1...2...3...4...5...6...7...8...9...10 (0)
Optimized: 0 visible clusters (0.00%)
Total clusters visible: 1
Average clusters visible: 1
Building PAS...
Average clusters audible: 1
visdatasize:14  compressed from 16
writing w:\programs\steam\steamapps\common\garrysmod\garrysmod\addons\garrysmodmap\maps\gm_garrymod_map_by_woowz_map_garry_game.bsp
0 seconds elapsed



[Reading texlights from 'lights.rad']
[51 texlights parsed from 'lights.rad']
Loading w:\programs\steam\steamapps\common\garrysmod\garrysmod\addons\garrysmodmap\maps\gm_garrymod_map_by_woowz_map_garry_game.bsp
BuildFacelights:     0...1...2...3...4...5...6...7...8...9...10 (0)
BuildVisLeafs:       0...1...2...3...4...5...6...7...8...9...10 (0)
transfers 35216, max 170
GatherLight:         0...1...2...3...4...5...6...7...8...9...10 (0)
GatherLight:         0...1...2...3...4...5...6...7...8...9...10 (0)
Build Patch/Sample Hash Table(s).....Done<0.0001 sec>
FinalLightFace:      0...1...2...3...4...5...6...7...8...9...10 (0)
FinalLightFace Done
0 of 0 (0% of) surface lights went in leaf ambient cubes.
ThreadComputeLeafAmbient: 0...1...2...3...4...5...6...7...8...9...10 (0)
Writing leaf ambient...done
Ready to Finish

Object names       Objects/Maxobjs  Memory / Maxmem  Fullness 
------------       ---------------  ---------------  -------- 
models                   1/4096           48/196608   ( 0.0%) 
brushes                  6/65535          72/786420   ( 0.0%) 
brushsides              36/655350        288/5242800  ( 0.0%) 
planes                  36/65536         720/1310720  ( 0.1%) 
vertexes                25/65536         300/786432   ( 0.0%) 
nodes                   10/65536         320/2097152  ( 0.0%) 
texinfos                 5/16384         360/1179648  ( 0.0%) 
texdata                  4/8192          128/262144   ( 0.0%) 
dispinfos                0/0               0/0        ( 0.0%) 
disp_verts               0/0               0/0        ( 0.0%) 
disp_tris                0/0               0/0        ( 0.0%) 
disp_multiblend          0/0               0/0        ( 0.0%) 
disp_lmsamples           0/0               0/0        ( 0.0%) 
faces                    6/65536         336/3670016  ( 0.0%) 
hdr faces                0/65536           0/3670016  ( 0.0%) 
origfaces                6/65536         336/3670016  ( 0.0%) 
leaves                  12/65536         384/2097152  ( 0.0%) 
leaffaces                6/65536          12/131072   ( 0.0%) 
leafbrushes              6/65536          12/131072   ( 0.0%) 
areas                    2/1024           16/8192     ( 0.2%) 
surfedges               48/512000        192/2048000  ( 0.0%) 
edges                   37/256000        148/1024000  ( 0.0%) 
LDR worldlights          1/8192           88/720896   ( 0.0%) 
HDR worldlights          0/8192            0/720896   ( 0.0%) 
leafwaterdata            0/32768           0/393216   ( 0.0%) 
waterstrips              0/32768           0/327680   ( 0.0%) 
waterverts               0/65536           0/786432   ( 0.0%) 
waterindices             0/65536           0/131072   ( 0.0%) 
cubemapsamples           0/1024            0/16384    ( 0.0%) 
overlays                 0/8192            0/2883584  ( 0.0%) 
LDR lightdata         [variable]        4784/0        ( 0.0%) 
HDR lightdata         [variable]           0/0        ( 0.0%) 
visdata               [variable]          14/16777216 ( 0.0%) 
entdata               [variable]         709/4194304  ( 0.0%) 
LDR ambient table       12/65536          48/262144   ( 0.0%) 
HDR ambient table       12/65536          48/262144   ( 0.0%) 
LDR leaf ambient        16/65536         448/1835008  ( 0.0%) 
HDR leaf ambient        12/65536         336/1835008  ( 0.0%) 
occluders                0/0               0/0        ( 0.0%) 
occluder polygons        0/0               0/0        ( 0.0%) 
occluder vert ind        0/0               0/0        ( 0.0%) 
detail props          [variable]          12/0        ( 0.0%) 
static props          [variable]          12/0        ( 0.0%) 
static prop count        0/16384           0/0        ( 0.0%) 
pakfile               [variable]       24934/0        ( 0.0%) 
physics               [variable]        2308/4194304  ( 0.1%) 
physics terrain       [variable]           2/1048576  ( 0.0%) 

Level flags = 0

Total triangle count: 12
Writing w:\programs\steam\steamapps\common\garrysmod\garrysmod\addons\garrysmodmap\maps\gm_garrymod_map_by_woowz_map_garry_game.bsp
0 seconds elapsed




materialPath: W:\Programs\Steam\steamapps\common\GarrysMod\garrysmod\materials
Loading w:\programs\steam\steamapps\common\garrysmod\garrysmod\addons\garrysmodmap\maps\gm_garrymod_map_by_woowz_map_garry_game.vmf
fixing up env_cubemap materials on brush sides...
ProcessBlock_Thread: 0...1...2...3...4...5...6...7...8...9...10 (0)
ProcessBlock_Thread: 0...1...2...3...4...5...6...7...8...9...10 (0)
Processing areas...done (0)
Building Faces...done (0)
FixTjuncs...
PruneNodes...
WriteBSP...
done (0)
writing w:\programs\steam\steamapps\common\garrysmod\garrysmod\addons\garrysmodmap\maps\gm_garrymod_map_by_woowz_map_garry_game.prt...
Building visibility clusters...
done (0)
Creating default LDR cubemaps for env_cubemap using skybox materials:
   skybox/sky_day01_01*.vmt
 ! Run buildcubemaps in the engine to get the correct cube maps.
*** Error: Skybox vtf files for skybox/sky_day01_01 weren't compiled with the same size texture and/or same flags!
Can't load skybox file skybox/sky_day01_01 to build the default cubemap!
Finding displacement neighbors...
Finding lightmap sample positions...
Displacement Alpha : 0...1...2...3...4...5...6...7...8...9...10
Building Physics collision data...
done (0) (5881 bytes)
Placing detail props : 0...1...2...3...4...5...6...7...8...9...10
Compacting texture/material tables...
Reduced 17 texinfos to 8
Reduced 8 texdatas to 7 (169 bytes to 149)
Writing w:\programs\steam\steamapps\common\garrysmod\garrysmod\addons\garrysmodmap\maps\gm_garrymod_map_by_woowz_map_garry_game.bsp
0 seconds elapsed



16 threads
reading w:\programs\steam\steamapps\common\garrysmod\garrysmod\addons\garrysmodmap\maps\gm_garrymod_map_by_woowz_map_garry_game.bsp
reading w:\programs\steam\steamapps\common\garrysmod\garrysmod\addons\garrysmodmap\maps\gm_garrymod_map_by_woowz_map_garry_game.prt
   1 portalclusters
   0 numportals
BasePortalVis:       0...1...2...3...4...5...6...7...8...9...10 (0)
Optimized: 0 visible clusters (0.00%)
Total clusters visible: 1
Average clusters visible: 1
Building PAS...
Average clusters audible: 1
visdatasize:14  compressed from 16
writing w:\programs\steam\steamapps\common\garrysmod\garrysmod\addons\garrysmodmap\maps\gm_garrymod_map_by_woowz_map_garry_game.bsp
0 seconds elapsed



[Reading texlights from 'lights.rad']
[51 texlights parsed from 'lights.rad']
Loading w:\programs\steam\steamapps\common\garrysmod\garrysmod\addons\garrysmodmap\maps\gm_garrymod_map_by_woowz_map_garry_game.bsp
BuildFacelights:     0...1...2...3...4...5...6...7...8...9...10 (0)
BuildVisLeafs:       0...1...2...3...4...5...6...7...8...9...10 (0)
transfers 166114, max 222
GatherLight:         0...1...2...3...4...5...6...7...8...9...10 (0)
GatherLight:         0...1...2...3...4...5...6...7...8...9...10 (0)
Build Patch/Sample Hash Table(s).....Done<0.0001 sec>
FinalLightFace:      0...1...2...3...4...5...6...7...8...9...10 (0)
FinalLightFace Done
0 of 0 (0% of) surface lights went in leaf ambient cubes.
ThreadComputeLeafAmbient: 0...1...2...3...4...5...6...7...8...9...10 (0)
Writing leaf ambient...done
Ready to Finish

Object names       Objects/Maxobjs  Memory / Maxmem  Fullness 
------------       ---------------  ---------------  -------- 
models                   1/4096           48/196608   ( 0.0%) 
brushes                 16/65535         192/786420   ( 0.0%) 
brushsides              96/655350        768/5242800  ( 0.0%) 
planes                  54/65536        1080/1310720  ( 0.1%) 
vertexes                39/65536         468/786432   ( 0.1%) 
nodes                   10/65536         320/2097152  ( 0.0%) 
texinfos                 8/16384         576/1179648  ( 0.0%) 
texdata                  7/8192          224/262144   ( 0.1%) 
dispinfos                0/0               0/0        ( 0.0%) 
disp_verts               0/0               0/0        ( 0.0%) 
disp_tris                0/0               0/0        ( 0.0%) 
disp_multiblend          0/0               0/0        ( 0.0%) 
disp_lmsamples           0/0               0/0        ( 0.0%) 
faces                   10/65536         560/3670016  ( 0.0%) 
hdr faces                0/65536           0/3670016  ( 0.0%) 
origfaces                9/65536         504/3670016  ( 0.0%) 
leaves                  12/65536         384/2097152  ( 0.0%) 
leaffaces               10/65536          20/131072   ( 0.0%) 
leafbrushes             17/65536          34/131072   ( 0.0%) 
areas                    2/1024           16/8192     ( 0.2%) 
surfedges               84/512000        336/2048000  ( 0.0%) 
edges                   60/256000        240/1024000  ( 0.0%) 
LDR worldlights          1/8192           88/720896   ( 0.0%) 
HDR worldlights          0/8192            0/720896   ( 0.0%) 
leafwaterdata            0/32768           0/393216   ( 0.0%) 
waterstrips              0/32768           0/327680   ( 0.0%) 
waterverts               0/65536           0/786432   ( 0.0%) 
waterindices             0/65536           0/131072   ( 0.0%) 
cubemapsamples           0/1024            0/16384    ( 0.0%) 
overlays                 0/8192            0/2883584  ( 0.0%) 
LDR lightdata         [variable]       36464/0        ( 0.0%) 
HDR lightdata         [variable]           0/0        ( 0.0%) 
visdata               [variable]          14/16777216 ( 0.0%) 
entdata               [variable]         709/4194304  ( 0.0%) 
LDR ambient table       12/65536          48/262144   ( 0.0%) 
HDR ambient table       12/65536          48/262144   ( 0.0%) 
LDR leaf ambient        16/65536         448/1835008  ( 0.0%) 
HDR leaf ambient        12/65536         336/1835008  ( 0.0%) 
occluders                0/0               0/0        ( 0.0%) 
occluder polygons        0/0               0/0        ( 0.0%) 
occluder vert ind        0/0               0/0        ( 0.0%) 
detail props          [variable]          12/0        ( 0.0%) 
static props          [variable]          12/0        ( 0.0%) 
static prop count        0/16384           0/0        ( 0.0%) 
pakfile               [variable]       24934/0        ( 0.0%) 
physics               [variable]        5881/4194304  ( 0.1%) 
physics terrain       [variable]           2/1048576  ( 0.0%) 

Level flags = 0

Total triangle count: 28
Writing w:\programs\steam\steamapps\common\garrysmod\garrysmod\addons\garrysmodmap\maps\gm_garrymod_map_by_woowz_map_garry_game.bsp
0 seconds elapsed




materialPath: W:\Programs\Steam\steamapps\common\GarrysMod\garrysmod\materials
Loading w:\programs\steam\steamapps\common\garrysmod\garrysmod\addons\garrysmodmap\maps\gm_garrymod_map_by_woowz_map_garry_game.vmf
fixing up env_cubemap materials on brush sides...
ProcessBlock_Thread: 0...1...2...3...4...5...6...7...8...9...10 (0)
ProcessBlock_Thread: 0...1...2...3...4...5...6...7...8...9...10 (0)
Processing areas...done (0)
Building Faces...done (0)
FixTjuncs...
PruneNodes...
WriteBSP...
done (0)
writing w:\programs\steam\steamapps\common\garrysmod\garrysmod\addons\garrysmodmap\maps\gm_garrymod_map_by_woowz_map_garry_game.prt...
Building visibility clusters...
done (0)
Creating default LDR cubemaps for env_cubemap using skybox materials:
   skybox/sky_day01_01*.vmt
 ! Run buildcubemaps in the engine to get the correct cube maps.
*** Error: Skybox vtf files for skybox/sky_day01_01 weren't compiled with the same size texture and/or same flags!
Can't load skybox file skybox/sky_day01_01 to build the default cubemap!
Finding displacement neighbors...
Finding lightmap sample positions...
Displacement Alpha : 0...1...2...3...4...5...6...7...8...9...10
Building Physics collision data...
done (0) (5553 bytes)
Placing detail props : 0...1...2...3...4...5...6...7...8...9...10
Compacting texture/material tables...
Reduced 17 texinfos to 11
Reduced 8 texdatas to 8 (169 bytes to 169)
Writing w:\programs\steam\steamapps\common\garrysmod\garrysmod\addons\garrysmodmap\maps\gm_garrymod_map_by_woowz_map_garry_game.bsp
0 seconds elapsed



16 threads
reading w:\programs\steam\steamapps\common\garrysmod\garrysmod\addons\garrysmodmap\maps\gm_garrymod_map_by_woowz_map_garry_game.bsp
reading w:\programs\steam\steamapps\common\garrysmod\garrysmod\addons\garrysmodmap\maps\gm_garrymod_map_by_woowz_map_garry_game.prt
   5 portalclusters
   4 numportals
BasePortalVis:       0...1...2...3...4...5...6...7...8...9...10 (0)
Optimized: 0 visible clusters (0.00%)
Total clusters visible: 19
Average clusters visible: 3
Building PAS...
Average clusters audible: 5
visdatasize:54  compressed from 80
writing w:\programs\steam\steamapps\common\garrysmod\garrysmod\addons\garrysmodmap\maps\gm_garrymod_map_by_woowz_map_garry_game.bsp
0 seconds elapsed



[Reading texlights from 'lights.rad']
[51 texlights parsed from 'lights.rad']
Loading w:\programs\steam\steamapps\common\garrysmod\garrysmod\addons\garrysmodmap\maps\gm_garrymod_map_by_woowz_map_garry_game.bsp
BuildFacelights:     0...1...2...3...4...5...6...7...8...9...10 (0)
BuildVisLeafs:       0...1...2...3...4...5...6...7...8...9...10 (0)
transfers 329372, max 242
GatherLight:         0...1...2...3...4...5...6...7...8...9...10 (0)
GatherLight:         0...1...2...3...4...5...6...7...8...9...10 (0)
Build Patch/Sample Hash Table(s).....Done<0.0002 sec>
FinalLightFace:      0...1...2...3...4...5...6...7...8...9...10 (0)
FinalLightFace Done
0 of 0 (0% of) surface lights went in leaf ambient cubes.
ThreadComputeLeafAmbient: 0...1...2...3...4...5...6...7...8...9...10 (0)
Writing leaf ambient...done
Ready to Finish

Object names       Objects/Maxobjs  Memory / Maxmem  Fullness 
------------       ---------------  ---------------  -------- 
models                   1/4096           48/196608   ( 0.0%) 
brushes                 16/65535         192/786420   ( 0.0%) 
brushsides              96/655350        768/5242800  ( 0.0%) 
planes                  54/65536        1080/1310720  ( 0.1%) 
vertexes                96/65536        1152/786432   ( 0.1%) 
nodes                   22/65536         704/2097152  ( 0.0%) 
texinfos                11/16384         792/1179648  ( 0.1%) 
texdata                  8/8192          256/262144   ( 0.1%) 
dispinfos                0/0               0/0        ( 0.0%) 
disp_verts               0/0               0/0        ( 0.0%) 
disp_tris                0/0               0/0        ( 0.0%) 
disp_multiblend          0/0               0/0        ( 0.0%) 
disp_lmsamples           0/0               0/0        ( 0.0%) 
faces                   32/65536        1792/3670016  ( 0.0%) 
hdr faces                0/65536           0/3670016  ( 0.0%) 
origfaces               22/65536        1232/3670016  ( 0.0%) 
leaves                  24/65536         768/2097152  ( 0.0%) 
leaffaces               34/65536          68/131072   ( 0.1%) 
leafbrushes             18/65536          36/131072   ( 0.0%) 
areas                    3/1024           24/8192     ( 0.3%) 
surfedges              242/512000        968/2048000  ( 0.0%) 
edges                  174/256000        696/1024000  ( 0.1%) 
LDR worldlights          1/8192           88/720896   ( 0.0%) 
HDR worldlights          0/8192            0/720896   ( 0.0%) 
leafwaterdata            0/32768           0/393216   ( 0.0%) 
waterstrips              5/32768          50/327680   ( 0.0%) 
waterverts               0/65536           0/786432   ( 0.0%) 
waterindices            66/65536         132/131072   ( 0.1%) 
cubemapsamples           0/1024            0/16384    ( 0.0%) 
overlays                 0/8192            0/2883584  ( 0.0%) 
LDR lightdata         [variable]       67752/0        ( 0.0%) 
HDR lightdata         [variable]           0/0        ( 0.0%) 
visdata               [variable]          54/16777216 ( 0.0%) 
entdata               [variable]         812/4194304  ( 0.0%) 
LDR ambient table       24/65536          96/262144   ( 0.0%) 
HDR ambient table       24/65536          96/262144   ( 0.0%) 
LDR leaf ambient        50/65536        1400/1835008  ( 0.1%) 
HDR leaf ambient        24/65536         672/1835008  ( 0.0%) 
occluders                0/0               0/0        ( 0.0%) 
occluder polygons        0/0               0/0        ( 0.0%) 
occluder vert ind        0/0               0/0        ( 0.0%) 
detail props          [variable]          12/0        ( 0.0%) 
static props          [variable]          12/0        ( 0.0%) 
static prop count        0/16384           0/0        ( 0.0%) 
pakfile               [variable]       24934/0        ( 0.0%) 
physics               [variable]        5553/4194304  ( 0.1%) 
physics terrain       [variable]           2/1048576  ( 0.0%) 

Level flags = 0

Total triangle count: 90
Writing w:\programs\steam\steamapps\common\garrysmod\garrysmod\addons\garrysmodmap\maps\gm_garrymod_map_by_woowz_map_garry_game.bsp
0 seconds elapsed




materialPath: W:\Programs\Steam\steamapps\common\GarrysMod\garrysmod\materials
Loading w:\programs\steam\steamapps\common\garrysmod\garrysmod\addons\garrysmodmap\maps\gm_garrymod_map_by_woowz_map_garry_game.vmf
fixing up env_cubemap materials on brush sides...
ProcessBlock_Thread: 0...1...2...3...4...5...6...7...8...9...10 (0)
ProcessBlock_Thread: 0...1...2...3...4...5...6...7...8...9...10 (0)
Processing areas...done (0)
Building Faces...done (0)
FixTjuncs...
PruneNodes...
WriteBSP...
done (0)
writing w:\programs\steam\steamapps\common\garrysmod\garrysmod\addons\garrysmodmap\maps\gm_garrymod_map_by_woowz_map_garry_game.prt...
Building visibility clusters...
done (0)
Creating default LDR cubemaps for env_cubemap using skybox materials:
   skybox/sky_day01_01*.vmt
 ! Run buildcubemaps in the engine to get the correct cube maps.
*** Error: Skybox vtf files for skybox/sky_day01_01 weren't compiled with the same size texture and/or same flags!
Can't load skybox file skybox/sky_day01_01 to build the default cubemap!
Finding displacement neighbors...
Finding lightmap sample positions...
Displacement Alpha : 0...1...2...3...4...5...6...7...8...9...10
Building Physics collision data...
done (0) (5553 bytes)
Placing detail props : 0...1...2...3...4...5...6...7...8...9...10
Compacting texture/material tables...
Reduced 17 texinfos to 11
Reduced 8 texdatas to 8 (169 bytes to 169)
Writing w:\programs\steam\steamapps\common\garrysmod\garrysmod\addons\garrysmodmap\maps\gm_garrymod_map_by_woowz_map_garry_game.bsp
0 seconds elapsed



16 threads
reading w:\programs\steam\steamapps\common\garrysmod\garrysmod\addons\garrysmodmap\maps\gm_garrymod_map_by_woowz_map_garry_game.bsp
reading w:\programs\steam\steamapps\common\garrysmod\garrysmod\addons\garrysmodmap\maps\gm_garrymod_map_by_woowz_map_garry_game.prt
   5 portalclusters
   4 numportals
BasePortalVis:       0...1...2...3...4...5...6...7...8...9...10 (0)
Optimized: 0 visible clusters (0.00%)
Total clusters visible: 19
Average clusters visible: 3
Building PAS...
Average clusters audible: 5
visdatasize:54  compressed from 80
writing w:\programs\steam\steamapps\common\garrysmod\garrysmod\addons\garrysmodmap\maps\gm_garrymod_map_by_woowz_map_garry_game.bsp
0 seconds elapsed



[Reading texlights from 'lights.rad']
[51 texlights parsed from 'lights.rad']
Loading w:\programs\steam\steamapps\common\garrysmod\garrysmod\addons\garrysmodmap\maps\gm_garrymod_map_by_woowz_map_garry_game.bsp
BuildFacelights:     0...1...2...3...4...5...6...7...8...9...10 (0)
BuildVisLeafs:       0...1...2...3...4...5...6...7...8...9...10 (1)
transfers 22107172, max 705
GatherLight:         0...1...2...3...4...5...6...7...8...9...10 (0)
GatherLight:         0...1...2...3...4...5...6...7...8...9...10 (0)
Build Patch/Sample Hash Table(s).....Done<0.0099 sec>
FinalLightFace:      0...1...2...3...4...5...6...7...8...9...10 (1)
FinalLightFace Done
0 of 0 (0% of) surface lights went in leaf ambient cubes.
ThreadComputeLeafAmbient: 0...1...2...3...4...5...6...7...8...9...10 (0)
Writing leaf ambient...done
Ready to Finish

Object names       Objects/Maxobjs  Memory / Maxmem  Fullness 
------------       ---------------  ---------------  -------- 
models                   1/4096           48/196608   ( 0.0%) 
brushes                 16/65535         192/786420   ( 0.0%) 
brushsides              96/655350        768/5242800  ( 0.0%) 
planes                  54/65536        1080/1310720  ( 0.1%) 
vertexes              1117/65536       13404/786432   ( 1.7%) 
nodes                   22/65536         704/2097152  ( 0.0%) 
texinfos                11/16384         792/1179648  ( 0.1%) 
texdata                  8/8192          256/262144   ( 0.1%) 
dispinfos                0/0               0/0        ( 0.0%) 
disp_verts               0/0               0/0        ( 0.0%) 
disp_tris                0/0               0/0        ( 0.0%) 
disp_multiblend          0/0               0/0        ( 0.0%) 
disp_lmsamples           0/0               0/0        ( 0.0%) 
faces                  940/65536       52640/3670016  ( 1.4%) 
hdr faces                0/65536           0/3670016  ( 0.0%) 
origfaces               22/65536        1232/3670016  ( 0.0%) 
leaves                  24/65536         768/2097152  ( 0.0%) 
leaffaces             1000/65536        2000/131072   ( 1.5%) 
leafbrushes             18/65536          36/131072   ( 0.0%) 
areas                    3/1024           24/8192     ( 0.3%) 
surfedges             4082/512000      16328/2048000  ( 0.8%) 
edges                 2137/256000       8548/1024000  ( 0.8%) 
LDR worldlights          1/8192           88/720896   ( 0.0%) 
HDR worldlights          0/8192            0/720896   ( 0.0%) 
leafwaterdata            0/32768           0/393216   ( 0.0%) 
waterstrips              7/32768          70/327680   ( 0.0%) 
waterverts               0/65536           0/786432   ( 0.0%) 
waterindices           132/65536         264/131072   ( 0.2%) 
cubemapsamples           0/1024            0/16384    ( 0.0%) 
overlays                 0/8192            0/2883584  ( 0.0%) 
LDR lightdata         [variable]     3978328/0        ( 0.0%) 
HDR lightdata         [variable]           0/0        ( 0.0%) 
visdata               [variable]          54/16777216 ( 0.0%) 
entdata               [variable]         812/4194304  ( 0.0%) 
LDR ambient table       24/65536          96/262144   ( 0.0%) 
HDR ambient table       24/65536          96/262144   ( 0.0%) 
LDR leaf ambient        50/65536        1400/1835008  ( 0.1%) 
HDR leaf ambient        24/65536         672/1835008  ( 0.0%) 
occluders                0/0               0/0        ( 0.0%) 
occluder polygons        0/0               0/0        ( 0.0%) 
occluder vert ind        0/0               0/0        ( 0.0%) 
detail props          [variable]          12/0        ( 0.0%) 
static props          [variable]          12/0        ( 0.0%) 
static prop count        0/16384           0/0        ( 0.0%) 
pakfile               [variable]       24934/0        ( 0.0%) 
physics               [variable]        5553/4194304  ( 0.1%) 
physics terrain       [variable]           2/1048576  ( 0.0%) 

Level flags = 0

Total triangle count: 2114
Writing w:\programs\steam\steamapps\common\garrysmod\garrysmod\addons\garrysmodmap\maps\gm_garrymod_map_by_woowz_map_garry_game.bsp
2 seconds elapsed




materialPath: W:\Programs\Steam\steamapps\common\GarrysMod\garrysmod\materials
Loading w:\programs\steam\steamapps\common\garrysmod\garrysmod\addons\garrysmodmap\maps\gm_garrymod_map_by_woowz_map_garry_game.vmf
fixing up env_cubemap materials on brush sides...
ProcessBlock_Thread: 0...1...2...3...4...5...6...7...8...9...10 (0)
ProcessBlock_Thread: 0...1...2...3...4...5...6...7...8...9...10 (0)
Processing areas...Wrote w:\programs\steam\steamapps\common\garrysmod\garrysmod\addons\garrysmodmap\maps\gm_garrymod_map_by_woowz_map_garry_game.lin
Areaportal leak ! File: w:\programs\steam\steamapps\common\garrysmod\garrysmod\addons\garrysmodmap\maps\gm_garrymod_map_by_woowz_map_garry_game.lin 
Brush 308: areaportal brush doesn't touch two areas
done (0)
Building Faces...done (0)
Chop Details...done (0)
Find Visible Detail Sides...done (0)
Merging details...done (0)
FixTjuncs...
PruneNodes...
WriteBSP...
done (0)
writing w:\programs\steam\steamapps\common\garrysmod\garrysmod\addons\garrysmodmap\maps\gm_garrymod_map_by_woowz_map_garry_game.prt...
Building visibility clusters...
done (0)
Creating default LDR cubemaps for env_cubemap using skybox materials:
   skybox/sky_day01_01*.vmt
 ! Run buildcubemaps in the engine to get the correct cube maps.
*** Error: Skybox vtf files for skybox/sky_day01_01 weren't compiled with the same size texture and/or same flags!
Can't load skybox file skybox/sky_day01_01 to build the default cubemap!
Finding displacement neighbors...
Finding lightmap sample positions...
Displacement Alpha : 0...1...2...3...4...5...6...7...8...9...10
Building Physics collision data...
done (0) (7152 bytes)
Placing detail props : 0...1...2...3...4...5...6...7...8...9...10
Compacting texture/material tables...
Reduced 21 texinfos to 12
Reduced 8 texdatas to 8 (169 bytes to 169)
Writing w:\programs\steam\steamapps\common\garrysmod\garrysmod\addons\garrysmodmap\maps\gm_garrymod_map_by_woowz_map_garry_game.bsp
0 seconds elapsed



16 threads
reading w:\programs\steam\steamapps\common\garrysmod\garrysmod\addons\garrysmodmap\maps\gm_garrymod_map_by_woowz_map_garry_game.bsp
reading w:\programs\steam\steamapps\common\garrysmod\garrysmod\addons\garrysmodmap\maps\gm_garrymod_map_by_woowz_map_garry_game.prt
   4 portalclusters
   4 numportals
BasePortalVis:       0...1...2...3...4...5...6...7...8...9...10 (0)
Optimized: 0 visible clusters (0.00%)
Total clusters visible: 14
Average clusters visible: 3
Building PAS...
Average clusters audible: 4
visdatasize:44  compressed from 64
writing w:\programs\steam\steamapps\common\garrysmod\garrysmod\addons\garrysmodmap\maps\gm_garrymod_map_by_woowz_map_garry_game.bsp
0 seconds elapsed



[Reading texlights from 'lights.rad']
[51 texlights parsed from 'lights.rad']
Loading w:\programs\steam\steamapps\common\garrysmod\garrysmod\addons\garrysmodmap\maps\gm_garrymod_map_by_woowz_map_garry_game.bsp
BuildFacelights:     0...1...2...3...4...5...6...7...8...9...10 (0)
BuildVisLeafs:       0...1...2...3...4...5...6...7...8...9...10 (0)
transfers 885202, max 278
GatherLight:         0...1...2...3...4...5...6...7...8...9...10 (0)
GatherLight:         0...1...2...3...4...5...6...7...8...9...10 (0)
Build Patch/Sample Hash Table(s).....Done<0.0003 sec>
FinalLightFace:      0...1...2...3...4...5...6...7...8...9...10 (0)
FinalLightFace Done
0 of 0 (0% of) surface lights went in leaf ambient cubes.
ThreadComputeLeafAmbient: 0...1...2...3...4...5...6...7...8...9...10 (0)
Writing leaf ambient...done
Ready to Finish

Object names       Objects/Maxobjs  Memory / Maxmem  Fullness 
------------       ---------------  ---------------  -------- 
models                   2/4096           96/196608   ( 0.0%) 
brushes                 20/65535         240/786420   ( 0.0%) 
brushsides             121/655350        968/5242800  ( 0.0%) 
planes                  68/65536        1360/1310720  ( 0.1%) 
vertexes               145/65536        1740/786432   ( 0.2%) 
nodes                   29/65536         928/2097152  ( 0.0%) 
texinfos                12/16384         864/1179648  ( 0.1%) 
texdata                  8/8192          256/262144   ( 0.1%) 
dispinfos                0/0               0/0        ( 0.0%) 
disp_verts               0/0               0/0        ( 0.0%) 
disp_tris                0/0               0/0        ( 0.0%) 
disp_multiblend          0/0               0/0        ( 0.0%) 
disp_lmsamples           0/0               0/0        ( 0.0%) 
faces                   53/65536        2968/3670016  ( 0.1%) 
hdr faces                0/65536           0/3670016  ( 0.0%) 
origfaces               27/65536        1512/3670016  ( 0.0%) 
leaves                  32/65536        1024/2097152  ( 0.0%) 
leaffaces               53/65536         106/131072   ( 0.1%) 
leafbrushes             22/65536          44/131072   ( 0.0%) 
areas                    2/1024           16/8192     ( 0.2%) 
surfedges              390/512000       1560/2048000  ( 0.1%) 
edges                  273/256000       1092/1024000  ( 0.1%) 
LDR worldlights          1/8192           88/720896   ( 0.0%) 
HDR worldlights          0/8192            0/720896   ( 0.0%) 
leafwaterdata            0/32768           0/393216   ( 0.0%) 
waterstrips              7/32768          70/327680   ( 0.0%) 
waterverts               0/65536           0/786432   ( 0.0%) 
waterindices           108/65536         216/131072   ( 0.2%) 
cubemapsamples           0/1024            0/16384    ( 0.0%) 
overlays                 0/8192            0/2883584  ( 0.0%) 
LDR lightdata         [variable]       79880/0        ( 0.0%) 
HDR lightdata         [variable]           0/0        ( 0.0%) 
visdata               [variable]          44/16777216 ( 0.0%) 
entdata               [variable]         899/4194304  ( 0.0%) 
LDR ambient table       32/65536         128/262144   ( 0.0%) 
HDR ambient table       32/65536         128/262144   ( 0.0%) 
LDR leaf ambient        40/65536        1120/1835008  ( 0.1%) 
HDR leaf ambient        32/65536         896/1835008  ( 0.0%) 
occluders                0/0               0/0        ( 0.0%) 
occluder polygons        0/0               0/0        ( 0.0%) 
occluder vert ind        0/0               0/0        ( 0.0%) 
detail props          [variable]          12/0        ( 0.0%) 
static props          [variable]          12/0        ( 0.0%) 
static prop count        0/16384           0/0        ( 0.0%) 
pakfile               [variable]       24934/0        ( 0.0%) 
physics               [variable]        7152/4194304  ( 0.2%) 
physics terrain       [variable]           2/1048576  ( 0.0%) 

Level flags = 0

Total triangle count: 176
Writing w:\programs\steam\steamapps\common\garrysmod\garrysmod\addons\garrysmodmap\maps\gm_garrymod_map_by_woowz_map_garry_game.bsp
0 seconds elapsed




materialPath: W:\Programs\Steam\steamapps\common\GarrysMod\garrysmod\materials
Loading w:\programs\steam\steamapps\common\garrysmod\garrysmod\addons\garrysmodmap\maps\gm_garrymod_map_by_woowz_map_garry_game.vmf
fixing up env_cubemap materials on brush sides...
ProcessBlock_Thread: 0...1...2...3...4...5...6...7...8...9...10 (0)
ProcessBlock_Thread: 0...1...2...3...4...5...6...7...8...9...10 (0)
Processing areas...Wrote w:\programs\steam\steamapps\common\garrysmod\garrysmod\addons\garrysmodmap\maps\gm_garrymod_map_by_woowz_map_garry_game.lin
Areaportal leak ! File: w:\programs\steam\steamapps\common\garrysmod\garrysmod\addons\garrysmodmap\maps\gm_garrymod_map_by_woowz_map_garry_game.lin 
Brush 308: areaportal brush doesn't touch two areas
done (0)
Building Faces...done (0)
Chop Details...done (0)
Find Visible Detail Sides...done (0)
Merging details...done (0)
FixTjuncs...
PruneNodes...
WriteBSP...
done (0)
writing w:\programs\steam\steamapps\common\garrysmod\garrysmod\addons\garrysmodmap\maps\gm_garrymod_map_by_woowz_map_garry_game.prt...
Building visibility clusters...
done (0)
Creating default LDR cubemaps for env_cubemap using skybox materials:
   skybox/sky_day01_01*.vmt
 ! Run buildcubemaps in the engine to get the correct cube maps.
*** Error: Skybox vtf files for skybox/sky_day01_01 weren't compiled with the same size texture and/or same flags!
Can't load skybox file skybox/sky_day01_01 to build the default cubemap!
Finding displacement neighbors...
Finding lightmap sample positions...
Displacement Alpha : 0...1...2...3...4...5...6...7...8...9...10
Building Physics collision data...
done (0) (7152 bytes)
Placing detail props : 0...1...2...3...4...5...6...7...8...9...10
Compacting texture/material tables...
Reduced 25 texinfos to 13
Reduced 8 texdatas to 8 (169 bytes to 169)
Writing w:\programs\steam\steamapps\common\garrysmod\garrysmod\addons\garrysmodmap\maps\gm_garrymod_map_by_woowz_map_garry_game.bsp
0 seconds elapsed



16 threads
reading w:\programs\steam\steamapps\common\garrysmod\garrysmod\addons\garrysmodmap\maps\gm_garrymod_map_by_woowz_map_garry_game.bsp
reading w:\programs\steam\steamapps\common\garrysmod\garrysmod\addons\garrysmodmap\maps\gm_garrymod_map_by_woowz_map_garry_game.prt
   4 portalclusters
   4 numportals
BasePortalVis:       0...1...2...3...4...5...6...7...8...9...10 (0)
Optimized: 0 visible clusters (0.00%)
Total clusters visible: 14
Average clusters visible: 3
Building PAS...
Average clusters audible: 4
visdatasize:44  compressed from 64
writing w:\programs\steam\steamapps\common\garrysmod\garrysmod\addons\garrysmodmap\maps\gm_garrymod_map_by_woowz_map_garry_game.bsp
0 seconds elapsed



[Reading texlights from 'lights.rad']
[51 texlights parsed from 'lights.rad']
Loading w:\programs\steam\steamapps\common\garrysmod\garrysmod\addons\garrysmodmap\maps\gm_garrymod_map_by_woowz_map_garry_game.bsp
BuildFacelights:     0...1...2...3...4...5...6...7...8...9...10 (0)
BuildVisLeafs:       0...1...2...3...4...5...6...7...8...9...10 (0)
transfers 882422, max 278
GatherLight:         0...1...2...3...4...5...6...7...8...9...10 (0)
GatherLight:         0...1...2...3...4...5...6...7...8...9...10 (0)
Build Patch/Sample Hash Table(s).....Done<0.0004 sec>
FinalLightFace:      0...1...2...3...4...5...6...7...8...9...10 (0)
FinalLightFace Done
0 of 0 (0% of) surface lights went in leaf ambient cubes.
ThreadComputeLeafAmbient: 0...1...2...3...4...5...6...7...8...9...10 (0)
Writing leaf ambient...done
Ready to Finish

Object names       Objects/Maxobjs  Memory / Maxmem  Fullness 
------------       ---------------  ---------------  -------- 
models                   2/4096           96/196608   ( 0.0%) 
brushes                 20/65535         240/786420   ( 0.0%) 
brushsides             121/655350        968/5242800  ( 0.0%) 
planes                  80/65536        1600/1310720  ( 0.1%) 
vertexes               145/65536        1740/786432   ( 0.2%) 
nodes                   29/65536         928/2097152  ( 0.0%) 
texinfos                13/16384         936/1179648  ( 0.1%) 
texdata                  8/8192          256/262144   ( 0.1%) 
dispinfos                0/0               0/0        ( 0.0%) 
disp_verts               0/0               0/0        ( 0.0%) 
disp_tris                0/0               0/0        ( 0.0%) 
disp_multiblend          0/0               0/0        ( 0.0%) 
disp_lmsamples           0/0               0/0        ( 0.0%) 
faces                   52/65536        2912/3670016  ( 0.1%) 
hdr faces                0/65536           0/3670016  ( 0.0%) 
origfaces               26/65536        1456/3670016  ( 0.0%) 
leaves                  32/65536        1024/2097152  ( 0.0%) 
leaffaces               52/65536         104/131072   ( 0.1%) 
leafbrushes             22/65536          44/131072   ( 0.0%) 
areas                    2/1024           16/8192     ( 0.2%) 
surfedges              382/512000       1528/2048000  ( 0.1%) 
edges                  265/256000       1060/1024000  ( 0.1%) 
LDR worldlights          1/8192           88/720896   ( 0.0%) 
HDR worldlights          0/8192            0/720896   ( 0.0%) 
leafwaterdata            0/32768           0/393216   ( 0.0%) 
waterstrips              7/32768          70/327680   ( 0.0%) 
waterverts               0/65536           0/786432   ( 0.0%) 
waterindices           108/65536         216/131072   ( 0.2%) 
cubemapsamples           0/1024            0/16384    ( 0.0%) 
overlays                 0/8192            0/2883584  ( 0.0%) 
LDR lightdata         [variable]       79552/0        ( 0.0%) 
HDR lightdata         [variable]           0/0        ( 0.0%) 
visdata               [variable]          44/16777216 ( 0.0%) 
entdata               [variable]        1052/4194304  ( 0.0%) 
LDR ambient table       32/65536         128/262144   ( 0.0%) 
HDR ambient table       32/65536         128/262144   ( 0.0%) 
LDR leaf ambient        40/65536        1120/1835008  ( 0.1%) 
HDR leaf ambient        32/65536         896/1835008  ( 0.0%) 
occluders                0/0               0/0        ( 0.0%) 
occluder polygons        0/0               0/0        ( 0.0%) 
occluder vert ind        0/0               0/0        ( 0.0%) 
detail props          [variable]          12/0        ( 0.0%) 
static props          [variable]          12/0        ( 0.0%) 
static prop count        0/16384           0/0        ( 0.0%) 
pakfile               [variable]       24934/0        ( 0.0%) 
physics               [variable]        7152/4194304  ( 0.2%) 
physics terrain       [variable]           2/1048576  ( 0.0%) 

Level flags = 0

Total triangle count: 174
Writing w:\programs\steam\steamapps\common\garrysmod\garrysmod\addons\garrysmodmap\maps\gm_garrymod_map_by_woowz_map_garry_game.bsp
0 seconds elapsed




materialPath: W:\Programs\Steam\steamapps\common\GarrysMod\garrysmod\materials
Loading w:\programs\steam\steamapps\common\garrysmod\garrysmod\addons\garrysmodmap\maps\gm_garrymod_map_by_woowz_map_garry_game.vmf
fixing up env_cubemap materials on brush sides...
ProcessBlock_Thread: 0...1...2...3...4...5...6...7...8...9...10 (0)
ProcessBlock_Thread: 0...1...2...3...4...5...6...7...8...9...10 (0)
Processing areas...Wrote w:\programs\steam\steamapps\common\garrysmod\garrysmod\addons\garrysmodmap\maps\gm_garrymod_map_by_woowz_map_garry_game.lin
Areaportal leak ! File: w:\programs\steam\steamapps\common\garrysmod\garrysmod\addons\garrysmodmap\maps\gm_garrymod_map_by_woowz_map_garry_game.lin 
Brush 308: areaportal brush doesn't touch two areas
done (0)
Building Faces...done (0)
Chop Details...done (0)
Find Visible Detail Sides...done (0)
Merging details...done (0)
FixTjuncs...
PruneNodes...
WriteBSP...
done (0)
writing w:\programs\steam\steamapps\common\garrysmod\garrysmod\addons\garrysmodmap\maps\gm_garrymod_map_by_woowz_map_garry_game.prt...
Building visibility clusters...
done (0)
Creating default LDR cubemaps for env_cubemap using skybox materials:
   skybox/sky_day01_01*.vmt
 ! Run buildcubemaps in the engine to get the correct cube maps.
*** Error: Skybox vtf files for skybox/sky_day01_01 weren't compiled with the same size texture and/or same flags!
Can't load skybox file skybox/sky_day01_01 to build the default cubemap!
Finding displacement neighbors...
Finding lightmap sample positions...
Displacement Alpha : 0...1...2...3...4...5...6...7...8...9...10
Building Physics collision data...
done (0) (7152 bytes)
Placing detail props : 0...1...2...3...4...5...6...7...8...9...10
Compacting texture/material tables...
Reduced 25 texinfos to 13
Reduced 8 texdatas to 8 (169 bytes to 169)
Writing w:\programs\steam\steamapps\common\garrysmod\garrysmod\addons\garrysmodmap\maps\gm_garrymod_map_by_woowz_map_garry_game.bsp
0 seconds elapsed



16 threads
reading w:\programs\steam\steamapps\common\garrysmod\garrysmod\addons\garrysmodmap\maps\gm_garrymod_map_by_woowz_map_garry_game.bsp
reading w:\programs\steam\steamapps\common\garrysmod\garrysmod\addons\garrysmodmap\maps\gm_garrymod_map_by_woowz_map_garry_game.prt
   4 portalclusters
   4 numportals
BasePortalVis:       0...1...2...3...4...5...6...7...8...9...10 (0)
Optimized: 0 visible clusters (0.00%)
Total clusters visible: 14
Average clusters visible: 3
Building PAS...
Average clusters audible: 4
visdatasize:44  compressed from 64
writing w:\programs\steam\steamapps\common\garrysmod\garrysmod\addons\garrysmodmap\maps\gm_garrymod_map_by_woowz_map_garry_game.bsp
0 seconds elapsed



[Reading texlights from 'lights.rad']
[51 texlights parsed from 'lights.rad']
Loading w:\programs\steam\steamapps\common\garrysmod\garrysmod\addons\garrysmodmap\maps\gm_garrymod_map_by_woowz_map_garry_game.bsp
BuildFacelights:     0...1...2...3...4...5...6...7...8...9...10 (0)
BuildVisLeafs:       0...1...2...3...4...5...6...7...8...9...10 (0)
transfers 882422, max 278
GatherLight:         0...1...2...3...4...5...6...7...8...9...10 (0)
GatherLight:         0...1...2...3...4...5...6...7...8...9...10 (0)
Build Patch/Sample Hash Table(s).....Done<0.0003 sec>
FinalLightFace:      0...1...2...3...4...5...6...7...8...9...10 (0)
FinalLightFace Done
0 of 0 (0% of) surface lights went in leaf ambient cubes.
ThreadComputeLeafAmbient: 0...1...2...3...4...5...6...7...8...9...10 (0)
Writing leaf ambient...done
Ready to Finish

Object names       Objects/Maxobjs  Memory / Maxmem  Fullness 
------------       ---------------  ---------------  -------- 
models                   2/4096           96/196608   ( 0.0%) 
brushes                 20/65535         240/786420   ( 0.0%) 
brushsides             121/655350        968/5242800  ( 0.0%) 
planes                  80/65536        1600/1310720  ( 0.1%) 
vertexes               145/65536        1740/786432   ( 0.2%) 
nodes                   29/65536         928/2097152  ( 0.0%) 
texinfos                13/16384         936/1179648  ( 0.1%) 
texdata                  8/8192          256/262144   ( 0.1%) 
dispinfos                0/0               0/0        ( 0.0%) 
disp_verts               0/0               0/0        ( 0.0%) 
disp_tris                0/0               0/0        ( 0.0%) 
disp_multiblend          0/0               0/0        ( 0.0%) 
disp_lmsamples           0/0               0/0        ( 0.0%) 
faces                   52/65536        2912/3670016  ( 0.1%) 
hdr faces                0/65536           0/3670016  ( 0.0%) 
origfaces               26/65536        1456/3670016  ( 0.0%) 
leaves                  32/65536        1024/2097152  ( 0.0%) 
leaffaces               52/65536         104/131072   ( 0.1%) 
leafbrushes             22/65536          44/131072   ( 0.0%) 
areas                    2/1024           16/8192     ( 0.2%) 
surfedges              382/512000       1528/2048000  ( 0.1%) 
edges                  265/256000       1060/1024000  ( 0.1%) 
LDR worldlights          1/8192           88/720896   ( 0.0%) 
HDR worldlights          0/8192            0/720896   ( 0.0%) 
leafwaterdata            0/32768           0/393216   ( 0.0%) 
waterstrips              7/32768          70/327680   ( 0.0%) 
waterverts               0/65536           0/786432   ( 0.0%) 
waterindices           108/65536         216/131072   ( 0.2%) 
cubemapsamples           0/1024            0/16384    ( 0.0%) 
overlays                 0/8192            0/2883584  ( 0.0%) 
LDR lightdata         [variable]       79552/0        ( 0.0%) 
HDR lightdata         [variable]           0/0        ( 0.0%) 
visdata               [variable]          44/16777216 ( 0.0%) 
entdata               [variable]        1822/4194304  ( 0.0%) 
LDR ambient table       32/65536         128/262144   ( 0.0%) 
HDR ambient table       32/65536         128/262144   ( 0.0%) 
LDR leaf ambient        40/65536        1120/1835008  ( 0.1%) 
HDR leaf ambient        32/65536         896/1835008  ( 0.0%) 
occluders                0/0               0/0        ( 0.0%) 
occluder polygons        0/0               0/0        ( 0.0%) 
occluder vert ind        0/0               0/0        ( 0.0%) 
detail props          [variable]          12/0        ( 0.0%) 
static props          [variable]          12/0        ( 0.0%) 
static prop count        0/16384           0/0        ( 0.0%) 
pakfile               [variable]       24934/0        ( 0.0%) 
physics               [variable]        7152/4194304  ( 0.2%) 
physics terrain       [variable]           2/1048576  ( 0.0%) 

Level flags = 0

Total triangle count: 174
Writing w:\programs\steam\steamapps\common\garrysmod\garrysmod\addons\garrysmodmap\maps\gm_garrymod_map_by_woowz_map_garry_game.bsp
0 seconds elapsed




materialPath: W:\Programs\Steam\steamapps\common\GarrysMod\garrysmod\materials
Loading w:\programs\steam\steamapps\common\garrysmod\garrysmod\addons\garrysmodmap\maps\gm_garrymod_map_by_woowz_map_garry_game.vmf
fixing up env_cubemap materials on brush sides...
ProcessBlock_Thread: 0...1...2...3...4...5...6...7...8...9...10 (0)
ProcessBlock_Thread: 0...1...2...3...4...5...6...7...8...9...10 (0)
Processing areas...Wrote w:\programs\steam\steamapps\common\garrysmod\garrysmod\addons\garrysmodmap\maps\gm_garrymod_map_by_woowz_map_garry_game.lin
Areaportal leak ! File: w:\programs\steam\steamapps\common\garrysmod\garrysmod\addons\garrysmodmap\maps\gm_garrymod_map_by_woowz_map_garry_game.lin 
Brush 308: areaportal brush doesn't touch two areas
done (0)
Building Faces...done (0)
Chop Details...done (0)
Find Visible Detail Sides...done (0)
Merging details...done (0)
FixTjuncs...
PruneNodes...
WriteBSP...
done (0)
writing w:\programs\steam\steamapps\common\garrysmod\garrysmod\addons\garrysmodmap\maps\gm_garrymod_map_by_woowz_map_garry_game.prt...
Building visibility clusters...
done (0)
Creating default LDR cubemaps for env_cubemap using skybox materials:
   skybox/sky_day01_01*.vmt
 ! Run buildcubemaps in the engine to get the correct cube maps.
*** Error: Skybox vtf files for skybox/sky_day01_01 weren't compiled with the same size texture and/or same flags!
Can't load skybox file skybox/sky_day01_01 to build the default cubemap!
Finding displacement neighbors...
Finding lightmap sample positions...
Displacement Alpha : 0...1...2...3...4...5...6...7...8...9...10
Building Physics collision data...
done (0) (7152 bytes)
Placing detail props : 0...1...2...3...4...5...6...7...8...9...10
Compacting texture/material tables...
Reduced 25 texinfos to 13
Reduced 8 texdatas to 8 (169 bytes to 169)
Writing w:\programs\steam\steamapps\common\garrysmod\garrysmod\addons\garrysmodmap\maps\gm_garrymod_map_by_woowz_map_garry_game.bsp
0 seconds elapsed



16 threads
reading w:\programs\steam\steamapps\common\garrysmod\garrysmod\addons\garrysmodmap\maps\gm_garrymod_map_by_woowz_map_garry_game.bsp
reading w:\programs\steam\steamapps\common\garrysmod\garrysmod\addons\garrysmodmap\maps\gm_garrymod_map_by_woowz_map_garry_game.prt
   4 portalclusters
   4 numportals
BasePortalVis:       0...1...2...3...4...5...6...7...8...9...10 (0)
Optimized: 0 visible clusters (0.00%)
Total clusters visible: 14
Average clusters visible: 3
Building PAS...
Average clusters audible: 4
visdatasize:44  compressed from 64
writing w:\programs\steam\steamapps\common\garrysmod\garrysmod\addons\garrysmodmap\maps\gm_garrymod_map_by_woowz_map_garry_game.bsp
0 seconds elapsed



[Reading texlights from 'lights.rad']
[51 texlights parsed from 'lights.rad']
Loading w:\programs\steam\steamapps\common\garrysmod\garrysmod\addons\garrysmodmap\maps\gm_garrymod_map_by_woowz_map_garry_game.bsp
BuildFacelights:     0...1...2...3...4...5...6...7...8...9...10 (0)
BuildVisLeafs:       0...1...2...3...4...5...6...7...8...9...10 (0)
transfers 882422, max 278
GatherLight:         0...1...2...3...4...5...6...7...8...9...10 (0)
GatherLight:         0...1...2...3...4...5...6...7...8...9...10 (0)
Build Patch/Sample Hash Table(s).....Done<0.0003 sec>
FinalLightFace:      0...1...2...3...4...5...6...7...8...9...10 (0)
FinalLightFace Done
0 of 0 (0% of) surface lights went in leaf ambient cubes.
ThreadComputeLeafAmbient: 0...1...2...3...4...5...6...7...8...9...10 (0)
Writing leaf ambient...done
Ready to Finish

Object names       Objects/Maxobjs  Memory / Maxmem  Fullness 
------------       ---------------  ---------------  -------- 
models                   2/4096           96/196608   ( 0.0%) 
brushes                 20/65535         240/786420   ( 0.0%) 
brushsides             121/655350        968/5242800  ( 0.0%) 
planes                  80/65536        1600/1310720  ( 0.1%) 
vertexes               145/65536        1740/786432   ( 0.2%) 
nodes                   29/65536         928/2097152  ( 0.0%) 
texinfos                13/16384         936/1179648  ( 0.1%) 
texdata                  8/8192          256/262144   ( 0.1%) 
dispinfos                0/0               0/0        ( 0.0%) 
disp_verts               0/0               0/0        ( 0.0%) 
disp_tris                0/0               0/0        ( 0.0%) 
disp_multiblend          0/0               0/0        ( 0.0%) 
disp_lmsamples           0/0               0/0        ( 0.0%) 
faces                   52/65536        2912/3670016  ( 0.1%) 
hdr faces                0/65536           0/3670016  ( 0.0%) 
origfaces               26/65536        1456/3670016  ( 0.0%) 
leaves                  32/65536        1024/2097152  ( 0.0%) 
leaffaces               52/65536         104/131072   ( 0.1%) 
leafbrushes             22/65536          44/131072   ( 0.0%) 
areas                    2/1024           16/8192     ( 0.2%) 
surfedges              382/512000       1528/2048000  ( 0.1%) 
edges                  265/256000       1060/1024000  ( 0.1%) 
LDR worldlights          1/8192           88/720896   ( 0.0%) 
HDR worldlights          0/8192            0/720896   ( 0.0%) 
leafwaterdata            0/32768           0/393216   ( 0.0%) 
waterstrips              7/32768          70/327680   ( 0.0%) 
waterverts               0/65536           0/786432   ( 0.0%) 
waterindices           108/65536         216/131072   ( 0.2%) 
cubemapsamples           0/1024            0/16384    ( 0.0%) 
overlays                 0/8192            0/2883584  ( 0.0%) 
LDR lightdata         [variable]       79552/0        ( 0.0%) 
HDR lightdata         [variable]           0/0        ( 0.0%) 
visdata               [variable]          44/16777216 ( 0.0%) 
entdata               [variable]        2011/4194304  ( 0.0%) 
LDR ambient table       32/65536         128/262144   ( 0.0%) 
HDR ambient table       32/65536         128/262144   ( 0.0%) 
LDR leaf ambient        40/65536        1120/1835008  ( 0.1%) 
HDR leaf ambient        32/65536         896/1835008  ( 0.0%) 
occluders                0/0               0/0        ( 0.0%) 
occluder polygons        0/0               0/0        ( 0.0%) 
occluder vert ind        0/0               0/0        ( 0.0%) 
detail props          [variable]          12/0        ( 0.0%) 
static props          [variable]          12/0        ( 0.0%) 
static prop count        0/16384           0/0        ( 0.0%) 
pakfile               [variable]       24934/0        ( 0.0%) 
physics               [variable]        7152/4194304  ( 0.2%) 
physics terrain       [variable]           2/1048576  ( 0.0%) 

Level flags = 0

Total triangle count: 174
Writing w:\programs\steam\steamapps\common\garrysmod\garrysmod\addons\garrysmodmap\maps\gm_garrymod_map_by_woowz_map_garry_game.bsp
0 seconds elapsed




materialPath: W:\Programs\Steam\steamapps\common\GarrysMod\garrysmod\materials
Loading w:\programs\steam\steamapps\common\garrysmod\garrysmod\addons\garrysmodmap\maps\gm_garrymod_map_by_woowz_map_garry_game.vmf
fixing up env_cubemap materials on brush sides...
ProcessBlock_Thread: 0...1...2...3...4...5...6...7...8...9...10 (0)
ProcessBlock_Thread: 0...1...2...3...4...5...6...7...8...9...10 (0)
Processing areas...Wrote w:\programs\steam\steamapps\common\garrysmod\garrysmod\addons\garrysmodmap\maps\gm_garrymod_map_by_woowz_map_garry_game.lin
Areaportal leak ! File: w:\programs\steam\steamapps\common\garrysmod\garrysmod\addons\garrysmodmap\maps\gm_garrymod_map_by_woowz_map_garry_game.lin 
Brush 308: areaportal brush doesn't touch two areas

Brush 308: areaportal brush doesn't touch two areas
done (0)
Building Faces...done (0)
Chop Details...done (0)
Find Visible Detail Sides...done (0)
Merging details...done (0)
FixTjuncs...
PruneNodes...
WriteBSP...
done (0)
writing w:\programs\steam\steamapps\common\garrysmod\garrysmod\addons\garrysmodmap\maps\gm_garrymod_map_by_woowz_map_garry_game.prt...
Building visibility clusters...
done (0)
Creating default LDR cubemaps for env_cubemap using skybox materials:
   skybox/sky_day01_01*.vmt
 ! Run buildcubemaps in the engine to get the correct cube maps.
*** Error: Skybox vtf files for skybox/sky_day01_01 weren't compiled with the same size texture and/or same flags!
Can't load skybox file skybox/sky_day01_01 to build the default cubemap!
Finding displacement neighbors...
Finding lightmap sample positions...
Displacement Alpha : 0...1...2...3...4...5...6...7...8...9...10
Building Physics collision data...
done (0) (8856 bytes)
Placing detail props : 0...1...2...3...4...5...6...7...8...9...10
Compacting texture/material tables...
Reduced 29 texinfos to 17
Reduced 9 texdatas to 9 (185 bytes to 185)
Writing w:\programs\steam\steamapps\common\garrysmod\garrysmod\addons\garrysmodmap\maps\gm_garrymod_map_by_woowz_map_garry_game.bsp
0 seconds elapsed



16 threads
reading w:\programs\steam\steamapps\common\garrysmod\garrysmod\addons\garrysmodmap\maps\gm_garrymod_map_by_woowz_map_garry_game.bsp
reading w:\programs\steam\steamapps\common\garrysmod\garrysmod\addons\garrysmodmap\maps\gm_garrymod_map_by_woowz_map_garry_game.prt
   6 portalclusters
   8 numportals
BasePortalVis:       0...1...2...3...4...5...6...7...8...9...10 (0)
Optimized: 0 visible clusters (0.00%)
Total clusters visible: 32
Average clusters visible: 5
Building PAS...
Average clusters audible: 6
visdatasize:64  compressed from 96
writing w:\programs\steam\steamapps\common\garrysmod\garrysmod\addons\garrysmodmap\maps\gm_garrymod_map_by_woowz_map_garry_game.bsp
0 seconds elapsed



[Reading texlights from 'lights.rad']
[51 texlights parsed from 'lights.rad']
Loading w:\programs\steam\steamapps\common\garrysmod\garrysmod\addons\garrysmodmap\maps\gm_garrymod_map_by_woowz_map_garry_game.bsp
BuildFacelights:     0...1...2...3...4...5...6...7...8...9...10 (0)
BuildVisLeafs:       0...1...2...3...4...5...6...7...8...9...10 (0)
transfers 1490324, max 291
GatherLight:         0...1...2...3...4...5...6...7...8...9...10 (0)
GatherLight:         0...1...2...3...4...5...6...7...8...9...10 (0)
Build Patch/Sample Hash Table(s).....Done<0.0006 sec>
FinalLightFace:      0...1...2...3...4...5...6...7...8...9...10 (0)
FinalLightFace Done
0 of 0 (0% of) surface lights went in leaf ambient cubes.
ThreadComputeLeafAmbient: 0...1...2...3...4...5...6...7...8...9...10 (0)
Writing leaf ambient...done
Ready to Finish

Object names       Objects/Maxobjs  Memory / Maxmem  Fullness 
------------       ---------------  ---------------  -------- 
models                   2/4096           96/196608   ( 0.0%) 
brushes                 25/65535         300/786420   ( 0.0%) 
brushsides             151/655350       1208/5242800  ( 0.0%) 
planes                  90/65536        1800/1310720  ( 0.1%) 
vertexes               192/65536        2304/786432   ( 0.3%) 
nodes                   33/65536        1056/2097152  ( 0.1%) 
texinfos                17/16384        1224/1179648  ( 0.1%) 
texdata                  9/8192          288/262144   ( 0.1%) 
dispinfos                0/0               0/0        ( 0.0%) 
disp_verts               0/0               0/0        ( 0.0%) 
disp_tris                0/0               0/0        ( 0.0%) 
disp_multiblend          0/0               0/0        ( 0.0%) 
disp_lmsamples           0/0               0/0        ( 0.0%) 
faces                   80/65536        4480/3670016  ( 0.1%) 
hdr faces                0/65536           0/3670016  ( 0.0%) 
origfaces               32/65536        1792/3670016  ( 0.0%) 
leaves                  36/65536        1152/2097152  ( 0.1%) 
leaffaces               80/65536         160/131072   ( 0.1%) 
leafbrushes             37/65536          74/131072   ( 0.1%) 
areas                    2/1024           16/8192     ( 0.2%) 
surfedges              541/512000       2164/2048000  ( 0.1%) 
edges                  367/256000       1468/1024000  ( 0.1%) 
LDR worldlights          1/8192           88/720896   ( 0.0%) 
HDR worldlights          0/8192            0/720896   ( 0.0%) 
leafwaterdata            0/32768           0/393216   ( 0.0%) 
waterstrips              7/32768          70/327680   ( 0.0%) 
waterverts               0/65536           0/786432   ( 0.0%) 
waterindices           114/65536         228/131072   ( 0.2%) 
cubemapsamples           0/1024            0/16384    ( 0.0%) 
overlays                 0/8192            0/2883584  ( 0.0%) 
LDR lightdata         [variable]      107636/0        ( 0.0%) 
HDR lightdata         [variable]           0/0        ( 0.0%) 
visdata               [variable]          64/16777216 ( 0.0%) 
entdata               [variable]        2012/4194304  ( 0.0%) 
LDR ambient table       36/65536         144/262144   ( 0.1%) 
HDR ambient table       36/65536         144/262144   ( 0.1%) 
LDR leaf ambient        57/65536        1596/1835008  ( 0.1%) 
HDR leaf ambient        36/65536        1008/1835008  ( 0.1%) 
occluders                0/0               0/0        ( 0.0%) 
occluder polygons        0/0               0/0        ( 0.0%) 
occluder vert ind        0/0               0/0        ( 0.0%) 
detail props          [variable]          12/0        ( 0.0%) 
static props          [variable]          12/0        ( 0.0%) 
static prop count        0/16384           0/0        ( 0.0%) 
pakfile               [variable]       24934/0        ( 0.0%) 
physics               [variable]        8856/4194304  ( 0.2%) 
physics terrain       [variable]           2/1048576  ( 0.0%) 

Level flags = 0

Total triangle count: 253
Writing w:\programs\steam\steamapps\common\garrysmod\garrysmod\addons\garrysmodmap\maps\gm_garrymod_map_by_woowz_map_garry_game.bsp
0 seconds elapsed




materialPath: W:\Programs\Steam\steamapps\common\GarrysMod\garrysmod\materials
Loading w:\programs\steam\steamapps\common\garrysmod\garrysmod\addons\garrysmodmap\maps\gm_garrymod_map_by_woowz_map_garry_game.vmf
Requesting texture value from var "$basetexture" which is not a texture value (material: skybox/sky_day01_05_hdrup)
fixing up env_cubemap materials on brush sides...
ProcessBlock_Thread: 0...1...2...3...4...5...6...7...8...9...10 (0)
ProcessBlock_Thread: 0...1...2...3...4...5...6...7...8...9...10 (0)
Processing areas...
Brush 1138: areaportal brush doesn't touch two areas
Wrote w:\programs\steam\steamapps\common\garrysmod\garrysmod\addons\garrysmodmap\maps\gm_garrymod_map_by_woowz_map_garry_game.lin
Areaportal leak ! File: w:\programs\steam\steamapps\common\garrysmod\garrysmod\addons\garrysmodmap\maps\gm_garrymod_map_by_woowz_map_garry_game.lin 
Brush 308: areaportal brush doesn't touch two areas

Brush 308: areaportal brush doesn't touch two areas
done (0)
Building Faces...done (0)
Chop Details...done (0)
Find Visible Detail Sides...done (0)
Merging details...done (0)
FixTjuncs...
PruneNodes...
WriteBSP...
done (0)
writing w:\programs\steam\steamapps\common\garrysmod\garrysmod\addons\garrysmodmap\maps\gm_garrymod_map_by_woowz_map_garry_game.prt...
Building visibility clusters...
done (0)
Creating default LDR cubemaps for env_cubemap using skybox materials:
   skybox/sky_day01_01*.vmt
 ! Run buildcubemaps in the engine to get the correct cube maps.
*** Error: Skybox vtf files for skybox/sky_day01_01 weren't compiled with the same size texture and/or same flags!
Can't load skybox file skybox/sky_day01_01 to build the default cubemap!
Finding displacement neighbors...
Finding lightmap sample positions...
Displacement Alpha : 0...1...2...3...4...5...6...7...8...9...10
Building Physics collision data...
done (0) (13768 bytes)
Placing detail props : 0...1...2...3...4...5...6...7...8...9...10
Compacting texture/material tables...
Reduced 34 texinfos to 18
Reduced 10 texdatas to 9 (211 bytes to 189)
Writing w:\programs\steam\steamapps\common\garrysmod\garrysmod\addons\garrysmodmap\maps\gm_garrymod_map_by_woowz_map_garry_game.bsp
0 seconds elapsed



16 threads
reading w:\programs\steam\steamapps\common\garrysmod\garrysmod\addons\garrysmodmap\maps\gm_garrymod_map_by_woowz_map_garry_game.bsp
reading w:\programs\steam\steamapps\common\garrysmod\garrysmod\addons\garrysmodmap\maps\gm_garrymod_map_by_woowz_map_garry_game.prt
   7 portalclusters
   9 numportals
BasePortalVis:       0...1...2...3...4...5...6...7...8...9...10 (0)
Optimized: 0 visible clusters (0.00%)
Total clusters visible: 37
Average clusters visible: 5
Building PAS...
Average clusters audible: 7
visdatasize:74  compressed from 112
writing w:\programs\steam\steamapps\common\garrysmod\garrysmod\addons\garrysmodmap\maps\gm_garrymod_map_by_woowz_map_garry_game.bsp
0 seconds elapsed



[Reading texlights from 'lights.rad']
[51 texlights parsed from 'lights.rad']
Loading w:\programs\steam\steamapps\common\garrysmod\garrysmod\addons\garrysmodmap\maps\gm_garrymod_map_by_woowz_map_garry_game.bsp
BuildFacelights:     0...1...2...3...4...5...6...7...8...9...10 (0)
BuildVisLeafs:       0...1...2...3...4...5...6...7...8...9...10 (0)
transfers 1466621, max 296
GatherLight:         0...1...2...3...4...5...6...7...8...9...10 (0)
GatherLight:         0...1...2...3...4...5...6...7...8...9...10 (0)
Build Patch/Sample Hash Table(s).....Done<0.0006 sec>
FinalLightFace:      0...1...2...3...4...5...6...7...8...9...10 (0)
FinalLightFace Done
0 of 0 (0% of) surface lights went in leaf ambient cubes.
ThreadComputeLeafAmbient: 0...1...2...3...4...5...6...7...8...9...10 (0)
Writing leaf ambient...done
Ready to Finish

Object names       Objects/Maxobjs  Memory / Maxmem  Fullness 
------------       ---------------  ---------------  -------- 
models                   2/4096           96/196608   ( 0.0%) 
brushes                 40/65535         480/786420   ( 0.1%) 
brushsides             241/655350       1928/5242800  ( 0.0%) 
planes                 132/65536        2640/1310720  ( 0.2%) 
vertexes               266/65536        3192/786432   ( 0.4%) 
nodes                   37/65536        1184/2097152  ( 0.1%) 
texinfos                18/16384        1296/1179648  ( 0.1%) 
texdata                  9/8192          288/262144   ( 0.1%) 
dispinfos                0/0               0/0        ( 0.0%) 
disp_verts               0/0               0/0        ( 0.0%) 
disp_tris                0/0               0/0        ( 0.0%) 
disp_multiblend          0/0               0/0        ( 0.0%) 
disp_lmsamples           0/0               0/0        ( 0.0%) 
faces                  113/65536        6328/3670016  ( 0.2%) 
hdr faces                0/65536           0/3670016  ( 0.0%) 
origfaces               63/65536        3528/3670016  ( 0.1%) 
leaves                  40/65536        1280/2097152  ( 0.1%) 
leaffaces              113/65536         226/131072   ( 0.2%) 
leafbrushes             49/65536          98/131072   ( 0.1%) 
areas                    2/1024           16/8192     ( 0.2%) 
surfedges              833/512000       3332/2048000  ( 0.2%) 
edges                  568/256000       2272/1024000  ( 0.2%) 
LDR worldlights          1/8192           88/720896   ( 0.0%) 
HDR worldlights          0/8192            0/720896   ( 0.0%) 
leafwaterdata            0/32768           0/393216   ( 0.0%) 
waterstrips              9/32768          90/327680   ( 0.0%) 
waterverts               0/65536           0/786432   ( 0.0%) 
waterindices           153/65536         306/131072   ( 0.2%) 
cubemapsamples           0/1024            0/16384    ( 0.0%) 
overlays                 0/8192            0/2883584  ( 0.0%) 
LDR lightdata         [variable]      113792/0        ( 0.0%) 
HDR lightdata         [variable]           0/0        ( 0.0%) 
visdata               [variable]          74/16777216 ( 0.0%) 
entdata               [variable]        2119/4194304  ( 0.1%) 
LDR ambient table       40/65536         160/262144   ( 0.1%) 
HDR ambient table       40/65536         160/262144   ( 0.1%) 
LDR leaf ambient        58/65536        1624/1835008  ( 0.1%) 
HDR leaf ambient        40/65536        1120/1835008  ( 0.1%) 
occluders                0/0               0/0        ( 0.0%) 
occluder polygons        0/0               0/0        ( 0.0%) 
occluder vert ind        0/0               0/0        ( 0.0%) 
detail props          [variable]          12/0        ( 0.0%) 
static props          [variable]          12/0        ( 0.0%) 
static prop count        0/16384           0/0        ( 0.0%) 
pakfile               [variable]       24934/0        ( 0.0%) 
physics               [variable]       13768/4194304  ( 0.3%) 
physics terrain       [variable]           2/1048576  ( 0.0%) 

Level flags = 0

Total triangle count: 355
Writing w:\programs\steam\steamapps\common\garrysmod\garrysmod\addons\garrysmodmap\maps\gm_garrymod_map_by_woowz_map_garry_game.bsp
0 seconds elapsed




materialPath: W:\Programs\Steam\steamapps\common\GarrysMod\garrysmod\materials
Loading w:\programs\steam\steamapps\common\garrysmod\garrysmod\addons\garrysmodmap\maps\gm_garrymod_map_by_woowz_map_garry_game.vmf
fixing up env_cubemap materials on brush sides...
ProcessBlock_Thread: 0...1...2...3...4...5...6...7...8...9...10 (0)
ProcessBlock_Thread: 0...1...2...3...4...5...6...7...8...9...10 (0)
Processing areas...Wrote w:\programs\steam\steamapps\common\garrysmod\garrysmod\addons\garrysmodmap\maps\gm_garrymod_map_by_woowz_map_garry_game.lin
Areaportal leak ! File: w:\programs\steam\steamapps\common\garrysmod\garrysmod\addons\garrysmodmap\maps\gm_garrymod_map_by_woowz_map_garry_game.lin 
Brush 308: areaportal brush doesn't touch two areas

Brush 308: areaportal brush doesn't touch two areas
done (0)
Building Faces...done (0)
Chop Details...done (0)
Find Visible Detail Sides...
Merged 24 detail faces...done (0)
Merging details...done (0)
FixTjuncs...
PruneNodes...
WriteBSP...
done (0)
writing w:\programs\steam\steamapps\common\garrysmod\garrysmod\addons\garrysmodmap\maps\gm_garrymod_map_by_woowz_map_garry_game.prt...
Building visibility clusters...
done (0)
Creating default LDR cubemaps for env_cubemap using skybox materials:
   skybox/sky_day01_01*.vmt
 ! Run buildcubemaps in the engine to get the correct cube maps.
*** Error: Skybox vtf files for skybox/sky_day01_01 weren't compiled with the same size texture and/or same flags!
Can't load skybox file skybox/sky_day01_01 to build the default cubemap!
Finding displacement neighbors...
Finding lightmap sample positions...
Displacement Alpha : 0...1...2...3...4...5...6...7...8...9...10
Building Physics collision data...
done (0) (16244 bytes)
Placing detail props : 0...1...2...3...4...5...6...7...8...9...10
Compacting texture/material tables...
Reduced 37 texinfos to 21
Reduced 10 texdatas to 10 (239 bytes to 239)
Writing w:\programs\steam\steamapps\common\garrysmod\garrysmod\addons\garrysmodmap\maps\gm_garrymod_map_by_woowz_map_garry_game.bsp
0 seconds elapsed



16 threads
reading w:\programs\steam\steamapps\common\garrysmod\garrysmod\addons\garrysmodmap\maps\gm_garrymod_map_by_woowz_map_garry_game.bsp
reading w:\programs\steam\steamapps\common\garrysmod\garrysmod\addons\garrysmodmap\maps\gm_garrymod_map_by_woowz_map_garry_game.prt
   6 portalclusters
   8 numportals
BasePortalVis:       0...1...2...3...4...5...6...7...8...9...10 (0)
Optimized: 0 visible clusters (0.00%)
Total clusters visible: 32
Average clusters visible: 5
Building PAS...
Average clusters audible: 6
visdatasize:64  compressed from 96
writing w:\programs\steam\steamapps\common\garrysmod\garrysmod\addons\garrysmodmap\maps\gm_garrymod_map_by_woowz_map_garry_game.bsp
0 seconds elapsed



[Reading texlights from 'lights.rad']
[51 texlights parsed from 'lights.rad']
Loading w:\programs\steam\steamapps\common\garrysmod\garrysmod\addons\garrysmodmap\maps\gm_garrymod_map_by_woowz_map_garry_game.bsp
BuildFacelights:     0...1...2...3...4...5...6...7...8...9...10 (0)
BuildVisLeafs:       0...1...2...3...4...5...6...7...8...9...10 (0)
transfers 1491120, max 303
GatherLight:         0...1...2...3...4...5...6...7...8...9...10 (0)
GatherLight:         0...1...2...3...4...5...6...7...8...9...10 (0)
Build Patch/Sample Hash Table(s).....Done<0.0006 sec>
FinalLightFace:      0...1...2...3...4...5...6...7...8...9...10 (0)
FinalLightFace Done
0 of 0 (0% of) surface lights went in leaf ambient cubes.
ThreadComputeLeafAmbient: 0...1...2...3...4...5...6...7...8...9...10 (0)
Writing leaf ambient...done
Ready to Finish

Object names       Objects/Maxobjs  Memory / Maxmem  Fullness 
------------       ---------------  ---------------  -------- 
models                   2/4096           96/196608   ( 0.0%) 
brushes                 47/65535         564/786420   ( 0.1%) 
brushsides             283/655350       2264/5242800  ( 0.0%) 
planes                 130/65536        2600/1310720  ( 0.2%) 
vertexes               296/65536        3552/786432   ( 0.5%) 
nodes                   33/65536        1056/2097152  ( 0.1%) 
texinfos                21/16384        1512/1179648  ( 0.1%) 
texdata                 10/8192          320/262144   ( 0.1%) 
dispinfos                0/0               0/0        ( 0.0%) 
disp_verts               0/0               0/0        ( 0.0%) 
disp_tris                0/0               0/0        ( 0.0%) 
disp_multiblend          0/0               0/0        ( 0.0%) 
disp_lmsamples           0/0               0/0        ( 0.0%) 
faces                  137/65536        7672/3670016  ( 0.2%) 
hdr faces                0/65536           0/3670016  ( 0.0%) 
origfaces               84/65536        4704/3670016  ( 0.1%) 
leaves                  36/65536        1152/2097152  ( 0.1%) 
leaffaces              137/65536         274/131072   ( 0.2%) 
leafbrushes             59/65536         118/131072   ( 0.1%) 
areas                    2/1024           16/8192     ( 0.2%) 
surfedges             1015/512000       4060/2048000  ( 0.2%) 
edges                  668/256000       2672/1024000  ( 0.3%) 
LDR worldlights          1/8192           88/720896   ( 0.0%) 
HDR worldlights          0/8192            0/720896   ( 0.0%) 
leafwaterdata            0/32768           0/393216   ( 0.0%) 
waterstrips             10/32768         100/327680   ( 0.0%) 
waterverts               0/65536           0/786432   ( 0.0%) 
waterindices           168/65536         336/131072   ( 0.3%) 
cubemapsamples           0/1024            0/16384    ( 0.0%) 
overlays                 0/8192            0/2883584  ( 0.0%) 
LDR lightdata         [variable]      115124/0        ( 0.0%) 
HDR lightdata         [variable]           0/0        ( 0.0%) 
visdata               [variable]          64/16777216 ( 0.0%) 
entdata               [variable]        2360/4194304  ( 0.1%) 
LDR ambient table       36/65536         144/262144   ( 0.1%) 
HDR ambient table       36/65536         144/262144   ( 0.1%) 
LDR leaf ambient        57/65536        1596/1835008  ( 0.1%) 
HDR leaf ambient        36/65536        1008/1835008  ( 0.1%) 
occluders                0/0               0/0        ( 0.0%) 
occluder polygons        0/0               0/0        ( 0.0%) 
occluder vert ind        0/0               0/0        ( 0.0%) 
detail props          [variable]          12/0        ( 0.0%) 
static props          [variable]          12/0        ( 0.0%) 
static prop count        0/16384           0/0        ( 0.0%) 
pakfile               [variable]       24934/0        ( 0.0%) 
physics               [variable]       16244/4194304  ( 0.4%) 
physics terrain       [variable]           2/1048576  ( 0.0%) 

Level flags = 0

Total triangle count: 405
Writing w:\programs\steam\steamapps\common\garrysmod\garrysmod\addons\garrysmodmap\maps\gm_garrymod_map_by_woowz_map_garry_game.bsp
0 seconds elapsed




materialPath: W:\Programs\Steam\steamapps\common\GarrysMod\garrysmod\materials
Loading w:\programs\steam\steamapps\common\garrysmod\garrysmod\addons\garrysmodmap\maps\gm_garrymod_map_by_woowz_map_garry_game.vmf
fixing up env_cubemap materials on brush sides...
ProcessBlock_Thread: 0...1...2...3...4...5...6...7...8...9...10 (0)
ProcessBlock_Thread: 0...1...2...3...4...5...6...7...8...9...10 (0)
Processing areas...Wrote w:\programs\steam\steamapps\common\garrysmod\garrysmod\addons\garrysmodmap\maps\gm_garrymod_map_by_woowz_map_garry_game.lin
Areaportal leak ! File: w:\programs\steam\steamapps\common\garrysmod\garrysmod\addons\garrysmodmap\maps\gm_garrymod_map_by_woowz_map_garry_game.lin 
Brush 308: areaportal brush doesn't touch two areas

Brush 308: areaportal brush doesn't touch two areas
done (0)
Building Faces...done (0)
Chop Details...done (0)
Find Visible Detail Sides...
Merged 24 detail faces...done (0)
Merging details...done (0)
FixTjuncs...
PruneNodes...
WriteBSP...
done (0)
writing w:\programs\steam\steamapps\common\garrysmod\garrysmod\addons\garrysmodmap\maps\gm_garrymod_map_by_woowz_map_garry_game.prt...
Building visibility clusters...
done (0)
Creating default LDR cubemaps for env_cubemap using skybox materials:
   skybox/sky_day01_01*.vmt
 ! Run buildcubemaps in the engine to get the correct cube maps.
*** Error: Skybox vtf files for skybox/sky_day01_01 weren't compiled with the same size texture and/or same flags!
Can't load skybox file skybox/sky_day01_01 to build the default cubemap!
Finding displacement neighbors...
Finding lightmap sample positions...
Displacement Alpha : 0...1...2...3...4...5...6...7...8...9...10
Building Physics collision data...
done (0) (16244 bytes)
Placing detail props : 0...1...2...3...4...5...6...7...8...9...10
Compacting texture/material tables...
Reduced 37 texinfos to 21
Reduced 10 texdatas to 10 (239 bytes to 239)
Writing w:\programs\steam\steamapps\common\garrysmod\garrysmod\addons\garrysmodmap\maps\gm_garrymod_map_by_woowz_map_garry_game.bsp
0 seconds elapsed



16 threads
reading w:\programs\steam\steamapps\common\garrysmod\garrysmod\addons\garrysmodmap\maps\gm_garrymod_map_by_woowz_map_garry_game.bsp
reading w:\programs\steam\steamapps\common\garrysmod\garrysmod\addons\garrysmodmap\maps\gm_garrymod_map_by_woowz_map_garry_game.prt
   6 portalclusters
   8 numportals
BasePortalVis:       0...1...2...3...4...5...6...7...8...9...10 (0)
Optimized: 0 visible clusters (0.00%)
Total clusters visible: 32
Average clusters visible: 5
Building PAS...
Average clusters audible: 6
visdatasize:64  compressed from 96
writing w:\programs\steam\steamapps\common\garrysmod\garrysmod\addons\garrysmodmap\maps\gm_garrymod_map_by_woowz_map_garry_game.bsp
0 seconds elapsed



[Reading texlights from 'lights.rad']
[51 texlights parsed from 'lights.rad']
Loading w:\programs\steam\steamapps\common\garrysmod\garrysmod\addons\garrysmodmap\maps\gm_garrymod_map_by_woowz_map_garry_game.bsp
BuildFacelights:     0...1...2...3...4...5...6...7...8...9...10 (0)
BuildVisLeafs:       0...1...2...3...4...5...6...7...8...9...10 (0)
transfers 1491120, max 303
GatherLight:         0...1...2...3...4...5...6...7...8...9...10 (0)
GatherLight:         0...1...2...3...4...5...6...7...8...9...10 (0)
Build Patch/Sample Hash Table(s).....Done<0.0005 sec>
FinalLightFace:      0...1...2...3...4...5...6...7...8...9...10 (0)
FinalLightFace Done
0 of 0 (0% of) surface lights went in leaf ambient cubes.
ThreadComputeLeafAmbient: 0...1...2...3...4...5...6...7...8...9...10 (0)
Writing leaf ambient...done
Ready to Finish

Object names       Objects/Maxobjs  Memory / Maxmem  Fullness 
------------       ---------------  ---------------  -------- 
models                   2/4096           96/196608   ( 0.0%) 
brushes                 47/65535         564/786420   ( 0.1%) 
brushsides             283/655350       2264/5242800  ( 0.0%) 
planes                 130/65536        2600/1310720  ( 0.2%) 
vertexes               296/65536        3552/786432   ( 0.5%) 
nodes                   33/65536        1056/2097152  ( 0.1%) 
texinfos                21/16384        1512/1179648  ( 0.1%) 
texdata                 10/8192          320/262144   ( 0.1%) 
dispinfos                0/0               0/0        ( 0.0%) 
disp_verts               0/0               0/0        ( 0.0%) 
disp_tris                0/0               0/0        ( 0.0%) 
disp_multiblend          0/0               0/0        ( 0.0%) 
disp_lmsamples           0/0               0/0        ( 0.0%) 
faces                  137/65536        7672/3670016  ( 0.2%) 
hdr faces                0/65536           0/3670016  ( 0.0%) 
origfaces               84/65536        4704/3670016  ( 0.1%) 
leaves                  36/65536        1152/2097152  ( 0.1%) 
leaffaces              137/65536         274/131072   ( 0.2%) 
leafbrushes             59/65536         118/131072   ( 0.1%) 
areas                    2/1024           16/8192     ( 0.2%) 
surfedges             1015/512000       4060/2048000  ( 0.2%) 
edges                  668/256000       2672/1024000  ( 0.3%) 
LDR worldlights          1/8192           88/720896   ( 0.0%) 
HDR worldlights          0/8192            0/720896   ( 0.0%) 
leafwaterdata            0/32768           0/393216   ( 0.0%) 
waterstrips             10/32768         100/327680   ( 0.0%) 
waterverts               0/65536           0/786432   ( 0.0%) 
waterindices           168/65536         336/131072   ( 0.3%) 
cubemapsamples           0/1024            0/16384    ( 0.0%) 
overlays                 0/8192            0/2883584  ( 0.0%) 
LDR lightdata         [variable]      115124/0        ( 0.0%) 
HDR lightdata         [variable]           0/0        ( 0.0%) 
visdata               [variable]          64/16777216 ( 0.0%) 
entdata               [variable]        2349/4194304  ( 0.1%) 
LDR ambient table       36/65536         144/262144   ( 0.1%) 
HDR ambient table       36/65536         144/262144   ( 0.1%) 
LDR leaf ambient        57/65536        1596/1835008  ( 0.1%) 
HDR leaf ambient        36/65536        1008/1835008  ( 0.1%) 
occluders                0/0               0/0        ( 0.0%) 
occluder polygons        0/0               0/0        ( 0.0%) 
occluder vert ind        0/0               0/0        ( 0.0%) 
detail props          [variable]          12/0        ( 0.0%) 
static props          [variable]          12/0        ( 0.0%) 
static prop count        0/16384           0/0        ( 0.0%) 
pakfile               [variable]       24934/0        ( 0.0%) 
physics               [variable]       16244/4194304  ( 0.4%) 
physics terrain       [variable]           2/1048576  ( 0.0%) 

Level flags = 0

Total triangle count: 405
Writing w:\programs\steam\steamapps\common\garrysmod\garrysmod\addons\garrysmodmap\maps\gm_garrymod_map_by_woowz_map_garry_game.bsp
0 seconds elapsed




materialPath: W:\Programs\Steam\steamapps\common\GarrysMod\garrysmod\materials
Loading w:\programs\steam\steamapps\common\garrysmod\garrysmod\addons\garrysmodmap\maps\gm_garrymod_map_by_woowz_map_garry_game.vmf
fixing up env_cubemap materials on brush sides...
ProcessBlock_Thread: 0...1...2...3...4...5...6...7...8...9...10 (0)
ProcessBlock_Thread: 0...1...2...3...4...5...6...7...8...9...10 (0)
Processing areas...Wrote w:\programs\steam\steamapps\common\garrysmod\garrysmod\addons\garrysmodmap\maps\gm_garrymod_map_by_woowz_map_garry_game.lin
Areaportal leak ! File: w:\programs\steam\steamapps\common\garrysmod\garrysmod\addons\garrysmodmap\maps\gm_garrymod_map_by_woowz_map_garry_game.lin 
Brush 308: areaportal brush doesn't touch two areas

Brush 308: areaportal brush doesn't touch two areas
done (0)
Building Faces...done (0)
Chop Details...done (0)
Find Visible Detail Sides...
Merged 22 detail faces...done (0)
Merging details...done (0)
FixTjuncs...
PruneNodes...
WriteBSP...
done (0)
writing w:\programs\steam\steamapps\common\garrysmod\garrysmod\addons\garrysmodmap\maps\gm_garrymod_map_by_woowz_map_garry_game.prt...
Building visibility clusters...
done (0)
Creating default LDR cubemaps for env_cubemap using skybox materials:
   skybox/sky_day01_01*.vmt
 ! Run buildcubemaps in the engine to get the correct cube maps.
*** Error: Skybox vtf files for skybox/sky_day01_01 weren't compiled with the same size texture and/or same flags!
Can't load skybox file skybox/sky_day01_01 to build the default cubemap!
Finding displacement neighbors...
Finding lightmap sample positions...
Displacement Alpha : 0...1...2...3...4...5...6...7...8...9...10
Building Physics collision data...
done (0) (16900 bytes)
Placing detail props : 0...1...2...3...4...5...6...7...8...9...10
Compacting texture/material tables...
Reduced 37 texinfos to 21
Reduced 10 texdatas to 10 (239 bytes to 239)
Writing w:\programs\steam\steamapps\common\garrysmod\garrysmod\addons\garrysmodmap\maps\gm_garrymod_map_by_woowz_map_garry_game.bsp
0 seconds elapsed



16 threads
reading w:\programs\steam\steamapps\common\garrysmod\garrysmod\addons\garrysmodmap\maps\gm_garrymod_map_by_woowz_map_garry_game.bsp
reading w:\programs\steam\steamapps\common\garrysmod\garrysmod\addons\garrysmodmap\maps\gm_garrymod_map_by_woowz_map_garry_game.prt
   6 portalclusters
   8 numportals
BasePortalVis:       0...1...2...3...4...5...6...7...8...9...10 (0)
Optimized: 0 visible clusters (0.00%)
Total clusters visible: 32
Average clusters visible: 5
Building PAS...
Average clusters audible: 6
visdatasize:64  compressed from 96
writing w:\programs\steam\steamapps\common\garrysmod\garrysmod\addons\garrysmodmap\maps\gm_garrymod_map_by_woowz_map_garry_game.bsp
0 seconds elapsed



[Reading texlights from 'lights.rad']
[51 texlights parsed from 'lights.rad']
Loading w:\programs\steam\steamapps\common\garrysmod\garrysmod\addons\garrysmodmap\maps\gm_garrymod_map_by_woowz_map_garry_game.bsp
BuildFacelights:     0...1...2...3...4...5...6...7...8...9...10 (0)
BuildVisLeafs:       0...1...2...3...4...5...6...7...8...9...10 (0)
transfers 599020, max 278
GatherLight:         0...1...2...3...4...5...6...7...8...9...10 (0)
GatherLight:         0...1...2...3...4...5...6...7...8...9...10 (0)
Build Patch/Sample Hash Table(s).....Done<0.0004 sec>
FinalLightFace:      0...1...2...3...4...5...6...7...8...9...10 (0)
FinalLightFace Done
0 of 0 (0% of) surface lights went in leaf ambient cubes.
ThreadComputeLeafAmbient: 0...1...2...3...4...5...6...7...8...9...10 (0)
Writing leaf ambient...done
Ready to Finish

Object names       Objects/Maxobjs  Memory / Maxmem  Fullness 
------------       ---------------  ---------------  -------- 
models                   2/4096           96/196608   ( 0.0%) 
brushes                 49/65535         588/786420   ( 0.1%) 
brushsides             295/655350       2360/5242800  ( 0.0%) 
planes                 132/65536        2640/1310720  ( 0.2%) 
vertexes               286/65536        3432/786432   ( 0.4%) 
nodes                   33/65536        1056/2097152  ( 0.1%) 
texinfos                21/16384        1512/1179648  ( 0.1%) 
texdata                 10/8192          320/262144   ( 0.1%) 
dispinfos                0/0               0/0        ( 0.0%) 
disp_verts               0/0               0/0        ( 0.0%) 
disp_tris                0/0               0/0        ( 0.0%) 
disp_multiblend          0/0               0/0        ( 0.0%) 
disp_lmsamples           0/0               0/0        ( 0.0%) 
faces                  133/65536        7448/3670016  ( 0.2%) 
hdr faces                0/65536           0/3670016  ( 0.0%) 
origfaces               87/65536        4872/3670016  ( 0.1%) 
leaves                  36/65536        1152/2097152  ( 0.1%) 
leaffaces              133/65536         266/131072   ( 0.2%) 
leafbrushes             61/65536         122/131072   ( 0.1%) 
areas                    2/1024           16/8192     ( 0.2%) 
surfedges             1006/512000       4024/2048000  ( 0.2%) 
edges                  657/256000       2628/1024000  ( 0.3%) 
LDR worldlights          2/8192          176/720896   ( 0.0%) 
HDR worldlights          0/8192            0/720896   ( 0.0%) 
leafwaterdata            0/32768           0/393216   ( 0.0%) 
waterstrips              9/32768          90/327680   ( 0.0%) 
waterverts               0/65536           0/786432   ( 0.0%) 
waterindices           153/65536         306/131072   ( 0.2%) 
cubemapsamples           0/1024            0/16384    ( 0.0%) 
overlays                 0/8192            0/2883584  ( 0.0%) 
LDR lightdata         [variable]      153032/0        ( 0.0%) 
HDR lightdata         [variable]           0/0        ( 0.0%) 
visdata               [variable]          64/16777216 ( 0.0%) 
entdata               [variable]        2726/4194304  ( 0.1%) 
LDR ambient table       36/65536         144/262144   ( 0.1%) 
HDR ambient table       36/65536         144/262144   ( 0.1%) 
LDR leaf ambient        57/65536        1596/1835008  ( 0.1%) 
HDR leaf ambient        36/65536        1008/1835008  ( 0.1%) 
occluders                0/0               0/0        ( 0.0%) 
occluder polygons        0/0               0/0        ( 0.0%) 
occluder vert ind        0/0               0/0        ( 0.0%) 
detail props          [variable]          12/0        ( 0.0%) 
static props          [variable]          12/0        ( 0.0%) 
static prop count        0/16384           0/0        ( 0.0%) 
pakfile               [variable]       24934/0        ( 0.0%) 
physics               [variable]       16900/4194304  ( 0.4%) 
physics terrain       [variable]           2/1048576  ( 0.0%) 

Level flags = 0

Total triangle count: 392
Writing w:\programs\steam\steamapps\common\garrysmod\garrysmod\addons\garrysmodmap\maps\gm_garrymod_map_by_woowz_map_garry_game.bsp
0 seconds elapsed




materialPath: W:\Programs\Steam\steamapps\common\GarrysMod\garrysmod\materials
Loading w:\programs\steam\steamapps\common\garrysmod\garrysmod\addons\garrysmodmap\maps\gm_garrymod_map_by_woowz_map_garry_game.vmf
fixing up env_cubemap materials on brush sides...
ProcessBlock_Thread: 0...1...2...3...4...5...6...7...8...9...10 (0)
ProcessBlock_Thread: 0...1...2...3...4...5...6...7...8...9...10 (0)
Processing areas...done (0)
Building Faces...done (0)
Chop Details...done (0)
Find Visible Detail Sides...
Merged 22 detail faces...done (0)
Merging details...done (0)
FixTjuncs...
PruneNodes...
WriteBSP...
done (0)
writing w:\programs\steam\steamapps\common\garrysmod\garrysmod\addons\garrysmodmap\maps\gm_garrymod_map_by_woowz_map_garry_game.prt...
Building visibility clusters...
done (0)
Creating default LDR cubemaps for env_cubemap using skybox materials:
   skybox/sky_day01_01*.vmt
 ! Run buildcubemaps in the engine to get the correct cube maps.
*** Error: Skybox vtf files for skybox/sky_day01_01 weren't compiled with the same size texture and/or same flags!
Can't load skybox file skybox/sky_day01_01 to build the default cubemap!
Finding displacement neighbors...
Finding lightmap sample positions...
Displacement Alpha : 0...1...2...3...4...5...6...7...8...9...10
Building Physics collision data...
done (0) (16900 bytes)
Placing detail props : 0...1...2...3...4...5...6...7...8...9...10
Compacting texture/material tables...
Reduced 33 texinfos to 20
Reduced 9 texdatas to 9 (217 bytes to 217)
Writing w:\programs\steam\steamapps\common\garrysmod\garrysmod\addons\garrysmodmap\maps\gm_garrymod_map_by_woowz_map_garry_game.bsp
0 seconds elapsed



16 threads
reading w:\programs\steam\steamapps\common\garrysmod\garrysmod\addons\garrysmodmap\maps\gm_garrymod_map_by_woowz_map_garry_game.bsp
reading w:\programs\steam\steamapps\common\garrysmod\garrysmod\addons\garrysmodmap\maps\gm_garrymod_map_by_woowz_map_garry_game.prt
   6 portalclusters
   8 numportals
BasePortalVis:       0...1...2...3...4...5...6...7...8...9...10 (0)
Optimized: 0 visible clusters (0.00%)
Total clusters visible: 32
Average clusters visible: 5
Building PAS...
Average clusters audible: 6
visdatasize:64  compressed from 96
writing w:\programs\steam\steamapps\common\garrysmod\garrysmod\addons\garrysmodmap\maps\gm_garrymod_map_by_woowz_map_garry_game.bsp
0 seconds elapsed



[Reading texlights from 'lights.rad']
[51 texlights parsed from 'lights.rad']
Loading w:\programs\steam\steamapps\common\garrysmod\garrysmod\addons\garrysmodmap\maps\gm_garrymod_map_by_woowz_map_garry_game.bsp
BuildFacelights:     0...1...2...3...4...5...6...7...8...9...10 (0)
BuildVisLeafs:       0...1...2...3...4...5...6...7...8...9...10 (0)
transfers 599020, max 278
GatherLight:         0...1...2...3...4...5...6...7...8...9...10 (0)
GatherLight:         0...1...2...3...4...5...6...7...8...9...10 (0)
Build Patch/Sample Hash Table(s).....Done<0.0003 sec>
FinalLightFace:      0...1...2...3...4...5...6...7...8...9...10 (0)
FinalLightFace Done
0 of 0 (0% of) surface lights went in leaf ambient cubes.
ThreadComputeLeafAmbient: 0...1...2...3...4...5...6...7...8...9...10 (0)
Writing leaf ambient...done
Ready to Finish

Object names       Objects/Maxobjs  Memory / Maxmem  Fullness 
------------       ---------------  ---------------  -------- 
models                   2/4096           96/196608   ( 0.0%) 
brushes                 48/65535         576/786420   ( 0.1%) 
brushsides             289/655350       2312/5242800  ( 0.0%) 
planes                 132/65536        2640/1310720  ( 0.2%) 
vertexes               286/65536        3432/786432   ( 0.4%) 
nodes                   33/65536        1056/2097152  ( 0.1%) 
texinfos                20/16384        1440/1179648  ( 0.1%) 
texdata                  9/8192          288/262144   ( 0.1%) 
dispinfos                0/0               0/0        ( 0.0%) 
disp_verts               0/0               0/0        ( 0.0%) 
disp_tris                0/0               0/0        ( 0.0%) 
disp_multiblend          0/0               0/0        ( 0.0%) 
disp_lmsamples           0/0               0/0        ( 0.0%) 
faces                  133/65536        7448/3670016  ( 0.2%) 
hdr faces                0/65536           0/3670016  ( 0.0%) 
origfaces               87/65536        4872/3670016  ( 0.1%) 
leaves                  36/65536        1152/2097152  ( 0.1%) 
leaffaces              133/65536         266/131072   ( 0.2%) 
leafbrushes             62/65536         124/131072   ( 0.1%) 
areas                    2/1024           16/8192     ( 0.2%) 
surfedges             1006/512000       4024/2048000  ( 0.2%) 
edges                  637/256000       2548/1024000  ( 0.2%) 
LDR worldlights          2/8192          176/720896   ( 0.0%) 
HDR worldlights          0/8192            0/720896   ( 0.0%) 
leafwaterdata            0/32768           0/393216   ( 0.0%) 
waterstrips              9/32768          90/327680   ( 0.0%) 
waterverts               0/65536           0/786432   ( 0.0%) 
waterindices           153/65536         306/131072   ( 0.2%) 
cubemapsamples           0/1024            0/16384    ( 0.0%) 
overlays                 0/8192            0/2883584  ( 0.0%) 
LDR lightdata         [variable]      110092/0        ( 0.0%) 
HDR lightdata         [variable]           0/0        ( 0.0%) 
visdata               [variable]          64/16777216 ( 0.0%) 
entdata               [variable]        2634/4194304  ( 0.1%) 
LDR ambient table       36/65536         144/262144   ( 0.1%) 
HDR ambient table       36/65536         144/262144   ( 0.1%) 
LDR leaf ambient        57/65536        1596/1835008  ( 0.1%) 
HDR leaf ambient        36/65536        1008/1835008  ( 0.1%) 
occluders                0/0               0/0        ( 0.0%) 
occluder polygons        0/0               0/0        ( 0.0%) 
occluder vert ind        0/0               0/0        ( 0.0%) 
detail props          [variable]          12/0        ( 0.0%) 
static props          [variable]          12/0        ( 0.0%) 
static prop count        0/16384           0/0        ( 0.0%) 
pakfile               [variable]       24934/0        ( 0.0%) 
physics               [variable]       16900/4194304  ( 0.4%) 
physics terrain       [variable]           2/1048576  ( 0.0%) 

Level flags = 0

Total triangle count: 392
Writing w:\programs\steam\steamapps\common\garrysmod\garrysmod\addons\garrysmodmap\maps\gm_garrymod_map_by_woowz_map_garry_game.bsp
0 seconds elapsed




materialPath: W:\Programs\Steam\steamapps\common\GarrysMod\garrysmod\materials
Loading w:\programs\steam\steamapps\common\garrysmod\garrysmod\addons\garrysmodmap\maps\gm_garrymod_map_by_woowz_map_garry_game.vmf
fixing up env_cubemap materials on brush sides...
ProcessBlock_Thread: 0...1...2...3...4...5...6...7...8...9...10 (0)
ProcessBlock_Thread: 0...1...2...3...4...5...6...7...8...9...10 (0)
Processing areas...Wrote w:\programs\steam\steamapps\common\garrysmod\garrysmod\addons\garrysmodmap\maps\gm_garrymod_map_by_woowz_map_garry_game.lin
Areaportal leak ! File: w:\programs\steam\steamapps\common\garrysmod\garrysmod\addons\garrysmodmap\maps\gm_garrymod_map_by_woowz_map_garry_game.lin 
Brush 1536: areaportal brush doesn't touch two areas

Brush 1536: areaportal brush doesn't touch two areas
done (0)
Building Faces...done (0)
Chop Details...done (0)
Find Visible Detail Sides...
Merged 22 detail faces...done (0)
Merging details...done (0)
FixTjuncs...
PruneNodes...
WriteBSP...
done (0)
writing w:\programs\steam\steamapps\common\garrysmod\garrysmod\addons\garrysmodmap\maps\gm_garrymod_map_by_woowz_map_garry_game.prt...
Building visibility clusters...
done (0)
Creating default LDR cubemaps for env_cubemap using skybox materials:
   skybox/sky_day01_01*.vmt
 ! Run buildcubemaps in the engine to get the correct cube maps.
*** Error: Skybox vtf files for skybox/sky_day01_01 weren't compiled with the same size texture and/or same flags!
Can't load skybox file skybox/sky_day01_01 to build the default cubemap!
Finding displacement neighbors...
Finding lightmap sample positions...
Displacement Alpha : 0...1...2...3...4...5...6...7...8...9...10
Building Physics collision data...
done (0) (16900 bytes)
Placing detail props : 0...1...2...3...4...5...6...7...8...9...10
Compacting texture/material tables...
Reduced 36 texinfos to 21
Reduced 10 texdatas to 10 (239 bytes to 239)
Writing w:\programs\steam\steamapps\common\garrysmod\garrysmod\addons\garrysmodmap\maps\gm_garrymod_map_by_woowz_map_garry_game.bsp
0 seconds elapsed



16 threads
reading w:\programs\steam\steamapps\common\garrysmod\garrysmod\addons\garrysmodmap\maps\gm_garrymod_map_by_woowz_map_garry_game.bsp
reading w:\programs\steam\steamapps\common\garrysmod\garrysmod\addons\garrysmodmap\maps\gm_garrymod_map_by_woowz_map_garry_game.prt
   6 portalclusters
   8 numportals
BasePortalVis:       0...1...2...3...4...5...6...7...8...9...10 (0)
Optimized: 0 visible clusters (0.00%)
Total clusters visible: 32
Average clusters visible: 5
Building PAS...
Average clusters audible: 6
visdatasize:64  compressed from 96
writing w:\programs\steam\steamapps\common\garrysmod\garrysmod\addons\garrysmodmap\maps\gm_garrymod_map_by_woowz_map_garry_game.bsp
0 seconds elapsed



[Reading texlights from 'lights.rad']
[51 texlights parsed from 'lights.rad']
Loading w:\programs\steam\steamapps\common\garrysmod\garrysmod\addons\garrysmodmap\maps\gm_garrymod_map_by_woowz_map_garry_game.bsp
BuildFacelights:     0...1...2...3...4...5...6...7...8...9...10 (0)
BuildVisLeafs:       0...1...2...3...4...5...6...7...8...9...10 (0)
transfers 599020, max 278
GatherLight:         0...1...2...3...4...5...6...7...8...9...10 (0)
GatherLight:         0...1...2...3...4...5...6...7...8...9...10 (0)
Build Patch/Sample Hash Table(s).....Done<0.0004 sec>
FinalLightFace:      0...1...2...3...4...5...6...7...8...9...10 (0)
FinalLightFace Done
0 of 0 (0% of) surface lights went in leaf ambient cubes.
ThreadComputeLeafAmbient: 0...1...2...3...4...5...6...7...8...9...10 (0)
Writing leaf ambient...done
Ready to Finish

Object names       Objects/Maxobjs  Memory / Maxmem  Fullness 
------------       ---------------  ---------------  -------- 
models                   2/4096           96/196608   ( 0.0%) 
brushes                 49/65535         588/786420   ( 0.1%) 
brushsides             295/655350       2360/5242800  ( 0.0%) 
planes                 132/65536        2640/1310720  ( 0.2%) 
vertexes               286/65536        3432/786432   ( 0.4%) 
nodes                   33/65536        1056/2097152  ( 0.1%) 
texinfos                21/16384        1512/1179648  ( 0.1%) 
texdata                 10/8192          320/262144   ( 0.1%) 
dispinfos                0/0               0/0        ( 0.0%) 
disp_verts               0/0               0/0        ( 0.0%) 
disp_tris                0/0               0/0        ( 0.0%) 
disp_multiblend          0/0               0/0        ( 0.0%) 
disp_lmsamples           0/0               0/0        ( 0.0%) 
faces                  133/65536        7448/3670016  ( 0.2%) 
hdr faces                0/65536           0/3670016  ( 0.0%) 
origfaces               87/65536        4872/3670016  ( 0.1%) 
leaves                  36/65536        1152/2097152  ( 0.1%) 
leaffaces              133/65536         266/131072   ( 0.2%) 
leafbrushes             61/65536         122/131072   ( 0.1%) 
areas                    2/1024           16/8192     ( 0.2%) 
surfedges             1006/512000       4024/2048000  ( 0.2%) 
edges                  657/256000       2628/1024000  ( 0.3%) 
LDR worldlights          2/8192          176/720896   ( 0.0%) 
HDR worldlights          0/8192            0/720896   ( 0.0%) 
leafwaterdata            0/32768           0/393216   ( 0.0%) 
waterstrips              9/32768          90/327680   ( 0.0%) 
waterverts               0/65536           0/786432   ( 0.0%) 
waterindices           153/65536         306/131072   ( 0.2%) 
cubemapsamples           0/1024            0/16384    ( 0.0%) 
overlays                 0/8192            0/2883584  ( 0.0%) 
LDR lightdata         [variable]      110092/0        ( 0.0%) 
HDR lightdata         [variable]           0/0        ( 0.0%) 
visdata               [variable]          64/16777216 ( 0.0%) 
entdata               [variable]        2741/4194304  ( 0.1%) 
LDR ambient table       36/65536         144/262144   ( 0.1%) 
HDR ambient table       36/65536         144/262144   ( 0.1%) 
LDR leaf ambient        57/65536        1596/1835008  ( 0.1%) 
HDR leaf ambient        36/65536        1008/1835008  ( 0.1%) 
occluders                0/0               0/0        ( 0.0%) 
occluder polygons        0/0               0/0        ( 0.0%) 
occluder vert ind        0/0               0/0        ( 0.0%) 
detail props          [variable]          12/0        ( 0.0%) 
static props          [variable]          12/0        ( 0.0%) 
static prop count        0/16384           0/0        ( 0.0%) 
pakfile               [variable]       24934/0        ( 0.0%) 
physics               [variable]       16900/4194304  ( 0.4%) 
physics terrain       [variable]           2/1048576  ( 0.0%) 

Level flags = 0

Total triangle count: 392
Writing w:\programs\steam\steamapps\common\garrysmod\garrysmod\addons\garrysmodmap\maps\gm_garrymod_map_by_woowz_map_garry_game.bsp
0 seconds elapsed




materialPath: W:\Programs\Steam\steamapps\common\GarrysMod\garrysmod\materials
Loading w:\programs\steam\steamapps\common\garrysmod\garrysmod\addons\garrysmodmap\maps\gm_garrymod_map_by_woowz_map_garry_game.vmf
fixing up env_cubemap materials on brush sides...
ProcessBlock_Thread: 0...1...2...3...4...5...6...7...8...9...10 (0)
ProcessBlock_Thread: 0...1...2...3...4...5...6...7...8...9...10 (0)
Processing areas...Wrote w:\programs\steam\steamapps\common\garrysmod\garrysmod\addons\garrysmodmap\maps\gm_garrymod_map_by_woowz_map_garry_game.lin
Areaportal leak ! File: w:\programs\steam\steamapps\common\garrysmod\garrysmod\addons\garrysmodmap\maps\gm_garrymod_map_by_woowz_map_garry_game.lin 
Brush 1536: areaportal brush doesn't touch two areas

Brush 1536: areaportal brush doesn't touch two areas
done (0)
Building Faces...done (0)
Chop Details...done (0)
Find Visible Detail Sides...
Merged 22 detail faces...done (0)
Merging details...done (0)
FixTjuncs...
PruneNodes...
WriteBSP...
done (0)
writing w:\programs\steam\steamapps\common\garrysmod\garrysmod\addons\garrysmodmap\maps\gm_garrymod_map_by_woowz_map_garry_game.prt...
Building visibility clusters...
done (0)
Creating default LDR cubemaps for env_cubemap using skybox materials:
   skybox/sky_day01_01*.vmt
 ! Run buildcubemaps in the engine to get the correct cube maps.
*** Error: Skybox vtf files for skybox/sky_day01_01 weren't compiled with the same size texture and/or same flags!
Can't load skybox file skybox/sky_day01_01 to build the default cubemap!
Finding displacement neighbors...
Finding lightmap sample positions...
Displacement Alpha : 0...1...2...3...4...5...6...7...8...9...10
Building Physics collision data...
done (0) (16900 bytes)
Placing detail props : 0...1...2...3...4...5...6...7...8...9...10
Compacting texture/material tables...
Reduced 36 texinfos to 21
Reduced 10 texdatas to 10 (239 bytes to 239)
Writing w:\programs\steam\steamapps\common\garrysmod\garrysmod\addons\garrysmodmap\maps\gm_garrymod_map_by_woowz_map_garry_game.bsp
0 seconds elapsed



16 threads
reading w:\programs\steam\steamapps\common\garrysmod\garrysmod\addons\garrysmodmap\maps\gm_garrymod_map_by_woowz_map_garry_game.bsp
reading w:\programs\steam\steamapps\common\garrysmod\garrysmod\addons\garrysmodmap\maps\gm_garrymod_map_by_woowz_map_garry_game.prt
   6 portalclusters
   8 numportals
BasePortalVis:       0...1...2...3...4...5...6...7...8...9...10 (0)
Optimized: 0 visible clusters (0.00%)
Total clusters visible: 32
Average clusters visible: 5
Building PAS...
Average clusters audible: 6
visdatasize:64  compressed from 96
writing w:\programs\steam\steamapps\common\garrysmod\garrysmod\addons\garrysmodmap\maps\gm_garrymod_map_by_woowz_map_garry_game.bsp
0 seconds elapsed



[Reading texlights from 'lights.rad']
[51 texlights parsed from 'lights.rad']
Loading w:\programs\steam\steamapps\common\garrysmod\garrysmod\addons\garrysmodmap\maps\gm_garrymod_map_by_woowz_map_garry_game.bsp
BuildFacelights:     0...1...2...3...4...5...6...7...8...9...10 (0)
BuildVisLeafs:       0...1...2...3...4...5...6...7...8...9...10 (0)
transfers 599020, max 278
GatherLight:         0...1...2...3...4...5...6...7...8...9...10 (0)
GatherLight:         0...1...2...3...4...5...6...7...8...9...10 (0)
Build Patch/Sample Hash Table(s).....Done<0.0004 sec>
FinalLightFace:      0...1...2...3...4...5...6...7...8...9...10 (0)
FinalLightFace Done
0 of 0 (0% of) surface lights went in leaf ambient cubes.
ThreadComputeLeafAmbient: 0...1...2...3...4...5...6...7...8...9...10 (0)
Writing leaf ambient...done
Ready to Finish

Object names       Objects/Maxobjs  Memory / Maxmem  Fullness 
------------       ---------------  ---------------  -------- 
models                   2/4096           96/196608   ( 0.0%) 
brushes                 49/65535         588/786420   ( 0.1%) 
brushsides             295/655350       2360/5242800  ( 0.0%) 
planes                 132/65536        2640/1310720  ( 0.2%) 
vertexes               286/65536        3432/786432   ( 0.4%) 
nodes                   33/65536        1056/2097152  ( 0.1%) 
texinfos                21/16384        1512/1179648  ( 0.1%) 
texdata                 10/8192          320/262144   ( 0.1%) 
dispinfos                0/0               0/0        ( 0.0%) 
disp_verts               0/0               0/0        ( 0.0%) 
disp_tris                0/0               0/0        ( 0.0%) 
disp_multiblend          0/0               0/0        ( 0.0%) 
disp_lmsamples           0/0               0/0        ( 0.0%) 
faces                  133/65536        7448/3670016  ( 0.2%) 
hdr faces                0/65536           0/3670016  ( 0.0%) 
origfaces               87/65536        4872/3670016  ( 0.1%) 
leaves                  36/65536        1152/2097152  ( 0.1%) 
leaffaces              133/65536         266/131072   ( 0.2%) 
leafbrushes             61/65536         122/131072   ( 0.1%) 
areas                    2/1024           16/8192     ( 0.2%) 
surfedges             1006/512000       4024/2048000  ( 0.2%) 
edges                  657/256000       2628/1024000  ( 0.3%) 
LDR worldlights          2/8192          176/720896   ( 0.0%) 
HDR worldlights          0/8192            0/720896   ( 0.0%) 
leafwaterdata            0/32768           0/393216   ( 0.0%) 
waterstrips              9/32768          90/327680   ( 0.0%) 
waterverts               0/65536           0/786432   ( 0.0%) 
waterindices           153/65536         306/131072   ( 0.2%) 
cubemapsamples           0/1024            0/16384    ( 0.0%) 
overlays                 0/8192            0/2883584  ( 0.0%) 
LDR lightdata         [variable]      110092/0        ( 0.0%) 
HDR lightdata         [variable]           0/0        ( 0.0%) 
visdata               [variable]          64/16777216 ( 0.0%) 
entdata               [variable]        2897/4194304  ( 0.1%) 
LDR ambient table       36/65536         144/262144   ( 0.1%) 
HDR ambient table       36/65536         144/262144   ( 0.1%) 
LDR leaf ambient        57/65536        1596/1835008  ( 0.1%) 
HDR leaf ambient        36/65536        1008/1835008  ( 0.1%) 
occluders                0/0               0/0        ( 0.0%) 
occluder polygons        0/0               0/0        ( 0.0%) 
occluder vert ind        0/0               0/0        ( 0.0%) 
detail props          [variable]          12/0        ( 0.0%) 
static props          [variable]          12/0        ( 0.0%) 
static prop count        0/16384           0/0        ( 0.0%) 
pakfile               [variable]       24934/0        ( 0.0%) 
physics               [variable]       16900/4194304  ( 0.4%) 
physics terrain       [variable]           2/1048576  ( 0.0%) 

Level flags = 0

Total triangle count: 392
Writing w:\programs\steam\steamapps\common\garrysmod\garrysmod\addons\garrysmodmap\maps\gm_garrymod_map_by_woowz_map_garry_game.bsp
0 seconds elapsed




materialPath: W:\Programs\Steam\steamapps\common\GarrysMod\garrysmod\materials
Loading w:\programs\steam\steamapps\common\garrysmod\garrysmod\addons\garrysmodmap\maps\gm_garrymod_map_by_woowz_map_garry_game.vmf
fixing up env_cubemap materials on brush sides...
ProcessBlock_Thread: 0...1...2...3...4...5...6...7...8...9...10 (0)
ProcessBlock_Thread: 0...1...2...3...4...5...6...7...8...9...10 (0)
Processing areas...done (0)
Building Faces...done (0)
Chop Details...done (0)
Find Visible Detail Sides...
Merged 22 detail faces...done (0)
Merging details...done (0)
FixTjuncs...
PruneNodes...
WriteBSP...
done (0)
writing w:\programs\steam\steamapps\common\garrysmod\garrysmod\addons\garrysmodmap\maps\gm_garrymod_map_by_woowz_map_garry_game.prt...
Building visibility clusters...
done (0)
Creating default LDR cubemaps for env_cubemap using skybox materials:
   skybox/sky_day01_01*.vmt
 ! Run buildcubemaps in the engine to get the correct cube maps.
*** Error: Skybox vtf files for skybox/sky_day01_01 weren't compiled with the same size texture and/or same flags!
Can't load skybox file skybox/sky_day01_01 to build the default cubemap!
Finding displacement neighbors...
Finding lightmap sample positions...
Displacement Alpha : 0...1...2...3...4...5...6...7...8...9...10
Building Physics collision data...
done (0) (16900 bytes)
Placing detail props : 0...1...2...3...4...5...6...7...8...9...10
Compacting texture/material tables...
Reduced 33 texinfos to 20
Reduced 9 texdatas to 9 (217 bytes to 217)
Writing w:\programs\steam\steamapps\common\garrysmod\garrysmod\addons\garrysmodmap\maps\gm_garrymod_map_by_woowz_map_garry_game.bsp
0 seconds elapsed



16 threads
reading w:\programs\steam\steamapps\common\garrysmod\garrysmod\addons\garrysmodmap\maps\gm_garrymod_map_by_woowz_map_garry_game.bsp
reading w:\programs\steam\steamapps\common\garrysmod\garrysmod\addons\garrysmodmap\maps\gm_garrymod_map_by_woowz_map_garry_game.prt
   6 portalclusters
   8 numportals
BasePortalVis:       0...1...2...3...4...5...6...7...8...9...10 (0)
Optimized: 0 visible clusters (0.00%)
Total clusters visible: 32
Average clusters visible: 5
Building PAS...
Average clusters audible: 6
visdatasize:64  compressed from 96
writing w:\programs\steam\steamapps\common\garrysmod\garrysmod\addons\garrysmodmap\maps\gm_garrymod_map_by_woowz_map_garry_game.bsp
0 seconds elapsed



[Reading texlights from 'lights.rad']
[51 texlights parsed from 'lights.rad']
Loading w:\programs\steam\steamapps\common\garrysmod\garrysmod\addons\garrysmodmap\maps\gm_garrymod_map_by_woowz_map_garry_game.bsp
BuildFacelights:     0...1...2...3...4...5...6...7...8...9...10 (0)
BuildVisLeafs:       0...1...2...3...4...5...6...7...8...9...10 (0)
transfers 599020, max 278
GatherLight:         0...1...2...3...4...5...6...7...8...9...10 (0)
GatherLight:         0...1...2...3...4...5...6...7...8...9...10 (0)
Build Patch/Sample Hash Table(s).....Done<0.0003 sec>
FinalLightFace:      0...1...2...3...4...5...6...7...8...9...10 (0)
FinalLightFace Done
0 of 0 (0% of) surface lights went in leaf ambient cubes.
ThreadComputeLeafAmbient: 0...1...2...3...4...5...6...7...8...9...10 (0)
Writing leaf ambient...done
Ready to Finish

Object names       Objects/Maxobjs  Memory / Maxmem  Fullness 
------------       ---------------  ---------------  -------- 
models                   2/4096           96/196608   ( 0.0%) 
brushes                 48/65535         576/786420   ( 0.1%) 
brushsides             289/655350       2312/5242800  ( 0.0%) 
planes                 132/65536        2640/1310720  ( 0.2%) 
vertexes               286/65536        3432/786432   ( 0.4%) 
nodes                   33/65536        1056/2097152  ( 0.1%) 
texinfos                20/16384        1440/1179648  ( 0.1%) 
texdata                  9/8192          288/262144   ( 0.1%) 
dispinfos                0/0               0/0        ( 0.0%) 
disp_verts               0/0               0/0        ( 0.0%) 
disp_tris                0/0               0/0        ( 0.0%) 
disp_multiblend          0/0               0/0        ( 0.0%) 
disp_lmsamples           0/0               0/0        ( 0.0%) 
faces                  133/65536        7448/3670016  ( 0.2%) 
hdr faces                0/65536           0/3670016  ( 0.0%) 
origfaces               87/65536        4872/3670016  ( 0.1%) 
leaves                  36/65536        1152/2097152  ( 0.1%) 
leaffaces              133/65536         266/131072   ( 0.2%) 
leafbrushes             62/65536         124/131072   ( 0.1%) 
areas                    2/1024           16/8192     ( 0.2%) 
surfedges             1006/512000       4024/2048000  ( 0.2%) 
edges                  637/256000       2548/1024000  ( 0.2%) 
LDR worldlights          2/8192          176/720896   ( 0.0%) 
HDR worldlights          0/8192            0/720896   ( 0.0%) 
leafwaterdata            0/32768           0/393216   ( 0.0%) 
waterstrips              9/32768          90/327680   ( 0.0%) 
waterverts               0/65536           0/786432   ( 0.0%) 
waterindices           153/65536         306/131072   ( 0.2%) 
cubemapsamples           0/1024            0/16384    ( 0.0%) 
overlays                 0/8192            0/2883584  ( 0.0%) 
LDR lightdata         [variable]      110092/0        ( 0.0%) 
HDR lightdata         [variable]           0/0        ( 0.0%) 
visdata               [variable]          64/16777216 ( 0.0%) 
entdata               [variable]        2790/4194304  ( 0.1%) 
LDR ambient table       36/65536         144/262144   ( 0.1%) 
HDR ambient table       36/65536         144/262144   ( 0.1%) 
LDR leaf ambient        57/65536        1596/1835008  ( 0.1%) 
HDR leaf ambient        36/65536        1008/1835008  ( 0.1%) 
occluders                0/0               0/0        ( 0.0%) 
occluder polygons        0/0               0/0        ( 0.0%) 
occluder vert ind        0/0               0/0        ( 0.0%) 
detail props          [variable]          12/0        ( 0.0%) 
static props          [variable]          12/0        ( 0.0%) 
static prop count        0/16384           0/0        ( 0.0%) 
pakfile               [variable]       24934/0        ( 0.0%) 
physics               [variable]       16900/4194304  ( 0.4%) 
physics terrain       [variable]           2/1048576  ( 0.0%) 

Level flags = 0

Total triangle count: 392
Writing w:\programs\steam\steamapps\common\garrysmod\garrysmod\addons\garrysmodmap\maps\gm_garrymod_map_by_woowz_map_garry_game.bsp
0 seconds elapsed




materialPath: W:\Programs\Steam\steamapps\common\GarrysMod\garrysmod\materials
Loading w:\programs\steam\steamapps\common\garrysmod\garrysmod\addons\garrysmodmap\maps\gm_garrymod_map_by_woowz_map_garry_game.vmf
fixing up env_cubemap materials on brush sides...
ProcessBlock_Thread: 0...1...2...3...4...5...6...7...8...9...10 (0)
ProcessBlock_Thread: 0...1...2...3...4...5...6...7...8...9...10 (0)
Processing areas...done (0)
Building Faces...done (0)
Chop Details...done (0)
Find Visible Detail Sides...
Merged 22 detail faces...done (0)
Merging details...done (0)
FixTjuncs...
PruneNodes...
WriteBSP...
done (0)
writing w:\programs\steam\steamapps\common\garrysmod\garrysmod\addons\garrysmodmap\maps\gm_garrymod_map_by_woowz_map_garry_game.prt...
Building visibility clusters...
done (0)
Creating default LDR cubemaps for env_cubemap using skybox materials:
   skybox/sky_day01_01*.vmt
 ! Run buildcubemaps in the engine to get the correct cube maps.
*** Error: Skybox vtf files for skybox/sky_day01_01 weren't compiled with the same size texture and/or same flags!
Can't load skybox file skybox/sky_day01_01 to build the default cubemap!
Finding displacement neighbors...
Finding lightmap sample positions...
Displacement Alpha : 0...1...2...3...4...5...6...7...8...9...10
Building Physics collision data...
done (0) (16900 bytes)
Placing detail props : 0...1...2...3...4...5...6...7...8...9...10
Compacting texture/material tables...
Reduced 36 texinfos to 21
Reduced 10 texdatas to 10 (239 bytes to 239)
Writing w:\programs\steam\steamapps\common\garrysmod\garrysmod\addons\garrysmodmap\maps\gm_garrymod_map_by_woowz_map_garry_game.bsp
0 seconds elapsed



16 threads
reading w:\programs\steam\steamapps\common\garrysmod\garrysmod\addons\garrysmodmap\maps\gm_garrymod_map_by_woowz_map_garry_game.bsp
reading w:\programs\steam\steamapps\common\garrysmod\garrysmod\addons\garrysmodmap\maps\gm_garrymod_map_by_woowz_map_garry_game.prt
   6 portalclusters
   8 numportals
BasePortalVis:       0...1...2...3...4...5...6...7...8...9...10 (0)
Optimized: 0 visible clusters (0.00%)
Total clusters visible: 32
Average clusters visible: 5
Building PAS...
Average clusters audible: 6
visdatasize:64  compressed from 96
writing w:\programs\steam\steamapps\common\garrysmod\garrysmod\addons\garrysmodmap\maps\gm_garrymod_map_by_woowz_map_garry_game.bsp
0 seconds elapsed



[Reading texlights from 'lights.rad']
[51 texlights parsed from 'lights.rad']
Loading w:\programs\steam\steamapps\common\garrysmod\garrysmod\addons\garrysmodmap\maps\gm_garrymod_map_by_woowz_map_garry_game.bsp
BuildFacelights:     0...1...2...3...4...5...6...7...8...9...10 (0)
BuildVisLeafs:       0...1...2...3...4...5...6...7...8...9...10 (0)
transfers 599020, max 278
GatherLight:         0...1...2...3...4...5...6...7...8...9...10 (0)
GatherLight:         0...1...2...3...4...5...6...7...8...9...10 (0)
Build Patch/Sample Hash Table(s).....Done<0.0004 sec>
FinalLightFace:      0...1...2...3...4...5...6...7...8...9...10 (0)
FinalLightFace Done
0 of 0 (0% of) surface lights went in leaf ambient cubes.
ThreadComputeLeafAmbient: 0...1...2...3...4...5...6...7...8...9...10 (0)
Writing leaf ambient...done
Ready to Finish

Object names       Objects/Maxobjs  Memory / Maxmem  Fullness 
------------       ---------------  ---------------  -------- 
models                   2/4096           96/196608   ( 0.0%) 
brushes                 50/65535         600/786420   ( 0.1%) 
brushsides             301/655350       2408/5242800  ( 0.0%) 
planes                 132/65536        2640/1310720  ( 0.2%) 
vertexes               286/65536        3432/786432   ( 0.4%) 
nodes                   33/65536        1056/2097152  ( 0.1%) 
texinfos                21/16384        1512/1179648  ( 0.1%) 
texdata                 10/8192          320/262144   ( 0.1%) 
dispinfos                0/0               0/0        ( 0.0%) 
disp_verts               0/0               0/0        ( 0.0%) 
disp_tris                0/0               0/0        ( 0.0%) 
disp_multiblend          0/0               0/0        ( 0.0%) 
disp_lmsamples           0/0               0/0        ( 0.0%) 
faces                  133/65536        7448/3670016  ( 0.2%) 
hdr faces                0/65536           0/3670016  ( 0.0%) 
origfaces               87/65536        4872/3670016  ( 0.1%) 
leaves                  36/65536        1152/2097152  ( 0.1%) 
leaffaces              133/65536         266/131072   ( 0.2%) 
leafbrushes             61/65536         122/131072   ( 0.1%) 
areas                    3/1024           24/8192     ( 0.3%) 
surfedges             1006/512000       4024/2048000  ( 0.2%) 
edges                  657/256000       2628/1024000  ( 0.3%) 
LDR worldlights          2/8192          176/720896   ( 0.0%) 
HDR worldlights          0/8192            0/720896   ( 0.0%) 
leafwaterdata            0/32768           0/393216   ( 0.0%) 
waterstrips              9/32768          90/327680   ( 0.0%) 
waterverts               0/65536           0/786432   ( 0.0%) 
waterindices           153/65536         306/131072   ( 0.2%) 
cubemapsamples           0/1024            0/16384    ( 0.0%) 
overlays                 0/8192            0/2883584  ( 0.0%) 
LDR lightdata         [variable]      110092/0        ( 0.0%) 
HDR lightdata         [variable]           0/0        ( 0.0%) 
visdata               [variable]          64/16777216 ( 0.0%) 
entdata               [variable]        2848/4194304  ( 0.1%) 
LDR ambient table       36/65536         144/262144   ( 0.1%) 
HDR ambient table       36/65536         144/262144   ( 0.1%) 
LDR leaf ambient        57/65536        1596/1835008  ( 0.1%) 
HDR leaf ambient        36/65536        1008/1835008  ( 0.1%) 
occluders                0/0               0/0        ( 0.0%) 
occluder polygons        0/0               0/0        ( 0.0%) 
occluder vert ind        0/0               0/0        ( 0.0%) 
detail props          [variable]          12/0        ( 0.0%) 
static props          [variable]          12/0        ( 0.0%) 
static prop count        0/16384           0/0        ( 0.0%) 
pakfile               [variable]       24934/0        ( 0.0%) 
physics               [variable]       16900/4194304  ( 0.4%) 
physics terrain       [variable]           2/1048576  ( 0.0%) 

Level flags = 0

Total triangle count: 392
Writing w:\programs\steam\steamapps\common\garrysmod\garrysmod\addons\garrysmodmap\maps\gm_garrymod_map_by_woowz_map_garry_game.bsp
0 seconds elapsed




materialPath: W:\Programs\Steam\steamapps\common\GarrysMod\garrysmod\materials
Loading w:\programs\steam\steamapps\common\garrysmod\garrysmod\addons\garrysmodmap\maps\gm_garrymod_map_by_woowz_map_garry_game.vmf
fixing up env_cubemap materials on brush sides...
ProcessBlock_Thread: 0...1...2...3...4...5...6...7...8...9...10 (0)
ProcessBlock_Thread: 0...1...2...3...4...5...6...7...8...9...10 (0)
Processing areas...done (0)
Building Faces...done (0)
Chop Details...done (0)
Find Visible Detail Sides...
Merged 22 detail faces...done (0)
Merging details...done (0)
FixTjuncs...
PruneNodes...
WriteBSP...
done (0)
writing w:\programs\steam\steamapps\common\garrysmod\garrysmod\addons\garrysmodmap\maps\gm_garrymod_map_by_woowz_map_garry_game.prt...
Building visibility clusters...
done (0)
Creating default LDR cubemaps for env_cubemap using skybox materials:
   skybox/sky_day01_01*.vmt
 ! Run buildcubemaps in the engine to get the correct cube maps.
*** Error: Skybox vtf files for skybox/sky_day01_01 weren't compiled with the same size texture and/or same flags!
Can't load skybox file skybox/sky_day01_01 to build the default cubemap!
Finding displacement neighbors...
Finding lightmap sample positions...
Displacement Alpha : 0...1...2...3...4...5...6...7...8...9...10
Building Physics collision data...
done (0) (16932 bytes)
Placing detail props : 0...1...2...3...4...5...6...7...8...9...10
Compacting texture/material tables...
Reduced 36 texinfos to 21
Reduced 10 texdatas to 10 (239 bytes to 239)
Writing w:\programs\steam\steamapps\common\garrysmod\garrysmod\addons\garrysmodmap\maps\gm_garrymod_map_by_woowz_map_garry_game.bsp
0 seconds elapsed



16 threads
reading w:\programs\steam\steamapps\common\garrysmod\garrysmod\addons\garrysmodmap\maps\gm_garrymod_map_by_woowz_map_garry_game.bsp
reading w:\programs\steam\steamapps\common\garrysmod\garrysmod\addons\garrysmodmap\maps\gm_garrymod_map_by_woowz_map_garry_game.prt
   5 portalclusters
   5 numportals
BasePortalVis:       0...1...2...3...4...5...6...7...8...9...10 (0)
Optimized: 0 visible clusters (0.00%)
Total clusters visible: 23
Average clusters visible: 4
Building PAS...
Average clusters audible: 5
visdatasize:54  compressed from 80
writing w:\programs\steam\steamapps\common\garrysmod\garrysmod\addons\garrysmodmap\maps\gm_garrymod_map_by_woowz_map_garry_game.bsp
0 seconds elapsed



[Reading texlights from 'lights.rad']
[51 texlights parsed from 'lights.rad']
Loading w:\programs\steam\steamapps\common\garrysmod\garrysmod\addons\garrysmodmap\maps\gm_garrymod_map_by_woowz_map_garry_game.bsp
BuildFacelights:     0...1...2...3...4...5...6...7...8...9...10 (0)
BuildVisLeafs:       0...1...2...3...4...5...6...7...8...9...10 (0)
transfers 596840, max 278
GatherLight:         0...1...2...3...4...5...6...7...8...9...10 (0)
GatherLight:         0...1...2...3...4...5...6...7...8...9...10 (0)
Build Patch/Sample Hash Table(s).....Done<0.0004 sec>
FinalLightFace:      0...1...2...3...4...5...6...7...8...9...10 (0)
FinalLightFace Done
0 of 0 (0% of) surface lights went in leaf ambient cubes.
ThreadComputeLeafAmbient: 0...1...2...3...4...5...6...7...8...9...10 (0)
Writing leaf ambient...done
Ready to Finish

Object names       Objects/Maxobjs  Memory / Maxmem  Fullness 
------------       ---------------  ---------------  -------- 
models                   2/4096           96/196608   ( 0.0%) 
brushes                 50/65535         600/786420   ( 0.1%) 
brushsides             301/655350       2408/5242800  ( 0.0%) 
planes                 132/65536        2640/1310720  ( 0.2%) 
vertexes               290/65536        3480/786432   ( 0.4%) 
nodes                   33/65536        1056/2097152  ( 0.1%) 
texinfos                21/16384        1512/1179648  ( 0.1%) 
texdata                 10/8192          320/262144   ( 0.1%) 
dispinfos                0/0               0/0        ( 0.0%) 
disp_verts               0/0               0/0        ( 0.0%) 
disp_tris                0/0               0/0        ( 0.0%) 
disp_multiblend          0/0               0/0        ( 0.0%) 
disp_lmsamples           0/0               0/0        ( 0.0%) 
faces                  132/65536        7392/3670016  ( 0.2%) 
hdr faces                0/65536           0/3670016  ( 0.0%) 
origfaces               88/65536        4928/3670016  ( 0.1%) 
leaves                  36/65536        1152/2097152  ( 0.1%) 
leaffaces              132/65536         264/131072   ( 0.2%) 
leafbrushes             59/65536         118/131072   ( 0.1%) 
areas                    3/1024           24/8192     ( 0.3%) 
surfedges             1005/512000       4020/2048000  ( 0.2%) 
edges                  656/256000       2624/1024000  ( 0.3%) 
LDR worldlights          2/8192          176/720896   ( 0.0%) 
HDR worldlights          0/8192            0/720896   ( 0.0%) 
leafwaterdata            0/32768           0/393216   ( 0.0%) 
waterstrips              9/32768          90/327680   ( 0.0%) 
waterverts               0/65536           0/786432   ( 0.0%) 
waterindices           150/65536         300/131072   ( 0.2%) 
cubemapsamples           0/1024            0/16384    ( 0.0%) 
overlays                 0/8192            0/2883584  ( 0.0%) 
LDR lightdata         [variable]      109940/0        ( 0.0%) 
HDR lightdata         [variable]           0/0        ( 0.0%) 
visdata               [variable]          54/16777216 ( 0.0%) 
entdata               [variable]        2848/4194304  ( 0.1%) 
LDR ambient table       36/65536         144/262144   ( 0.1%) 
HDR ambient table       36/65536         144/262144   ( 0.1%) 
LDR leaf ambient        56/65536        1568/1835008  ( 0.1%) 
HDR leaf ambient        36/65536        1008/1835008  ( 0.1%) 
occluders                0/0               0/0        ( 0.0%) 
occluder polygons        0/0               0/0        ( 0.0%) 
occluder vert ind        0/0               0/0        ( 0.0%) 
detail props          [variable]          12/0        ( 0.0%) 
static props          [variable]          12/0        ( 0.0%) 
static prop count        0/16384           0/0        ( 0.0%) 
pakfile               [variable]       24934/0        ( 0.0%) 
physics               [variable]       16932/4194304  ( 0.4%) 
physics terrain       [variable]           2/1048576  ( 0.0%) 

Level flags = 0

Total triangle count: 389
Writing w:\programs\steam\steamapps\common\garrysmod\garrysmod\addons\garrysmodmap\maps\gm_garrymod_map_by_woowz_map_garry_game.bsp
0 seconds elapsed




materialPath: W:\Programs\Steam\steamapps\common\GarrysMod\garrysmod\materials
Loading w:\programs\steam\steamapps\common\garrysmod\garrysmod\addons\garrysmodmap\maps\gm_garrymod_map_by_woowz_map_garry_game.vmf
fixing up env_cubemap materials on brush sides...
ProcessBlock_Thread: 0...1...2...3...4...5...6...7...8...9...10 (0)
ProcessBlock_Thread: 0...1...2...3...4...5...6...7...8...9...10 (0)
Processing areas...done (0)
Building Faces...done (0)
Chop Details...done (0)
Find Visible Detail Sides...
Merged 22 detail faces...done (0)
Merging details...done (0)
FixTjuncs...
PruneNodes...
WriteBSP...
done (0)
writing w:\programs\steam\steamapps\common\garrysmod\garrysmod\addons\garrysmodmap\maps\gm_garrymod_map_by_woowz_map_garry_game.prt...
Building visibility clusters...
done (0)
Creating default LDR cubemaps for env_cubemap using skybox materials:
   skybox/sky_day01_01*.vmt
 ! Run buildcubemaps in the engine to get the correct cube maps.
*** Error: Skybox vtf files for skybox/sky_day01_01 weren't compiled with the same size texture and/or same flags!
Can't load skybox file skybox/sky_day01_01 to build the default cubemap!
Finding displacement neighbors...
Finding lightmap sample positions...
Displacement Alpha : 0...1...2...3...4...5...6...7...8...9...10
Building Physics collision data...
done (0) (18356 bytes)
Placing detail props : 0...1...2...3...4...5...6...7...8...9...10
Compacting texture/material tables...
Reduced 37 texinfos to 22
Reduced 10 texdatas to 10 (239 bytes to 239)
Writing w:\programs\steam\steamapps\common\garrysmod\garrysmod\addons\garrysmodmap\maps\gm_garrymod_map_by_woowz_map_garry_game.bsp
0 seconds elapsed



16 threads
reading w:\programs\steam\steamapps\common\garrysmod\garrysmod\addons\garrysmodmap\maps\gm_garrymod_map_by_woowz_map_garry_game.bsp
reading w:\programs\steam\steamapps\common\garrysmod\garrysmod\addons\garrysmodmap\maps\gm_garrymod_map_by_woowz_map_garry_game.prt
   6 portalclusters
   6 numportals
BasePortalVis:       0...1...2...3...4...5...6...7...8...9...10 (0)
Optimized: 0 visible clusters (0.00%)
Total clusters visible: 28
Average clusters visible: 4
Building PAS...
Average clusters audible: 6
visdatasize:64  compressed from 96
writing w:\programs\steam\steamapps\common\garrysmod\garrysmod\addons\garrysmodmap\maps\gm_garrymod_map_by_woowz_map_garry_game.bsp
0 seconds elapsed



[Reading texlights from 'lights.rad']
[51 texlights parsed from 'lights.rad']
Loading w:\programs\steam\steamapps\common\garrysmod\garrysmod\addons\garrysmodmap\maps\gm_garrymod_map_by_woowz_map_garry_game.bsp
BuildFacelights:     0...1...2...3...4...5...6...7...8...9...10 (0)
BuildVisLeafs:       0...1...2...3...4...5...6...7...8...9...10 (0)
transfers 660909, max 298
GatherLight:         0...1...2...3...4...5...6...7...8...9...10 (0)
GatherLight:         0...1...2...3...4...5...6...7...8...9...10 (0)
Build Patch/Sample Hash Table(s).....Done<0.0004 sec>
FinalLightFace:      0...1...2...3...4...5...6...7...8...9...10 (0)
FinalLightFace Done
0 of 0 (0% of) surface lights went in leaf ambient cubes.
ThreadComputeLeafAmbient: 0...1...2...3...4...5...6...7...8...9...10 (0)
Writing leaf ambient...done
Ready to Finish

Object names       Objects/Maxobjs  Memory / Maxmem  Fullness 
------------       ---------------  ---------------  -------- 
models                   2/4096           96/196608   ( 0.0%) 
brushes                 54/65535         648/786420   ( 0.1%) 
brushsides             325/655350       2600/5242800  ( 0.0%) 
planes                 142/65536        2840/1310720  ( 0.2%) 
vertexes               313/65536        3756/786432   ( 0.5%) 
nodes                   37/65536        1184/2097152  ( 0.1%) 
texinfos                22/16384        1584/1179648  ( 0.1%) 
texdata                 10/8192          320/262144   ( 0.1%) 
dispinfos                0/0               0/0        ( 0.0%) 
disp_verts               0/0               0/0        ( 0.0%) 
disp_tris                0/0               0/0        ( 0.0%) 
disp_multiblend          0/0               0/0        ( 0.0%) 
disp_lmsamples           0/0               0/0        ( 0.0%) 
faces                  145/65536        8120/3670016  ( 0.2%) 
hdr faces                0/65536           0/3670016  ( 0.0%) 
origfaces               97/65536        5432/3670016  ( 0.1%) 
leaves                  40/65536        1280/2097152  ( 0.1%) 
leaffaces              145/65536         290/131072   ( 0.2%) 
leafbrushes             62/65536         124/131072   ( 0.1%) 
areas                    3/1024           24/8192     ( 0.3%) 
surfedges             1113/512000       4452/2048000  ( 0.2%) 
edges                  726/256000       2904/1024000  ( 0.3%) 
LDR worldlights          3/8192          264/720896   ( 0.0%) 
HDR worldlights          0/8192            0/720896   ( 0.0%) 
leafwaterdata            0/32768           0/393216   ( 0.0%) 
waterstrips             13/32768         130/327680   ( 0.0%) 
waterverts               0/65536           0/786432   ( 0.0%) 
waterindices           240/65536         480/131072   ( 0.4%) 
cubemapsamples           0/1024            0/16384    ( 0.0%) 
overlays                 0/8192            0/2883584  ( 0.0%) 
LDR lightdata         [variable]      121524/0        ( 0.0%) 
HDR lightdata         [variable]           0/0        ( 0.0%) 
visdata               [variable]          64/16777216 ( 0.0%) 
entdata               [variable]        4659/4194304  ( 0.1%) 
LDR ambient table       40/65536         160/262144   ( 0.1%) 
HDR ambient table       40/65536         160/262144   ( 0.1%) 
LDR leaf ambient        57/65536        1596/1835008  ( 0.1%) 
HDR leaf ambient        40/65536        1120/1835008  ( 0.1%) 
occluders                0/0               0/0        ( 0.0%) 
occluder polygons        0/0               0/0        ( 0.0%) 
occluder vert ind        0/0               0/0        ( 0.0%) 
detail props          [variable]          12/0        ( 0.0%) 
static props          [variable]          12/0        ( 0.0%) 
static prop count        0/16384           0/0        ( 0.0%) 
pakfile               [variable]       24934/0        ( 0.0%) 
physics               [variable]       18356/4194304  ( 0.4%) 
physics terrain       [variable]           2/1048576  ( 0.0%) 

Level flags = 0

Total triangle count: 435
Writing w:\programs\steam\steamapps\common\garrysmod\garrysmod\addons\garrysmodmap\maps\gm_garrymod_map_by_woowz_map_garry_game.bsp
0 seconds elapsed




materialPath: W:\Programs\Steam\steamapps\common\GarrysMod\garrysmod\materials
Loading w:\programs\steam\steamapps\common\garrysmod\garrysmod\addons\garrysmodmap\maps\gm_garrymod_map_by_woowz_map_garry_game.vmf
fixing up env_cubemap materials on brush sides...
ProcessBlock_Thread: 0...1...2...3...4...5...6...7...8...9...10 (0)
ProcessBlock_Thread: 0...1...2...3...4...5...6...7...8...9...10 (0)
Processing areas...done (0)
Building Faces...done (0)
Chop Details...done (0)
Find Visible Detail Sides...
Merged 22 detail faces...done (0)
Merging details...done (0)
FixTjuncs...
PruneNodes...
WriteBSP...
done (0)
writing w:\programs\steam\steamapps\common\garrysmod\garrysmod\addons\garrysmodmap\maps\gm_garrymod_map_by_woowz_map_garry_game.prt...
Building visibility clusters...
done (0)
Creating default LDR cubemaps for env_cubemap using skybox materials:
   skybox/sky_day01_01*.vmt
 ! Run buildcubemaps in the engine to get the correct cube maps.
*** Error: Skybox vtf files for skybox/sky_day01_01 weren't compiled with the same size texture and/or same flags!
Can't load skybox file skybox/sky_day01_01 to build the default cubemap!
Finding displacement neighbors...
Finding lightmap sample positions...
Displacement Alpha : 0...1...2...3...4...5...6...7...8...9...10
Building Physics collision data...
done (0) (18356 bytes)
Placing detail props : 0...1...2...3...4...5...6...7...8...9...10
Compacting texture/material tables...
Reduced 37 texinfos to 22
Reduced 10 texdatas to 10 (239 bytes to 239)
Writing w:\programs\steam\steamapps\common\garrysmod\garrysmod\addons\garrysmodmap\maps\gm_garrymod_map_by_woowz_map_garry_game.bsp
0 seconds elapsed



16 threads
reading w:\programs\steam\steamapps\common\garrysmod\garrysmod\addons\garrysmodmap\maps\gm_garrymod_map_by_woowz_map_garry_game.bsp
reading w:\programs\steam\steamapps\common\garrysmod\garrysmod\addons\garrysmodmap\maps\gm_garrymod_map_by_woowz_map_garry_game.prt
   6 portalclusters
   6 numportals
BasePortalVis:       0...1...2...3...4...5...6...7...8...9...10 (0)
Optimized: 0 visible clusters (0.00%)
Total clusters visible: 28
Average clusters visible: 4
Building PAS...
Average clusters audible: 6
visdatasize:64  compressed from 96
writing w:\programs\steam\steamapps\common\garrysmod\garrysmod\addons\garrysmodmap\maps\gm_garrymod_map_by_woowz_map_garry_game.bsp
0 seconds elapsed



[Reading texlights from 'lights.rad']
[51 texlights parsed from 'lights.rad']
Loading w:\programs\steam\steamapps\common\garrysmod\garrysmod\addons\garrysmodmap\maps\gm_garrymod_map_by_woowz_map_garry_game.bsp
BuildFacelights:     0...1...2...3...4...5...6...7...8...9...10 (0)
BuildVisLeafs:       0...1...2...3...4...5...6...7...8...9...10 (0)
transfers 660909, max 298
GatherLight:         0...1...2...3...4...5...6...7...8...9...10 (0)
GatherLight:         0...1...2...3...4...5...6...7...8...9...10 (0)
Build Patch/Sample Hash Table(s).....Done<0.0004 sec>
FinalLightFace:      0...1...2...3...4...5...6...7...8...9...10 (0)
FinalLightFace Done
0 of 0 (0% of) surface lights went in leaf ambient cubes.
ThreadComputeLeafAmbient: 0...1...2...3...4...5...6...7...8...9...10 (0)
Writing leaf ambient...done
Ready to Finish

Object names       Objects/Maxobjs  Memory / Maxmem  Fullness 
------------       ---------------  ---------------  -------- 
models                   2/4096           96/196608   ( 0.0%) 
brushes                 54/65535         648/786420   ( 0.1%) 
brushsides             325/655350       2600/5242800  ( 0.0%) 
planes                 142/65536        2840/1310720  ( 0.2%) 
vertexes               313/65536        3756/786432   ( 0.5%) 
nodes                   37/65536        1184/2097152  ( 0.1%) 
texinfos                22/16384        1584/1179648  ( 0.1%) 
texdata                 10/8192          320/262144   ( 0.1%) 
dispinfos                0/0               0/0        ( 0.0%) 
disp_verts               0/0               0/0        ( 0.0%) 
disp_tris                0/0               0/0        ( 0.0%) 
disp_multiblend          0/0               0/0        ( 0.0%) 
disp_lmsamples           0/0               0/0        ( 0.0%) 
faces                  145/65536        8120/3670016  ( 0.2%) 
hdr faces                0/65536           0/3670016  ( 0.0%) 
origfaces               97/65536        5432/3670016  ( 0.1%) 
leaves                  40/65536        1280/2097152  ( 0.1%) 
leaffaces              145/65536         290/131072   ( 0.2%) 
leafbrushes             62/65536         124/131072   ( 0.1%) 
areas                    3/1024           24/8192     ( 0.3%) 
surfedges             1113/512000       4452/2048000  ( 0.2%) 
edges                  726/256000       2904/1024000  ( 0.3%) 
LDR worldlights          3/8192          264/720896   ( 0.0%) 
HDR worldlights          0/8192            0/720896   ( 0.0%) 
leafwaterdata            0/32768           0/393216   ( 0.0%) 
waterstrips             13/32768         130/327680   ( 0.0%) 
waterverts               0/65536           0/786432   ( 0.0%) 
waterindices           240/65536         480/131072   ( 0.4%) 
cubemapsamples           0/1024            0/16384    ( 0.0%) 
overlays                 0/8192            0/2883584  ( 0.0%) 
LDR lightdata         [variable]      121524/0        ( 0.0%) 
HDR lightdata         [variable]           0/0        ( 0.0%) 
visdata               [variable]          64/16777216 ( 0.0%) 
entdata               [variable]        6135/4194304  ( 0.1%) 
LDR ambient table       40/65536         160/262144   ( 0.1%) 
HDR ambient table       40/65536         160/262144   ( 0.1%) 
LDR leaf ambient        57/65536        1596/1835008  ( 0.1%) 
HDR leaf ambient        40/65536        1120/1835008  ( 0.1%) 
occluders                0/0               0/0        ( 0.0%) 
occluder polygons        0/0               0/0        ( 0.0%) 
occluder vert ind        0/0               0/0        ( 0.0%) 
detail props          [variable]          12/0        ( 0.0%) 
static props          [variable]          12/0        ( 0.0%) 
static prop count        0/16384           0/0        ( 0.0%) 
pakfile               [variable]       24934/0        ( 0.0%) 
physics               [variable]       18356/4194304  ( 0.4%) 
physics terrain       [variable]           2/1048576  ( 0.0%) 

Level flags = 0

Total triangle count: 435
Writing w:\programs\steam\steamapps\common\garrysmod\garrysmod\addons\garrysmodmap\maps\gm_garrymod_map_by_woowz_map_garry_game.bsp
0 seconds elapsed




materialPath: W:\Programs\Steam\steamapps\common\GarrysMod\garrysmod\materials
Loading w:\programs\steam\steamapps\common\garrysmod\garrysmod\addons\garrysmodmap\maps\gm_garrymod_map_by_woowz_map_garry_game.vmf
fixing up env_cubemap materials on brush sides...
ProcessBlock_Thread: 0...1...2...3...4...5...6...7...8...9...10 (0)
ProcessBlock_Thread: 0...1...2...3...4...5...6...7...8...9...10 (0)
Processing areas...done (0)
Building Faces...done (0)
Chop Details...done (0)
Find Visible Detail Sides...
Merged 22 detail faces...done (0)
Merging details...done (0)
FixTjuncs...
PruneNodes...
WriteBSP...
done (0)
writing w:\programs\steam\steamapps\common\garrysmod\garrysmod\addons\garrysmodmap\maps\gm_garrymod_map_by_woowz_map_garry_game.prt...
Building visibility clusters...
done (0)
Creating default LDR cubemaps for env_cubemap using skybox materials:
   skybox/sky_day01_01*.vmt
 ! Run buildcubemaps in the engine to get the correct cube maps.
*** Error: Skybox vtf files for skybox/sky_day01_01 weren't compiled with the same size texture and/or same flags!
Can't load skybox file skybox/sky_day01_01 to build the default cubemap!
Finding displacement neighbors...
Finding lightmap sample positions...
Displacement Alpha : 0...1...2...3...4...5...6...7...8...9...10
Building Physics collision data...
done (0) (18356 bytes)
Placing detail props : 0...1...2...3...4...5...6...7...8...9...10
Compacting texture/material tables...
Reduced 37 texinfos to 22
Reduced 10 texdatas to 10 (239 bytes to 239)
Writing w:\programs\steam\steamapps\common\garrysmod\garrysmod\addons\garrysmodmap\maps\gm_garrymod_map_by_woowz_map_garry_game.bsp
0 seconds elapsed



16 threads
reading w:\programs\steam\steamapps\common\garrysmod\garrysmod\addons\garrysmodmap\maps\gm_garrymod_map_by_woowz_map_garry_game.bsp
reading w:\programs\steam\steamapps\common\garrysmod\garrysmod\addons\garrysmodmap\maps\gm_garrymod_map_by_woowz_map_garry_game.prt
   6 portalclusters
   6 numportals
BasePortalVis:       0...1...2...3...4...5...6...7...8...9...10 (0)
Optimized: 0 visible clusters (0.00%)
Total clusters visible: 28
Average clusters visible: 4
Building PAS...
Average clusters audible: 6
visdatasize:64  compressed from 96
writing w:\programs\steam\steamapps\common\garrysmod\garrysmod\addons\garrysmodmap\maps\gm_garrymod_map_by_woowz_map_garry_game.bsp
0 seconds elapsed



[Reading texlights from 'lights.rad']
[51 texlights parsed from 'lights.rad']
Loading w:\programs\steam\steamapps\common\garrysmod\garrysmod\addons\garrysmodmap\maps\gm_garrymod_map_by_woowz_map_garry_game.bsp
BuildFacelights:     0...1...2...3...4...5...6...7...8...9...10 (0)
BuildVisLeafs:       0...1...2...3...4...5...6...7...8...9...10 (0)
transfers 660909, max 298
GatherLight:         0...1...2...3...4...5...6...7...8...9...10 (0)
GatherLight:         0...1...2...3...4...5...6...7...8...9...10 (0)
Build Patch/Sample Hash Table(s).....Done<0.0007 sec>
FinalLightFace:      0...1...2...3...4...5...6...7...8...9...10 (0)
FinalLightFace Done
0 of 0 (0% of) surface lights went in leaf ambient cubes.
ThreadComputeLeafAmbient: 0...1...2...3...4...5...6...7...8...9...10 (0)
Writing leaf ambient...done
Ready to Finish

Object names       Objects/Maxobjs  Memory / Maxmem  Fullness 
------------       ---------------  ---------------  -------- 
models                   2/4096           96/196608   ( 0.0%) 
brushes                 54/65535         648/786420   ( 0.1%) 
brushsides             325/655350       2600/5242800  ( 0.0%) 
planes                 142/65536        2840/1310720  ( 0.2%) 
vertexes               313/65536        3756/786432   ( 0.5%) 
nodes                   37/65536        1184/2097152  ( 0.1%) 
texinfos                22/16384        1584/1179648  ( 0.1%) 
texdata                 10/8192          320/262144   ( 0.1%) 
dispinfos                0/0               0/0        ( 0.0%) 
disp_verts               0/0               0/0        ( 0.0%) 
disp_tris                0/0               0/0        ( 0.0%) 
disp_multiblend          0/0               0/0        ( 0.0%) 
disp_lmsamples           0/0               0/0        ( 0.0%) 
faces                  145/65536        8120/3670016  ( 0.2%) 
hdr faces                0/65536           0/3670016  ( 0.0%) 
origfaces               97/65536        5432/3670016  ( 0.1%) 
leaves                  40/65536        1280/2097152  ( 0.1%) 
leaffaces              145/65536         290/131072   ( 0.2%) 
leafbrushes             62/65536         124/131072   ( 0.1%) 
areas                    3/1024           24/8192     ( 0.3%) 
surfedges             1113/512000       4452/2048000  ( 0.2%) 
edges                  726/256000       2904/1024000  ( 0.3%) 
LDR worldlights          3/8192          264/720896   ( 0.0%) 
HDR worldlights          0/8192            0/720896   ( 0.0%) 
leafwaterdata            0/32768           0/393216   ( 0.0%) 
waterstrips             13/32768         130/327680   ( 0.0%) 
waterverts               0/65536           0/786432   ( 0.0%) 
waterindices           240/65536         480/131072   ( 0.4%) 
cubemapsamples           0/1024            0/16384    ( 0.0%) 
overlays                 0/8192            0/2883584  ( 0.0%) 
LDR lightdata         [variable]      121524/0        ( 0.0%) 
HDR lightdata         [variable]           0/0        ( 0.0%) 
visdata               [variable]          64/16777216 ( 0.0%) 
entdata               [variable]        6382/4194304  ( 0.2%) 
LDR ambient table       40/65536         160/262144   ( 0.1%) 
HDR ambient table       40/65536         160/262144   ( 0.1%) 
LDR leaf ambient        57/65536        1596/1835008  ( 0.1%) 
HDR leaf ambient        40/65536        1120/1835008  ( 0.1%) 
occluders                0/0               0/0        ( 0.0%) 
occluder polygons        0/0               0/0        ( 0.0%) 
occluder vert ind        0/0               0/0        ( 0.0%) 
detail props          [variable]          12/0        ( 0.0%) 
static props          [variable]          12/0        ( 0.0%) 
static prop count        0/16384           0/0        ( 0.0%) 
pakfile               [variable]       24934/0        ( 0.0%) 
physics               [variable]       18356/4194304  ( 0.4%) 
physics terrain       [variable]           2/1048576  ( 0.0%) 

Level flags = 0

Total triangle count: 435
Writing w:\programs\steam\steamapps\common\garrysmod\garrysmod\addons\garrysmodmap\maps\gm_garrymod_map_by_woowz_map_garry_game.bsp
0 seconds elapsed




materialPath: W:\Programs\Steam\steamapps\common\GarrysMod\garrysmod\materials
Loading w:\programs\steam\steamapps\common\garrysmod\garrysmod\addons\garrysmodmap\maps\gm_garrymod_map_by_woowz_map_garry_game.vmf
fixing up env_cubemap materials on brush sides...
ProcessBlock_Thread: 0...1...2...3...4...5...6...7...8...9...10 (0)
ProcessBlock_Thread: 0...1...2...3...4...5...6...7...8...9...10 (0)
Processing areas...done (0)
Building Faces...done (0)
Chop Details...done (0)
Find Visible Detail Sides...
Merged 22 detail faces...done (0)
Merging details...done (0)
FixTjuncs...
PruneNodes...
WriteBSP...
done (0)
writing w:\programs\steam\steamapps\common\garrysmod\garrysmod\addons\garrysmodmap\maps\gm_garrymod_map_by_woowz_map_garry_game.prt...
Building visibility clusters...
done (0)
Creating default LDR cubemaps for env_cubemap using skybox materials:
   skybox/sky_day01_01*.vmt
 ! Run buildcubemaps in the engine to get the correct cube maps.
*** Error: Skybox vtf files for skybox/sky_day01_01 weren't compiled with the same size texture and/or same flags!
Can't load skybox file skybox/sky_day01_01 to build the default cubemap!
Finding displacement neighbors...
Finding lightmap sample positions...
Displacement Alpha : 0...1...2...3...4...5...6...7...8...9...10
Building Physics collision data...
done (0) (18356 bytes)
Placing detail props : 0...1...2...3...4...5...6...7...8...9...10
Compacting texture/material tables...
Reduced 37 texinfos to 22
Reduced 10 texdatas to 10 (239 bytes to 239)
Writing w:\programs\steam\steamapps\common\garrysmod\garrysmod\addons\garrysmodmap\maps\gm_garrymod_map_by_woowz_map_garry_game.bsp
0 seconds elapsed



16 threads
reading w:\programs\steam\steamapps\common\garrysmod\garrysmod\addons\garrysmodmap\maps\gm_garrymod_map_by_woowz_map_garry_game.bsp
reading w:\programs\steam\steamapps\common\garrysmod\garrysmod\addons\garrysmodmap\maps\gm_garrymod_map_by_woowz_map_garry_game.prt
   6 portalclusters
   6 numportals
BasePortalVis:       0...1...2...3...4...5...6...7...8...9...10 (0)
Optimized: 0 visible clusters (0.00%)
Total clusters visible: 28
Average clusters visible: 4
Building PAS...
Average clusters audible: 6
visdatasize:64  compressed from 96
writing w:\programs\steam\steamapps\common\garrysmod\garrysmod\addons\garrysmodmap\maps\gm_garrymod_map_by_woowz_map_garry_game.bsp
0 seconds elapsed



[Reading texlights from 'lights.rad']
[51 texlights parsed from 'lights.rad']
Loading w:\programs\steam\steamapps\common\garrysmod\garrysmod\addons\garrysmodmap\maps\gm_garrymod_map_by_woowz_map_garry_game.bsp
BuildFacelights:     0...1...2...3...4...5...6...7...8...9...10 (0)
BuildVisLeafs:       0...1...2...3...4...5...6...7...8...9...10 (0)
transfers 660909, max 298
GatherLight:         0...1...2...3...4...5...6...7...8...9...10 (0)
GatherLight:         0...1...2...3...4...5...6...7...8...9...10 (0)
Build Patch/Sample Hash Table(s).....Done<0.0005 sec>
FinalLightFace:      0...1...2...3...4...5...6...7...8...9...10 (0)
FinalLightFace Done
0 of 0 (0% of) surface lights went in leaf ambient cubes.
ThreadComputeLeafAmbient: 0...1...2...3...4...5...6...7...8...9...10 (0)
Writing leaf ambient...done
Ready to Finish

Object names       Objects/Maxobjs  Memory / Maxmem  Fullness 
------------       ---------------  ---------------  -------- 
models                   2/4096           96/196608   ( 0.0%) 
brushes                 54/65535         648/786420   ( 0.1%) 
brushsides             325/655350       2600/5242800  ( 0.0%) 
planes                 142/65536        2840/1310720  ( 0.2%) 
vertexes               313/65536        3756/786432   ( 0.5%) 
nodes                   37/65536        1184/2097152  ( 0.1%) 
texinfos                22/16384        1584/1179648  ( 0.1%) 
texdata                 10/8192          320/262144   ( 0.1%) 
dispinfos                0/0               0/0        ( 0.0%) 
disp_verts               0/0               0/0        ( 0.0%) 
disp_tris                0/0               0/0        ( 0.0%) 
disp_multiblend          0/0               0/0        ( 0.0%) 
disp_lmsamples           0/0               0/0        ( 0.0%) 
faces                  145/65536        8120/3670016  ( 0.2%) 
hdr faces                0/65536           0/3670016  ( 0.0%) 
origfaces               97/65536        5432/3670016  ( 0.1%) 
leaves                  40/65536        1280/2097152  ( 0.1%) 
leaffaces              145/65536         290/131072   ( 0.2%) 
leafbrushes             62/65536         124/131072   ( 0.1%) 
areas                    3/1024           24/8192     ( 0.3%) 
surfedges             1113/512000       4452/2048000  ( 0.2%) 
edges                  726/256000       2904/1024000  ( 0.3%) 
LDR worldlights          3/8192          264/720896   ( 0.0%) 
HDR worldlights          0/8192            0/720896   ( 0.0%) 
leafwaterdata            0/32768           0/393216   ( 0.0%) 
waterstrips             13/32768         130/327680   ( 0.0%) 
waterverts               0/65536           0/786432   ( 0.0%) 
waterindices           240/65536         480/131072   ( 0.4%) 
cubemapsamples           0/1024            0/16384    ( 0.0%) 
overlays                 0/8192            0/2883584  ( 0.0%) 
LDR lightdata         [variable]      121524/0        ( 0.0%) 
HDR lightdata         [variable]           0/0        ( 0.0%) 
visdata               [variable]          64/16777216 ( 0.0%) 
entdata               [variable]        6613/4194304  ( 0.2%) 
LDR ambient table       40/65536         160/262144   ( 0.1%) 
HDR ambient table       40/65536         160/262144   ( 0.1%) 
LDR leaf ambient        57/65536        1596/1835008  ( 0.1%) 
HDR leaf ambient        40/65536        1120/1835008  ( 0.1%) 
occluders                0/0               0/0        ( 0.0%) 
occluder polygons        0/0               0/0        ( 0.0%) 
occluder vert ind        0/0               0/0        ( 0.0%) 
detail props          [variable]          12/0        ( 0.0%) 
static props          [variable]          12/0        ( 0.0%) 
static prop count        0/16384           0/0        ( 0.0%) 
pakfile               [variable]       24934/0        ( 0.0%) 
physics               [variable]       18356/4194304  ( 0.4%) 
physics terrain       [variable]           2/1048576  ( 0.0%) 

Level flags = 0

Total triangle count: 435
Writing w:\programs\steam\steamapps\common\garrysmod\garrysmod\addons\garrysmodmap\maps\gm_garrymod_map_by_woowz_map_garry_game.bsp
0 seconds elapsed




materialPath: W:\Programs\Steam\steamapps\common\GarrysMod\garrysmod\materials
Loading w:\programs\steam\steamapps\common\garrysmod\garrysmod\addons\garrysmodmap\maps\gm_garrymod_map_by_woowz_map_garry_game.vmf
fixing up env_cubemap materials on brush sides...
ProcessBlock_Thread: 0...1...2...3...4...5...6...7...8...9...10 (0)
ProcessBlock_Thread: 0...1...2...3...4...5...6...7...8...9...10 (0)
Processing areas...done (0)
Building Faces...done (0)
Chop Details...done (0)
Find Visible Detail Sides...
Merged 22 detail faces...done (0)
Merging details...done (0)
FixTjuncs...
PruneNodes...
WriteBSP...
done (0)
writing w:\programs\steam\steamapps\common\garrysmod\garrysmod\addons\garrysmodmap\maps\gm_garrymod_map_by_woowz_map_garry_game.prt...
Building visibility clusters...
done (0)
Creating default LDR cubemaps for env_cubemap using skybox materials:
   skybox/sky_day01_01*.vmt
 ! Run buildcubemaps in the engine to get the correct cube maps.
*** Error: Skybox vtf files for skybox/sky_day01_01 weren't compiled with the same size texture and/or same flags!
Can't load skybox file skybox/sky_day01_01 to build the default cubemap!
Finding displacement neighbors...
Finding lightmap sample positions...
Displacement Alpha : 0...1...2...3...4...5...6...7...8...9...10
Building Physics collision data...
done (0) (18356 bytes)
Placing detail props : 0...1...2...3...4...5...6...7...8...9...10
Compacting texture/material tables...
Reduced 37 texinfos to 22
Reduced 10 texdatas to 10 (239 bytes to 239)
Writing w:\programs\steam\steamapps\common\garrysmod\garrysmod\addons\garrysmodmap\maps\gm_garrymod_map_by_woowz_map_garry_game.bsp
0 seconds elapsed



16 threads
reading w:\programs\steam\steamapps\common\garrysmod\garrysmod\addons\garrysmodmap\maps\gm_garrymod_map_by_woowz_map_garry_game.bsp
reading w:\programs\steam\steamapps\common\garrysmod\garrysmod\addons\garrysmodmap\maps\gm_garrymod_map_by_woowz_map_garry_game.prt
   6 portalclusters
   6 numportals
BasePortalVis:       0...1...2...3...4...5...6...7...8...9...10 (0)
Optimized: 0 visible clusters (0.00%)
Total clusters visible: 28
Average clusters visible: 4
Building PAS...
Average clusters audible: 6
visdatasize:64  compressed from 96
writing w:\programs\steam\steamapps\common\garrysmod\garrysmod\addons\garrysmodmap\maps\gm_garrymod_map_by_woowz_map_garry_game.bsp
0 seconds elapsed



[Reading texlights from 'lights.rad']
[51 texlights parsed from 'lights.rad']
Loading w:\programs\steam\steamapps\common\garrysmod\garrysmod\addons\garrysmodmap\maps\gm_garrymod_map_by_woowz_map_garry_game.bsp
BuildFacelights:     0...1...2...3...4...5...6...7...8...9...10 (0)
BuildVisLeafs:       0...1...2...3...4...5...6...7...8...9...10 (0)
transfers 660909, max 298
GatherLight:         0...1...2...3...4...5...6...7...8...9...10 (0)
GatherLight:         0...1...2...3...4...5...6...7...8...9...10 (0)
Build Patch/Sample Hash Table(s).....Done<0.0004 sec>
FinalLightFace:      0...1...2...3...4...5...6...7...8...9...10 (0)
FinalLightFace Done
0 of 0 (0% of) surface lights went in leaf ambient cubes.
ThreadComputeLeafAmbient: 0...1...2...3...4...5...6...7...8...9...10 (0)
Writing leaf ambient...done
Ready to Finish

Object names       Objects/Maxobjs  Memory / Maxmem  Fullness 
------------       ---------------  ---------------  -------- 
models                   2/4096           96/196608   ( 0.0%) 
brushes                 54/65535         648/786420   ( 0.1%) 
brushsides             325/655350       2600/5242800  ( 0.0%) 
planes                 142/65536        2840/1310720  ( 0.2%) 
vertexes               313/65536        3756/786432   ( 0.5%) 
nodes                   37/65536        1184/2097152  ( 0.1%) 
texinfos                22/16384        1584/1179648  ( 0.1%) 
texdata                 10/8192          320/262144   ( 0.1%) 
dispinfos                0/0               0/0        ( 0.0%) 
disp_verts               0/0               0/0        ( 0.0%) 
disp_tris                0/0               0/0        ( 0.0%) 
disp_multiblend          0/0               0/0        ( 0.0%) 
disp_lmsamples           0/0               0/0        ( 0.0%) 
faces                  145/65536        8120/3670016  ( 0.2%) 
hdr faces                0/65536           0/3670016  ( 0.0%) 
origfaces               97/65536        5432/3670016  ( 0.1%) 
leaves                  40/65536        1280/2097152  ( 0.1%) 
leaffaces              145/65536         290/131072   ( 0.2%) 
leafbrushes             62/65536         124/131072   ( 0.1%) 
areas                    3/1024           24/8192     ( 0.3%) 
surfedges             1113/512000       4452/2048000  ( 0.2%) 
edges                  726/256000       2904/1024000  ( 0.3%) 
LDR worldlights          3/8192          264/720896   ( 0.0%) 
HDR worldlights          0/8192            0/720896   ( 0.0%) 
leafwaterdata            0/32768           0/393216   ( 0.0%) 
waterstrips             13/32768         130/327680   ( 0.0%) 
waterverts               0/65536           0/786432   ( 0.0%) 
waterindices           240/65536         480/131072   ( 0.4%) 
cubemapsamples           0/1024            0/16384    ( 0.0%) 
overlays                 0/8192            0/2883584  ( 0.0%) 
LDR lightdata         [variable]      121524/0        ( 0.0%) 
HDR lightdata         [variable]           0/0        ( 0.0%) 
visdata               [variable]          64/16777216 ( 0.0%) 
entdata               [variable]        6857/4194304  ( 0.2%) 
LDR ambient table       40/65536         160/262144   ( 0.1%) 
HDR ambient table       40/65536         160/262144   ( 0.1%) 
LDR leaf ambient        57/65536        1596/1835008  ( 0.1%) 
HDR leaf ambient        40/65536        1120/1835008  ( 0.1%) 
occluders                0/0               0/0        ( 0.0%) 
occluder polygons        0/0               0/0        ( 0.0%) 
occluder vert ind        0/0               0/0        ( 0.0%) 
detail props          [variable]          12/0        ( 0.0%) 
static props          [variable]          12/0        ( 0.0%) 
static prop count        0/16384           0/0        ( 0.0%) 
pakfile               [variable]       24934/0        ( 0.0%) 
physics               [variable]       18356/4194304  ( 0.4%) 
physics terrain       [variable]           2/1048576  ( 0.0%) 

Level flags = 0

Total triangle count: 435
Writing w:\programs\steam\steamapps\common\garrysmod\garrysmod\addons\garrysmodmap\maps\gm_garrymod_map_by_woowz_map_garry_game.bsp
0 seconds elapsed




materialPath: W:\Programs\Steam\steamapps\common\GarrysMod\garrysmod\materials
Loading w:\programs\steam\steamapps\common\garrysmod\garrysmod\addons\garrysmodmap\maps\gm_garrymod_map_by_woowz_map_garry_game.vmf
fixing up env_cubemap materials on brush sides...
ProcessBlock_Thread: 0...1...2...3...4...5...6...7...8...9...10 (0)
ProcessBlock_Thread: 0...1...2...3...4...5...6...7...8...9...10 (0)
Processing areas...done (0)
Building Faces...done (0)
Chop Details...done (0)
Find Visible Detail Sides...
Merged 22 detail faces...done (0)
Merging details...done (0)
FixTjuncs...
PruneNodes...
WriteBSP...
done (0)
writing w:\programs\steam\steamapps\common\garrysmod\garrysmod\addons\garrysmodmap\maps\gm_garrymod_map_by_woowz_map_garry_game.prt...
Building visibility clusters...
done (0)
Creating default LDR cubemaps for env_cubemap using skybox materials:
   skybox/sky_day01_01*.vmt
 ! Run buildcubemaps in the engine to get the correct cube maps.
*** Error: Skybox vtf files for skybox/sky_day01_01 weren't compiled with the same size texture and/or same flags!
Can't load skybox file skybox/sky_day01_01 to build the default cubemap!
Finding displacement neighbors...
Finding lightmap sample positions...
Displacement Alpha : 0...1...2...3...4...5...6...7...8...9...10
Building Physics collision data...
done (0) (18356 bytes)
Placing detail props : 0...1...2...3...4...5...6...7...8...9...10
Compacting texture/material tables...
Reduced 37 texinfos to 22
Reduced 10 texdatas to 10 (239 bytes to 239)
Writing w:\programs\steam\steamapps\common\garrysmod\garrysmod\addons\garrysmodmap\maps\gm_garrymod_map_by_woowz_map_garry_game.bsp
0 seconds elapsed



16 threads
reading w:\programs\steam\steamapps\common\garrysmod\garrysmod\addons\garrysmodmap\maps\gm_garrymod_map_by_woowz_map_garry_game.bsp
reading w:\programs\steam\steamapps\common\garrysmod\garrysmod\addons\garrysmodmap\maps\gm_garrymod_map_by_woowz_map_garry_game.prt
   6 portalclusters
   6 numportals
BasePortalVis:       0...1...2...3...4...5...6...7...8...9...10 (0)
Optimized: 0 visible clusters (0.00%)
Total clusters visible: 28
Average clusters visible: 4
Building PAS...
Average clusters audible: 6
visdatasize:64  compressed from 96
writing w:\programs\steam\steamapps\common\garrysmod\garrysmod\addons\garrysmodmap\maps\gm_garrymod_map_by_woowz_map_garry_game.bsp
0 seconds elapsed



[Reading texlights from 'lights.rad']
[51 texlights parsed from 'lights.rad']
Loading w:\programs\steam\steamapps\common\garrysmod\garrysmod\addons\garrysmodmap\maps\gm_garrymod_map_by_woowz_map_garry_game.bsp
BuildFacelights:     0...1...2...3...4...5...6...7...8...9...10 (0)
BuildVisLeafs:       0...1...2...3...4...5...6...7...8...9...10 (0)
transfers 660909, max 298
GatherLight:         0...1...2...3...4...5...6...7...8...9...10 (0)
GatherLight:         0...1...2...3...4...5...6...7...8...9...10 (0)
Build Patch/Sample Hash Table(s).....Done<0.0004 sec>
FinalLightFace:      0...1...2...3...4...5...6...7...8...9...10 (0)
FinalLightFace Done
0 of 0 (0% of) surface lights went in leaf ambient cubes.
ThreadComputeLeafAmbient: 0...1...2...3...4...5...6...7...8...9...10 (0)
Writing leaf ambient...done
Ready to Finish

Object names       Objects/Maxobjs  Memory / Maxmem  Fullness 
------------       ---------------  ---------------  -------- 
models                   2/4096           96/196608   ( 0.0%) 
brushes                 54/65535         648/786420   ( 0.1%) 
brushsides             325/655350       2600/5242800  ( 0.0%) 
planes                 142/65536        2840/1310720  ( 0.2%) 
vertexes               313/65536        3756/786432   ( 0.5%) 
nodes                   37/65536        1184/2097152  ( 0.1%) 
texinfos                22/16384        1584/1179648  ( 0.1%) 
texdata                 10/8192          320/262144   ( 0.1%) 
dispinfos                0/0               0/0        ( 0.0%) 
disp_verts               0/0               0/0        ( 0.0%) 
disp_tris                0/0               0/0        ( 0.0%) 
disp_multiblend          0/0               0/0        ( 0.0%) 
disp_lmsamples           0/0               0/0        ( 0.0%) 
faces                  145/65536        8120/3670016  ( 0.2%) 
hdr faces                0/65536           0/3670016  ( 0.0%) 
origfaces               97/65536        5432/3670016  ( 0.1%) 
leaves                  40/65536        1280/2097152  ( 0.1%) 
leaffaces              145/65536         290/131072   ( 0.2%) 
leafbrushes             62/65536         124/131072   ( 0.1%) 
areas                    3/1024           24/8192     ( 0.3%) 
surfedges             1113/512000       4452/2048000  ( 0.2%) 
edges                  726/256000       2904/1024000  ( 0.3%) 
LDR worldlights          3/8192          264/720896   ( 0.0%) 
HDR worldlights          0/8192            0/720896   ( 0.0%) 
leafwaterdata            0/32768           0/393216   ( 0.0%) 
waterstrips             13/32768         130/327680   ( 0.0%) 
waterverts               0/65536           0/786432   ( 0.0%) 
waterindices           240/65536         480/131072   ( 0.4%) 
cubemapsamples           0/1024            0/16384    ( 0.0%) 
overlays                 0/8192            0/2883584  ( 0.0%) 
LDR lightdata         [variable]      121524/0        ( 0.0%) 
HDR lightdata         [variable]           0/0        ( 0.0%) 
visdata               [variable]          64/16777216 ( 0.0%) 
entdata               [variable]        6857/4194304  ( 0.2%) 
LDR ambient table       40/65536         160/262144   ( 0.1%) 
HDR ambient table       40/65536         160/262144   ( 0.1%) 
LDR leaf ambient        57/65536        1596/1835008  ( 0.1%) 
HDR leaf ambient        40/65536        1120/1835008  ( 0.1%) 
occluders                0/0               0/0        ( 0.0%) 
occluder polygons        0/0               0/0        ( 0.0%) 
occluder vert ind        0/0               0/0        ( 0.0%) 
detail props          [variable]          12/0        ( 0.0%) 
static props          [variable]          12/0        ( 0.0%) 
static prop count        0/16384           0/0        ( 0.0%) 
pakfile               [variable]       24934/0        ( 0.0%) 
physics               [variable]       18356/4194304  ( 0.4%) 
physics terrain       [variable]           2/1048576  ( 0.0%) 

Level flags = 0

Total triangle count: 435
Writing w:\programs\steam\steamapps\common\garrysmod\garrysmod\addons\garrysmodmap\maps\gm_garrymod_map_by_woowz_map_garry_game.bsp
0 seconds elapsed




materialPath: W:\Programs\Steam\steamapps\common\GarrysMod\garrysmod\materials
Loading w:\programs\steam\steamapps\common\garrysmod\garrysmod\addons\garrysmodmap\maps\gm_garrymod_map_by_woowz_map_garry_game.vmf
fixing up env_cubemap materials on brush sides...
ProcessBlock_Thread: 0...1...2...3...4...5...6...7...8...9...10 (0)
ProcessBlock_Thread: 0...1...2...3...4...5...6...7...8...9...10 (0)
Processing areas...done (0)
Building Faces...done (0)
Chop Details...done (0)
Find Visible Detail Sides...
Merged 22 detail faces...done (0)
Merging details...done (0)
FixTjuncs...
PruneNodes...
WriteBSP...
done (0)
writing w:\programs\steam\steamapps\common\garrysmod\garrysmod\addons\garrysmodmap\maps\gm_garrymod_map_by_woowz_map_garry_game.prt...
Building visibility clusters...
done (0)
Creating default LDR cubemaps for env_cubemap using skybox materials:
   skybox/sky_day01_01*.vmt
 ! Run buildcubemaps in the engine to get the correct cube maps.
*** Error: Skybox vtf files for skybox/sky_day01_01 weren't compiled with the same size texture and/or same flags!
Can't load skybox file skybox/sky_day01_01 to build the default cubemap!
Finding displacement neighbors...
Finding lightmap sample positions...
Displacement Alpha : 0...1...2...3...4...5...6...7...8...9...10
Building Physics collision data...
done (0) (18356 bytes)
Placing detail props : 0...1...2...3...4...5...6...7...8...9...10
Compacting texture/material tables...
Reduced 37 texinfos to 22
Reduced 10 texdatas to 10 (239 bytes to 239)
Writing w:\programs\steam\steamapps\common\garrysmod\garrysmod\addons\garrysmodmap\maps\gm_garrymod_map_by_woowz_map_garry_game.bsp
0 seconds elapsed



16 threads
reading w:\programs\steam\steamapps\common\garrysmod\garrysmod\addons\garrysmodmap\maps\gm_garrymod_map_by_woowz_map_garry_game.bsp
reading w:\programs\steam\steamapps\common\garrysmod\garrysmod\addons\garrysmodmap\maps\gm_garrymod_map_by_woowz_map_garry_game.prt
   6 portalclusters
   6 numportals
BasePortalVis:       0...1...2...3...4...5...6...7...8...9...10 (0)
Optimized: 0 visible clusters (0.00%)
Total clusters visible: 28
Average clusters visible: 4
Building PAS...
Average clusters audible: 6
visdatasize:64  compressed from 96
writing w:\programs\steam\steamapps\common\garrysmod\garrysmod\addons\garrysmodmap\maps\gm_garrymod_map_by_woowz_map_garry_game.bsp
0 seconds elapsed



[Reading texlights from 'lights.rad']
[51 texlights parsed from 'lights.rad']
Loading w:\programs\steam\steamapps\common\garrysmod\garrysmod\addons\garrysmodmap\maps\gm_garrymod_map_by_woowz_map_garry_game.bsp
BuildFacelights:     0...1...2...3...4...5...6...7...8...9...10 (0)
BuildVisLeafs:       0...1...2...3...4...5...6...7...8...9...10 (0)
transfers 660909, max 298
GatherLight:         0...1...2...3...4...5...6...7...8...9...10 (0)
GatherLight:         0...1...2...3...4...5...6...7...8...9...10 (0)
Build Patch/Sample Hash Table(s).....Done<0.0004 sec>
FinalLightFace:      0...1...2...3...4...5...6...7...8...9...10 (0)
FinalLightFace Done
0 of 0 (0% of) surface lights went in leaf ambient cubes.
ThreadComputeLeafAmbient: 0...1...2...3...4...5...6...7...8...9...10 (0)
Writing leaf ambient...done
Ready to Finish

Object names       Objects/Maxobjs  Memory / Maxmem  Fullness 
------------       ---------------  ---------------  -------- 
models                   2/4096           96/196608   ( 0.0%) 
brushes                 54/65535         648/786420   ( 0.1%) 
brushsides             325/655350       2600/5242800  ( 0.0%) 
planes                 142/65536        2840/1310720  ( 0.2%) 
vertexes               313/65536        3756/786432   ( 0.5%) 
nodes                   37/65536        1184/2097152  ( 0.1%) 
texinfos                22/16384        1584/1179648  ( 0.1%) 
texdata                 10/8192          320/262144   ( 0.1%) 
dispinfos                0/0               0/0        ( 0.0%) 
disp_verts               0/0               0/0        ( 0.0%) 
disp_tris                0/0               0/0        ( 0.0%) 
disp_multiblend          0/0               0/0        ( 0.0%) 
disp_lmsamples           0/0               0/0        ( 0.0%) 
faces                  145/65536        8120/3670016  ( 0.2%) 
hdr faces                0/65536           0/3670016  ( 0.0%) 
origfaces               97/65536        5432/3670016  ( 0.1%) 
leaves                  40/65536        1280/2097152  ( 0.1%) 
leaffaces              145/65536         290/131072   ( 0.2%) 
leafbrushes             62/65536         124/131072   ( 0.1%) 
areas                    3/1024           24/8192     ( 0.3%) 
surfedges             1113/512000       4452/2048000  ( 0.2%) 
edges                  726/256000       2904/1024000  ( 0.3%) 
LDR worldlights          3/8192          264/720896   ( 0.0%) 
HDR worldlights          0/8192            0/720896   ( 0.0%) 
leafwaterdata            0/32768           0/393216   ( 0.0%) 
waterstrips             13/32768         130/327680   ( 0.0%) 
waterverts               0/65536           0/786432   ( 0.0%) 
waterindices           240/65536         480/131072   ( 0.4%) 
cubemapsamples           0/1024            0/16384    ( 0.0%) 
overlays                 0/8192            0/2883584  ( 0.0%) 
LDR lightdata         [variable]      121524/0        ( 0.0%) 
HDR lightdata         [variable]           0/0        ( 0.0%) 
visdata               [variable]          64/16777216 ( 0.0%) 
entdata               [variable]        6857/4194304  ( 0.2%) 
LDR ambient table       40/65536         160/262144   ( 0.1%) 
HDR ambient table       40/65536         160/262144   ( 0.1%) 
LDR leaf ambient        57/65536        1596/1835008  ( 0.1%) 
HDR leaf ambient        40/65536        1120/1835008  ( 0.1%) 
occluders                0/0               0/0        ( 0.0%) 
occluder polygons        0/0               0/0        ( 0.0%) 
occluder vert ind        0/0               0/0        ( 0.0%) 
detail props          [variable]          12/0        ( 0.0%) 
static props          [variable]          12/0        ( 0.0%) 
static prop count        0/16384           0/0        ( 0.0%) 
pakfile               [variable]       24934/0        ( 0.0%) 
physics               [variable]       18356/4194304  ( 0.4%) 
physics terrain       [variable]           2/1048576  ( 0.0%) 

Level flags = 0

Total triangle count: 435
Writing w:\programs\steam\steamapps\common\garrysmod\garrysmod\addons\garrysmodmap\maps\gm_garrymod_map_by_woowz_map_garry_game.bsp
0 seconds elapsed




materialPath: W:\Programs\Steam\steamapps\common\GarrysMod\garrysmod\materials
Loading w:\programs\steam\steamapps\common\garrysmod\garrysmod\addons\garrysmodmap\maps\gm_garrymod_map_by_woowz_map_garry_game.vmf
fixing up env_cubemap materials on brush sides...
ProcessBlock_Thread: 0...1...2...3...4...5...6...7...8...9...10 (0)
ProcessBlock_Thread: 0...1...2...3...4...5...6...7...8...9...10 (0)
Processing areas...done (0)
Building Faces...done (0)
Chop Details...done (0)
Find Visible Detail Sides...
Merged 22 detail faces...done (0)
Merging details...done (0)
FixTjuncs...
PruneNodes...
WriteBSP...
done (0)
writing w:\programs\steam\steamapps\common\garrysmod\garrysmod\addons\garrysmodmap\maps\gm_garrymod_map_by_woowz_map_garry_game.prt...
Building visibility clusters...
done (0)
Creating default LDR cubemaps for env_cubemap using skybox materials:
   skybox/sky_day01_01*.vmt
 ! Run buildcubemaps in the engine to get the correct cube maps.
*** Error: Skybox vtf files for skybox/sky_day01_01 weren't compiled with the same size texture and/or same flags!
Can't load skybox file skybox/sky_day01_01 to build the default cubemap!
Finding displacement neighbors...
Finding lightmap sample positions...
Displacement Alpha : 0...1...2...3...4...5...6...7...8...9...10
Building Physics collision data...
done (0) (18356 bytes)
Placing detail props : 0...1...2...3...4...5...6...7...8...9...10
Compacting texture/material tables...
Reduced 37 texinfos to 22
Reduced 10 texdatas to 10 (239 bytes to 239)
Writing w:\programs\steam\steamapps\common\garrysmod\garrysmod\addons\garrysmodmap\maps\gm_garrymod_map_by_woowz_map_garry_game.bsp
0 seconds elapsed



16 threads
reading w:\programs\steam\steamapps\common\garrysmod\garrysmod\addons\garrysmodmap\maps\gm_garrymod_map_by_woowz_map_garry_game.bsp
reading w:\programs\steam\steamapps\common\garrysmod\garrysmod\addons\garrysmodmap\maps\gm_garrymod_map_by_woowz_map_garry_game.prt
   6 portalclusters
   6 numportals
BasePortalVis:       0...1...2...3...4...5...6...7...8...9...10 (0)
Optimized: 0 visible clusters (0.00%)
Total clusters visible: 28
Average clusters visible: 4
Building PAS...
Average clusters audible: 6
visdatasize:64  compressed from 96
writing w:\programs\steam\steamapps\common\garrysmod\garrysmod\addons\garrysmodmap\maps\gm_garrymod_map_by_woowz_map_garry_game.bsp
0 seconds elapsed



[Reading texlights from 'lights.rad']
[51 texlights parsed from 'lights.rad']
Loading w:\programs\steam\steamapps\common\garrysmod\garrysmod\addons\garrysmodmap\maps\gm_garrymod_map_by_woowz_map_garry_game.bsp
BuildFacelights:     0...1...2...3...4...5...6...7...8...9...10 (0)
BuildVisLeafs:       0...1...2...3...4...5...6...7...8...9...10 (0)
transfers 660909, max 298
GatherLight:         0...1...2...3...4...5...6...7...8...9...10 (0)
GatherLight:         0...1...2...3...4...5...6...7...8...9...10 (0)
Build Patch/Sample Hash Table(s).....Done<0.0004 sec>
FinalLightFace:      0...1...2...3...4...5...6...7...8...9...10 (0)
FinalLightFace Done
0 of 0 (0% of) surface lights went in leaf ambient cubes.
ThreadComputeLeafAmbient: 0...1...2...3...4...5...6...7...8...9...10 (0)
Writing leaf ambient...done
Ready to Finish

Object names       Objects/Maxobjs  Memory / Maxmem  Fullness 
------------       ---------------  ---------------  -------- 
models                   2/4096           96/196608   ( 0.0%) 
brushes                 54/65535         648/786420   ( 0.1%) 
brushsides             325/655350       2600/5242800  ( 0.0%) 
planes                 142/65536        2840/1310720  ( 0.2%) 
vertexes               313/65536        3756/786432   ( 0.5%) 
nodes                   37/65536        1184/2097152  ( 0.1%) 
texinfos                22/16384        1584/1179648  ( 0.1%) 
texdata                 10/8192          320/262144   ( 0.1%) 
dispinfos                0/0               0/0        ( 0.0%) 
disp_verts               0/0               0/0        ( 0.0%) 
disp_tris                0/0               0/0        ( 0.0%) 
disp_multiblend          0/0               0/0        ( 0.0%) 
disp_lmsamples           0/0               0/0        ( 0.0%) 
faces                  145/65536        8120/3670016  ( 0.2%) 
hdr faces                0/65536           0/3670016  ( 0.0%) 
origfaces               97/65536        5432/3670016  ( 0.1%) 
leaves                  40/65536        1280/2097152  ( 0.1%) 
leaffaces              145/65536         290/131072   ( 0.2%) 
leafbrushes             62/65536         124/131072   ( 0.1%) 
areas                    3/1024           24/8192     ( 0.3%) 
surfedges             1113/512000       4452/2048000  ( 0.2%) 
edges                  726/256000       2904/1024000  ( 0.3%) 
LDR worldlights          3/8192          264/720896   ( 0.0%) 
HDR worldlights          0/8192            0/720896   ( 0.0%) 
leafwaterdata            0/32768           0/393216   ( 0.0%) 
waterstrips             13/32768         130/327680   ( 0.0%) 
waterverts               0/65536           0/786432   ( 0.0%) 
waterindices           240/65536         480/131072   ( 0.4%) 
cubemapsamples           0/1024            0/16384    ( 0.0%) 
overlays                 0/8192            0/2883584  ( 0.0%) 
LDR lightdata         [variable]      121524/0        ( 0.0%) 
HDR lightdata         [variable]           0/0        ( 0.0%) 
visdata               [variable]          64/16777216 ( 0.0%) 
entdata               [variable]        6857/4194304  ( 0.2%) 
LDR ambient table       40/65536         160/262144   ( 0.1%) 
HDR ambient table       40/65536         160/262144   ( 0.1%) 
LDR leaf ambient        57/65536        1596/1835008  ( 0.1%) 
HDR leaf ambient        40/65536        1120/1835008  ( 0.1%) 
occluders                0/0               0/0        ( 0.0%) 
occluder polygons        0/0               0/0        ( 0.0%) 
occluder vert ind        0/0               0/0        ( 0.0%) 
detail props          [variable]          12/0        ( 0.0%) 
static props          [variable]          12/0        ( 0.0%) 
static prop count        0/16384           0/0        ( 0.0%) 
pakfile               [variable]       24934/0        ( 0.0%) 
physics               [variable]       18356/4194304  ( 0.4%) 
physics terrain       [variable]           2/1048576  ( 0.0%) 

Level flags = 0

Total triangle count: 435
Writing w:\programs\steam\steamapps\common\garrysmod\garrysmod\addons\garrysmodmap\maps\gm_garrymod_map_by_woowz_map_garry_game.bsp
0 seconds elapsed




materialPath: W:\Programs\Steam\steamapps\common\GarrysMod\garrysmod\materials
Loading w:\programs\steam\steamapps\common\garrysmod\garrysmod\addons\garrysmodmap\maps\gm_garrymod_map_by_woowz_map_garry_game.vmf
fixing up env_cubemap materials on brush sides...
ProcessBlock_Thread: 0...1...2...3...4...5...6...7...8...9...10 (0)
ProcessBlock_Thread: 0...1...2...3...4...5...6...7...8...9...10 (0)
Processing areas...done (0)
Building Faces...done (0)
Chop Details...done (0)
Find Visible Detail Sides...
Merged 22 detail faces...done (0)
Merging details...done (0)
FixTjuncs...
PruneNodes...
WriteBSP...
done (0)
writing w:\programs\steam\steamapps\common\garrysmod\garrysmod\addons\garrysmodmap\maps\gm_garrymod_map_by_woowz_map_garry_game.prt...
Building visibility clusters...
done (0)
Creating default LDR cubemaps for env_cubemap using skybox materials:
   skybox/sky_day01_01*.vmt
 ! Run buildcubemaps in the engine to get the correct cube maps.
*** Error: Skybox vtf files for skybox/sky_day01_01 weren't compiled with the same size texture and/or same flags!
Can't load skybox file skybox/sky_day01_01 to build the default cubemap!
Finding displacement neighbors...
Finding lightmap sample positions...
Displacement Alpha : 0...1...2...3...4...5...6...7...8...9...10
Building Physics collision data...
done (0) (18356 bytes)
Placing detail props : 0...1...2...3...4...5...6...7...8...9...10
Compacting texture/material tables...
Reduced 37 texinfos to 22
Reduced 10 texdatas to 10 (239 bytes to 239)
Writing w:\programs\steam\steamapps\common\garrysmod\garrysmod\addons\garrysmodmap\maps\gm_garrymod_map_by_woowz_map_garry_game.bsp
0 seconds elapsed



16 threads
reading w:\programs\steam\steamapps\common\garrysmod\garrysmod\addons\garrysmodmap\maps\gm_garrymod_map_by_woowz_map_garry_game.bsp
reading w:\programs\steam\steamapps\common\garrysmod\garrysmod\addons\garrysmodmap\maps\gm_garrymod_map_by_woowz_map_garry_game.prt
   6 portalclusters
   6 numportals
BasePortalVis:       0...1...2...3...4...5...6...7...8...9...10 (0)
Optimized: 0 visible clusters (0.00%)
Total clusters visible: 28
Average clusters visible: 4
Building PAS...
Average clusters audible: 6
visdatasize:64  compressed from 96
writing w:\programs\steam\steamapps\common\garrysmod\garrysmod\addons\garrysmodmap\maps\gm_garrymod_map_by_woowz_map_garry_game.bsp
0 seconds elapsed



[Reading texlights from 'lights.rad']
[51 texlights parsed from 'lights.rad']
Loading w:\programs\steam\steamapps\common\garrysmod\garrysmod\addons\garrysmodmap\maps\gm_garrymod_map_by_woowz_map_garry_game.bsp
BuildFacelights:     0...1...2...3...4...5...6...7...8...9...10 (0)
BuildVisLeafs:       0...1...2...3...4...5...6...7...8...9...10 (0)
transfers 660909, max 298
GatherLight:         0...1...2...3...4...5...6...7...8...9...10 (0)
GatherLight:         0...1...2...3...4...5...6...7...8...9...10 (0)
Build Patch/Sample Hash Table(s).....Done<0.0004 sec>
FinalLightFace:      0...1...2...3...4...5...6...7...8...9...10 (0)
FinalLightFace Done
0 of 0 (0% of) surface lights went in leaf ambient cubes.
ThreadComputeLeafAmbient: 0...1...2...3...4...5...6...7...8...9...10 (0)
Writing leaf ambient...done
Ready to Finish

Object names       Objects/Maxobjs  Memory / Maxmem  Fullness 
------------       ---------------  ---------------  -------- 
models                   2/4096           96/196608   ( 0.0%) 
brushes                 54/65535         648/786420   ( 0.1%) 
brushsides             325/655350       2600/5242800  ( 0.0%) 
planes                 142/65536        2840/1310720  ( 0.2%) 
vertexes               313/65536        3756/786432   ( 0.5%) 
nodes                   37/65536        1184/2097152  ( 0.1%) 
texinfos                22/16384        1584/1179648  ( 0.1%) 
texdata                 10/8192          320/262144   ( 0.1%) 
dispinfos                0/0               0/0        ( 0.0%) 
disp_verts               0/0               0/0        ( 0.0%) 
disp_tris                0/0               0/0        ( 0.0%) 
disp_multiblend          0/0               0/0        ( 0.0%) 
disp_lmsamples           0/0               0/0        ( 0.0%) 
faces                  145/65536        8120/3670016  ( 0.2%) 
hdr faces                0/65536           0/3670016  ( 0.0%) 
origfaces               97/65536        5432/3670016  ( 0.1%) 
leaves                  40/65536        1280/2097152  ( 0.1%) 
leaffaces              145/65536         290/131072   ( 0.2%) 
leafbrushes             62/65536         124/131072   ( 0.1%) 
areas                    3/1024           24/8192     ( 0.3%) 
surfedges             1113/512000       4452/2048000  ( 0.2%) 
edges                  726/256000       2904/1024000  ( 0.3%) 
LDR worldlights          3/8192          264/720896   ( 0.0%) 
HDR worldlights          0/8192            0/720896   ( 0.0%) 
leafwaterdata            0/32768           0/393216   ( 0.0%) 
waterstrips             13/32768         130/327680   ( 0.0%) 
waterverts               0/65536           0/786432   ( 0.0%) 
waterindices           240/65536         480/131072   ( 0.4%) 
cubemapsamples           0/1024            0/16384    ( 0.0%) 
overlays                 0/8192            0/2883584  ( 0.0%) 
LDR lightdata         [variable]      121524/0        ( 0.0%) 
HDR lightdata         [variable]           0/0        ( 0.0%) 
visdata               [variable]          64/16777216 ( 0.0%) 
entdata               [variable]        6857/4194304  ( 0.2%) 
LDR ambient table       40/65536         160/262144   ( 0.1%) 
HDR ambient table       40/65536         160/262144   ( 0.1%) 
LDR leaf ambient        57/65536        1596/1835008  ( 0.1%) 
HDR leaf ambient        40/65536        1120/1835008  ( 0.1%) 
occluders                0/0               0/0        ( 0.0%) 
occluder polygons        0/0               0/0        ( 0.0%) 
occluder vert ind        0/0               0/0        ( 0.0%) 
detail props          [variable]          12/0        ( 0.0%) 
static props          [variable]          12/0        ( 0.0%) 
static prop count        0/16384           0/0        ( 0.0%) 
pakfile               [variable]       24934/0        ( 0.0%) 
physics               [variable]       18356/4194304  ( 0.4%) 
physics terrain       [variable]           2/1048576  ( 0.0%) 

Level flags = 0

Total triangle count: 435
Writing w:\programs\steam\steamapps\common\garrysmod\garrysmod\addons\garrysmodmap\maps\gm_garrymod_map_by_woowz_map_garry_game.bsp
0 seconds elapsed




materialPath: W:\Programs\Steam\steamapps\common\GarrysMod\garrysmod\materials
Loading w:\programs\steam\steamapps\common\garrysmod\garrysmod\addons\garrysmodmap\maps\gm_garrymod_map_by_woowz_map_garry_game.vmf
fixing up env_cubemap materials on brush sides...
ProcessBlock_Thread: 0...1...2...3...4...5...6...7...8...9...10 (0)
ProcessBlock_Thread: 0...1...2...3...4...5...6...7...8...9...10 (0)
Processing areas...done (0)
Building Faces...done (0)
Chop Details...done (0)
Find Visible Detail Sides...
Merged 22 detail faces...done (0)
Merging details...done (0)
FixTjuncs...
PruneNodes...
WriteBSP...
done (0)
writing w:\programs\steam\steamapps\common\garrysmod\garrysmod\addons\garrysmodmap\maps\gm_garrymod_map_by_woowz_map_garry_game.prt...
Building visibility clusters...
done (0)
Creating default LDR cubemaps for env_cubemap using skybox materials:
   skybox/sky_day01_01*.vmt
 ! Run buildcubemaps in the engine to get the correct cube maps.
*** Error: Skybox vtf files for skybox/sky_day01_01 weren't compiled with the same size texture and/or same flags!
Can't load skybox file skybox/sky_day01_01 to build the default cubemap!
Finding displacement neighbors...
Finding lightmap sample positions...
Displacement Alpha : 0...1...2...3...4...5...6...7...8...9...10
Building Physics collision data...
done (0) (18356 bytes)
Placing detail props : 0...1...2...3...4...5...6...7...8...9...10
Compacting texture/material tables...
Reduced 37 texinfos to 22
Reduced 10 texdatas to 10 (239 bytes to 239)
Writing w:\programs\steam\steamapps\common\garrysmod\garrysmod\addons\garrysmodmap\maps\gm_garrymod_map_by_woowz_map_garry_game.bsp
0 seconds elapsed



16 threads
reading w:\programs\steam\steamapps\common\garrysmod\garrysmod\addons\garrysmodmap\maps\gm_garrymod_map_by_woowz_map_garry_game.bsp
reading w:\programs\steam\steamapps\common\garrysmod\garrysmod\addons\garrysmodmap\maps\gm_garrymod_map_by_woowz_map_garry_game.prt
   6 portalclusters
   6 numportals
BasePortalVis:       0...1...2...3...4...5...6...7...8...9...10 (0)
Optimized: 0 visible clusters (0.00%)
Total clusters visible: 28
Average clusters visible: 4
Building PAS...
Average clusters audible: 6
visdatasize:64  compressed from 96
writing w:\programs\steam\steamapps\common\garrysmod\garrysmod\addons\garrysmodmap\maps\gm_garrymod_map_by_woowz_map_garry_game.bsp
0 seconds elapsed



[Reading texlights from 'lights.rad']
[51 texlights parsed from 'lights.rad']
Loading w:\programs\steam\steamapps\common\garrysmod\garrysmod\addons\garrysmodmap\maps\gm_garrymod_map_by_woowz_map_garry_game.bsp
BuildFacelights:     0...1...2...3...4...5...6...7...8...9...10 (0)
BuildVisLeafs:       0...1...2...3...4...5...6...7...8...9...10 (0)
transfers 660909, max 298
GatherLight:         0...1...2...3...4...5...6...7...8...9...10 (0)
GatherLight:         0...1...2...3...4...5...6...7...8...9...10 (0)
Build Patch/Sample Hash Table(s).....Done<0.0004 sec>
FinalLightFace:      0...1...2...3...4...5...6...7...8...9...10 (0)
FinalLightFace Done
0 of 0 (0% of) surface lights went in leaf ambient cubes.
ThreadComputeLeafAmbient: 0...1...2...3...4...5...6...7...8...9...10 (0)
Writing leaf ambient...done
Ready to Finish

Object names       Objects/Maxobjs  Memory / Maxmem  Fullness 
------------       ---------------  ---------------  -------- 
models                   2/4096           96/196608   ( 0.0%) 
brushes                 54/65535         648/786420   ( 0.1%) 
brushsides             325/655350       2600/5242800  ( 0.0%) 
planes                 142/65536        2840/1310720  ( 0.2%) 
vertexes               313/65536        3756/786432   ( 0.5%) 
nodes                   37/65536        1184/2097152  ( 0.1%) 
texinfos                22/16384        1584/1179648  ( 0.1%) 
texdata                 10/8192          320/262144   ( 0.1%) 
dispinfos                0/0               0/0        ( 0.0%) 
disp_verts               0/0               0/0        ( 0.0%) 
disp_tris                0/0               0/0        ( 0.0%) 
disp_multiblend          0/0               0/0        ( 0.0%) 
disp_lmsamples           0/0               0/0        ( 0.0%) 
faces                  145/65536        8120/3670016  ( 0.2%) 
hdr faces                0/65536           0/3670016  ( 0.0%) 
origfaces               97/65536        5432/3670016  ( 0.1%) 
leaves                  40/65536        1280/2097152  ( 0.1%) 
leaffaces              145/65536         290/131072   ( 0.2%) 
leafbrushes             62/65536         124/131072   ( 0.1%) 
areas                    3/1024           24/8192     ( 0.3%) 
surfedges             1113/512000       4452/2048000  ( 0.2%) 
edges                  726/256000       2904/1024000  ( 0.3%) 
LDR worldlights          3/8192          264/720896   ( 0.0%) 
HDR worldlights          0/8192            0/720896   ( 0.0%) 
leafwaterdata            0/32768           0/393216   ( 0.0%) 
waterstrips             13/32768         130/327680   ( 0.0%) 
waterverts               0/65536           0/786432   ( 0.0%) 
waterindices           240/65536         480/131072   ( 0.4%) 
cubemapsamples           0/1024            0/16384    ( 0.0%) 
overlays                 0/8192            0/2883584  ( 0.0%) 
LDR lightdata         [variable]      121524/0        ( 0.0%) 
HDR lightdata         [variable]           0/0        ( 0.0%) 
visdata               [variable]          64/16777216 ( 0.0%) 
entdata               [variable]        7136/4194304  ( 0.2%) 
LDR ambient table       40/65536         160/262144   ( 0.1%) 
HDR ambient table       40/65536         160/262144   ( 0.1%) 
LDR leaf ambient        57/65536        1596/1835008  ( 0.1%) 
HDR leaf ambient        40/65536        1120/1835008  ( 0.1%) 
occluders                0/0               0/0        ( 0.0%) 
occluder polygons        0/0               0/0        ( 0.0%) 
occluder vert ind        0/0               0/0        ( 0.0%) 
detail props          [variable]          12/0        ( 0.0%) 
static props          [variable]          12/0        ( 0.0%) 
static prop count        0/16384           0/0        ( 0.0%) 
pakfile               [variable]       24934/0        ( 0.0%) 
physics               [variable]       18356/4194304  ( 0.4%) 
physics terrain       [variable]           2/1048576  ( 0.0%) 

Level flags = 0

Total triangle count: 435
Writing w:\programs\steam\steamapps\common\garrysmod\garrysmod\addons\garrysmodmap\maps\gm_garrymod_map_by_woowz_map_garry_game.bsp
0 seconds elapsed




materialPath: W:\Programs\Steam\steamapps\common\GarrysMod\garrysmod\materials
Loading w:\programs\steam\steamapps\common\garrysmod\garrysmod\addons\garrysmodmap\maps\gm_garrymod_map_by_woowz_map_garry_game.vmf
fixing up env_cubemap materials on brush sides...
ProcessBlock_Thread: 0...1...2...3...4...5...6...7...8...9...10 (0)
ProcessBlock_Thread: 0...1...2...3...4...5...6...7...8...9...10 (0)
Processing areas...done (0)
Building Faces...done (0)
Chop Details...done (0)
Find Visible Detail Sides...
Merged 22 detail faces...done (0)
Merging details...done (0)
FixTjuncs...
PruneNodes...
WriteBSP...
done (0)
writing w:\programs\steam\steamapps\common\garrysmod\garrysmod\addons\garrysmodmap\maps\gm_garrymod_map_by_woowz_map_garry_game.prt...
Building visibility clusters...
done (0)
Creating default LDR cubemaps for env_cubemap using skybox materials:
   skybox/sky_day01_01*.vmt
 ! Run buildcubemaps in the engine to get the correct cube maps.
*** Error: Skybox vtf files for skybox/sky_day01_01 weren't compiled with the same size texture and/or same flags!
Can't load skybox file skybox/sky_day01_01 to build the default cubemap!
Finding displacement neighbors...
Finding lightmap sample positions...
Displacement Alpha : 0...1...2...3...4...5...6...7...8...9...10
Building Physics collision data...
done (0) (18356 bytes)
Placing detail props : 0...1...2...3...4...5...6...7...8...9...10
Compacting texture/material tables...
Reduced 37 texinfos to 22
Reduced 10 texdatas to 10 (239 bytes to 239)
Writing w:\programs\steam\steamapps\common\garrysmod\garrysmod\addons\garrysmodmap\maps\gm_garrymod_map_by_woowz_map_garry_game.bsp
0 seconds elapsed



16 threads
reading w:\programs\steam\steamapps\common\garrysmod\garrysmod\addons\garrysmodmap\maps\gm_garrymod_map_by_woowz_map_garry_game.bsp
reading w:\programs\steam\steamapps\common\garrysmod\garrysmod\addons\garrysmodmap\maps\gm_garrymod_map_by_woowz_map_garry_game.prt
   6 portalclusters
   6 numportals
BasePortalVis:       0...1...2...3...4...5...6...7...8...9...10 (0)
Optimized: 0 visible clusters (0.00%)
Total clusters visible: 28
Average clusters visible: 4
Building PAS...
Average clusters audible: 6
visdatasize:64  compressed from 96
writing w:\programs\steam\steamapps\common\garrysmod\garrysmod\addons\garrysmodmap\maps\gm_garrymod_map_by_woowz_map_garry_game.bsp
0 seconds elapsed



[Reading texlights from 'lights.rad']
[51 texlights parsed from 'lights.rad']
Loading w:\programs\steam\steamapps\common\garrysmod\garrysmod\addons\garrysmodmap\maps\gm_garrymod_map_by_woowz_map_garry_game.bsp
BuildFacelights:     0...1...2...3...4...5...6...7...8...9...10 (0)
BuildVisLeafs:       0...1...2...3...4...5...6...7...8...9...10 (0)
transfers 660909, max 298
GatherLight:         0...1...2...3...4...5...6...7...8...9...10 (0)
GatherLight:         0...1...2...3...4...5...6...7...8...9...10 (0)
Build Patch/Sample Hash Table(s).....Done<0.0004 sec>
FinalLightFace:      0...1...2...3...4...5...6...7...8...9...10 (0)
FinalLightFace Done
0 of 0 (0% of) surface lights went in leaf ambient cubes.
ThreadComputeLeafAmbient: 0...1...2...3...4...5...6...7...8...9...10 (0)
Writing leaf ambient...done
Ready to Finish

Object names       Objects/Maxobjs  Memory / Maxmem  Fullness 
------------       ---------------  ---------------  -------- 
models                   2/4096           96/196608   ( 0.0%) 
brushes                 54/65535         648/786420   ( 0.1%) 
brushsides             325/655350       2600/5242800  ( 0.0%) 
planes                 142/65536        2840/1310720  ( 0.2%) 
vertexes               313/65536        3756/786432   ( 0.5%) 
nodes                   37/65536        1184/2097152  ( 0.1%) 
texinfos                22/16384        1584/1179648  ( 0.1%) 
texdata                 10/8192          320/262144   ( 0.1%) 
dispinfos                0/0               0/0        ( 0.0%) 
disp_verts               0/0               0/0        ( 0.0%) 
disp_tris                0/0               0/0        ( 0.0%) 
disp_multiblend          0/0               0/0        ( 0.0%) 
disp_lmsamples           0/0               0/0        ( 0.0%) 
faces                  145/65536        8120/3670016  ( 0.2%) 
hdr faces                0/65536           0/3670016  ( 0.0%) 
origfaces               97/65536        5432/3670016  ( 0.1%) 
leaves                  40/65536        1280/2097152  ( 0.1%) 
leaffaces              145/65536         290/131072   ( 0.2%) 
leafbrushes             62/65536         124/131072   ( 0.1%) 
areas                    3/1024           24/8192     ( 0.3%) 
surfedges             1113/512000       4452/2048000  ( 0.2%) 
edges                  726/256000       2904/1024000  ( 0.3%) 
LDR worldlights          3/8192          264/720896   ( 0.0%) 
HDR worldlights          0/8192            0/720896   ( 0.0%) 
leafwaterdata            0/32768           0/393216   ( 0.0%) 
waterstrips             13/32768         130/327680   ( 0.0%) 
waterverts               0/65536           0/786432   ( 0.0%) 
waterindices           240/65536         480/131072   ( 0.4%) 
cubemapsamples           0/1024            0/16384    ( 0.0%) 
overlays                 0/8192            0/2883584  ( 0.0%) 
LDR lightdata         [variable]      121524/0        ( 0.0%) 
HDR lightdata         [variable]           0/0        ( 0.0%) 
visdata               [variable]          64/16777216 ( 0.0%) 
entdata               [variable]        6983/4194304  ( 0.2%) 
LDR ambient table       40/65536         160/262144   ( 0.1%) 
HDR ambient table       40/65536         160/262144   ( 0.1%) 
LDR leaf ambient        57/65536        1596/1835008  ( 0.1%) 
HDR leaf ambient        40/65536        1120/1835008  ( 0.1%) 
occluders                0/0               0/0        ( 0.0%) 
occluder polygons        0/0               0/0        ( 0.0%) 
occluder vert ind        0/0               0/0        ( 0.0%) 
detail props          [variable]          12/0        ( 0.0%) 
static props          [variable]          12/0        ( 0.0%) 
static prop count        0/16384           0/0        ( 0.0%) 
pakfile               [variable]       24934/0        ( 0.0%) 
physics               [variable]       18356/4194304  ( 0.4%) 
physics terrain       [variable]           2/1048576  ( 0.0%) 

Level flags = 0

Total triangle count: 435
Writing w:\programs\steam\steamapps\common\garrysmod\garrysmod\addons\garrysmodmap\maps\gm_garrymod_map_by_woowz_map_garry_game.bsp
0 seconds elapsed




materialPath: W:\Programs\Steam\steamapps\common\GarrysMod\garrysmod\materials
Loading w:\programs\steam\steamapps\common\garrysmod\garrysmod\addons\garrysmodmap\maps\gm_garrymod_map_by_woowz_map_garry_game.vmf
fixing up env_cubemap materials on brush sides...
ProcessBlock_Thread: 0...1...2...3...4...5...6...7...8...9...10 (0)
ProcessBlock_Thread: 0...1...2...3...4...5...6...7...8...9...10 (0)
Processing areas...done (0)
Building Faces...done (0)
Chop Details...done (0)
Find Visible Detail Sides...
Merged 22 detail faces...done (0)
Merging details...done (0)
FixTjuncs...
PruneNodes...
WriteBSP...
done (0)
writing w:\programs\steam\steamapps\common\garrysmod\garrysmod\addons\garrysmodmap\maps\gm_garrymod_map_by_woowz_map_garry_game.prt...
Building visibility clusters...
done (0)
Creating default LDR cubemaps for env_cubemap using skybox materials:
   skybox/sky_day01_01*.vmt
 ! Run buildcubemaps in the engine to get the correct cube maps.
*** Error: Skybox vtf files for skybox/sky_day01_01 weren't compiled with the same size texture and/or same flags!
Can't load skybox file skybox/sky_day01_01 to build the default cubemap!
Finding displacement neighbors...
Finding lightmap sample positions...
Displacement Alpha : 0...1...2...3...4...5...6...7...8...9...10
Building Physics collision data...
done (0) (18356 bytes)
Placing detail props : 0...1...2...3...4...5...6...7...8...9...10
Compacting texture/material tables...
Reduced 38 texinfos to 23
Reduced 11 texdatas to 11 (256 bytes to 256)
Writing w:\programs\steam\steamapps\common\garrysmod\garrysmod\addons\garrysmodmap\maps\gm_garrymod_map_by_woowz_map_garry_game.bsp
0 seconds elapsed



16 threads
reading w:\programs\steam\steamapps\common\garrysmod\garrysmod\addons\garrysmodmap\maps\gm_garrymod_map_by_woowz_map_garry_game.bsp
reading w:\programs\steam\steamapps\common\garrysmod\garrysmod\addons\garrysmodmap\maps\gm_garrymod_map_by_woowz_map_garry_game.prt
   6 portalclusters
   6 numportals
BasePortalVis:       0...1...2...3...4...5...6...7...8...9...10 (0)
Optimized: 0 visible clusters (0.00%)
Total clusters visible: 28
Average clusters visible: 4
Building PAS...
Average clusters audible: 6
visdatasize:64  compressed from 96
writing w:\programs\steam\steamapps\common\garrysmod\garrysmod\addons\garrysmodmap\maps\gm_garrymod_map_by_woowz_map_garry_game.bsp
0 seconds elapsed



[Reading texlights from 'lights.rad']
[51 texlights parsed from 'lights.rad']
Loading w:\programs\steam\steamapps\common\garrysmod\garrysmod\addons\garrysmodmap\maps\gm_garrymod_map_by_woowz_map_garry_game.bsp
BuildFacelights:     0...1...2...3...4...5...6...7...8...9...10 (0)
BuildVisLeafs:       0...1...2...3...4...5...6...7...8...9...10 (0)
transfers 687314, max 296
GatherLight:         0...1...2...3...4...5...6...7...8...9...10 (0)
GatherLight:         0...1...2...3...4...5...6...7...8...9...10 (0)
Build Patch/Sample Hash Table(s).....Done<0.0004 sec>
FinalLightFace:      0...1...2...3...4...5...6...7...8...9...10 (0)
FinalLightFace Done
0 of 0 (0% of) surface lights went in leaf ambient cubes.
ThreadComputeLeafAmbient: 0...1...2...3...4...5...6...7...8...9...10 (0)
Writing leaf ambient...done
Ready to Finish

Object names       Objects/Maxobjs  Memory / Maxmem  Fullness 
------------       ---------------  ---------------  -------- 
models                   2/4096           96/196608   ( 0.0%) 
brushes                 54/65535         648/786420   ( 0.1%) 
brushsides             325/655350       2600/5242800  ( 0.0%) 
planes                 142/65536        2840/1310720  ( 0.2%) 
vertexes               315/65536        3780/786432   ( 0.5%) 
nodes                   37/65536        1184/2097152  ( 0.1%) 
texinfos                23/16384        1656/1179648  ( 0.1%) 
texdata                 11/8192          352/262144   ( 0.1%) 
dispinfos                0/0               0/0        ( 0.0%) 
disp_verts               0/0               0/0        ( 0.0%) 
disp_tris                0/0               0/0        ( 0.0%) 
disp_multiblend          0/0               0/0        ( 0.0%) 
disp_lmsamples           0/0               0/0        ( 0.0%) 
faces                  145/65536        8120/3670016  ( 0.2%) 
hdr faces                0/65536           0/3670016  ( 0.0%) 
origfaces               97/65536        5432/3670016  ( 0.1%) 
leaves                  40/65536        1280/2097152  ( 0.1%) 
leaffaces              145/65536         290/131072   ( 0.2%) 
leafbrushes             62/65536         124/131072   ( 0.1%) 
areas                    3/1024           24/8192     ( 0.3%) 
surfedges             1117/512000       4468/2048000  ( 0.2%) 
edges                  728/256000       2912/1024000  ( 0.3%) 
LDR worldlights          3/8192          264/720896   ( 0.0%) 
HDR worldlights          0/8192            0/720896   ( 0.0%) 
leafwaterdata            0/32768           0/393216   ( 0.0%) 
waterstrips             15/32768         150/327680   ( 0.0%) 
waterverts               0/65536           0/786432   ( 0.0%) 
waterindices           258/65536         516/131072   ( 0.4%) 
cubemapsamples           0/1024            0/16384    ( 0.0%) 
overlays                 1/8192          352/2883584  ( 0.0%) 
LDR lightdata         [variable]      129024/0        ( 0.0%) 
HDR lightdata         [variable]           0/0        ( 0.0%) 
visdata               [variable]          64/16777216 ( 0.0%) 
entdata               [variable]        7759/4194304  ( 0.2%) 
LDR ambient table       40/65536         160/262144   ( 0.1%) 
HDR ambient table       40/65536         160/262144   ( 0.1%) 
LDR leaf ambient        57/65536        1596/1835008  ( 0.1%) 
HDR leaf ambient        40/65536        1120/1835008  ( 0.1%) 
occluders                0/0               0/0        ( 0.0%) 
occluder polygons        0/0               0/0        ( 0.0%) 
occluder vert ind        0/0               0/0        ( 0.0%) 
detail props          [variable]          12/0        ( 0.0%) 
static props          [variable]          12/0        ( 0.0%) 
static prop count        0/16384           0/0        ( 0.0%) 
pakfile               [variable]       24934/0        ( 0.0%) 
physics               [variable]       18356/4194304  ( 0.4%) 
physics terrain       [variable]           2/1048576  ( 0.0%) 

Level flags = 0

Total triangle count: 439
Writing w:\programs\steam\steamapps\common\garrysmod\garrysmod\addons\garrysmodmap\maps\gm_garrymod_map_by_woowz_map_garry_game.bsp
0 seconds elapsed

