
==================================================================
Date: 2026-09-05 22:51:41
W:\Programs\Steam\steamapps\common\GarrysMod\bin\win64\vbspplusplus.exe -allowdynamicpropsasstatic -game W:\Programs\Steam\steamapps\common\GarrysMod\garrysmod w:\programs\steam\steamapps\common\garrysmod\garrysmod\addons\garrysmodmap\maps\gmm_garrymod_map_by_woowz_map_garry_game
==================================================================
16 threads
---------------
gamedir: W:\Programs\Steam\steamapps\common\GarrysMod\garrysmod\
---------------
Loading w:\programs\steam\steamapps\common\garrysmod\garrysmod\addons\garrysmodmap\maps\gmm_garrymod_map_by_woowz_map_garry_game.vmf
Can't find surfaceprop antlion_eggshell for material NATURE/ROCKWALL_ANTLION03A, using default
Locating GameData file 'garrysmod.fgd'...
Parsing GameData file w:\programs\steam\steamapps\common\garrysmod\bin\garrysmod.fgd
Parsing GameData file w:\programs\steam\steamapps\common\garrysmod\bin\base.fgd
Parsing GameData file w:\programs\steam\steamapps\common\garrysmod\bin\halflife2.fgd
Parsing GameData file w:\programs\steam\steamapps\common\garrysmod\bin\base.fgd
fixing up env_cubemap materials on brush sides...
FloodEntities...
FloodEntities...
Processing areas...done (0)
Building Faces...done (0)
Chop Details...done (0)
Find Visible Detail Sides...
Merged 942 detail faces...done (1)
Merging details...done (0)
FixTjuncs...
PruneNodes...
WriteBSP...
done (0)
writing w:\programs\steam\steamapps\common\garrysmod\garrysmod\addons\garrysmodmap\maps\gmm_garrymod_map_by_woowz_map_garry_game.prt...
Building visibility clusters...
done (0)
Generating blank default cubemaps...
Generating blank default cubemaps...
Emitted 3593 brushes and 22593 brushsides
Finding displacement neighbors...
Finding lightmap sample positions...
Building Physics collision data...
done (0) (1171548 bytes)
Emitting static props...
Model "models/props_phx/construct/metal_wire1x2x2b.mdl" is missing $staticprop. Allowing due to -allowdynamicpropsasstatic
Model "models/props_phx/construct/metal_wire_angle360x2.mdl" is missing $staticprop. Allowing due to -allowdynamicpropsasstatic
Placing detail props : 0...1...2...3...4...5...6...7...8...9...10
Water found with no water_lod_control entity, creating a default one.
Compacting texture/material tables...
Reduced 2289 texinfos to 1395
Reduced 293 texdatas to 268 (9275 bytes to 7064)
Writing w:\programs\steam\steamapps\common\garrysmod\garrysmod\addons\garrysmodmap\maps\gmm_garrymod_map_by_woowz_map_garry_game.bsp
2 seconds elapsed

==================================================================
Date: 2026-09-05 22:51:43
W:\Programs\Steam\steamapps\common\GarrysMod\bin\win64\vvisplusplus.exe -game W:\Programs\Steam\steamapps\common\GarrysMod\garrysmod w:\programs\steam\steamapps\common\garrysmod\garrysmod\addons\garrysmodmap\maps\gmm_garrymod_map_by_woowz_map_garry_game
==================================================================
16 threads
CPU supports AVX2
reading w:\programs\steam\steamapps\common\garrysmod\garrysmod\addons\garrysmodmap\maps\gmm_garrymod_map_by_woowz_map_garry_game.bsp
reading w:\programs\steam\steamapps\common\garrysmod\garrysmod\addons\garrysmodmap\maps\gmm_garrymod_map_by_woowz_map_garry_game.prt
1169 portalclusters
2114 numportals
0...1...2...3...4...5...6...7...8...9...100...1...2...3...4...5...6...7...8...9...10Optimized: 179 visible clusters (0.32%)
Total clusters visible: 56352
Average clusters visible: 48
Building PAS...
Average clusters audible: 192
visdatasize:121592  compressed from 355376
writing w:\programs\steam\steamapps\common\garrysmod\garrysmod\addons\garrysmodmap\maps\gmm_garrymod_map_by_woowz_map_garry_game.bsp
Wrote ZIP buffer, estimated size 129169, actual size 125739
0 seconds elapsed

==================================================================
Date: 2026-09-05 22:51:43
W:\Programs\Steam\steamapps\common\GarrysMod\bin\win64\vradplusplus.exe -both -final -game W:\Programs\Steam\steamapps\common\GarrysMod\garrysmod w:\programs\steam\steamapps\common\garrysmod\garrysmod\addons\garrysmodmap\maps\gmm_garrymod_map_by_woowz_map_garry_game
==================================================================
---------------
gamedir: W:\Programs\Steam\steamapps\common\GarrysMod\garrysmod\
---------------
16 threads
Compiling in LDR+HDR mode
Reading texlights from 'lights.rad'...
52 texlights parsed
Loading w:\programs\steam\steamapps\common\garrysmod\garrysmod\addons\garrysmodmap\maps\gmm_garrymod_map_by_woowz_map_garry_game.bsp
112 props added to raytrace
14348 faces
1 degenerate faces
340 fake patch planes
1562050 square feet [224935264.00 square inches]
4 Displacements
3259 Square Feet [469401.19 Square Inches]
0...1...2...3...4...5...6...7...8...9...1014347 patches before subdivision
172217 patches after subdivision
CreateDirectLights...
0...1...2...3...4...5...6...7...8...9...10497 lights, 6 styled (0.01 seconds)
0...1...2...3...4...5...6...7...8...9...100...1...2...3...4...5...6...7...8...9...10transfers 19967159, max 1044
transfer lists: 152.3 megs
0...1...2...3...4...5...6...7...8...9...10	Bounce #1 added RGB(1537222, 1211434, 869087)
0...1...2...3...4...5...6...7...8...9...10	Bounce #2 added RGB(406602, 304890, 206392)
0...1...2...3...4...5...6...7...8...9...10	Bounce #3 added RGB(127254, 94119, 60922)
0...1...2...3...4...5...6...7...8...9...10	Bounce #4 added RGB(44009, 32108, 19555)
0...1...2...3...4...5...6...7...8...9...10	Bounce #5 added RGB(16380, 11772, 6674)
0...1...2...3...4...5...6...7...8...9...10	Bounce #6 added RGB(6421, 4522, 2365)
0...1...2...3...4...5...6...7...8...9...10	Bounce #7 added RGB(2633, 1811, 867)
0...1...2...3...4...5...6...7...8...9...10	Bounce #8 added RGB(1121, 751, 327)
0...1...2...3...4...5...6...7...8...9...10	Bounce #9 added RGB(493, 321, 127)
0...1...2...3...4...5...6...7...8...9...10	Bounce #10 added RGB(223, 140, 50)
0...1...2...3...4...5...6...7...8...9...10	Bounce #11 added RGB(103, 63, 20)
0...1...2...3...4...5...6...7...8...9...10	Bounce #12 added RGB(48, 28, 8)
0...1...2...3...4...5...6...7...8...9...10	Bounce #13 added RGB(23, 13, 3)
0...1...2...3...4...5...6...7...8...9...10	Bounce #14 added RGB(11, 6, 1)
0...1...2...3...4...5...6...7...8...9...10	Bounce #15 added RGB(5, 3, 1)
0...1...2...3...4...5...6...7...8...9...10	Bounce #16 added RGB(3, 1, 0)
0...1...2...3...4...5...6...7...8...9...10	Bounce #17 added RGB(1, 1, 0)
0...1...2...3...4...5...6...7...8...9...10	Bounce #18 added RGB(1, 0, 0)
Build Patch/Sample Hash Table(s).....Done<0.0737 sec>
0...1...2...3...4...5...6...7...8...9...10FinalLightFace Done
0...1...2...3...4...5...6...7...8...9...10Setting up leaf ambient computation...
75 of 354 (21% of) surface lights went in leaf ambient cubes.
0...1...2...3...4...5...6...7...8...9...10Writing leaf ambient...done
Ready to Finish

Object names       Objects/Maxobjs  Fullness 
------------       ---------------  -------- 
entities              1019/65536    ( 1.6%) 
models                 136/4096     ( 3.3%) 
brushes               3593/65536    ( 5.5%) 
brushsides           22593/655350   ( 3.4%) 
planes                4304/65536    ( 6.6%) 
vertexes             25147/65536    (38.4%) 
nodes                 3944/65536    ( 6.0%) 
texinfos              1395/32768    ( 4.3%) 
texdata                268/8192     ( 3.3%) 
dispinfos                4/16384    ( 0.0%) 
faces                14348/65536    (21.9%) 
hdr faces            14348/65536    (21.9%) 
origfaces             7378/65536    (11.3%) 
leaves                4081/65536    ( 6.2%) 
leaffaces            16919/65536    (25.8%) 
leafbrushes           7775/65536    (11.9%) 
areas                   70/1024     ( 6.8%) 
surfedges            69845/512000   (13.6%) 
edges                39496/256000   (15.4%) 
leafwaterdata           13/32768    ( 0.0%) 
primitives            2192/32768    ( 6.7%) 
primverts                0/65536    ( 0.0%) 
primindices          33684/65536    (51.4%) 
cubemapsamples           0/1024     ( 0.0%) 
overlays                64/8192     ( 0.8%) 
vertnormalindices    69716/256000   (27.2%) 
visdata             121592/16777216 ( 0.7%) 
entdata             384126/393216   (97.7%) CLOSE TO FULL!
LDR ambient table     4081/65536    ( 6.2%) 
HDR ambient table     4081/65536    ( 6.2%) 
LDR worldlights            0       
HDR worldlights            497     
LDR lightdata              0       
HDR lightdata              26975020
LDR leaf ambient           4081    
HDR leaf ambient           12524   
occluders                  0       
occluder polygons          0       
occluder vert ind          0       
detail props               1140    
dtl prp lght               4       
HDR dtl prp lght           4       
static props               16522   
pakfile                    125739  
physics                    1171548 
physics terrain            1376    

Level flags = 0

Total triangle count: 41020
Writing w:\programs\steam\steamapps\common\garrysmod\garrysmod\addons\garrysmodmap\maps\gmm_garrymod_map_by_woowz_map_garry_game.bsp
6 seconds elapsed

==================================================================
Date: 2026-09-05 22:53:15
W:\Programs\Steam\steamapps\common\GarrysMod\bin\win64\vbspplusplus.exe -allowdynamicpropsasstatic -game W:\Programs\Steam\steamapps\common\GarrysMod\garrysmod w:\programs\steam\steamapps\common\garrysmod\garrysmod\addons\garrysmodmap\maps\gmm_garrymod_map_by_woowz_map_garry_game
==================================================================
16 threads
---------------
gamedir: W:\Programs\Steam\steamapps\common\GarrysMod\garrysmod\
---------------
Loading w:\programs\steam\steamapps\common\garrysmod\garrysmod\addons\garrysmodmap\maps\gmm_garrymod_map_by_woowz_map_garry_game.vmf
Can't find surfaceprop antlion_eggshell for material NATURE/ROCKWALL_ANTLION03A, using default
Locating GameData file 'garrysmod.fgd'...
Parsing GameData file w:\programs\steam\steamapps\common\garrysmod\bin\garrysmod.fgd
Parsing GameData file w:\programs\steam\steamapps\common\garrysmod\bin\base.fgd
Parsing GameData file w:\programs\steam\steamapps\common\garrysmod\bin\halflife2.fgd
Parsing GameData file w:\programs\steam\steamapps\common\garrysmod\bin\base.fgd
fixing up env_cubemap materials on brush sides...
FloodEntities...
FloodEntities...
Processing areas...done (0)
Building Faces...done (0)
Chop Details...done (0)
Find Visible Detail Sides...
Merged 942 detail faces...done (0)
Merging details...done (0)
FixTjuncs...
PruneNodes...
WriteBSP...
done (1)
writing w:\programs\steam\steamapps\common\garrysmod\garrysmod\addons\garrysmodmap\maps\gmm_garrymod_map_by_woowz_map_garry_game.prt...
Building visibility clusters...
done (0)
Generating blank default cubemaps...
Generating blank default cubemaps...
Emitted 3593 brushes and 22593 brushsides
Finding displacement neighbors...
Finding lightmap sample positions...
Building Physics collision data...
done (0) (1171548 bytes)
Emitting static props...
Model "models/props_phx/construct/metal_wire1x2x2b.mdl" is missing $staticprop. Allowing due to -allowdynamicpropsasstatic
Model "models/props_phx/construct/metal_wire_angle360x2.mdl" is missing $staticprop. Allowing due to -allowdynamicpropsasstatic
Placing detail props : 0...1...2...3...4...5...6...7...8...9...10
Water found with no water_lod_control entity, creating a default one.
Compacting texture/material tables...
Reduced 2289 texinfos to 1395
Reduced 293 texdatas to 268 (9275 bytes to 7064)
Writing w:\programs\steam\steamapps\common\garrysmod\garrysmod\addons\garrysmodmap\maps\gmm_garrymod_map_by_woowz_map_garry_game.bsp
2 seconds elapsed

==================================================================
Date: 2026-09-05 22:53:18
W:\Programs\Steam\steamapps\common\GarrysMod\bin\win64\vvisplusplus.exe -game W:\Programs\Steam\steamapps\common\GarrysMod\garrysmod w:\programs\steam\steamapps\common\garrysmod\garrysmod\addons\garrysmodmap\maps\gmm_garrymod_map_by_woowz_map_garry_game
==================================================================
16 threads
CPU supports AVX2
reading w:\programs\steam\steamapps\common\garrysmod\garrysmod\addons\garrysmodmap\maps\gmm_garrymod_map_by_woowz_map_garry_game.bsp
reading w:\programs\steam\steamapps\common\garrysmod\garrysmod\addons\garrysmodmap\maps\gmm_garrymod_map_by_woowz_map_garry_game.prt
1170 portalclusters
2098 numportals
0...1...2...3...4...5...6...7...8...9...100...1...2...3...4...5...6...7...8...9...10Optimized: 161 visible clusters (0.29%)
Total clusters visible: 56421
Average clusters visible: 48
Building PAS...
Average clusters audible: 193
visdatasize:121338  compressed from 355680
writing w:\programs\steam\steamapps\common\garrysmod\garrysmod\addons\garrysmodmap\maps\gmm_garrymod_map_by_woowz_map_garry_game.bsp
Wrote ZIP buffer, estimated size 129169, actual size 125739
0 seconds elapsed

==================================================================
Date: 2026-09-05 22:53:18
W:\Programs\Steam\steamapps\common\GarrysMod\bin\win64\vradplusplus.exe -both -final -game W:\Programs\Steam\steamapps\common\GarrysMod\garrysmod w:\programs\steam\steamapps\common\garrysmod\garrysmod\addons\garrysmodmap\maps\gmm_garrymod_map_by_woowz_map_garry_game
==================================================================
---------------
gamedir: W:\Programs\Steam\steamapps\common\GarrysMod\garrysmod\
---------------
16 threads
Compiling in LDR+HDR mode
Reading texlights from 'lights.rad'...
52 texlights parsed
Loading w:\programs\steam\steamapps\common\garrysmod\garrysmod\addons\garrysmodmap\maps\gmm_garrymod_map_by_woowz_map_garry_game.bsp
112 props added to raytrace
14362 faces
1 degenerate faces
340 fake patch planes
1561506 square feet [224856960.00 square inches]
4 Displacements
3259 Square Feet [469401.19 Square Inches]
0...1...2...3...4...5...6...7...8...9...1014361 patches before subdivision
172175 patches after subdivision
CreateDirectLights...
0...1...2...3...4...5...6...7...8...9...10497 lights, 6 styled (0.01 seconds)
0...1...2...3...4...5...6...7...8...9...100...1...2...3...4...5...6...7...8...9...10transfers 19973637, max 1044
transfer lists: 152.4 megs
0...1...2...3...4...5...6...7...8...9...10	Bounce #1 added RGB(1548775, 1222274, 876368)
0...1...2...3...4...5...6...7...8...9...10	Bounce #2 added RGB(407566, 305800, 206975)
0...1...2...3...4...5...6...7...8...9...10	Bounce #3 added RGB(127345, 94209, 60981)
0...1...2...3...4...5...6...7...8...9...10	Bounce #4 added RGB(44010, 32109, 19558)
0...1...2...3...4...5...6...7...8...9...10	Bounce #5 added RGB(16371, 11764, 6671)
0...1...2...3...4...5...6...7...8...9...10	Bounce #6 added RGB(6417, 4519, 2363)
0...1...2...3...4...5...6...7...8...9...10	Bounce #7 added RGB(2631, 1809, 866)
0...1...2...3...4...5...6...7...8...9...10	Bounce #8 added RGB(1121, 750, 327)
0...1...2...3...4...5...6...7...8...9...10	Bounce #9 added RGB(493, 320, 127)
0...1...2...3...4...5...6...7...8...9...10	Bounce #10 added RGB(223, 140, 50)
0...1...2...3...4...5...6...7...8...9...10	Bounce #11 added RGB(103, 63, 20)
0...1...2...3...4...5...6...7...8...9...10	Bounce #12 added RGB(48, 28, 8)
0...1...2...3...4...5...6...7...8...9...10	Bounce #13 added RGB(23, 13, 3)
0...1...2...3...4...5...6...7...8...9...10	Bounce #14 added RGB(11, 6, 1)
0...1...2...3...4...5...6...7...8...9...10	Bounce #15 added RGB(5, 3, 1)
0...1...2...3...4...5...6...7...8...9...10	Bounce #16 added RGB(3, 1, 0)
0...1...2...3...4...5...6...7...8...9...10	Bounce #17 added RGB(1, 1, 0)
0...1...2...3...4...5...6...7...8...9...10	Bounce #18 added RGB(1, 0, 0)
Build Patch/Sample Hash Table(s).....Done<0.0743 sec>
0...1...2...3...4...5...6...7...8...9...10FinalLightFace Done
0...1...2...3...4...5...6...7...8...9...10Setting up leaf ambient computation...
75 of 354 (21% of) surface lights went in leaf ambient cubes.
0...1...2...3...4...5...6...7...8...9...10Writing leaf ambient...done
Ready to Finish

Object names       Objects/Maxobjs  Fullness 
------------       ---------------  -------- 
entities              1019/65536    ( 1.6%) 
models                 136/4096     ( 3.3%) 
brushes               3593/65536    ( 5.5%) 
brushsides           22593/655350   ( 3.4%) 
planes                4304/65536    ( 6.6%) 
vertexes             25133/65536    (38.3%) 
nodes                 3949/65536    ( 6.0%) 
texinfos              1395/32768    ( 4.3%) 
texdata                268/8192     ( 3.3%) 
dispinfos                4/16384    ( 0.0%) 
faces                14362/65536    (21.9%) 
hdr faces            14362/65536    (21.9%) 
origfaces             7378/65536    (11.3%) 
leaves                4086/65536    ( 6.2%) 
leaffaces            16919/65536    (25.8%) 
leafbrushes           7755/65536    (11.8%) 
areas                   70/1024     ( 6.8%) 
surfedges            69887/512000   (13.6%) 
edges                39451/256000   (15.4%) 
leafwaterdata           13/32768    ( 0.0%) 
primitives            2176/32768    ( 6.6%) 
primverts                0/65536    ( 0.0%) 
primindices          33390/65536    (50.9%) 
cubemapsamples           0/1024     ( 0.0%) 
overlays                64/8192     ( 0.8%) 
vertnormalindices    69758/256000   (27.2%) 
visdata             121338/16777216 ( 0.7%) 
entdata             384126/393216   (97.7%) CLOSE TO FULL!
LDR ambient table     4086/65536    ( 6.2%) 
HDR ambient table     4086/65536    ( 6.2%) 
LDR worldlights            0       
HDR worldlights            497     
LDR lightdata              0       
HDR lightdata              26970352
LDR leaf ambient           4086    
HDR leaf ambient           12598   
occluders                  0       
occluder polygons          0       
occluder vert ind          0       
detail props               1140    
dtl prp lght               4       
HDR dtl prp lght           4       
static props               16526   
pakfile                    125739  
physics                    1171548 
physics terrain            1376    

Level flags = 0

Total triangle count: 41034
Writing w:\programs\steam\steamapps\common\garrysmod\garrysmod\addons\garrysmodmap\maps\gmm_garrymod_map_by_woowz_map_garry_game.bsp
6 seconds elapsed

==================================================================
Date: 2026-09-05 22:54:13
W:\Programs\Steam\steamapps\common\GarrysMod\bin\win64\vbspplusplus.exe -allowdynamicpropsasstatic -game W:\Programs\Steam\steamapps\common\GarrysMod\garrysmod w:\programs\steam\steamapps\common\garrysmod\garrysmod\addons\garrysmodmap\maps\gmm_garrymod_map_by_woowz_map_garry_game
==================================================================
16 threads
---------------
gamedir: W:\Programs\Steam\steamapps\common\GarrysMod\garrysmod\
---------------
Loading w:\programs\steam\steamapps\common\garrysmod\garrysmod\addons\garrysmodmap\maps\gmm_garrymod_map_by_woowz_map_garry_game.vmf
Can't find surfaceprop antlion_eggshell for material NATURE/ROCKWALL_ANTLION03A, using default
Locating GameData file 'garrysmod.fgd'...
Parsing GameData file w:\programs\steam\steamapps\common\garrysmod\bin\garrysmod.fgd
Parsing GameData file w:\programs\steam\steamapps\common\garrysmod\bin\base.fgd
Parsing GameData file w:\programs\steam\steamapps\common\garrysmod\bin\halflife2.fgd
Parsing GameData file w:\programs\steam\steamapps\common\garrysmod\bin\base.fgd
fixing up env_cubemap materials on brush sides...
FloodEntities...
FloodEntities...
Processing areas...done (0)
Building Faces...done (0)
Chop Details...done (0)
Find Visible Detail Sides...
Merged 942 detail faces...done (0)
Merging details...done (0)
FixTjuncs...
PruneNodes...
WriteBSP...
done (1)
writing w:\programs\steam\steamapps\common\garrysmod\garrysmod\addons\garrysmodmap\maps\gmm_garrymod_map_by_woowz_map_garry_game.prt...
Building visibility clusters...
done (0)
Generating blank default cubemaps...
Generating blank default cubemaps...
Emitted 3597 brushes and 22617 brushsides
Finding displacement neighbors...
Finding lightmap sample positions...
Building Physics collision data...
done (0) (1172860 bytes)
Emitting static props...
Model "models/props_phx/construct/metal_wire1x2x2b.mdl" is missing $staticprop. Allowing due to -allowdynamicpropsasstatic
Model "models/props_phx/construct/metal_wire_angle360x2.mdl" is missing $staticprop. Allowing due to -allowdynamicpropsasstatic
Placing detail props : 0...1...2...3...4...5...6...7...8...9...10
Water found with no water_lod_control entity, creating a default one.
Compacting texture/material tables...
Reduced 2289 texinfos to 1395
Reduced 293 texdatas to 268 (9275 bytes to 7064)
Writing w:\programs\steam\steamapps\common\garrysmod\garrysmod\addons\garrysmodmap\maps\gmm_garrymod_map_by_woowz_map_garry_game.bsp
2 seconds elapsed

==================================================================
Date: 2026-09-05 22:54:15
W:\Programs\Steam\steamapps\common\GarrysMod\bin\win64\vvisplusplus.exe -game W:\Programs\Steam\steamapps\common\GarrysMod\garrysmod w:\programs\steam\steamapps\common\garrysmod\garrysmod\addons\garrysmodmap\maps\gmm_garrymod_map_by_woowz_map_garry_game
==================================================================
16 threads
CPU supports AVX2
reading w:\programs\steam\steamapps\common\garrysmod\garrysmod\addons\garrysmodmap\maps\gmm_garrymod_map_by_woowz_map_garry_game.bsp
reading w:\programs\steam\steamapps\common\garrysmod\garrysmod\addons\garrysmodmap\maps\gmm_garrymod_map_by_woowz_map_garry_game.prt
1170 portalclusters
2098 numportals
0...1...2...3...4...5...6...7...8...9...100...1...2...3...4...5...6...7...8...9...10Optimized: 161 visible clusters (0.29%)
Total clusters visible: 56421
Average clusters visible: 48
Building PAS...
Average clusters audible: 193
visdatasize:121338  compressed from 355680
writing w:\programs\steam\steamapps\common\garrysmod\garrysmod\addons\garrysmodmap\maps\gmm_garrymod_map_by_woowz_map_garry_game.bsp
Wrote ZIP buffer, estimated size 129169, actual size 125739
0 seconds elapsed

==================================================================
Date: 2026-09-05 22:54:15
W:\Programs\Steam\steamapps\common\GarrysMod\bin\win64\vradplusplus.exe -both -final -game W:\Programs\Steam\steamapps\common\GarrysMod\garrysmod w:\programs\steam\steamapps\common\garrysmod\garrysmod\addons\garrysmodmap\maps\gmm_garrymod_map_by_woowz_map_garry_game
==================================================================
---------------
gamedir: W:\Programs\Steam\steamapps\common\GarrysMod\garrysmod\
---------------
16 threads
Compiling in LDR+HDR mode
Reading texlights from 'lights.rad'...
52 texlights parsed
Loading w:\programs\steam\steamapps\common\garrysmod\garrysmod\addons\garrysmodmap\maps\gmm_garrymod_map_by_woowz_map_garry_game.bsp
112 props added to raytrace
14374 faces
1 degenerate faces
340 fake patch planes
1561506 square feet [224856960.00 square inches]
4 Displacements
3259 Square Feet [469401.19 Square Inches]
0...1...2...3...4...5...6...7...8...9...1014373 patches before subdivision
172241 patches after subdivision
CreateDirectLights...
0...1...2...3...4...5...6...7...8...9...10497 lights, 6 styled (0.01 seconds)
0...1...2...3...4...5...6...7...8...9...100...1...2...3...4...5...6...7...8...9...10transfers 19993055, max 1044
transfer lists: 152.5 megs
0...1...2...3...4...5...6...7...8...9...10	Bounce #1 added RGB(1398617, 1087479, 787928)
0...1...2...3...4...5...6...7...8...9...10	Bounce #2 added RGB(364137, 267851, 183837)
0...1...2...3...4...5...6...7...8...9...10	Bounce #3 added RGB(112343, 81390, 53763)
0...1...2...3...4...5...6...7...8...9...10	Bounce #4 added RGB(39050, 27978, 17403)
0...1...2...3...4...5...6...7...8...9...10	Bounce #5 added RGB(14653, 10368, 5998)
0...1...2...3...4...5...6...7...8...9...10	Bounce #6 added RGB(5832, 4056, 2157)
0...1...2...3...4...5...6...7...8...9...10	Bounce #7 added RGB(2429, 1653, 802)
0...1...2...3...4...5...6...7...8...9...10	Bounce #8 added RGB(1051, 698, 307)
0...1...2...3...4...5...6...7...8...9...10	Bounce #9 added RGB(469, 303, 120)
0...1...2...3...4...5...6...7...8...9...10	Bounce #10 added RGB(214, 134, 48)
0...1...2...3...4...5...6...7...8...9...10	Bounce #11 added RGB(100, 61, 20)
0...1...2...3...4...5...6...7...8...9...10	Bounce #12 added RGB(47, 28, 8)
0...1...2...3...4...5...6...7...8...9...10	Bounce #13 added RGB(23, 13, 3)
0...1...2...3...4...5...6...7...8...9...10	Bounce #14 added RGB(11, 6, 1)
0...1...2...3...4...5...6...7...8...9...10	Bounce #15 added RGB(5, 3, 1)
0...1...2...3...4...5...6...7...8...9...10	Bounce #16 added RGB(3, 1, 0)
0...1...2...3...4...5...6...7...8...9...10	Bounce #17 added RGB(1, 1, 0)
0...1...2...3...4...5...6...7...8...9...10	Bounce #18 added RGB(1, 0, 0)
Build Patch/Sample Hash Table(s).....Done<0.0724 sec>
0...1...2...3...4...5...6...7...8...9...10FinalLightFace Done
0...1...2...3...4...5...6...7...8...9...10Setting up leaf ambient computation...
75 of 354 (21% of) surface lights went in leaf ambient cubes.
0...1...2...3...4...5...6...7...8...9...10Writing leaf ambient...done
Ready to Finish

Object names       Objects/Maxobjs  Fullness 
------------       ---------------  -------- 
entities              1019/65536    ( 1.6%) 
models                 136/4096     ( 3.3%) 
brushes               3597/65536    ( 5.5%) 
brushsides           22617/655350   ( 3.5%) 
planes                4304/65536    ( 6.6%) 
vertexes             25149/65536    (38.4%) 
nodes                 3949/65536    ( 6.0%) 
texinfos              1395/32768    ( 4.3%) 
texdata                268/8192     ( 3.3%) 
dispinfos                4/16384    ( 0.0%) 
faces                14374/65536    (21.9%) 
hdr faces            14374/65536    (21.9%) 
origfaces             7382/65536    (11.3%) 
leaves                4086/65536    ( 6.2%) 
leaffaces            16934/65536    (25.8%) 
leafbrushes           7760/65536    (11.8%) 
areas                   70/1024     ( 6.8%) 
surfedges            69943/512000   (13.7%) 
edges                39479/256000   (15.4%) 
leafwaterdata           13/32768    ( 0.0%) 
primitives            2180/32768    ( 6.7%) 
primverts                0/65536    ( 0.0%) 
primindices          33402/65536    (51.0%) 
cubemapsamples           0/1024     ( 0.0%) 
overlays                64/8192     ( 0.8%) 
vertnormalindices    69814/256000   (27.3%) 
visdata             121338/16777216 ( 0.7%) 
entdata             384126/393216   (97.7%) CLOSE TO FULL!
LDR ambient table     4086/65536    ( 6.2%) 
HDR ambient table     4086/65536    ( 6.2%) 
LDR worldlights            0       
HDR worldlights            497     
LDR lightdata              0       
HDR lightdata              27003328
LDR leaf ambient           4086    
HDR leaf ambient           12578   
occluders                  0       
occluder polygons          0       
occluder vert ind          0       
detail props               1140    
dtl prp lght               4       
HDR dtl prp lght           4       
static props               16526   
pakfile                    125739  
physics                    1172860 
physics terrain            1376    

Level flags = 0

Total triangle count: 41066
Writing w:\programs\steam\steamapps\common\garrysmod\garrysmod\addons\garrysmodmap\maps\gmm_garrymod_map_by_woowz_map_garry_game.bsp
6 seconds elapsed

==================================================================
Date: 2026-09-05 22:57:06
W:\Programs\Steam\steamapps\common\GarrysMod\bin\win64\vbspplusplus.exe -allowdynamicpropsasstatic -game W:\Programs\Steam\steamapps\common\GarrysMod\garrysmod w:\programs\steam\steamapps\common\garrysmod\garrysmod\addons\garrysmodmap\maps\gmm_garrymod_map_by_woowz_map_garry_game
==================================================================
16 threads
---------------
gamedir: W:\Programs\Steam\steamapps\common\GarrysMod\garrysmod\
---------------
Loading w:\programs\steam\steamapps\common\garrysmod\garrysmod\addons\garrysmodmap\maps\gmm_garrymod_map_by_woowz_map_garry_game.vmf
Can't find surfaceprop antlion_eggshell for material NATURE/ROCKWALL_ANTLION03A, using default
Locating GameData file 'garrysmod.fgd'...
Parsing GameData file w:\programs\steam\steamapps\common\garrysmod\bin\garrysmod.fgd
Parsing GameData file w:\programs\steam\steamapps\common\garrysmod\bin\base.fgd
Parsing GameData file w:\programs\steam\steamapps\common\garrysmod\bin\halflife2.fgd
Parsing GameData file w:\programs\steam\steamapps\common\garrysmod\bin\base.fgd
fixing up env_cubemap materials on brush sides...
FloodEntities...
FloodEntities...
Processing areas...done (0)
Building Faces...done (0)
Chop Details...done (0)
Find Visible Detail Sides...
Merged 942 detail faces...done (0)
Merging details...done (0)
FixTjuncs...
PruneNodes...
WriteBSP...
done (1)
writing w:\programs\steam\steamapps\common\garrysmod\garrysmod\addons\garrysmodmap\maps\gmm_garrymod_map_by_woowz_map_garry_game.prt...
Building visibility clusters...
done (0)
Generating blank default cubemaps...
Generating blank default cubemaps...
Emitted 3618 brushes and 22743 brushsides
Finding displacement neighbors...
Finding lightmap sample positions...
Building Physics collision data...
done (0) (1179348 bytes)
Emitting static props...
Model "models/props_phx/construct/metal_wire1x2x2b.mdl" is missing $staticprop. Allowing due to -allowdynamicpropsasstatic
Model "models/props_phx/construct/metal_wire_angle360x2.mdl" is missing $staticprop. Allowing due to -allowdynamicpropsasstatic
Placing detail props : 0...1...2...3...4...5...6...7...8...9...10
Water found with no water_lod_control entity, creating a default one.
Compacting texture/material tables...
Reduced 2289 texinfos to 1395
Reduced 293 texdatas to 268 (9275 bytes to 7064)
Writing w:\programs\steam\steamapps\common\garrysmod\garrysmod\addons\garrysmodmap\maps\gmm_garrymod_map_by_woowz_map_garry_game.bsp
2 seconds elapsed

==================================================================
Date: 2026-09-05 22:57:08
W:\Programs\Steam\steamapps\common\GarrysMod\bin\win64\vvisplusplus.exe -game W:\Programs\Steam\steamapps\common\GarrysMod\garrysmod w:\programs\steam\steamapps\common\garrysmod\garrysmod\addons\garrysmodmap\maps\gmm_garrymod_map_by_woowz_map_garry_game
==================================================================
16 threads
CPU supports AVX2
reading w:\programs\steam\steamapps\common\garrysmod\garrysmod\addons\garrysmodmap\maps\gmm_garrymod_map_by_woowz_map_garry_game.bsp
reading w:\programs\steam\steamapps\common\garrysmod\garrysmod\addons\garrysmodmap\maps\gmm_garrymod_map_by_woowz_map_garry_game.prt
1175 portalclusters
2143 numportals
0...1...2...3...4...5...6...7...8...9...100...1...2...3...4...5...6...7...8...9...10Optimized: 163 visible clusters (0.29%)
Total clusters visible: 56968
Average clusters visible: 48
Building PAS...
Average clusters audible: 192
visdatasize:121955  compressed from 357200
writing w:\programs\steam\steamapps\common\garrysmod\garrysmod\addons\garrysmodmap\maps\gmm_garrymod_map_by_woowz_map_garry_game.bsp
Wrote ZIP buffer, estimated size 129169, actual size 125739
0 seconds elapsed

==================================================================
Date: 2026-09-05 22:57:08
W:\Programs\Steam\steamapps\common\GarrysMod\bin\win64\vradplusplus.exe -both -final -game W:\Programs\Steam\steamapps\common\GarrysMod\garrysmod w:\programs\steam\steamapps\common\garrysmod\garrysmod\addons\garrysmodmap\maps\gmm_garrymod_map_by_woowz_map_garry_game
==================================================================
---------------
gamedir: W:\Programs\Steam\steamapps\common\GarrysMod\garrysmod\
---------------
16 threads
Compiling in LDR+HDR mode
Reading texlights from 'lights.rad'...
52 texlights parsed
Loading w:\programs\steam\steamapps\common\garrysmod\garrysmod\addons\garrysmodmap\maps\gmm_garrymod_map_by_woowz_map_garry_game.bsp
112 props added to raytrace
14380 faces
1 degenerate faces
340 fake patch planes
1562050 square feet [224935264.00 square inches]
4 Displacements
3259 Square Feet [469401.19 Square Inches]
0...1...2...3...4...5...6...7...8...9...1014379 patches before subdivision
172277 patches after subdivision
CreateDirectLights...
0...1...2...3...4...5...6...7...8...9...10502 lights, 6 styled (0.01 seconds)
0...1...2...3...4...5...6...7...8...9...100...1...2...3...4...5...6...7...8...9...10transfers 19988341, max 1044
transfer lists: 152.5 megs
0...1...2...3...4...5...6...7...8...9...10	Bounce #1 added RGB(1410809, 1097181, 793937)
0...1...2...3...4...5...6...7...8...9...10	Bounce #2 added RGB(369377, 272140, 186307)
0...1...2...3...4...5...6...7...8...9...10	Bounce #3 added RGB(114141, 82829, 54527)
0...1...2...3...4...5...6...7...8...9...10	Bounce #4 added RGB(39736, 28517, 17667)
0...1...2...3...4...5...6...7...8...9...10	Bounce #5 added RGB(14898, 10556, 6083)
0...1...2...3...4...5...6...7...8...9...10	Bounce #6 added RGB(5923, 4124, 2185)
0...1...2...3...4...5...6...7...8...9...10	Bounce #7 added RGB(2462, 1677, 811)
0...1...2...3...4...5...6...7...8...9...10	Bounce #8 added RGB(1064, 706, 310)
0...1...2...3...4...5...6...7...8...9...10	Bounce #9 added RGB(473, 306, 121)
0...1...2...3...4...5...6...7...8...9...10	Bounce #10 added RGB(216, 135, 49)
0...1...2...3...4...5...6...7...8...9...10	Bounce #11 added RGB(101, 61, 20)
0...1...2...3...4...5...6...7...8...9...10	Bounce #12 added RGB(48, 28, 8)
0...1...2...3...4...5...6...7...8...9...10	Bounce #13 added RGB(23, 13, 3)
0...1...2...3...4...5...6...7...8...9...10	Bounce #14 added RGB(11, 6, 1)
0...1...2...3...4...5...6...7...8...9...10	Bounce #15 added RGB(5, 3, 1)
0...1...2...3...4...5...6...7...8...9...10	Bounce #16 added RGB(3, 1, 0)
0...1...2...3...4...5...6...7...8...9...10	Bounce #17 added RGB(1, 1, 0)
0...1...2...3...4...5...6...7...8...9...10	Bounce #18 added RGB(1, 0, 0)
Build Patch/Sample Hash Table(s).....Done<0.0719 sec>
0...1...2...3...4...5...6...7...8...9...10FinalLightFace Done
0...1...2...3...4...5...6...7...8...9...10Setting up leaf ambient computation...
75 of 359 (20% of) surface lights went in leaf ambient cubes.
0...1...2...3...4...5...6...7...8...9...10Writing leaf ambient...done
Ready to Finish

Object names       Objects/Maxobjs  Fullness 
------------       ---------------  -------- 
entities              1019/65536    ( 1.6%) 
models                 136/4096     ( 3.3%) 
brushes               3618/65536    ( 5.5%) 
brushsides           22743/655350   ( 3.5%) 
planes                4304/65536    ( 6.6%) 
vertexes             25203/65536    (38.5%) 
nodes                 3956/65536    ( 6.0%) 
texinfos              1395/32768    ( 4.3%) 
texdata                268/8192     ( 3.3%) 
dispinfos                4/16384    ( 0.0%) 
faces                14380/65536    (21.9%) 
hdr faces            14380/65536    (21.9%) 
origfaces             7395/65536    (11.3%) 
leaves                4093/65536    ( 6.2%) 
leaffaces            16979/65536    (25.9%) 
leafbrushes           7818/65536    (11.9%) 
areas                   70/1024     ( 6.8%) 
surfedges            70000/512000   (13.7%) 
edges                39586/256000   (15.5%) 
leafwaterdata           13/32768    ( 0.0%) 
primitives            2197/32768    ( 6.7%) 
primverts                0/65536    ( 0.0%) 
primindices          33750/65536    (51.5%) 
cubemapsamples           0/1024     ( 0.0%) 
overlays                64/8192     ( 0.8%) 
vertnormalindices    69871/256000   (27.3%) 
visdata             121955/16777216 ( 0.7%) 
entdata             384126/393216   (97.7%) CLOSE TO FULL!
LDR ambient table     4093/65536    ( 6.2%) 
HDR ambient table     4093/65536    ( 6.2%) 
LDR worldlights            0       
HDR worldlights            502     
LDR lightdata              0       
HDR lightdata              27008352
LDR leaf ambient           4093    
HDR leaf ambient           12596   
occluders                  0       
occluder polygons          0       
occluder vert ind          0       
detail props               1140    
dtl prp lght               4       
HDR dtl prp lght           4       
static props               16522   
pakfile                    125739  
physics                    1179348 
physics terrain            1376    

Level flags = 0

Total triangle count: 41111
Writing w:\programs\steam\steamapps\common\garrysmod\garrysmod\addons\garrysmodmap\maps\gmm_garrymod_map_by_woowz_map_garry_game.bsp
6 seconds elapsed

==================================================================
Date: 2026-09-05 23:02:26
W:\Programs\Steam\steamapps\common\GarrysMod\bin\win64\vbspplusplus.exe -allowdynamicpropsasstatic -game W:\Programs\Steam\steamapps\common\GarrysMod\garrysmod w:\programs\steam\steamapps\common\garrysmod\garrysmod\addons\garrysmodmap\maps\gmm_garrymod_map_by_woowz_map_garry_game
==================================================================
16 threads
---------------
gamedir: W:\Programs\Steam\steamapps\common\GarrysMod\garrysmod\
---------------
Loading w:\programs\steam\steamapps\common\garrysmod\garrysmod\addons\garrysmodmap\maps\gmm_garrymod_map_by_woowz_map_garry_game.vmf
Can't find surfaceprop antlion_eggshell for material NATURE/ROCKWALL_ANTLION03A, using default
Locating GameData file 'garrysmod.fgd'...
Parsing GameData file w:\programs\steam\steamapps\common\garrysmod\bin\garrysmod.fgd
Parsing GameData file w:\programs\steam\steamapps\common\garrysmod\bin\base.fgd
Parsing GameData file w:\programs\steam\steamapps\common\garrysmod\bin\halflife2.fgd
Parsing GameData file w:\programs\steam\steamapps\common\garrysmod\bin\base.fgd
fixing up env_cubemap materials on brush sides...
FloodEntities...
FloodEntities...
Processing areas...done (0)
Building Faces...done (0)
Chop Details...done (0)
Find Visible Detail Sides...
Merged 946 detail faces...done (0)
Merging details...done (0)
FixTjuncs...
PruneNodes...
WriteBSP...
done (1)
writing w:\programs\steam\steamapps\common\garrysmod\garrysmod\addons\garrysmodmap\maps\gmm_garrymod_map_by_woowz_map_garry_game.prt...
Building visibility clusters...
done (0)
Generating blank default cubemaps...
Generating blank default cubemaps...
Emitted 3632 brushes and 22827 brushsides
Finding displacement neighbors...
Finding lightmap sample positions...
Building Physics collision data...
done (0) (1182020 bytes)
Emitting static props...
Model "models/props_phx/construct/metal_wire1x2x2b.mdl" is missing $staticprop. Allowing due to -allowdynamicpropsasstatic
Model "models/props_phx/construct/metal_wire_angle360x2.mdl" is missing $staticprop. Allowing due to -allowdynamicpropsasstatic
Placing detail props : 0...1...2...3...4...5...6...7...8...9...10
Water found with no water_lod_control entity, creating a default one.
Compacting texture/material tables...
Reduced 2295 texinfos to 1395
Reduced 293 texdatas to 268 (9275 bytes to 7064)
Writing w:\programs\steam\steamapps\common\garrysmod\garrysmod\addons\garrysmodmap\maps\gmm_garrymod_map_by_woowz_map_garry_game.bsp
2 seconds elapsed

==================================================================
Date: 2026-09-05 23:02:29
W:\Programs\Steam\steamapps\common\GarrysMod\bin\win64\vvisplusplus.exe -game W:\Programs\Steam\steamapps\common\GarrysMod\garrysmod w:\programs\steam\steamapps\common\garrysmod\garrysmod\addons\garrysmodmap\maps\gmm_garrymod_map_by_woowz_map_garry_game
==================================================================
16 threads
CPU supports AVX2
reading w:\programs\steam\steamapps\common\garrysmod\garrysmod\addons\garrysmodmap\maps\gmm_garrymod_map_by_woowz_map_garry_game.bsp
reading w:\programs\steam\steamapps\common\garrysmod\garrysmod\addons\garrysmodmap\maps\gmm_garrymod_map_by_woowz_map_garry_game.prt
1192 portalclusters
2185 numportals
0...1...2...3...4...5...6...7...8...9...100...1...2...3...4...5...6...7...8...9...10Optimized: 163 visible clusters (0.27%)
Total clusters visible: 59429
Average clusters visible: 49
Building PAS...
Average clusters audible: 199
visdatasize:126628  compressed from 362368
writing w:\programs\steam\steamapps\common\garrysmod\garrysmod\addons\garrysmodmap\maps\gmm_garrymod_map_by_woowz_map_garry_game.bsp
Wrote ZIP buffer, estimated size 129169, actual size 125739
0 seconds elapsed

==================================================================
Date: 2026-09-05 23:02:29
W:\Programs\Steam\steamapps\common\GarrysMod\bin\win64\vradplusplus.exe -both -final -game W:\Programs\Steam\steamapps\common\GarrysMod\garrysmod w:\programs\steam\steamapps\common\garrysmod\garrysmod\addons\garrysmodmap\maps\gmm_garrymod_map_by_woowz_map_garry_game
==================================================================
---------------
gamedir: W:\Programs\Steam\steamapps\common\GarrysMod\garrysmod\
---------------
16 threads
Compiling in LDR+HDR mode
Reading texlights from 'lights.rad'...
52 texlights parsed
Loading w:\programs\steam\steamapps\common\garrysmod\garrysmod\addons\garrysmodmap\maps\gmm_garrymod_map_by_woowz_map_garry_game.bsp
112 props added to raytrace
14395 faces
1 degenerate faces
340 fake patch planes
1562050 square feet [224935296.00 square inches]
4 Displacements
3259 Square Feet [469401.19 Square Inches]
0...1...2...3...4...5...6...7...8...9...1014394 patches before subdivision
172382 patches after subdivision
CreateDirectLights...
0...1...2...3...4...5...6...7...8...9...10502 lights, 6 styled (0.01 seconds)
0...1...2...3...4...5...6...7...8...9...100...1...2...3...4...5...6...7...8...9...10transfers 20011042, max 1044
transfer lists: 152.7 megs
0...1...2...3...4...5...6...7...8...9...10	Bounce #1 added RGB(1410803, 1097192, 793974)
0...1...2...3...4...5...6...7...8...9...10	Bounce #2 added RGB(369414, 272186, 186380)
0...1...2...3...4...5...6...7...8...9...10	Bounce #3 added RGB(114165, 82853, 54559)
0...1...2...3...4...5...6...7...8...9...10	Bounce #4 added RGB(39750, 28530, 17683)
0...1...2...3...4...5...6...7...8...9...10	Bounce #5 added RGB(14905, 10561, 6090)
0...1...2...3...4...5...6...7...8...9...10	Bounce #6 added RGB(5926, 4126, 2188)
0...1...2...3...4...5...6...7...8...9...10	Bounce #7 added RGB(2463, 1678, 813)
0...1...2...3...4...5...6...7...8...9...10	Bounce #8 added RGB(1064, 707, 311)
0...1...2...3...4...5...6...7...8...9...10	Bounce #9 added RGB(474, 306, 122)
0...1...2...3...4...5...6...7...8...9...10	Bounce #10 added RGB(216, 136, 49)
0...1...2...3...4...5...6...7...8...9...10	Bounce #11 added RGB(101, 61, 20)
0...1...2...3...4...5...6...7...8...9...10	Bounce #12 added RGB(48, 28, 8)
0...1...2...3...4...5...6...7...8...9...10	Bounce #13 added RGB(23, 13, 3)
0...1...2...3...4...5...6...7...8...9...10	Bounce #14 added RGB(11, 6, 1)
0...1...2...3...4...5...6...7...8...9...10	Bounce #15 added RGB(5, 3, 1)
0...1...2...3...4...5...6...7...8...9...10	Bounce #16 added RGB(3, 1, 0)
0...1...2...3...4...5...6...7...8...9...10	Bounce #17 added RGB(1, 1, 0)
0...1...2...3...4...5...6...7...8...9...10	Bounce #18 added RGB(1, 0, 0)
Build Patch/Sample Hash Table(s).....Done<0.0763 sec>
0...1...2...3...4...5...6...7...8...9...10FinalLightFace Done
0...1...2...3...4...5...6...7...8...9...10Setting up leaf ambient computation...
75 of 359 (20% of) surface lights went in leaf ambient cubes.
0...1...2...3...4...5...6...7...8...9...10Writing leaf ambient...done
Ready to Finish

Object names       Objects/Maxobjs  Fullness 
------------       ---------------  -------- 
entities              1019/65536    ( 1.6%) 
models                 136/4096     ( 3.3%) 
brushes               3632/65536    ( 5.5%) 
brushsides           22827/655350   ( 3.5%) 
planes                4306/65536    ( 6.6%) 
vertexes             25242/65536    (38.5%) 
nodes                 3979/65536    ( 6.1%) 
texinfos              1395/32768    ( 4.3%) 
texdata                268/8192     ( 3.3%) 
dispinfos                4/16384    ( 0.0%) 
faces                14395/65536    (22.0%) 
hdr faces            14395/65536    (22.0%) 
origfaces             7412/65536    (11.3%) 
leaves                4116/65536    ( 6.3%) 
leaffaces            17001/65536    (25.9%) 
leafbrushes           7851/65536    (12.0%) 
areas                   70/1024     ( 6.8%) 
surfedges            70099/512000   (13.7%) 
edges                39649/256000   (15.5%) 
leafwaterdata           13/32768    ( 0.0%) 
primitives            2206/32768    ( 6.7%) 
primverts                0/65536    ( 0.0%) 
primindices          33912/65536    (51.7%) 
cubemapsamples           0/1024     ( 0.0%) 
overlays                64/8192     ( 0.8%) 
vertnormalindices    69970/256000   (27.3%) 
visdata             126628/16777216 ( 0.8%) 
entdata             384140/393216   (97.7%) CLOSE TO FULL!
LDR ambient table     4116/65536    ( 6.3%) 
HDR ambient table     4116/65536    ( 6.3%) 
LDR worldlights            0       
HDR worldlights            502     
LDR lightdata              0       
HDR lightdata              27012820
LDR leaf ambient           4116    
HDR leaf ambient           12766   
occluders                  0       
occluder polygons          0       
occluder vert ind          0       
detail props               1140    
dtl prp lght               4       
HDR dtl prp lght           4       
static props               16522   
pakfile                    125739  
physics                    1182020 
physics terrain            1376    

Level flags = 0

Total triangle count: 41180
Writing w:\programs\steam\steamapps\common\garrysmod\garrysmod\addons\garrysmodmap\maps\gmm_garrymod_map_by_woowz_map_garry_game.bsp
6 seconds elapsed

==================================================================
Date: 2026-09-05 23:06:56
W:\Programs\Steam\steamapps\common\GarrysMod\bin\win64\vbspplusplus.exe -allowdynamicpropsasstatic -game W:\Programs\Steam\steamapps\common\GarrysMod\garrysmod w:\programs\steam\steamapps\common\garrysmod\garrysmod\addons\garrysmodmap\maps\gmm_garrymod_map_by_woowz_map_garry_game
==================================================================
16 threads
---------------
gamedir: W:\Programs\Steam\steamapps\common\GarrysMod\garrysmod\
---------------
Loading w:\programs\steam\steamapps\common\garrysmod\garrysmod\addons\garrysmodmap\maps\gmm_garrymod_map_by_woowz_map_garry_game.vmf
Can't find surfaceprop antlion_eggshell for material NATURE/ROCKWALL_ANTLION03A, using default
Locating GameData file 'garrysmod.fgd'...
Parsing GameData file w:\programs\steam\steamapps\common\garrysmod\bin\garrysmod.fgd
Parsing GameData file w:\programs\steam\steamapps\common\garrysmod\bin\base.fgd
Parsing GameData file w:\programs\steam\steamapps\common\garrysmod\bin\halflife2.fgd
Parsing GameData file w:\programs\steam\steamapps\common\garrysmod\bin\base.fgd
fixing up env_cubemap materials on brush sides...
FloodEntities...
FloodEntities...
Processing areas...done (0)
Building Faces...done (0)
Chop Details...done (0)
Find Visible Detail Sides...
Merged 946 detail faces...done (0)
Merging details...done (0)
FixTjuncs...
PruneNodes...
WriteBSP...
done (1)
writing w:\programs\steam\steamapps\common\garrysmod\garrysmod\addons\garrysmodmap\maps\gmm_garrymod_map_by_woowz_map_garry_game.prt...
Building visibility clusters...
done (0)
Generating blank default cubemaps...
Generating blank default cubemaps...
Emitted 3633 brushes and 22833 brushsides
Finding displacement neighbors...
Finding lightmap sample positions...
Building Physics collision data...
done (0) (1182020 bytes)
Emitting static props...
Model "models/props_phx/construct/metal_wire1x2x2b.mdl" is missing $staticprop. Allowing due to -allowdynamicpropsasstatic
Model "models/props_phx/construct/metal_wire_angle360x2.mdl" is missing $staticprop. Allowing due to -allowdynamicpropsasstatic
Placing detail props : 0...1...2...3...4...5...6...7...8...9...10
Water found with no water_lod_control entity, creating a default one.
Compacting texture/material tables...
Reduced 2295 texinfos to 1395
Reduced 293 texdatas to 268 (9275 bytes to 7064)
Writing w:\programs\steam\steamapps\common\garrysmod\garrysmod\addons\garrysmodmap\maps\gmm_garrymod_map_by_woowz_map_garry_game.bsp
2 seconds elapsed

==================================================================
Date: 2026-09-05 23:06:59
W:\Programs\Steam\steamapps\common\GarrysMod\bin\win64\vvisplusplus.exe -game W:\Programs\Steam\steamapps\common\GarrysMod\garrysmod w:\programs\steam\steamapps\common\garrysmod\garrysmod\addons\garrysmodmap\maps\gmm_garrymod_map_by_woowz_map_garry_game
==================================================================
16 threads
CPU supports AVX2
reading w:\programs\steam\steamapps\common\garrysmod\garrysmod\addons\garrysmodmap\maps\gmm_garrymod_map_by_woowz_map_garry_game.bsp
reading w:\programs\steam\steamapps\common\garrysmod\garrysmod\addons\garrysmodmap\maps\gmm_garrymod_map_by_woowz_map_garry_game.prt
1165 portalclusters
2093 numportals
0...1...2...3...4...5...6...7...8...9...100...1...2...3...4...5...6...7...8...9...10Optimized: 164 visible clusters (0.29%)
Total clusters visible: 56815
Average clusters visible: 48
Building PAS...
Average clusters audible: 198
visdatasize:123210  compressed from 354160
writing w:\programs\steam\steamapps\common\garrysmod\garrysmod\addons\garrysmodmap\maps\gmm_garrymod_map_by_woowz_map_garry_game.bsp
Wrote ZIP buffer, estimated size 129169, actual size 125739
0 seconds elapsed

==================================================================
Date: 2026-09-05 23:06:59
W:\Programs\Steam\steamapps\common\GarrysMod\bin\win64\vradplusplus.exe -both -final -game W:\Programs\Steam\steamapps\common\GarrysMod\garrysmod w:\programs\steam\steamapps\common\garrysmod\garrysmod\addons\garrysmodmap\maps\gmm_garrymod_map_by_woowz_map_garry_game
==================================================================
---------------
gamedir: W:\Programs\Steam\steamapps\common\GarrysMod\garrysmod\
---------------
16 threads
Compiling in LDR+HDR mode
Reading texlights from 'lights.rad'...
52 texlights parsed
Loading w:\programs\steam\steamapps\common\garrysmod\garrysmod\addons\garrysmodmap\maps\gmm_garrymod_map_by_woowz_map_garry_game.bsp
112 props added to raytrace
14391 faces
1 degenerate faces
340 fake patch planes
1562050 square feet [224935296.00 square inches]
4 Displacements
3259 Square Feet [469401.19 Square Inches]
0...1...2...3...4...5...6...7...8...9...1014390 patches before subdivision
172364 patches after subdivision
CreateDirectLights...
0...1...2...3...4...5...6...7...8...9...10502 lights, 6 styled (0.01 seconds)
0...1...2...3...4...5...6...7...8...9...100...1...2...3...4...5...6...7...8...9...10transfers 20005128, max 1044
transfer lists: 152.6 megs
0...1...2...3...4...5...6...7...8...9...10	Bounce #1 added RGB(1410724, 1097065, 793864)
0...1...2...3...4...5...6...7...8...9...10	Bounce #2 added RGB(369209, 272005, 186270)
0...1...2...3...4...5...6...7...8...9...10	Bounce #3 added RGB(114133, 82825, 54542)
0...1...2...3...4...5...6...7...8...9...10	Bounce #4 added RGB(39734, 28518, 17677)
0...1...2...3...4...5...6...7...8...9...10	Bounce #5 added RGB(14901, 10559, 6088)
0...1...2...3...4...5...6...7...8...9...10	Bounce #6 added RGB(5924, 4125, 2188)
0...1...2...3...4...5...6...7...8...9...10	Bounce #7 added RGB(2463, 1678, 812)
0...1...2...3...4...5...6...7...8...9...10	Bounce #8 added RGB(1064, 707, 311)
0...1...2...3...4...5...6...7...8...9...10	Bounce #9 added RGB(474, 306, 122)
0...1...2...3...4...5...6...7...8...9...10	Bounce #10 added RGB(216, 136, 49)
0...1...2...3...4...5...6...7...8...9...10	Bounce #11 added RGB(101, 61, 20)
0...1...2...3...4...5...6...7...8...9...10	Bounce #12 added RGB(48, 28, 8)
0...1...2...3...4...5...6...7...8...9...10	Bounce #13 added RGB(23, 13, 3)
0...1...2...3...4...5...6...7...8...9...10	Bounce #14 added RGB(11, 6, 1)
0...1...2...3...4...5...6...7...8...9...10	Bounce #15 added RGB(5, 3, 1)
0...1...2...3...4...5...6...7...8...9...10	Bounce #16 added RGB(3, 1, 0)
0...1...2...3...4...5...6...7...8...9...10	Bounce #17 added RGB(1, 1, 0)
0...1...2...3...4...5...6...7...8...9...10	Bounce #18 added RGB(1, 0, 0)
Build Patch/Sample Hash Table(s).....Done<0.0704 sec>
0...1...2...3...4...5...6...7...8...9...10FinalLightFace Done
0...1...2...3...4...5...6...7...8...9...10Setting up leaf ambient computation...
75 of 359 (20% of) surface lights went in leaf ambient cubes.
0...1...2...3...4...5...6...7...8...9...10Writing leaf ambient...done
Ready to Finish

Object names       Objects/Maxobjs  Fullness 
------------       ---------------  -------- 
entities              1019/65536    ( 1.6%) 
models                 136/4096     ( 3.3%) 
brushes               3633/65536    ( 5.5%) 
brushsides           22833/655350   ( 3.5%) 
planes                4306/65536    ( 6.6%) 
vertexes             25248/65536    (38.5%) 
nodes                 3941/65536    ( 6.0%) 
texinfos              1395/32768    ( 4.3%) 
texdata                268/8192     ( 3.3%) 
dispinfos                4/16384    ( 0.0%) 
faces                14391/65536    (22.0%) 
hdr faces            14391/65536    (22.0%) 
origfaces             7413/65536    (11.3%) 
leaves                4078/65536    ( 6.2%) 
leaffaces            17017/65536    (26.0%) 
leafbrushes           7834/65536    (12.0%) 
areas                   70/1024     ( 6.8%) 
surfedges            70088/512000   (13.7%) 
edges                39642/256000   (15.5%) 
leafwaterdata           13/32768    ( 0.0%) 
primitives            2201/32768    ( 6.7%) 
primverts                0/65536    ( 0.0%) 
primindices          33861/65536    (51.7%) 
cubemapsamples           0/1024     ( 0.0%) 
overlays                64/8192     ( 0.8%) 
vertnormalindices    69959/256000   (27.3%) 
visdata             123210/16777216 ( 0.7%) 
entdata             384140/393216   (97.7%) CLOSE TO FULL!
LDR ambient table     4078/65536    ( 6.2%) 
HDR ambient table     4078/65536    ( 6.2%) 
LDR worldlights            0       
HDR worldlights            502     
LDR lightdata              0       
HDR lightdata              27007768
LDR leaf ambient           4078    
HDR leaf ambient           12386   
occluders                  0       
occluder polygons          0       
occluder vert ind          0       
detail props               1140    
dtl prp lght               4       
HDR dtl prp lght           4       
static props               16522   
pakfile                    125739  
physics                    1182020 
physics terrain            1376    

Level flags = 0

Total triangle count: 41177
Writing w:\programs\steam\steamapps\common\garrysmod\garrysmod\addons\garrysmodmap\maps\gmm_garrymod_map_by_woowz_map_garry_game.bsp
6 seconds elapsed

==================================================================
Date: 2026-09-05 23:07:42
W:\Programs\Steam\steamapps\common\GarrysMod\bin\win64\vbspplusplus.exe -allowdynamicpropsasstatic -game W:\Programs\Steam\steamapps\common\GarrysMod\garrysmod w:\programs\steam\steamapps\common\garrysmod\garrysmod\addons\garrysmodmap\maps\gmm_garrymod_map_by_woowz_map_garry_game
==================================================================
16 threads
---------------
gamedir: W:\Programs\Steam\steamapps\common\GarrysMod\garrysmod\
---------------
Loading w:\programs\steam\steamapps\common\garrysmod\garrysmod\addons\garrysmodmap\maps\gmm_garrymod_map_by_woowz_map_garry_game.vmf
Can't find surfaceprop antlion_eggshell for material NATURE/ROCKWALL_ANTLION03A, using default
Locating GameData file 'garrysmod.fgd'...
Parsing GameData file w:\programs\steam\steamapps\common\garrysmod\bin\garrysmod.fgd
Parsing GameData file w:\programs\steam\steamapps\common\garrysmod\bin\base.fgd
Parsing GameData file w:\programs\steam\steamapps\common\garrysmod\bin\halflife2.fgd
Parsing GameData file w:\programs\steam\steamapps\common\garrysmod\bin\base.fgd
fixing up env_cubemap materials on brush sides...
FloodEntities...
FloodEntities...
Processing areas...done (0)
Building Faces...done (0)
Chop Details...done (0)
Find Visible Detail Sides...
Merged 946 detail faces...done (0)
Merging details...done (0)
FixTjuncs...
PruneNodes...
WriteBSP...
done (1)
writing w:\programs\steam\steamapps\common\garrysmod\garrysmod\addons\garrysmodmap\maps\gmm_garrymod_map_by_woowz_map_garry_game.prt...
Building visibility clusters...
done (0)
Generating blank default cubemaps...
Generating blank default cubemaps...
Emitted 3632 brushes and 22827 brushsides
Finding displacement neighbors...
Finding lightmap sample positions...
Building Physics collision data...
done (0) (1182020 bytes)
Emitting static props...
Model "models/props_phx/construct/metal_wire1x2x2b.mdl" is missing $staticprop. Allowing due to -allowdynamicpropsasstatic
Model "models/props_phx/construct/metal_wire_angle360x2.mdl" is missing $staticprop. Allowing due to -allowdynamicpropsasstatic
Placing detail props : 0...1...2...3...4...5...6...7...8...9...10
Water found with no water_lod_control entity, creating a default one.
Compacting texture/material tables...
Reduced 2294 texinfos to 1395
Reduced 293 texdatas to 268 (9275 bytes to 7064)
Writing w:\programs\steam\steamapps\common\garrysmod\garrysmod\addons\garrysmodmap\maps\gmm_garrymod_map_by_woowz_map_garry_game.bsp
2 seconds elapsed

==================================================================
Date: 2026-09-05 23:07:44
W:\Programs\Steam\steamapps\common\GarrysMod\bin\win64\vvisplusplus.exe -game W:\Programs\Steam\steamapps\common\GarrysMod\garrysmod w:\programs\steam\steamapps\common\garrysmod\garrysmod\addons\garrysmodmap\maps\gmm_garrymod_map_by_woowz_map_garry_game
==================================================================
16 threads
CPU supports AVX2
reading w:\programs\steam\steamapps\common\garrysmod\garrysmod\addons\garrysmodmap\maps\gmm_garrymod_map_by_woowz_map_garry_game.bsp
reading w:\programs\steam\steamapps\common\garrysmod\garrysmod\addons\garrysmodmap\maps\gmm_garrymod_map_by_woowz_map_garry_game.prt
1165 portalclusters
2085 numportals
0...1...2...3...4...5...6...7...8...9...100...1...2...3...4...5...6...7...8...9...10Optimized: 180 visible clusters (0.32%)
Total clusters visible: 56829
Average clusters visible: 48
Building PAS...
Average clusters audible: 198
visdatasize:123210  compressed from 354160
writing w:\programs\steam\steamapps\common\garrysmod\garrysmod\addons\garrysmodmap\maps\gmm_garrymod_map_by_woowz_map_garry_game.bsp
Wrote ZIP buffer, estimated size 129169, actual size 125739
0 seconds elapsed

==================================================================
Date: 2026-09-05 23:07:44
W:\Programs\Steam\steamapps\common\GarrysMod\bin\win64\vradplusplus.exe -both -final -game W:\Programs\Steam\steamapps\common\GarrysMod\garrysmod w:\programs\steam\steamapps\common\garrysmod\garrysmod\addons\garrysmodmap\maps\gmm_garrymod_map_by_woowz_map_garry_game
==================================================================
---------------
gamedir: W:\Programs\Steam\steamapps\common\GarrysMod\garrysmod\
---------------
16 threads
Compiling in LDR+HDR mode
Reading texlights from 'lights.rad'...
52 texlights parsed
Loading w:\programs\steam\steamapps\common\garrysmod\garrysmod\addons\garrysmodmap\maps\gmm_garrymod_map_by_woowz_map_garry_game.bsp
112 props added to raytrace
14391 faces
1 degenerate faces
340 fake patch planes
1562050 square feet [224935328.00 square inches]
4 Displacements
3259 Square Feet [469401.19 Square Inches]
0...1...2...3...4...5...6...7...8...9...1014390 patches before subdivision
172372 patches after subdivision
CreateDirectLights...
0...1...2...3...4...5...6...7...8...9...10502 lights, 6 styled (0.01 seconds)
0...1...2...3...4...5...6...7...8...9...100...1...2...3...4...5...6...7...8...9...10transfers 20004260, max 1044
transfer lists: 152.6 megs
0...1...2...3...4...5...6...7...8...9...10	Bounce #1 added RGB(1410813, 1097105, 793817)
0...1...2...3...4...5...6...7...8...9...10	Bounce #2 added RGB(369244, 272029, 186274)
0...1...2...3...4...5...6...7...8...9...10	Bounce #3 added RGB(114150, 82838, 54549)
0...1...2...3...4...5...6...7...8...9...10	Bounce #4 added RGB(39741, 28523, 17681)
0...1...2...3...4...5...6...7...8...9...10	Bounce #5 added RGB(14903, 10561, 6090)
0...1...2...3...4...5...6...7...8...9...10	Bounce #6 added RGB(5925, 4126, 2188)
0...1...2...3...4...5...6...7...8...9...10	Bounce #7 added RGB(2463, 1679, 813)
0...1...2...3...4...5...6...7...8...9...10	Bounce #8 added RGB(1064, 707, 311)
0...1...2...3...4...5...6...7...8...9...10	Bounce #9 added RGB(474, 306, 122)
0...1...2...3...4...5...6...7...8...9...10	Bounce #10 added RGB(216, 136, 49)
0...1...2...3...4...5...6...7...8...9...10	Bounce #11 added RGB(101, 61, 20)
0...1...2...3...4...5...6...7...8...9...10	Bounce #12 added RGB(48, 28, 8)
0...1...2...3...4...5...6...7...8...9...10	Bounce #13 added RGB(23, 13, 3)
0...1...2...3...4...5...6...7...8...9...10	Bounce #14 added RGB(11, 6, 1)
0...1...2...3...4...5...6...7...8...9...10	Bounce #15 added RGB(5, 3, 1)
0...1...2...3...4...5...6...7...8...9...10	Bounce #16 added RGB(3, 1, 0)
0...1...2...3...4...5...6...7...8...9...10	Bounce #17 added RGB(1, 1, 0)
0...1...2...3...4...5...6...7...8...9...10	Bounce #18 added RGB(1, 0, 0)
Build Patch/Sample Hash Table(s).....Done<0.0709 sec>
0...1...2...3...4...5...6...7...8...9...10FinalLightFace Done
0...1...2...3...4...5...6...7...8...9...10Setting up leaf ambient computation...
75 of 359 (20% of) surface lights went in leaf ambient cubes.
0...1...2...3...4...5...6...7...8...9...10Writing leaf ambient...done
Ready to Finish

Object names       Objects/Maxobjs  Fullness 
------------       ---------------  -------- 
entities              1018/65536    ( 1.6%) 
models                 136/4096     ( 3.3%) 
brushes               3632/65536    ( 5.5%) 
brushsides           22827/655350   ( 3.5%) 
planes                4306/65536    ( 6.6%) 
vertexes             25252/65536    (38.5%) 
nodes                 3940/65536    ( 6.0%) 
texinfos              1395/32768    ( 4.3%) 
texdata                268/8192     ( 3.3%) 
dispinfos                4/16384    ( 0.0%) 
faces                14391/65536    (22.0%) 
hdr faces            14391/65536    (22.0%) 
origfaces             7414/65536    (11.3%) 
leaves                4077/65536    ( 6.2%) 
leaffaces            17065/65536    (26.0%) 
leafbrushes           7831/65536    (11.9%) 
areas                   69/1024     ( 6.7%) 
surfedges            70089/512000   (13.7%) 
edges                39634/256000   (15.5%) 
leafwaterdata           13/32768    ( 0.0%) 
primitives            2202/32768    ( 6.7%) 
primverts                0/65536    ( 0.0%) 
primindices          33876/65536    (51.7%) 
cubemapsamples           0/1024     ( 0.0%) 
overlays                64/8192     ( 0.8%) 
vertnormalindices    69960/256000   (27.3%) 
visdata             123210/16777216 ( 0.7%) 
entdata             384029/393216   (97.7%) CLOSE TO FULL!
LDR ambient table     4077/65536    ( 6.2%) 
HDR ambient table     4077/65536    ( 6.2%) 
LDR worldlights            0       
HDR worldlights            502     
LDR lightdata              0       
HDR lightdata              27003120
LDR leaf ambient           4077    
HDR leaf ambient           12377   
occluders                  0       
occluder polygons          0       
occluder vert ind          0       
detail props               1140    
dtl prp lght               4       
HDR dtl prp lght           4       
static props               16522   
pakfile                    125739  
physics                    1182020 
physics terrain            1376    

Level flags = 0

Total triangle count: 41178
Writing w:\programs\steam\steamapps\common\garrysmod\garrysmod\addons\garrysmodmap\maps\gmm_garrymod_map_by_woowz_map_garry_game.bsp
6 seconds elapsed

==================================================================
Date: 2026-09-05 23:10:29
W:\Programs\Steam\steamapps\common\GarrysMod\bin\win64\vbspplusplus.exe -allowdynamicpropsasstatic -game W:\Programs\Steam\steamapps\common\GarrysMod\garrysmod w:\programs\steam\steamapps\common\garrysmod\garrysmod\addons\garrysmodmap\maps\gmm_garrymod_map_by_woowz_map_garry_game
==================================================================
16 threads
---------------
gamedir: W:\Programs\Steam\steamapps\common\GarrysMod\garrysmod\
---------------
Loading w:\programs\steam\steamapps\common\garrysmod\garrysmod\addons\garrysmodmap\maps\gmm_garrymod_map_by_woowz_map_garry_game.vmf
Can't find surfaceprop antlion_eggshell for material NATURE/ROCKWALL_ANTLION03A, using default
Locating GameData file 'garrysmod.fgd'...
Parsing GameData file w:\programs\steam\steamapps\common\garrysmod\bin\garrysmod.fgd
Parsing GameData file w:\programs\steam\steamapps\common\garrysmod\bin\base.fgd
Parsing GameData file w:\programs\steam\steamapps\common\garrysmod\bin\halflife2.fgd
Parsing GameData file w:\programs\steam\steamapps\common\garrysmod\bin\base.fgd
fixing up env_cubemap materials on brush sides...
FloodEntities...
FloodEntities...
Processing areas...done (0)
Building Faces...done (0)
Chop Details...done (0)
Find Visible Detail Sides...
Merged 946 detail faces...done (0)
Merging details...done (0)
FixTjuncs...
PruneNodes...
WriteBSP...
done (1)
writing w:\programs\steam\steamapps\common\garrysmod\garrysmod\addons\garrysmodmap\maps\gmm_garrymod_map_by_woowz_map_garry_game.prt...
Building visibility clusters...
done (0)
Generating blank default cubemaps...
Generating blank default cubemaps...
Emitted 3640 brushes and 22875 brushsides
Finding displacement neighbors...
Finding lightmap sample positions...
Building Physics collision data...
done (0) (1184020 bytes)
Emitting static props...
Model "models/props_phx/construct/metal_wire1x2x2b.mdl" is missing $staticprop. Allowing due to -allowdynamicpropsasstatic
Model "models/props_phx/construct/metal_wire_angle360x2.mdl" is missing $staticprop. Allowing due to -allowdynamicpropsasstatic
Placing detail props : 0...1...2...3...4...5...6...7...8...9...10
Water found with no water_lod_control entity, creating a default one.
Compacting texture/material tables...
Reduced 2297 texinfos to 1398
Reduced 293 texdatas to 268 (9275 bytes to 7064)
Writing w:\programs\steam\steamapps\common\garrysmod\garrysmod\addons\garrysmodmap\maps\gmm_garrymod_map_by_woowz_map_garry_game.bsp
2 seconds elapsed

==================================================================
Date: 2026-09-05 23:10:31
W:\Programs\Steam\steamapps\common\GarrysMod\bin\win64\vvisplusplus.exe -game W:\Programs\Steam\steamapps\common\GarrysMod\garrysmod w:\programs\steam\steamapps\common\garrysmod\garrysmod\addons\garrysmodmap\maps\gmm_garrymod_map_by_woowz_map_garry_game
==================================================================
16 threads
CPU supports AVX2
reading w:\programs\steam\steamapps\common\garrysmod\garrysmod\addons\garrysmodmap\maps\gmm_garrymod_map_by_woowz_map_garry_game.bsp
reading w:\programs\steam\steamapps\common\garrysmod\garrysmod\addons\garrysmodmap\maps\gmm_garrymod_map_by_woowz_map_garry_game.prt
1170 portalclusters
2101 numportals
0...1...2...3...4...5...6...7...8...9...100...1...2...3...4...5...6...7...8...9...10Optimized: 162 visible clusters (0.28%)
Total clusters visible: 57666
Average clusters visible: 49
Building PAS...
Average clusters audible: 199
visdatasize:123886  compressed from 355680
writing w:\programs\steam\steamapps\common\garrysmod\garrysmod\addons\garrysmodmap\maps\gmm_garrymod_map_by_woowz_map_garry_game.bsp
Wrote ZIP buffer, estimated size 129169, actual size 125739
0 seconds elapsed

==================================================================
Date: 2026-09-05 23:10:31
W:\Programs\Steam\steamapps\common\GarrysMod\bin\win64\vradplusplus.exe -both -final -game W:\Programs\Steam\steamapps\common\GarrysMod\garrysmod w:\programs\steam\steamapps\common\garrysmod\garrysmod\addons\garrysmodmap\maps\gmm_garrymod_map_by_woowz_map_garry_game
==================================================================
---------------
gamedir: W:\Programs\Steam\steamapps\common\GarrysMod\garrysmod\
---------------
16 threads
Compiling in LDR+HDR mode
Reading texlights from 'lights.rad'...
52 texlights parsed
Loading w:\programs\steam\steamapps\common\garrysmod\garrysmod\addons\garrysmodmap\maps\gmm_garrymod_map_by_woowz_map_garry_game.bsp
112 props added to raytrace
14409 faces
1 degenerate faces
340 fake patch planes
1561968 square feet [224923424.00 square inches]
4 Displacements
3259 Square Feet [469401.19 Square Inches]
0...1...2...3...4...5...6...7...8...9...1014408 patches before subdivision
172398 patches after subdivision
CreateDirectLights...
0...1...2...3...4...5...6...7...8...9...10502 lights, 6 styled (0.01 seconds)
0...1...2...3...4...5...6...7...8...9...100...1...2...3...4...5...6...7...8...9...10transfers 20019312, max 1044
transfer lists: 152.7 megs
0...1...2...3...4...5...6...7...8...9...10	Bounce #1 added RGB(1410851, 1097134, 793836)
0...1...2...3...4...5...6...7...8...9...10	Bounce #2 added RGB(369266, 272048, 186286)
0...1...2...3...4...5...6...7...8...9...10	Bounce #3 added RGB(114160, 82846, 54554)
0...1...2...3...4...5...6...7...8...9...10	Bounce #4 added RGB(39746, 28528, 17683)
0...1...2...3...4...5...6...7...8...9...10	Bounce #5 added RGB(14905, 10563, 6090)
0...1...2...3...4...5...6...7...8...9...10	Bounce #6 added RGB(5926, 4127, 2189)
0...1...2...3...4...5...6...7...8...9...10	Bounce #7 added RGB(2464, 1679, 813)
0...1...2...3...4...5...6...7...8...9...10	Bounce #8 added RGB(1064, 707, 311)
0...1...2...3...4...5...6...7...8...9...10	Bounce #9 added RGB(474, 306, 122)
0...1...2...3...4...5...6...7...8...9...10	Bounce #10 added RGB(216, 136, 49)
0...1...2...3...4...5...6...7...8...9...10	Bounce #11 added RGB(101, 61, 20)
0...1...2...3...4...5...6...7...8...9...10	Bounce #12 added RGB(48, 28, 8)
0...1...2...3...4...5...6...7...8...9...10	Bounce #13 added RGB(23, 13, 3)
0...1...2...3...4...5...6...7...8...9...10	Bounce #14 added RGB(11, 6, 1)
0...1...2...3...4...5...6...7...8...9...10	Bounce #15 added RGB(5, 3, 1)
0...1...2...3...4...5...6...7...8...9...10	Bounce #16 added RGB(3, 1, 0)
0...1...2...3...4...5...6...7...8...9...10	Bounce #17 added RGB(1, 1, 0)
0...1...2...3...4...5...6...7...8...9...10	Bounce #18 added RGB(1, 0, 0)
Build Patch/Sample Hash Table(s).....Done<0.0735 sec>
0...1...2...3...4...5...6...7...8...9...10FinalLightFace Done
0...1...2...3...4...5...6...7...8...9...10Setting up leaf ambient computation...
75 of 359 (20% of) surface lights went in leaf ambient cubes.
0...1...2...3...4...5...6...7...8...9...10Writing leaf ambient...done
Ready to Finish

Object names       Objects/Maxobjs  Fullness 
------------       ---------------  -------- 
entities              1019/65536    ( 1.6%) 
models                 136/4096     ( 3.3%) 
brushes               3640/65536    ( 5.6%) 
brushsides           22875/655350   ( 3.5%) 
planes                4306/65536    ( 6.6%) 
vertexes             25287/65536    (38.6%) 
nodes                 3950/65536    ( 6.0%) 
texinfos              1398/32768    ( 4.3%) 
texdata                268/8192     ( 3.3%) 
dispinfos                4/16384    ( 0.0%) 
faces                14409/65536    (22.0%) 
hdr faces            14409/65536    (22.0%) 
origfaces             7428/65536    (11.3%) 
leaves                4087/65536    ( 6.2%) 
leaffaces            17087/65536    (26.1%) 
leafbrushes           7845/65536    (12.0%) 
areas                   69/1024     ( 6.7%) 
surfedges            70182/512000   (13.7%) 
edges                39689/256000   (15.5%) 
leafwaterdata           13/32768    ( 0.0%) 
primitives            2210/32768    ( 6.7%) 
primverts                0/65536    ( 0.0%) 
primindices          33996/65536    (51.9%) 
cubemapsamples           0/1024     ( 0.0%) 
overlays                64/8192     ( 0.8%) 
vertnormalindices    70053/256000   (27.4%) 
visdata             123886/16777216 ( 0.7%) 
entdata             384140/393216   (97.7%) CLOSE TO FULL!
LDR ambient table     4087/65536    ( 6.2%) 
HDR ambient table     4087/65536    ( 6.2%) 
LDR worldlights            0       
HDR worldlights            502     
LDR lightdata              0       
HDR lightdata              27003384
LDR leaf ambient           4087    
HDR leaf ambient           12412   
occluders                  0       
occluder polygons          0       
occluder vert ind          0       
detail props               1140    
dtl prp lght               4       
HDR dtl prp lght           4       
static props               16522   
pakfile                    125739  
physics                    1184020 
physics terrain            1376    

Level flags = 0

Total triangle count: 41235
Writing w:\programs\steam\steamapps\common\garrysmod\garrysmod\addons\garrysmodmap\maps\gmm_garrymod_map_by_woowz_map_garry_game.bsp
6 seconds elapsed

==================================================================
Date: 2026-09-05 23:15:37
W:\Programs\Steam\steamapps\common\GarrysMod\bin\win64\vbspplusplus.exe -allowdynamicpropsasstatic -game W:\Programs\Steam\steamapps\common\GarrysMod\garrysmod w:\programs\steam\steamapps\common\garrysmod\garrysmod\addons\garrysmodmap\maps\gmm_garrymod_map_by_woowz_map_garry_game
==================================================================
16 threads
---------------
gamedir: W:\Programs\Steam\steamapps\common\GarrysMod\garrysmod\
---------------
Loading w:\programs\steam\steamapps\common\garrysmod\garrysmod\addons\garrysmodmap\maps\gmm_garrymod_map_by_woowz_map_garry_game.vmf
Can't find surfaceprop antlion_eggshell for material NATURE/ROCKWALL_ANTLION03A, using default
Locating GameData file 'garrysmod.fgd'...
Parsing GameData file w:\programs\steam\steamapps\common\garrysmod\bin\garrysmod.fgd
Parsing GameData file w:\programs\steam\steamapps\common\garrysmod\bin\base.fgd
Parsing GameData file w:\programs\steam\steamapps\common\garrysmod\bin\halflife2.fgd
Parsing GameData file w:\programs\steam\steamapps\common\garrysmod\bin\base.fgd
fixing up env_cubemap materials on brush sides...
FloodEntities...
FloodEntities...
Processing areas...done (0)
Building Faces...done (0)
Chop Details...done (0)
Find Visible Detail Sides...
Merged 946 detail faces...done (0)
Merging details...done (0)
FixTjuncs...
PruneNodes...
WriteBSP...
done (1)
writing w:\programs\steam\steamapps\common\garrysmod\garrysmod\addons\garrysmodmap\maps\gmm_garrymod_map_by_woowz_map_garry_game.prt...
Building visibility clusters...
done (0)
Generating blank default cubemaps...
Generating blank default cubemaps...
Emitted 3640 brushes and 22875 brushsides
Finding displacement neighbors...
Finding lightmap sample positions...
Building Physics collision data...
done (0) (1184020 bytes)
Emitting static props...
Model "models/props_phx/construct/metal_wire1x2x2b.mdl" is missing $staticprop. Allowing due to -allowdynamicpropsasstatic
Model "models/props_phx/construct/metal_wire_angle360x2.mdl" is missing $staticprop. Allowing due to -allowdynamicpropsasstatic
Placing detail props : 0...1...2...3...4...5...6...7...8...9...10
Water found with no water_lod_control entity, creating a default one.
Compacting texture/material tables...
Reduced 2297 texinfos to 1398
Reduced 293 texdatas to 268 (9275 bytes to 7064)
Writing w:\programs\steam\steamapps\common\garrysmod\garrysmod\addons\garrysmodmap\maps\gmm_garrymod_map_by_woowz_map_garry_game.bsp
2 seconds elapsed

==================================================================
Date: 2026-09-05 23:15:39
W:\Programs\Steam\steamapps\common\GarrysMod\bin\win64\vvisplusplus.exe -game W:\Programs\Steam\steamapps\common\GarrysMod\garrysmod w:\programs\steam\steamapps\common\garrysmod\garrysmod\addons\garrysmodmap\maps\gmm_garrymod_map_by_woowz_map_garry_game
==================================================================
16 threads
CPU supports AVX2
reading w:\programs\steam\steamapps\common\garrysmod\garrysmod\addons\garrysmodmap\maps\gmm_garrymod_map_by_woowz_map_garry_game.bsp
reading w:\programs\steam\steamapps\common\garrysmod\garrysmod\addons\garrysmodmap\maps\gmm_garrymod_map_by_woowz_map_garry_game.prt
1170 portalclusters
2101 numportals
0...1...2...3...4...5...6...7...8...9...100...1...2...3...4...5...6...7...8...9...10Optimized: 161 visible clusters (0.28%)
Total clusters visible: 57665
Average clusters visible: 49
Building PAS...
Average clusters audible: 199
visdatasize:123886  compressed from 355680
writing w:\programs\steam\steamapps\common\garrysmod\garrysmod\addons\garrysmodmap\maps\gmm_garrymod_map_by_woowz_map_garry_game.bsp
Wrote ZIP buffer, estimated size 129169, actual size 125739
0 seconds elapsed

==================================================================
Date: 2026-09-05 23:15:39
W:\Programs\Steam\steamapps\common\GarrysMod\bin\win64\vradplusplus.exe -both -final -game W:\Programs\Steam\steamapps\common\GarrysMod\garrysmod w:\programs\steam\steamapps\common\garrysmod\garrysmod\addons\garrysmodmap\maps\gmm_garrymod_map_by_woowz_map_garry_game
==================================================================
---------------
gamedir: W:\Programs\Steam\steamapps\common\GarrysMod\garrysmod\
---------------
16 threads
Compiling in LDR+HDR mode
Reading texlights from 'lights.rad'...
52 texlights parsed
Loading w:\programs\steam\steamapps\common\garrysmod\garrysmod\addons\garrysmodmap\maps\gmm_garrymod_map_by_woowz_map_garry_game.bsp
112 props added to raytrace
14409 faces
1 degenerate faces
340 fake patch planes
1561968 square feet [224923424.00 square inches]
4 Displacements
3259 Square Feet [469401.19 Square Inches]
0...1...2...3...4...5...6...7...8...9...1014408 patches before subdivision
172398 patches after subdivision
CreateDirectLights...
0...1...2...3...4...5...6...7...8...9...10502 lights, 6 styled (0.01 seconds)
0...1...2...3...4...5...6...7...8...9...100...1...2...3...4...5...6...7...8...9...10transfers 20019312, max 1044
transfer lists: 152.7 megs
0...1...2...3...4...5...6...7...8...9...10	Bounce #1 added RGB(1410850, 1097132, 793836)
0...1...2...3...4...5...6...7...8...9...10	Bounce #2 added RGB(369266, 272048, 186286)
0...1...2...3...4...5...6...7...8...9...10	Bounce #3 added RGB(114160, 82847, 54554)
0...1...2...3...4...5...6...7...8...9...10	Bounce #4 added RGB(39746, 28528, 17683)
0...1...2...3...4...5...6...7...8...9...10	Bounce #5 added RGB(14905, 10563, 6090)
0...1...2...3...4...5...6...7...8...9...10	Bounce #6 added RGB(5926, 4127, 2189)
0...1...2...3...4...5...6...7...8...9...10	Bounce #7 added RGB(2464, 1679, 813)
0...1...2...3...4...5...6...7...8...9...10	Bounce #8 added RGB(1064, 707, 311)
0...1...2...3...4...5...6...7...8...9...10	Bounce #9 added RGB(474, 306, 122)
0...1...2...3...4...5...6...7...8...9...10	Bounce #10 added RGB(216, 136, 49)
0...1...2...3...4...5...6...7...8...9...10	Bounce #11 added RGB(101, 61, 20)
0...1...2...3...4...5...6...7...8...9...10	Bounce #12 added RGB(48, 28, 8)
0...1...2...3...4...5...6...7...8...9...10	Bounce #13 added RGB(23, 13, 3)
0...1...2...3...4...5...6...7...8...9...10	Bounce #14 added RGB(11, 6, 1)
0...1...2...3...4...5...6...7...8...9...10	Bounce #15 added RGB(5, 3, 1)
0...1...2...3...4...5...6...7...8...9...10	Bounce #16 added RGB(3, 1, 0)
0...1...2...3...4...5...6...7...8...9...10	Bounce #17 added RGB(1, 1, 0)
0...1...2...3...4...5...6...7...8...9...10	Bounce #18 added RGB(1, 0, 0)
Build Patch/Sample Hash Table(s).....Done<0.0726 sec>
0...1...2...3...4...5...6...7...8...9...10FinalLightFace Done
0...1...2...3...4...5...6...7...8...9...10Setting up leaf ambient computation...
75 of 359 (20% of) surface lights went in leaf ambient cubes.
0...1...2...3...4...5...6...7...8...9...10Writing leaf ambient...done
Ready to Finish

Object names       Objects/Maxobjs  Fullness 
------------       ---------------  -------- 
entities              1020/65536    ( 1.6%) 
models                 136/4096     ( 3.3%) 
brushes               3640/65536    ( 5.6%) 
brushsides           22875/655350   ( 3.5%) 
planes                4306/65536    ( 6.6%) 
vertexes             25287/65536    (38.6%) 
nodes                 3950/65536    ( 6.0%) 
texinfos              1398/32768    ( 4.3%) 
texdata                268/8192     ( 3.3%) 
dispinfos                4/16384    ( 0.0%) 
faces                14409/65536    (22.0%) 
hdr faces            14409/65536    (22.0%) 
origfaces             7428/65536    (11.3%) 
leaves                4087/65536    ( 6.2%) 
leaffaces            17087/65536    (26.1%) 
leafbrushes           7845/65536    (12.0%) 
areas                   69/1024     ( 6.7%) 
surfedges            70182/512000   (13.7%) 
edges                39689/256000   (15.5%) 
leafwaterdata           13/32768    ( 0.0%) 
primitives            2210/32768    ( 6.7%) 
primverts                0/65536    ( 0.0%) 
primindices          33996/65536    (51.9%) 
cubemapsamples           0/1024     ( 0.0%) 
overlays                64/8192     ( 0.8%) 
vertnormalindices    70053/256000   (27.4%) 
visdata             123886/16777216 ( 0.7%) 
entdata             384291/393216   (97.7%) CLOSE TO FULL!
LDR ambient table     4087/65536    ( 6.2%) 
HDR ambient table     4087/65536    ( 6.2%) 
LDR worldlights            0       
HDR worldlights            502     
LDR lightdata              0       
HDR lightdata              27003384
LDR leaf ambient           4087    
HDR leaf ambient           12412   
occluders                  0       
occluder polygons          0       
occluder vert ind          0       
detail props               1140    
dtl prp lght               4       
HDR dtl prp lght           4       
static props               16522   
pakfile                    125739  
physics                    1184020 
physics terrain            1376    

Level flags = 0

Total triangle count: 41235
Writing w:\programs\steam\steamapps\common\garrysmod\garrysmod\addons\garrysmodmap\maps\gmm_garrymod_map_by_woowz_map_garry_game.bsp
6 seconds elapsed

==================================================================
Date: 2026-09-06 12:08:07
W:\Programs\Steam\steamapps\common\GarrysMod\bin\win64\vbspplusplus.exe -allowdynamicpropsasstatic -game W:\Programs\Steam\steamapps\common\GarrysMod\garrysmod w:\programs\steam\steamapps\common\garrysmod\garrysmod\addons\garrysmodmap\maps\gmm_garrymod_map_by_woowz_map_garry_game
==================================================================
16 threads
---------------
gamedir: W:\Programs\Steam\steamapps\common\GarrysMod\garrysmod\
---------------
Loading w:\programs\steam\steamapps\common\garrysmod\garrysmod\addons\garrysmodmap\maps\gmm_garrymod_map_by_woowz_map_garry_game.vmf
Can't find surfaceprop antlion_eggshell for material NATURE/ROCKWALL_ANTLION03A, using default
Locating GameData file 'garrysmod.fgd'...
Parsing GameData file w:\programs\steam\steamapps\common\garrysmod\bin\garrysmod.fgd
Parsing GameData file w:\programs\steam\steamapps\common\garrysmod\bin\base.fgd
Parsing GameData file w:\programs\steam\steamapps\common\garrysmod\bin\halflife2.fgd
Parsing GameData file w:\programs\steam\steamapps\common\garrysmod\bin\base.fgd
fixing up env_cubemap materials on brush sides...
FloodEntities...
FloodEntities...
Processing areas...done (0)
Building Faces...done (0)
Chop Details...done (0)
Find Visible Detail Sides...
Merged 946 detail faces...done (0)
Merging details...done (1)
FixTjuncs...
PruneNodes...
WriteBSP...
done (0)
writing w:\programs\steam\steamapps\common\garrysmod\garrysmod\addons\garrysmodmap\maps\gmm_garrymod_map_by_woowz_map_garry_game.prt...
Building visibility clusters...
done (0)
Generating blank default cubemaps...
Generating blank default cubemaps...
Emitted 3648 brushes and 22925 brushsides
Finding displacement neighbors...
Finding lightmap sample positions...
Building Physics collision data...
done (0) (1186772 bytes)
Emitting static props...
Model "models/props_phx/construct/metal_wire1x2x2b.mdl" is missing $staticprop. Allowing due to -allowdynamicpropsasstatic
Model "models/props_phx/construct/metal_wire_angle360x2.mdl" is missing $staticprop. Allowing due to -allowdynamicpropsasstatic
Placing detail props : 0...1...2...3...4...5...6...7...8...9...10
Water found with no water_lod_control entity, creating a default one.
Compacting texture/material tables...
Reduced 2302 texinfos to 1402
Reduced 295 texdatas to 270 (9316 bytes to 7105)
Writing w:\programs\steam\steamapps\common\garrysmod\garrysmod\addons\garrysmodmap\maps\gmm_garrymod_map_by_woowz_map_garry_game.bsp
2 seconds elapsed

==================================================================
Date: 2026-09-06 12:08:10
W:\Programs\Steam\steamapps\common\GarrysMod\bin\win64\vvisplusplus.exe -game W:\Programs\Steam\steamapps\common\GarrysMod\garrysmod w:\programs\steam\steamapps\common\garrysmod\garrysmod\addons\garrysmodmap\maps\gmm_garrymod_map_by_woowz_map_garry_game
==================================================================
16 threads
CPU supports AVX2
reading w:\programs\steam\steamapps\common\garrysmod\garrysmod\addons\garrysmodmap\maps\gmm_garrymod_map_by_woowz_map_garry_game.bsp
reading w:\programs\steam\steamapps\common\garrysmod\garrysmod\addons\garrysmodmap\maps\gmm_garrymod_map_by_woowz_map_garry_game.prt
1190 portalclusters
2162 numportals
0...1...2...3...4...5...6...7...8...9...100...1...2...3...4...5...6...7...8...9...10Optimized: 176 visible clusters (0.30%)
Total clusters visible: 59244
Average clusters visible: 49
Building PAS...
Average clusters audible: 200
visdatasize:126850  compressed from 361760
writing w:\programs\steam\steamapps\common\garrysmod\garrysmod\addons\garrysmodmap\maps\gmm_garrymod_map_by_woowz_map_garry_game.bsp
Wrote ZIP buffer, estimated size 129169, actual size 125739
0 seconds elapsed

==================================================================
Date: 2026-09-06 12:08:10
W:\Programs\Steam\steamapps\common\GarrysMod\bin\win64\vradplusplus.exe -both -final -game W:\Programs\Steam\steamapps\common\GarrysMod\garrysmod w:\programs\steam\steamapps\common\garrysmod\garrysmod\addons\garrysmodmap\maps\gmm_garrymod_map_by_woowz_map_garry_game
==================================================================
---------------
gamedir: W:\Programs\Steam\steamapps\common\GarrysMod\garrysmod\
---------------
16 threads
Compiling in LDR+HDR mode
Reading texlights from 'lights.rad'...
52 texlights parsed
Loading w:\programs\steam\steamapps\common\garrysmod\garrysmod\addons\garrysmodmap\maps\gmm_garrymod_map_by_woowz_map_garry_game.bsp
112 props added to raytrace
14471 faces
1 degenerate faces
340 fake patch planes
1570278 square feet [226120096.00 square inches]
4 Displacements
3259 Square Feet [469401.19 Square Inches]
0...1...2...3...4...5...6...7...8...9...1014470 patches before subdivision
173466 patches after subdivision
CreateDirectLights...
0...1...2...3...4...5...6...7...8...9...10503 lights, 6 styled (0.01 seconds)
0...1...2...3...4...5...6...7...8...9...100...1...2...3...4...5...6...7...8...9...10transfers 20113882, max 1044
transfer lists: 153.5 megs
0...1...2...3...4...5...6...7...8...9...10	Bounce #1 added RGB(1413924, 1099634, 795419)
0...1...2...3...4...5...6...7...8...9...10	Bounce #2 added RGB(369629, 272319, 186440)
0...1...2...3...4...5...6...7...8...9...10	Bounce #3 added RGB(114191, 82866, 54563)
0...1...2...3...4...5...6...7...8...9...10	Bounce #4 added RGB(39750, 28530, 17683)
0...1...2...3...4...5...6...7...8...9...10	Bounce #5 added RGB(14904, 10561, 6090)
0...1...2...3...4...5...6...7...8...9...10	Bounce #6 added RGB(5925, 4126, 2188)
0...1...2...3...4...5...6...7...8...9...10	Bounce #7 added RGB(2463, 1678, 813)
0...1...2...3...4...5...6...7...8...9...10	Bounce #8 added RGB(1064, 707, 311)
0...1...2...3...4...5...6...7...8...9...10	Bounce #9 added RGB(474, 306, 122)
0...1...2...3...4...5...6...7...8...9...10	Bounce #10 added RGB(216, 136, 49)
0...1...2...3...4...5...6...7...8...9...10	Bounce #11 added RGB(101, 61, 20)
0...1...2...3...4...5...6...7...8...9...10	Bounce #12 added RGB(48, 28, 8)
0...1...2...3...4...5...6...7...8...9...10	Bounce #13 added RGB(23, 13, 3)
0...1...2...3...4...5...6...7...8...9...10	Bounce #14 added RGB(11, 6, 1)
0...1...2...3...4...5...6...7...8...9...10	Bounce #15 added RGB(5, 3, 1)
0...1...2...3...4...5...6...7...8...9...10	Bounce #16 added RGB(3, 1, 0)
0...1...2...3...4...5...6...7...8...9...10	Bounce #17 added RGB(1, 1, 0)
0...1...2...3...4...5...6...7...8...9...10	Bounce #18 added RGB(1, 0, 0)
Build Patch/Sample Hash Table(s).....Done<0.0710 sec>
0...1...2...3...4...5...6...7...8...9...10FinalLightFace Done
0...1...2...3...4...5...6...7...8...9...10Setting up leaf ambient computation...
75 of 360 (20% of) surface lights went in leaf ambient cubes.
0...1...2...3...4...5...6...7...8...9...10Writing leaf ambient...done
Ready to Finish

Object names       Objects/Maxobjs  Fullness 
------------       ---------------  -------- 
entities              1020/65536    ( 1.6%) 
models                 136/4096     ( 3.3%) 
brushes               3648/65536    ( 5.6%) 
brushsides           22925/655350   ( 3.5%) 
planes                4306/65536    ( 6.6%) 
vertexes             25398/65536    (38.8%) 
nodes                 4002/65536    ( 6.1%) 
texinfos              1402/32768    ( 4.3%) 
texdata                270/8192     ( 3.3%) 
dispinfos                4/16384    ( 0.0%) 
faces                14471/65536    (22.1%) 
hdr faces            14471/65536    (22.1%) 
origfaces             7447/65536    (11.4%) 
leaves                4139/65536    ( 6.3%) 
leaffaces            17156/65536    (26.2%) 
leafbrushes           7900/65536    (12.1%) 
areas                   69/1024     ( 6.7%) 
surfedges            70476/512000   (13.8%) 
edges                39835/256000   (15.6%) 
leafwaterdata           13/32768    ( 0.0%) 
primitives            2219/32768    ( 6.8%) 
primverts                0/65536    ( 0.0%) 
primindices          34101/65536    (52.0%) 
cubemapsamples           0/1024     ( 0.0%) 
overlays                64/8192     ( 0.8%) 
vertnormalindices    70347/256000   (27.5%) 
visdata             126850/16777216 ( 0.8%) 
entdata             384291/393216   (97.7%) CLOSE TO FULL!
LDR ambient table     4139/65536    ( 6.3%) 
HDR ambient table     4139/65536    ( 6.3%) 
LDR worldlights            0       
HDR worldlights            503     
LDR lightdata              0       
HDR lightdata              27273624
LDR leaf ambient           4139    
HDR leaf ambient           12535   
occluders                  0       
occluder polygons          0       
occluder vert ind          0       
detail props               1140    
dtl prp lght               4       
HDR dtl prp lght           4       
static props               16522   
pakfile                    125739  
physics                    1186772 
physics terrain            1376    

Level flags = 0

Total triangle count: 41405
Writing w:\programs\steam\steamapps\common\garrysmod\garrysmod\addons\garrysmodmap\maps\gmm_garrymod_map_by_woowz_map_garry_game.bsp
6 seconds elapsed

==================================================================
Date: 2026-09-06 12:10:48
W:\Programs\Steam\steamapps\common\GarrysMod\bin\win64\vbspplusplus.exe -allowdynamicpropsasstatic -game W:\Programs\Steam\steamapps\common\GarrysMod\garrysmod w:\programs\steam\steamapps\common\garrysmod\garrysmod\addons\garrysmodmap\maps\gmm_garrymod_map_by_woowz_map_garry_game
==================================================================
16 threads
---------------
gamedir: W:\Programs\Steam\steamapps\common\GarrysMod\garrysmod\
---------------
Loading w:\programs\steam\steamapps\common\garrysmod\garrysmod\addons\garrysmodmap\maps\gmm_garrymod_map_by_woowz_map_garry_game.vmf
Can't find surfaceprop antlion_eggshell for material NATURE/ROCKWALL_ANTLION03A, using default
Locating GameData file 'garrysmod.fgd'...
Parsing GameData file w:\programs\steam\steamapps\common\garrysmod\bin\garrysmod.fgd
Parsing GameData file w:\programs\steam\steamapps\common\garrysmod\bin\base.fgd
Parsing GameData file w:\programs\steam\steamapps\common\garrysmod\bin\halflife2.fgd
Parsing GameData file w:\programs\steam\steamapps\common\garrysmod\bin\base.fgd
fixing up env_cubemap materials on brush sides...
FloodEntities...
FloodEntities...
Processing areas...Brush 152527: areaportal brush doesn't touch two areas
--- AREAPORTAL LEAKED ---

==================================================================
Date: 2026-09-06 12:12:05
W:\Programs\Steam\steamapps\common\GarrysMod\bin\win64\vbspplusplus.exe -allowdynamicpropsasstatic -game W:\Programs\Steam\steamapps\common\GarrysMod\garrysmod w:\programs\steam\steamapps\common\garrysmod\garrysmod\addons\garrysmodmap\maps\gmm_garrymod_map_by_woowz_map_garry_game
==================================================================
16 threads
---------------
gamedir: W:\Programs\Steam\steamapps\common\GarrysMod\garrysmod\
---------------
Loading w:\programs\steam\steamapps\common\garrysmod\garrysmod\addons\garrysmodmap\maps\gmm_garrymod_map_by_woowz_map_garry_game.vmf
Can't find surfaceprop antlion_eggshell for material NATURE/ROCKWALL_ANTLION03A, using default
Locating GameData file 'garrysmod.fgd'...
Parsing GameData file w:\programs\steam\steamapps\common\garrysmod\bin\garrysmod.fgd
Parsing GameData file w:\programs\steam\steamapps\common\garrysmod\bin\base.fgd
Parsing GameData file w:\programs\steam\steamapps\common\garrysmod\bin\halflife2.fgd
Parsing GameData file w:\programs\steam\steamapps\common\garrysmod\bin\base.fgd
fixing up env_cubemap materials on brush sides...
FloodEntities...
FloodEntities...
Processing areas...done (0)
Building Faces...done (0)
Chop Details...done (0)
Find Visible Detail Sides...
Merged 946 detail faces...done (0)
Merging details...done (0)
FixTjuncs...
PruneNodes...
WriteBSP...
done (1)
writing w:\programs\steam\steamapps\common\garrysmod\garrysmod\addons\garrysmodmap\maps\gmm_garrymod_map_by_woowz_map_garry_game.prt...
Building visibility clusters...
done (0)
Generating blank default cubemaps...
Generating blank default cubemaps...
Emitted 3659 brushes and 22991 brushsides
Finding displacement neighbors...
Finding lightmap sample positions...
Building Physics collision data...
done (0) (1189355 bytes)
Emitting static props...
Model "models/props_phx/construct/metal_wire1x2x2b.mdl" is missing $staticprop. Allowing due to -allowdynamicpropsasstatic
Model "models/props_phx/construct/metal_wire_angle360x2.mdl" is missing $staticprop. Allowing due to -allowdynamicpropsasstatic
Placing detail props : 0...1...2...3...4...5...6...7...8...9...10
Water found with no water_lod_control entity, creating a default one.
Compacting texture/material tables...
Reduced 2312 texinfos to 1404
Reduced 295 texdatas to 270 (9316 bytes to 7105)
Writing w:\programs\steam\steamapps\common\garrysmod\garrysmod\addons\garrysmodmap\maps\gmm_garrymod_map_by_woowz_map_garry_game.bsp
2 seconds elapsed

==================================================================
Date: 2026-09-06 12:12:07
W:\Programs\Steam\steamapps\common\GarrysMod\bin\win64\vvisplusplus.exe -game W:\Programs\Steam\steamapps\common\GarrysMod\garrysmod w:\programs\steam\steamapps\common\garrysmod\garrysmod\addons\garrysmodmap\maps\gmm_garrymod_map_by_woowz_map_garry_game
==================================================================
16 threads
CPU supports AVX2
reading w:\programs\steam\steamapps\common\garrysmod\garrysmod\addons\garrysmodmap\maps\gmm_garrymod_map_by_woowz_map_garry_game.bsp
reading w:\programs\steam\steamapps\common\garrysmod\garrysmod\addons\garrysmodmap\maps\gmm_garrymod_map_by_woowz_map_garry_game.prt
1195 portalclusters
2157 numportals
0...1...2...3...4...5...6...7...8...9...100...1...2...3...4...5...6...7...8...9...10Optimized: 182 visible clusters (0.30%)
Total clusters visible: 59775
Average clusters visible: 50
Building PAS...
Average clusters audible: 202
visdatasize:127373  compressed from 363280
writing w:\programs\steam\steamapps\common\garrysmod\garrysmod\addons\garrysmodmap\maps\gmm_garrymod_map_by_woowz_map_garry_game.bsp
Wrote ZIP buffer, estimated size 129169, actual size 125739
0 seconds elapsed

==================================================================
Date: 2026-09-06 12:12:07
W:\Programs\Steam\steamapps\common\GarrysMod\bin\win64\vradplusplus.exe -both -final -game W:\Programs\Steam\steamapps\common\GarrysMod\garrysmod w:\programs\steam\steamapps\common\garrysmod\garrysmod\addons\garrysmodmap\maps\gmm_garrymod_map_by_woowz_map_garry_game
==================================================================
---------------
gamedir: W:\Programs\Steam\steamapps\common\GarrysMod\garrysmod\
---------------
16 threads
Compiling in LDR+HDR mode
Reading texlights from 'lights.rad'...
52 texlights parsed
Loading w:\programs\steam\steamapps\common\garrysmod\garrysmod\addons\garrysmodmap\maps\gmm_garrymod_map_by_woowz_map_garry_game.bsp
112 props added to raytrace
14490 faces
1 degenerate faces
342 fake patch planes
1570158 square feet [226102816.00 square inches]
4 Displacements
3259 Square Feet [469401.19 Square Inches]
0...1...2...3...4...5...6...7...8...9...1014489 patches before subdivision
173479 patches after subdivision
CreateDirectLights...
0...1...2...3...4...5...6...7...8...9...10502 lights, 6 styled (0.01 seconds)
0...1...2...3...4...5...6...7...8...9...100...1...2...3...4...5...6...7...8...9...10transfers 20145141, max 1044
transfer lists: 153.7 megs
0...1...2...3...4...5...6...7...8...9...10	Bounce #1 added RGB(1417736, 1103994, 800269)
0...1...2...3...4...5...6...7...8...9...10	Bounce #2 added RGB(371386, 274111, 188089)
0...1...2...3...4...5...6...7...8...9...10	Bounce #3 added RGB(114690, 83360, 54982)
0...1...2...3...4...5...6...7...8...9...10	Bounce #4 added RGB(39874, 28649, 17777)
0...1...2...3...4...5...6...7...8...9...10	Bounce #5 added RGB(14931, 10586, 6108)
0...1...2...3...4...5...6...7...8...9...10	Bounce #6 added RGB(5930, 4129, 2190)
0...1...2...3...4...5...6...7...8...9...10	Bounce #7 added RGB(2463, 1678, 812)
0...1...2...3...4...5...6...7...8...9...10	Bounce #8 added RGB(1064, 706, 310)
0...1...2...3...4...5...6...7...8...9...10	Bounce #9 added RGB(473, 306, 121)
0...1...2...3...4...5...6...7...8...9...10	Bounce #10 added RGB(216, 135, 49)
0...1...2...3...4...5...6...7...8...9...10	Bounce #11 added RGB(101, 61, 20)
0...1...2...3...4...5...6...7...8...9...10	Bounce #12 added RGB(48, 28, 8)
0...1...2...3...4...5...6...7...8...9...10	Bounce #13 added RGB(23, 13, 3)
0...1...2...3...4...5...6...7...8...9...10	Bounce #14 added RGB(11, 6, 1)
0...1...2...3...4...5...6...7...8...9...10	Bounce #15 added RGB(5, 3, 1)
0...1...2...3...4...5...6...7...8...9...10	Bounce #16 added RGB(3, 1, 0)
0...1...2...3...4...5...6...7...8...9...10	Bounce #17 added RGB(1, 1, 0)
0...1...2...3...4...5...6...7...8...9...10	Bounce #18 added RGB(1, 0, 0)
Build Patch/Sample Hash Table(s).....Done<0.0720 sec>
0...1...2...3...4...5...6...7...8...9...10FinalLightFace Done
0...1...2...3...4...5...6...7...8...9...10Setting up leaf ambient computation...
75 of 359 (20% of) surface lights went in leaf ambient cubes.
0...1...2...3...4...5...6...7...8...9...10Writing leaf ambient...done
Ready to Finish

Object names       Objects/Maxobjs  Fullness 
------------       ---------------  -------- 
entities              1023/65536    ( 1.6%) 
models                 137/4096     ( 3.3%) 
brushes               3659/65536    ( 5.6%) 
brushsides           22991/655350   ( 3.5%) 
planes                4310/65536    ( 6.6%) 
vertexes             25451/65536    (38.8%) 
nodes                 4024/65536    ( 6.1%) 
texinfos              1404/32768    ( 4.3%) 
texdata                270/8192     ( 3.3%) 
dispinfos                4/16384    ( 0.0%) 
faces                14490/65536    (22.1%) 
hdr faces            14490/65536    (22.1%) 
origfaces             7459/65536    (11.4%) 
leaves                4162/65536    ( 6.4%) 
leaffaces            17198/65536    (26.2%) 
leafbrushes           7916/65536    (12.1%) 
areas                   70/1024     ( 6.8%) 
surfedges            70598/512000   (13.8%) 
edges                39926/256000   (15.6%) 
leafwaterdata           13/32768    ( 0.0%) 
primitives            2226/32768    ( 6.8%) 
primverts                0/65536    ( 0.0%) 
primindices          34254/65536    (52.3%) 
cubemapsamples           0/1024     ( 0.0%) 
overlays                64/8192     ( 0.8%) 
vertnormalindices    70468/256000   (27.5%) 
visdata             127373/16777216 ( 0.8%) 
entdata             384757/393216   (97.8%) CLOSE TO FULL!
LDR ambient table     4162/65536    ( 6.4%) 
HDR ambient table     4162/65536    ( 6.4%) 
LDR worldlights            0       
HDR worldlights            502     
LDR lightdata              0       
HDR lightdata              27299068
LDR leaf ambient           4162    
HDR leaf ambient           12750   
occluders                  0       
occluder polygons          0       
occluder vert ind          0       
detail props               1140    
dtl prp lght               4       
HDR dtl prp lght           4       
static props               16522   
pakfile                    125739  
physics                    1189355 
physics terrain            1376    

Level flags = 0

Total triangle count: 41488
Writing w:\programs\steam\steamapps\common\garrysmod\garrysmod\addons\garrysmodmap\maps\gmm_garrymod_map_by_woowz_map_garry_game.bsp
6 seconds elapsed

==================================================================
Date: 2026-09-12 17:50:08
W:\Programs\Steam\steamapps\common\GarrysMod\bin\win64\vbspplusplus.exe -allowdynamicpropsasstatic -game W:\Programs\Steam\steamapps\common\GarrysMod\garrysmod w:\programs\steam\steamapps\common\garrysmod\garrysmod\addons\garrysmodmap\maps\gmm_garrymod_map_by_woowz_map_garry_game
==================================================================
16 threads
---------------
gamedir: W:\Programs\Steam\steamapps\common\GarrysMod\garrysmod\
---------------
Loading w:\programs\steam\steamapps\common\garrysmod\garrysmod\addons\garrysmodmap\maps\gmm_garrymod_map_by_woowz_map_garry_game.vmf
Can't find surfaceprop antlion_eggshell for material NATURE/ROCKWALL_ANTLION03A, using default
Locating GameData file 'garrysmod.fgd'...
Parsing GameData file w:\programs\steam\steamapps\common\garrysmod\bin\garrysmod.fgd
Parsing GameData file w:\programs\steam\steamapps\common\garrysmod\bin\base.fgd
Parsing GameData file w:\programs\steam\steamapps\common\garrysmod\bin\halflife2.fgd
Parsing GameData file w:\programs\steam\steamapps\common\garrysmod\bin\base.fgd
fixing up env_cubemap materials on brush sides...
FloodEntities...
FloodEntities...
Processing areas...done (0)
Building Faces...done (0)
Chop Details...done (0)
Find Visible Detail Sides...
Merged 946 detail faces...done (0)
Merging details...done (0)
FixTjuncs...
PruneNodes...
WriteBSP...
done (0)
writing w:\programs\steam\steamapps\common\garrysmod\garrysmod\addons\garrysmodmap\maps\gmm_garrymod_map_by_woowz_map_garry_game.prt...
Building visibility clusters...
done (0)
Generating blank default cubemaps...
Generating blank default cubemaps...
Emitted 3678 brushes and 23115 brushsides
Finding displacement neighbors...
Finding lightmap sample positions...
Building Physics collision data...
done (0) (1195811 bytes)
Emitting static props...
Model "models/props_phx/construct/metal_wire1x2x2b.mdl" is missing $staticprop. Allowing due to -allowdynamicpropsasstatic
Model "models/props_phx/construct/metal_wire_angle360x2.mdl" is missing $staticprop. Allowing due to -allowdynamicpropsasstatic
Placing detail props : 0...1...2...3...4...5...6...7...8...9...10
Water found with no water_lod_control entity, creating a default one.
Compacting texture/material tables...
Reduced 2326 texinfos to 1415
Reduced 299 texdatas to 274 (9525 bytes to 7314)
Writing w:\programs\steam\steamapps\common\garrysmod\garrysmod\addons\garrysmodmap\maps\gmm_garrymod_map_by_woowz_map_garry_game.bsp
2 seconds elapsed

==================================================================
Date: 2026-09-12 17:50:11
W:\Programs\Steam\steamapps\common\GarrysMod\bin\win64\vvisplusplus.exe -game W:\Programs\Steam\steamapps\common\GarrysMod\garrysmod w:\programs\steam\steamapps\common\garrysmod\garrysmod\addons\garrysmodmap\maps\gmm_garrymod_map_by_woowz_map_garry_game
==================================================================
16 threads
CPU supports AVX2
reading w:\programs\steam\steamapps\common\garrysmod\garrysmod\addons\garrysmodmap\maps\gmm_garrymod_map_by_woowz_map_garry_game.bsp
reading w:\programs\steam\steamapps\common\garrysmod\garrysmod\addons\garrysmodmap\maps\gmm_garrymod_map_by_woowz_map_garry_game.prt
1203 portalclusters
2176 numportals
0...1...2...3...4...5...6...7...8...9...100...1...2...3...4...5...6...7...8...9...10Optimized: 187 visible clusters (0.32%)
Total clusters visible: 59290
Average clusters visible: 49
Building PAS...
Average clusters audible: 197
visdatasize:127720  compressed from 365712
writing w:\programs\steam\steamapps\common\garrysmod\garrysmod\addons\garrysmodmap\maps\gmm_garrymod_map_by_woowz_map_garry_game.bsp
Wrote ZIP buffer, estimated size 129169, actual size 125739
0 seconds elapsed

==================================================================
Date: 2026-09-12 17:50:11
W:\Programs\Steam\steamapps\common\GarrysMod\bin\win64\vradplusplus.exe -both -final -game W:\Programs\Steam\steamapps\common\GarrysMod\garrysmod w:\programs\steam\steamapps\common\garrysmod\garrysmod\addons\garrysmodmap\maps\gmm_garrymod_map_by_woowz_map_garry_game
==================================================================
---------------
gamedir: W:\Programs\Steam\steamapps\common\GarrysMod\garrysmod\
---------------
16 threads
Compiling in LDR+HDR mode
Reading texlights from 'lights.rad'...
53 texlights parsed
Loading w:\programs\steam\steamapps\common\garrysmod\garrysmod\addons\garrysmodmap\maps\gmm_garrymod_map_by_woowz_map_garry_game.bsp
112 props added to raytrace
14520 faces
1 degenerate faces
342 fake patch planes
1583103 square feet [227966912.00 square inches]
4 Displacements
3259 Square Feet [469401.19 Square Inches]
0...1...2...3...4...5...6...7...8...9...1014519 patches before subdivision
173599 patches after subdivision
CreateDirectLights...
0...1...2...3...4...5...6...7...8...9...10502 lights, 6 styled (0.01 seconds)
0...1...2...3...4...5...6...7...8...9...100...1...2...3...4...5...6...7...8...9...10transfers 20137726, max 1044
transfer lists: 153.6 megs
0...1...2...3...4...5...6...7...8...9...10	Bounce #1 added RGB(1418452, 1104514, 800477)
0...1...2...3...4...5...6...7...8...9...10	Bounce #2 added RGB(371662, 274256, 188126)
0...1...2...3...4...5...6...7...8...9...10	Bounce #3 added RGB(114787, 83400, 54988)
0...1...2...3...4...5...6...7...8...9...10	Bounce #4 added RGB(39919, 28662, 17778)
0...1...2...3...4...5...6...7...8...9...10	Bounce #5 added RGB(14949, 10590, 6108)
0...1...2...3...4...5...6...7...8...9...10	Bounce #6 added RGB(5939, 4131, 2190)
0...1...2...3...4...5...6...7...8...9...10	Bounce #7 added RGB(2467, 1679, 812)
0...1...2...3...4...5...6...7...8...9...10	Bounce #8 added RGB(1065, 707, 310)
0...1...2...3...4...5...6...7...8...9...10	Bounce #9 added RGB(474, 306, 121)
0...1...2...3...4...5...6...7...8...9...10	Bounce #10 added RGB(216, 135, 49)
0...1...2...3...4...5...6...7...8...9...10	Bounce #11 added RGB(101, 61, 20)
0...1...2...3...4...5...6...7...8...9...10	Bounce #12 added RGB(48, 28, 8)
0...1...2...3...4...5...6...7...8...9...10	Bounce #13 added RGB(23, 13, 3)
0...1...2...3...4...5...6...7...8...9...10	Bounce #14 added RGB(11, 6, 1)
0...1...2...3...4...5...6...7...8...9...10	Bounce #15 added RGB(5, 3, 1)
0...1...2...3...4...5...6...7...8...9...10	Bounce #16 added RGB(3, 1, 0)
0...1...2...3...4...5...6...7...8...9...10	Bounce #17 added RGB(1, 1, 0)
0...1...2...3...4...5...6...7...8...9...10	Bounce #18 added RGB(1, 0, 0)
Build Patch/Sample Hash Table(s).....Done<0.0748 sec>
0...1...2...3...4...5...6...7...8...9...10FinalLightFace Done
0...1...2...3...4...5...6...7...8...9...10Setting up leaf ambient computation...
75 of 359 (20% of) surface lights went in leaf ambient cubes.
0...1...2...3...4...5...6...7...8...9...10Writing leaf ambient...done
Ready to Finish

Object names       Objects/Maxobjs  Fullness 
------------       ---------------  -------- 
entities              1024/65536    ( 1.6%) 
models                 137/4096     ( 3.3%) 
brushes               3678/65536    ( 5.6%) 
brushsides           23115/655350   ( 3.5%) 
planes                4336/65536    ( 6.6%) 
vertexes             25540/65536    (39.0%) 
nodes                 4048/65536    ( 6.2%) 
texinfos              1415/32768    ( 4.3%) 
texdata                274/8192     ( 3.3%) 
dispinfos                4/16384    ( 0.0%) 
faces                14520/65536    (22.2%) 
hdr faces            14520/65536    (22.2%) 
origfaces             7482/65536    (11.4%) 
leaves                4186/65536    ( 6.4%) 
leaffaces            17231/65536    (26.3%) 
leafbrushes           7978/65536    (12.2%) 
areas                   71/1024     ( 6.9%) 
surfedges            70741/512000   (13.8%) 
edges                40001/256000   (15.6%) 
leafwaterdata           13/32768    ( 0.0%) 
primitives            2245/32768    ( 6.9%) 
primverts                0/65536    ( 0.0%) 
primindices          34506/65536    (52.7%) 
cubemapsamples           0/1024     ( 0.0%) 
overlays                64/8192     ( 0.8%) 
vertnormalindices    70611/256000   (27.6%) 
visdata             127720/16777216 ( 0.8%) 
entdata             384852/393216   (97.9%) CLOSE TO FULL!
LDR ambient table     4186/65536    ( 6.4%) 
HDR ambient table     4186/65536    ( 6.4%) 
LDR worldlights            0       
HDR worldlights            502     
LDR lightdata              0       
HDR lightdata              27293356
LDR leaf ambient           4186    
HDR leaf ambient           12746   
occluders                  0       
occluder polygons          0       
occluder vert ind          0       
detail props               1140    
dtl prp lght               4       
HDR dtl prp lght           4       
static props               16520   
pakfile                    125739  
physics                    1195811 
physics terrain            1376    

Level flags = 0

Total triangle count: 41571
Writing w:\programs\steam\steamapps\common\garrysmod\garrysmod\addons\garrysmodmap\maps\gmm_garrymod_map_by_woowz_map_garry_game.bsp
7 seconds elapsed

==================================================================
Date: 2026-09-12 17:57:27
W:\Programs\Steam\steamapps\common\GarrysMod\bin\win64\vbspplusplus.exe -allowdynamicpropsasstatic -game W:\Programs\Steam\steamapps\common\GarrysMod\garrysmod w:\programs\steam\steamapps\common\garrysmod\garrysmod\addons\garrysmodmap\maps\gmm_garrymod_map_by_woowz_map_garry_game
==================================================================
16 threads
---------------
gamedir: W:\Programs\Steam\steamapps\common\GarrysMod\garrysmod\
---------------
Loading w:\programs\steam\steamapps\common\garrysmod\garrysmod\addons\garrysmodmap\maps\gmm_garrymod_map_by_woowz_map_garry_game.vmf
Can't find surfaceprop antlion_eggshell for material NATURE/ROCKWALL_ANTLION03A, using default
Locating GameData file 'garrysmod.fgd'...
Parsing GameData file w:\programs\steam\steamapps\common\garrysmod\bin\garrysmod.fgd
Parsing GameData file w:\programs\steam\steamapps\common\garrysmod\bin\base.fgd
Parsing GameData file w:\programs\steam\steamapps\common\garrysmod\bin\halflife2.fgd
Parsing GameData file w:\programs\steam\steamapps\common\garrysmod\bin\base.fgd
fixing up env_cubemap materials on brush sides...
FloodEntities...
FloodEntities...
Processing areas...done (0)
Building Faces...done (0)
Chop Details...done (0)
Find Visible Detail Sides...
Merged 946 detail faces...done (0)
Merging details...done (0)
FixTjuncs...
PruneNodes...
WriteBSP...
done (1)
writing w:\programs\steam\steamapps\common\garrysmod\garrysmod\addons\garrysmodmap\maps\gmm_garrymod_map_by_woowz_map_garry_game.prt...
Building visibility clusters...
done (0)
Generating blank default cubemaps...
Generating blank default cubemaps...
Emitted 3686 brushes and 23163 brushsides
Finding displacement neighbors...
Finding lightmap sample positions...
Building Physics collision data...
done (0) (1197779 bytes)
Emitting static props...
Model "models/props_phx/construct/metal_wire1x2x2b.mdl" is missing $staticprop. Allowing due to -allowdynamicpropsasstatic
Model "models/props_phx/construct/metal_wire_angle360x2.mdl" is missing $staticprop. Allowing due to -allowdynamicpropsasstatic
Placing detail props : 0...1...2...3...4...5...6...7...8...9...10
Water found with no water_lod_control entity, creating a default one.
Compacting texture/material tables...
Reduced 2332 texinfos to 1415
Reduced 299 texdatas to 274 (9525 bytes to 7314)
Writing w:\programs\steam\steamapps\common\garrysmod\garrysmod\addons\garrysmodmap\maps\gmm_garrymod_map_by_woowz_map_garry_game.bsp
2 seconds elapsed

==================================================================
Date: 2026-09-12 17:57:29
W:\Programs\Steam\steamapps\common\GarrysMod\bin\win64\vvisplusplus.exe -game W:\Programs\Steam\steamapps\common\GarrysMod\garrysmod w:\programs\steam\steamapps\common\garrysmod\garrysmod\addons\garrysmodmap\maps\gmm_garrymod_map_by_woowz_map_garry_game
==================================================================
16 threads
CPU supports AVX2
reading w:\programs\steam\steamapps\common\garrysmod\garrysmod\addons\garrysmodmap\maps\gmm_garrymod_map_by_woowz_map_garry_game.bsp
reading w:\programs\steam\steamapps\common\garrysmod\garrysmod\addons\garrysmodmap\maps\gmm_garrymod_map_by_woowz_map_garry_game.prt
1199 portalclusters
2161 numportals
0...1...2...3...4...5...6...7...8...9...100...1...2...3...4...5...6...7...8...9...10Optimized: 204 visible clusters (0.34%)
Total clusters visible: 59303
Average clusters visible: 49
Building PAS...
Average clusters audible: 196
visdatasize:128408  compressed from 364496
writing w:\programs\steam\steamapps\common\garrysmod\garrysmod\addons\garrysmodmap\maps\gmm_garrymod_map_by_woowz_map_garry_game.bsp
Wrote ZIP buffer, estimated size 129169, actual size 125739
0 seconds elapsed

==================================================================
Date: 2026-09-12 17:57:29
W:\Programs\Steam\steamapps\common\GarrysMod\bin\win64\vradplusplus.exe -both -final -game W:\Programs\Steam\steamapps\common\GarrysMod\garrysmod w:\programs\steam\steamapps\common\garrysmod\garrysmod\addons\garrysmodmap\maps\gmm_garrymod_map_by_woowz_map_garry_game
==================================================================
---------------
gamedir: W:\Programs\Steam\steamapps\common\GarrysMod\garrysmod\
---------------
16 threads
Compiling in LDR+HDR mode
Reading texlights from 'lights.rad'...
53 texlights parsed
Loading w:\programs\steam\steamapps\common\garrysmod\garrysmod\addons\garrysmodmap\maps\gmm_garrymod_map_by_woowz_map_garry_game.bsp
113 props added to raytrace
14582 faces
1 degenerate faces
342 fake patch planes
1583086 square feet [227964416.00 square inches]
4 Displacements
3259 Square Feet [469401.19 Square Inches]
0...1...2...3...4...5...6...7...8...9...1014581 patches before subdivision
175401 patches after subdivision
CreateDirectLights...
0...1...2...3...4...5...6...7...8...9...10503 lights, 6 styled (0.01 seconds)
0...1...2...3...4...5...6...7...8...9...100...1...2...3...4...5...6...7...8...9...10transfers 20328359, max 1044
transfer lists: 155.1 megs
0...1...2...3...4...5...6...7...8...9...10	Bounce #1 added RGB(1469391, 1143849, 833215)
0...1...2...3...4...5...6...7...8...9...10	Bounce #2 added RGB(391584, 286614, 196544)
0...1...2...3...4...5...6...7...8...9...10	Bounce #3 added RGB(122710, 87371, 57443)
0...1...2...3...4...5...6...7...8...9...10	Bounce #4 added RGB(43159, 29991, 18515)
0...1...2...3...4...5...6...7...8...9...10	Bounce #5 added RGB(16264, 11033, 6335)
0...1...2...3...4...5...6...7...8...9...10	Bounce #6 added RGB(6483, 4282, 2261)
0...1...2...3...4...5...6...7...8...9...10	Bounce #7 added RGB(2691, 1730, 834)
0...1...2...3...4...5...6...7...8...9...10	Bounce #8 added RGB(1159, 724, 317)
0...1...2...3...4...5...6...7...8...9...10	Bounce #9 added RGB(513, 312, 124)
0...1...2...3...4...5...6...7...8...9...10	Bounce #10 added RGB(233, 138, 49)
0...1...2...3...4...5...6...7...8...9...10	Bounce #11 added RGB(107, 62, 20)
0...1...2...3...4...5...6...7...8...9...10	Bounce #12 added RGB(50, 28, 8)
0...1...2...3...4...5...6...7...8...9...10	Bounce #13 added RGB(24, 13, 3)
0...1...2...3...4...5...6...7...8...9...10	Bounce #14 added RGB(11, 6, 1)
0...1...2...3...4...5...6...7...8...9...10	Bounce #15 added RGB(6, 3, 1)
0...1...2...3...4...5...6...7...8...9...10	Bounce #16 added RGB(3, 1, 0)
0...1...2...3...4...5...6...7...8...9...10	Bounce #17 added RGB(1, 1, 0)
0...1...2...3...4...5...6...7...8...9...10	Bounce #18 added RGB(1, 0, 0)
Build Patch/Sample Hash Table(s).....Done<0.0760 sec>
0...1...2...3...4...5...6...7...8...9...10FinalLightFace Done
0...1...2...3...4...5...6...7...8...9...10Setting up leaf ambient computation...
75 of 359 (20% of) surface lights went in leaf ambient cubes.
0...1...2...3...4...5...6...7...8...9...10Writing leaf ambient...done
Ready to Finish

Object names       Objects/Maxobjs  Fullness 
------------       ---------------  -------- 
entities              1028/65536    ( 1.6%) 
models                 137/4096     ( 3.3%) 
brushes               3686/65536    ( 5.6%) 
brushsides           23163/655350   ( 3.5%) 
planes                4338/65536    ( 6.6%) 
vertexes             25648/65536    (39.1%) 
nodes                 4033/65536    ( 6.2%) 
texinfos              1415/32768    ( 4.3%) 
texdata                274/8192     ( 3.3%) 
dispinfos                4/16384    ( 0.0%) 
faces                14582/65536    (22.3%) 
hdr faces            14582/65536    (22.3%) 
origfaces             7496/65536    (11.4%) 
leaves                4171/65536    ( 6.4%) 
leaffaces            17327/65536    (26.4%) 
leafbrushes           7966/65536    (12.2%) 
areas                   71/1024     ( 6.9%) 
surfedges            71056/512000   (13.9%) 
edges                40166/256000   (15.7%) 
leafwaterdata           13/32768    ( 0.0%) 
primitives            2252/32768    ( 6.9%) 
primverts                0/65536    ( 0.0%) 
primindices          34635/65536    (52.8%) 
cubemapsamples           0/1024     ( 0.0%) 
overlays                64/8192     ( 0.8%) 
vertnormalindices    70926/256000   (27.7%) 
visdata             128408/16777216 ( 0.8%) 
entdata             387332/393216   (98.5%) CLOSE TO FULL!
LDR ambient table     4171/65536    ( 6.4%) 
HDR ambient table     4171/65536    ( 6.4%) 
LDR worldlights            0       
HDR worldlights            503     
LDR lightdata              0       
HDR lightdata              27804172
LDR leaf ambient           4171    
HDR leaf ambient           12970   
occluders                  0       
occluder polygons          0       
occluder vert ind          0       
detail props               1140    
dtl prp lght               4       
HDR dtl prp lght           4       
static props               16594   
pakfile                    125739  
physics                    1197779 
physics terrain            1376    

Level flags = 0

Total triangle count: 41762
Writing w:\programs\steam\steamapps\common\garrysmod\garrysmod\addons\garrysmodmap\maps\gmm_garrymod_map_by_woowz_map_garry_game.bsp
6 seconds elapsed

==================================================================
Date: 2026-09-12 17:58:38
W:\Programs\Steam\steamapps\common\GarrysMod\bin\win64\vbspplusplus.exe -allowdynamicpropsasstatic -game W:\Programs\Steam\steamapps\common\GarrysMod\garrysmod w:\programs\steam\steamapps\common\garrysmod\garrysmod\addons\garrysmodmap\maps\gmm_garrymod_map_by_woowz_map_garry_game
==================================================================
16 threads
---------------
gamedir: W:\Programs\Steam\steamapps\common\GarrysMod\garrysmod\
---------------
Loading w:\programs\steam\steamapps\common\garrysmod\garrysmod\addons\garrysmodmap\maps\gmm_garrymod_map_by_woowz_map_garry_game.vmf
Can't find surfaceprop antlion_eggshell for material NATURE/ROCKWALL_ANTLION03A, using default
Locating GameData file 'garrysmod.fgd'...
Parsing GameData file w:\programs\steam\steamapps\common\garrysmod\bin\garrysmod.fgd
Parsing GameData file w:\programs\steam\steamapps\common\garrysmod\bin\base.fgd
Parsing GameData file w:\programs\steam\steamapps\common\garrysmod\bin\halflife2.fgd
Parsing GameData file w:\programs\steam\steamapps\common\garrysmod\bin\base.fgd
fixing up env_cubemap materials on brush sides...
FloodEntities...
FloodEntities...
Processing areas...done (0)
Building Faces...done (0)
Chop Details...done (0)
Find Visible Detail Sides...
Merged 946 detail faces...done (0)
Merging details...done (1)
FixTjuncs...
PruneNodes...
WriteBSP...
done (0)
writing w:\programs\steam\steamapps\common\garrysmod\garrysmod\addons\garrysmodmap\maps\gmm_garrymod_map_by_woowz_map_garry_game.prt...
Building visibility clusters...
done (0)
Generating blank default cubemaps...
Generating blank default cubemaps...
Emitted 3686 brushes and 23163 brushsides
Finding displacement neighbors...
Finding lightmap sample positions...
Building Physics collision data...
done (0) (1197779 bytes)
Emitting static props...
Model "models/props_phx/construct/metal_wire1x2x2b.mdl" is missing $staticprop. Allowing due to -allowdynamicpropsasstatic
Model "models/props_phx/construct/metal_wire_angle360x2.mdl" is missing $staticprop. Allowing due to -allowdynamicpropsasstatic
Placing detail props : 0...1...2...3...4...5...6...7...8...9...10
Water found with no water_lod_control entity, creating a default one.
Compacting texture/material tables...
Reduced 2332 texinfos to 1415
Reduced 299 texdatas to 274 (9525 bytes to 7314)
Writing w:\programs\steam\steamapps\common\garrysmod\garrysmod\addons\garrysmodmap\maps\gmm_garrymod_map_by_woowz_map_garry_game.bsp
2 seconds elapsed

==================================================================
Date: 2026-09-12 17:58:40
W:\Programs\Steam\steamapps\common\GarrysMod\bin\win64\vvisplusplus.exe -game W:\Programs\Steam\steamapps\common\GarrysMod\garrysmod w:\programs\steam\steamapps\common\garrysmod\garrysmod\addons\garrysmodmap\maps\gmm_garrymod_map_by_woowz_map_garry_game
==================================================================
16 threads
CPU supports AVX2
reading w:\programs\steam\steamapps\common\garrysmod\garrysmod\addons\garrysmodmap\maps\gmm_garrymod_map_by_woowz_map_garry_game.bsp
reading w:\programs\steam\steamapps\common\garrysmod\garrysmod\addons\garrysmodmap\maps\gmm_garrymod_map_by_woowz_map_garry_game.prt
1199 portalclusters
2161 numportals
0...1...2...3...4...5...6...7...8...9...100...1...2...3...4...5...6...7...8...9...10Optimized: 194 visible clusters (0.33%)
Total clusters visible: 59293
Average clusters visible: 49
Building PAS...
Average clusters audible: 196
visdatasize:128408  compressed from 364496
writing w:\programs\steam\steamapps\common\garrysmod\garrysmod\addons\garrysmodmap\maps\gmm_garrymod_map_by_woowz_map_garry_game.bsp
Wrote ZIP buffer, estimated size 129169, actual size 125739
0 seconds elapsed

==================================================================
Date: 2026-09-12 17:58:41
W:\Programs\Steam\steamapps\common\GarrysMod\bin\win64\vradplusplus.exe -both -final -game W:\Programs\Steam\steamapps\common\GarrysMod\garrysmod w:\programs\steam\steamapps\common\garrysmod\garrysmod\addons\garrysmodmap\maps\gmm_garrymod_map_by_woowz_map_garry_game
==================================================================
---------------
gamedir: W:\Programs\Steam\steamapps\common\GarrysMod\garrysmod\
---------------
16 threads
Compiling in LDR+HDR mode
Reading texlights from 'lights.rad'...
53 texlights parsed
Loading w:\programs\steam\steamapps\common\garrysmod\garrysmod\addons\garrysmodmap\maps\gmm_garrymod_map_by_woowz_map_garry_game.bsp
113 props added to raytrace
14582 faces
1 degenerate faces
342 fake patch planes
1583086 square feet [227964416.00 square inches]
4 Displacements
3259 Square Feet [469401.19 Square Inches]
0...1...2...3...4...5...6...7...8...9...1014581 patches before subdivision
175401 patches after subdivision
CreateDirectLights...
0...1...2...3...4...5...6...7...8...9...10503 lights, 6 styled (0.01 seconds)
0...1...2...3...4...5...6...7...8...9...100...1...2...3...4...5...6...7...8...9...10transfers 20328359, max 1044
transfer lists: 155.1 megs
0...1...2...3...4...5...6...7...8...9...10	Bounce #1 added RGB(1418735, 1104688, 800478)
0...1...2...3...4...5...6...7...8...9...10	Bounce #2 added RGB(371950, 274396, 188143)
0...1...2...3...4...5...6...7...8...9...10	Bounce #3 added RGB(114801, 83418, 54987)
0...1...2...3...4...5...6...7...8...9...10	Bounce #4 added RGB(39940, 28672, 17778)
0...1...2...3...4...5...6...7...8...9...10	Bounce #5 added RGB(14944, 10591, 6107)
0...1...2...3...4...5...6...7...8...9...10	Bounce #6 added RGB(5938, 4131, 2190)
0...1...2...3...4...5...6...7...8...9...10	Bounce #7 added RGB(2465, 1678, 812)
0...1...2...3...4...5...6...7...8...9...10	Bounce #8 added RGB(1064, 706, 310)
0...1...2...3...4...5...6...7...8...9...10	Bounce #9 added RGB(473, 306, 121)
0...1...2...3...4...5...6...7...8...9...10	Bounce #10 added RGB(216, 135, 49)
0...1...2...3...4...5...6...7...8...9...10	Bounce #11 added RGB(101, 61, 20)
0...1...2...3...4...5...6...7...8...9...10	Bounce #12 added RGB(48, 28, 8)
0...1...2...3...4...5...6...7...8...9...10	Bounce #13 added RGB(23, 13, 3)
0...1...2...3...4...5...6...7...8...9...10	Bounce #14 added RGB(11, 6, 1)
0...1...2...3...4...5...6...7...8...9...10	Bounce #15 added RGB(5, 3, 1)
0...1...2...3...4...5...6...7...8...9...10	Bounce #16 added RGB(3, 1, 0)
0...1...2...3...4...5...6...7...8...9...10	Bounce #17 added RGB(1, 1, 0)
0...1...2...3...4...5...6...7...8...9...10	Bounce #18 added RGB(1, 0, 0)
Build Patch/Sample Hash Table(s).....Done<0.0795 sec>
0...1...2...3...4...5...6...7...8...9...10FinalLightFace Done
0...1...2...3...4...5...6...7...8...9...10Setting up leaf ambient computation...
75 of 359 (20% of) surface lights went in leaf ambient cubes.
0...1...2...3...4...5...6...7...8...9...10Writing leaf ambient...done
Ready to Finish

Object names       Objects/Maxobjs  Fullness 
------------       ---------------  -------- 
entities              1028/65536    ( 1.6%) 
models                 137/4096     ( 3.3%) 
brushes               3686/65536    ( 5.6%) 
brushsides           23163/655350   ( 3.5%) 
planes                4338/65536    ( 6.6%) 
vertexes             25648/65536    (39.1%) 
nodes                 4033/65536    ( 6.2%) 
texinfos              1415/32768    ( 4.3%) 
texdata                274/8192     ( 3.3%) 
dispinfos                4/16384    ( 0.0%) 
faces                14582/65536    (22.3%) 
hdr faces            14582/65536    (22.3%) 
origfaces             7496/65536    (11.4%) 
leaves                4171/65536    ( 6.4%) 
leaffaces            17327/65536    (26.4%) 
leafbrushes           7966/65536    (12.2%) 
areas                   71/1024     ( 6.9%) 
surfedges            71056/512000   (13.9%) 
edges                40166/256000   (15.7%) 
leafwaterdata           13/32768    ( 0.0%) 
primitives            2252/32768    ( 6.9%) 
primverts                0/65536    ( 0.0%) 
primindices          34635/65536    (52.8%) 
cubemapsamples           0/1024     ( 0.0%) 
overlays                64/8192     ( 0.8%) 
vertnormalindices    70926/256000   (27.7%) 
visdata             128408/16777216 ( 0.8%) 
entdata             387330/393216   (98.5%) CLOSE TO FULL!
LDR ambient table     4171/65536    ( 6.4%) 
HDR ambient table     4171/65536    ( 6.4%) 
LDR worldlights            0       
HDR worldlights            503     
LDR lightdata              0       
HDR lightdata              27804172
LDR leaf ambient           4171    
HDR leaf ambient           12948   
occluders                  0       
occluder polygons          0       
occluder vert ind          0       
detail props               1140    
dtl prp lght               4       
HDR dtl prp lght           4       
static props               16594   
pakfile                    125739  
physics                    1197779 
physics terrain            1376    

Level flags = 0

Total triangle count: 41762
Writing w:\programs\steam\steamapps\common\garrysmod\garrysmod\addons\garrysmodmap\maps\gmm_garrymod_map_by_woowz_map_garry_game.bsp
6 seconds elapsed

==================================================================
Date: 2026-09-12 17:59:19
W:\Programs\Steam\steamapps\common\GarrysMod\bin\win64\vbspplusplus.exe -allowdynamicpropsasstatic -game W:\Programs\Steam\steamapps\common\GarrysMod\garrysmod w:\programs\steam\steamapps\common\garrysmod\garrysmod\addons\garrysmodmap\maps\gmm_garrymod_map_by_woowz_map_garry_game
==================================================================
16 threads
---------------
gamedir: W:\Programs\Steam\steamapps\common\GarrysMod\garrysmod\
---------------
Loading w:\programs\steam\steamapps\common\garrysmod\garrysmod\addons\garrysmodmap\maps\gmm_garrymod_map_by_woowz_map_garry_game.vmf
Can't find surfaceprop antlion_eggshell for material NATURE/ROCKWALL_ANTLION03A, using default
Locating GameData file 'garrysmod.fgd'...
Parsing GameData file w:\programs\steam\steamapps\common\garrysmod\bin\garrysmod.fgd
Parsing GameData file w:\programs\steam\steamapps\common\garrysmod\bin\base.fgd
Parsing GameData file w:\programs\steam\steamapps\common\garrysmod\bin\halflife2.fgd
Parsing GameData file w:\programs\steam\steamapps\common\garrysmod\bin\base.fgd
fixing up env_cubemap materials on brush sides...
FloodEntities...
FloodEntities...
Processing areas...done (0)
Building Faces...done (0)
Chop Details...done (0)
Find Visible Detail Sides...
Merged 946 detail faces...done (0)
Merging details...done (0)
FixTjuncs...
PruneNodes...
WriteBSP...
done (1)
writing w:\programs\steam\steamapps\common\garrysmod\garrysmod\addons\garrysmodmap\maps\gmm_garrymod_map_by_woowz_map_garry_game.prt...
Building visibility clusters...
done (0)
Generating blank default cubemaps...
Generating blank default cubemaps...
Emitted 3686 brushes and 23163 brushsides
Finding displacement neighbors...
Finding lightmap sample positions...
Building Physics collision data...
done (0) (1197779 bytes)
Emitting static props...
Model "models/props_phx/construct/metal_wire1x2x2b.mdl" is missing $staticprop. Allowing due to -allowdynamicpropsasstatic
Model "models/props_phx/construct/metal_wire_angle360x2.mdl" is missing $staticprop. Allowing due to -allowdynamicpropsasstatic
Placing detail props : 0...1...2...3...4...5...6...7...8...9...10
Water found with no water_lod_control entity, creating a default one.
Compacting texture/material tables...
Reduced 2332 texinfos to 1415
Reduced 299 texdatas to 274 (9525 bytes to 7314)
Writing w:\programs\steam\steamapps\common\garrysmod\garrysmod\addons\garrysmodmap\maps\gmm_garrymod_map_by_woowz_map_garry_game.bsp
2 seconds elapsed

==================================================================
Date: 2026-09-12 17:59:21
W:\Programs\Steam\steamapps\common\GarrysMod\bin\win64\vvisplusplus.exe -game W:\Programs\Steam\steamapps\common\GarrysMod\garrysmod w:\programs\steam\steamapps\common\garrysmod\garrysmod\addons\garrysmodmap\maps\gmm_garrymod_map_by_woowz_map_garry_game
==================================================================
16 threads
CPU supports AVX2
reading w:\programs\steam\steamapps\common\garrysmod\garrysmod\addons\garrysmodmap\maps\gmm_garrymod_map_by_woowz_map_garry_game.bsp
reading w:\programs\steam\steamapps\common\garrysmod\garrysmod\addons\garrysmodmap\maps\gmm_garrymod_map_by_woowz_map_garry_game.prt
1199 portalclusters
2161 numportals
0...1...2...3...4...5...6...7...8...9...100...1...2...3...4...5...6...7...8...9...10Optimized: 205 visible clusters (0.35%)
Total clusters visible: 59304
Average clusters visible: 49
Building PAS...
Average clusters audible: 196
visdatasize:128408  compressed from 364496
writing w:\programs\steam\steamapps\common\garrysmod\garrysmod\addons\garrysmodmap\maps\gmm_garrymod_map_by_woowz_map_garry_game.bsp
Wrote ZIP buffer, estimated size 129169, actual size 125739
0 seconds elapsed

==================================================================
Date: 2026-09-12 17:59:21
W:\Programs\Steam\steamapps\common\GarrysMod\bin\win64\vradplusplus.exe -both -final -game W:\Programs\Steam\steamapps\common\GarrysMod\garrysmod w:\programs\steam\steamapps\common\garrysmod\garrysmod\addons\garrysmodmap\maps\gmm_garrymod_map_by_woowz_map_garry_game
==================================================================
---------------
gamedir: W:\Programs\Steam\steamapps\common\GarrysMod\garrysmod\
---------------
16 threads
Compiling in LDR+HDR mode
Reading texlights from 'lights.rad'...
53 texlights parsed
Loading w:\programs\steam\steamapps\common\garrysmod\garrysmod\addons\garrysmodmap\maps\gmm_garrymod_map_by_woowz_map_garry_game.bsp
113 props added to raytrace
14582 faces
1 degenerate faces
342 fake patch planes
1583086 square feet [227964416.00 square inches]
4 Displacements
3259 Square Feet [469401.19 Square Inches]
0...1...2...3...4...5...6...7...8...9...1014581 patches before subdivision
175401 patches after subdivision
CreateDirectLights...
0...1...2...3...4...5...6...7...8...9...10503 lights, 6 styled (0.01 seconds)
0...1...2...3...4...5...6...7...8...9...100...1...2...3...4...5...6...7...8...9...10transfers 20328353, max 1044
transfer lists: 155.1 megs
0...1...2...3...4...5...6...7...8...9...10	Bounce #1 added RGB(1418518, 1104660, 800533)
0...1...2...3...4...5...6...7...8...9...10	Bounce #2 added RGB(371773, 274368, 188168)
0...1...2...3...4...5...6...7...8...9...10	Bounce #3 added RGB(114712, 83406, 54997)
0...1...2...3...4...5...6...7...8...9...10	Bounce #4 added RGB(39891, 28666, 17782)
0...1...2...3...4...5...6...7...8...9...10	Bounce #5 added RGB(14920, 10589, 6109)
0...1...2...3...4...5...6...7...8...9...10	Bounce #6 added RGB(5925, 4130, 2191)
0...1...2...3...4...5...6...7...8...9...10	Bounce #7 added RGB(2459, 1678, 812)
0...1...2...3...4...5...6...7...8...9...10	Bounce #8 added RGB(1061, 706, 310)
0...1...2...3...4...5...6...7...8...9...10	Bounce #9 added RGB(472, 306, 121)
0...1...2...3...4...5...6...7...8...9...10	Bounce #10 added RGB(215, 135, 49)
0...1...2...3...4...5...6...7...8...9...10	Bounce #11 added RGB(100, 61, 20)
0...1...2...3...4...5...6...7...8...9...10	Bounce #12 added RGB(47, 28, 8)
0...1...2...3...4...5...6...7...8...9...10	Bounce #13 added RGB(23, 13, 3)
0...1...2...3...4...5...6...7...8...9...10	Bounce #14 added RGB(11, 6, 1)
0...1...2...3...4...5...6...7...8...9...10	Bounce #15 added RGB(5, 3, 1)
0...1...2...3...4...5...6...7...8...9...10	Bounce #16 added RGB(3, 1, 0)
0...1...2...3...4...5...6...7...8...9...10	Bounce #17 added RGB(1, 1, 0)
0...1...2...3...4...5...6...7...8...9...10	Bounce #18 added RGB(1, 0, 0)
Build Patch/Sample Hash Table(s).....Done<0.0787 sec>
0...1...2...3...4...5...6...7...8...9...10FinalLightFace Done
0...1...2...3...4...5...6...7...8...9...10Setting up leaf ambient computation...
75 of 359 (20% of) surface lights went in leaf ambient cubes.
0...1...2...3...4...5...6...7...8...9...10Writing leaf ambient...done
Ready to Finish

Object names       Objects/Maxobjs  Fullness 
------------       ---------------  -------- 
entities              1028/65536    ( 1.6%) 
models                 137/4096     ( 3.3%) 
brushes               3686/65536    ( 5.6%) 
brushsides           23163/655350   ( 3.5%) 
planes                4338/65536    ( 6.6%) 
vertexes             25648/65536    (39.1%) 
nodes                 4033/65536    ( 6.2%) 
texinfos              1415/32768    ( 4.3%) 
texdata                274/8192     ( 3.3%) 
dispinfos                4/16384    ( 0.0%) 
faces                14582/65536    (22.3%) 
hdr faces            14582/65536    (22.3%) 
origfaces             7496/65536    (11.4%) 
leaves                4171/65536    ( 6.4%) 
leaffaces            17327/65536    (26.4%) 
leafbrushes           7966/65536    (12.2%) 
areas                   71/1024     ( 6.9%) 
surfedges            71056/512000   (13.9%) 
edges                40166/256000   (15.7%) 
leafwaterdata           13/32768    ( 0.0%) 
primitives            2252/32768    ( 6.9%) 
primverts                0/65536    ( 0.0%) 
primindices          34635/65536    (52.8%) 
cubemapsamples           0/1024     ( 0.0%) 
overlays                64/8192     ( 0.8%) 
vertnormalindices    70926/256000   (27.7%) 
visdata             128408/16777216 ( 0.8%) 
entdata             387330/393216   (98.5%) CLOSE TO FULL!
LDR ambient table     4171/65536    ( 6.4%) 
HDR ambient table     4171/65536    ( 6.4%) 
LDR worldlights            0       
HDR worldlights            503     
LDR lightdata              0       
HDR lightdata              27804172
LDR leaf ambient           4171    
HDR leaf ambient           12949   
occluders                  0       
occluder polygons          0       
occluder vert ind          0       
detail props               1140    
dtl prp lght               4       
HDR dtl prp lght           4       
static props               16594   
pakfile                    125739  
physics                    1197779 
physics terrain            1376    

Level flags = 0

Total triangle count: 41762
Writing w:\programs\steam\steamapps\common\garrysmod\garrysmod\addons\garrysmodmap\maps\gmm_garrymod_map_by_woowz_map_garry_game.bsp
6 seconds elapsed

==================================================================
Date: 2026-09-12 18:03:37
W:\Programs\Steam\steamapps\common\GarrysMod\bin\win64\vbspplusplus.exe -allowdynamicpropsasstatic -game W:\Programs\Steam\steamapps\common\GarrysMod\garrysmod w:\programs\steam\steamapps\common\garrysmod\garrysmod\addons\garrysmodmap\maps\gmm_garrymod_map_by_woowz_map_garry_game
==================================================================
16 threads
---------------
gamedir: W:\Programs\Steam\steamapps\common\GarrysMod\garrysmod\
---------------
Loading w:\programs\steam\steamapps\common\garrysmod\garrysmod\addons\garrysmodmap\maps\gmm_garrymod_map_by_woowz_map_garry_game.vmf
Can't find surfaceprop antlion_eggshell for material NATURE/ROCKWALL_ANTLION03A, using default
Locating GameData file 'garrysmod.fgd'...
Parsing GameData file w:\programs\steam\steamapps\common\garrysmod\bin\garrysmod.fgd
Parsing GameData file w:\programs\steam\steamapps\common\garrysmod\bin\base.fgd
Parsing GameData file w:\programs\steam\steamapps\common\garrysmod\bin\halflife2.fgd
Parsing GameData file w:\programs\steam\steamapps\common\garrysmod\bin\base.fgd
fixing up env_cubemap materials on brush sides...
FloodEntities...
FloodEntities...
Processing areas...done (0)
Building Faces...done (0)
Chop Details...done (0)
Find Visible Detail Sides...
Merged 946 detail faces...done (0)
Merging details...done (0)
FixTjuncs...
PruneNodes...
WriteBSP...
done (1)
writing w:\programs\steam\steamapps\common\garrysmod\garrysmod\addons\garrysmodmap\maps\gmm_garrymod_map_by_woowz_map_garry_game.prt...
Building visibility clusters...
done (0)
Generating blank default cubemaps...
Generating blank default cubemaps...
Emitted 3696 brushes and 23225 brushsides
Finding displacement neighbors...
Finding lightmap sample positions...
Building Physics collision data...
done (0) (1200330 bytes)
Emitting static props...
Model "models/props_phx/construct/metal_wire1x2x2b.mdl" is missing $staticprop. Allowing due to -allowdynamicpropsasstatic
Model "models/props_phx/construct/metal_wire_angle360x2.mdl" is missing $staticprop. Allowing due to -allowdynamicpropsasstatic
Placing detail props : 0...1...2...3...4...5...6...7...8...9...10
Water found with no water_lod_control entity, creating a default one.
Compacting texture/material tables...
Reduced 2342 texinfos to 1417
Reduced 299 texdatas to 274 (9525 bytes to 7314)
Writing w:\programs\steam\steamapps\common\garrysmod\garrysmod\addons\garrysmodmap\maps\gmm_garrymod_map_by_woowz_map_garry_game.bsp
2 seconds elapsed

==================================================================
Date: 2026-09-12 18:03:39
W:\Programs\Steam\steamapps\common\GarrysMod\bin\win64\vvisplusplus.exe -game W:\Programs\Steam\steamapps\common\GarrysMod\garrysmod w:\programs\steam\steamapps\common\garrysmod\garrysmod\addons\garrysmodmap\maps\gmm_garrymod_map_by_woowz_map_garry_game
==================================================================
16 threads
CPU supports AVX2
reading w:\programs\steam\steamapps\common\garrysmod\garrysmod\addons\garrysmodmap\maps\gmm_garrymod_map_by_woowz_map_garry_game.bsp
reading w:\programs\steam\steamapps\common\garrysmod\garrysmod\addons\garrysmodmap\maps\gmm_garrymod_map_by_woowz_map_garry_game.prt
1202 portalclusters
2171 numportals
0...1...2...3...4...5...6...7...8...9...100...1...2...3...4...5...6...7...8...9...10Optimized: 192 visible clusters (0.32%)
Total clusters visible: 60150
Average clusters visible: 50
Building PAS...
Average clusters audible: 199
visdatasize:130208  compressed from 365408
writing w:\programs\steam\steamapps\common\garrysmod\garrysmod\addons\garrysmodmap\maps\gmm_garrymod_map_by_woowz_map_garry_game.bsp
Wrote ZIP buffer, estimated size 129169, actual size 125739
0 seconds elapsed

==================================================================
Date: 2026-09-12 18:03:39
W:\Programs\Steam\steamapps\common\GarrysMod\bin\win64\vradplusplus.exe -both -final -game W:\Programs\Steam\steamapps\common\GarrysMod\garrysmod w:\programs\steam\steamapps\common\garrysmod\garrysmod\addons\garrysmodmap\maps\gmm_garrymod_map_by_woowz_map_garry_game
==================================================================
---------------
gamedir: W:\Programs\Steam\steamapps\common\GarrysMod\garrysmod\
---------------
16 threads
Compiling in LDR+HDR mode
Reading texlights from 'lights.rad'...
53 texlights parsed
Loading w:\programs\steam\steamapps\common\garrysmod\garrysmod\addons\garrysmodmap\maps\gmm_garrymod_map_by_woowz_map_garry_game.bsp
113 props added to raytrace
14586 faces
1 degenerate faces
344 fake patch planes
1583200 square feet [227980928.00 square inches]
4 Displacements
3259 Square Feet [469401.19 Square Inches]
0...1...2...3...4...5...6...7...8...9...1014585 patches before subdivision
175309 patches after subdivision
CreateDirectLights...
0...1...2...3...4...5...6...7...8...9...10503 lights, 6 styled (0.01 seconds)
0...1...2...3...4...5...6...7...8...9...100...1...2...3...4...5...6...7...8...9...10transfers 20309366, max 1044
transfer lists: 154.9 megs
0...1...2...3...4...5...6...7...8...9...10	Bounce #1 added RGB(1416002, 1102792, 799375)
0...1...2...3...4...5...6...7...8...9...10	Bounce #2 added RGB(371069, 273905, 187909)
0...1...2...3...4...5...6...7...8...9...10	Bounce #3 added RGB(114576, 83329, 54957)
0...1...2...3...4...5...6...7...8...9...10	Bounce #4 added RGB(39866, 28654, 17775)
0...1...2...3...4...5...6...7...8...9...10	Bounce #5 added RGB(14914, 10586, 6107)
0...1...2...3...4...5...6...7...8...9...10	Bounce #6 added RGB(5924, 4129, 2190)
0...1...2...3...4...5...6...7...8...9...10	Bounce #7 added RGB(2458, 1678, 812)
0...1...2...3...4...5...6...7...8...9...10	Bounce #8 added RGB(1061, 706, 310)
0...1...2...3...4...5...6...7...8...9...10	Bounce #9 added RGB(472, 306, 121)
0...1...2...3...4...5...6...7...8...9...10	Bounce #10 added RGB(215, 135, 49)
0...1...2...3...4...5...6...7...8...9...10	Bounce #11 added RGB(100, 61, 20)
0...1...2...3...4...5...6...7...8...9...10	Bounce #12 added RGB(47, 28, 8)
0...1...2...3...4...5...6...7...8...9...10	Bounce #13 added RGB(23, 13, 3)
0...1...2...3...4...5...6...7...8...9...10	Bounce #14 added RGB(11, 6, 1)
0...1...2...3...4...5...6...7...8...9...10	Bounce #15 added RGB(5, 3, 1)
0...1...2...3...4...5...6...7...8...9...10	Bounce #16 added RGB(3, 1, 0)
0...1...2...3...4...5...6...7...8...9...10	Bounce #17 added RGB(1, 1, 0)
0...1...2...3...4...5...6...7...8...9...10	Bounce #18 added RGB(1, 0, 0)
Build Patch/Sample Hash Table(s).....Done<0.0756 sec>
0...1...2...3...4...5...6...7...8...9...10FinalLightFace Done
0...1...2...3...4...5...6...7...8...9...10Setting up leaf ambient computation...
75 of 359 (20% of) surface lights went in leaf ambient cubes.
0...1...2...3...4...5...6...7...8...9...10Writing leaf ambient...done
Ready to Finish

Object names       Objects/Maxobjs  Fullness 
------------       ---------------  -------- 
entities              1030/65536    ( 1.6%) 
models                 138/4096     ( 3.4%) 
brushes               3696/65536    ( 5.6%) 
brushsides           23225/655350   ( 3.5%) 
planes                4338/65536    ( 6.6%) 
vertexes             25653/65536    (39.1%) 
nodes                 4044/65536    ( 6.2%) 
texinfos              1417/32768    ( 4.3%) 
texdata                274/8192     ( 3.3%) 
dispinfos                4/16384    ( 0.0%) 
faces                14586/65536    (22.3%) 
hdr faces            14586/65536    (22.3%) 
origfaces             7510/65536    (11.5%) 
leaves                4183/65536    ( 6.4%) 
leaffaces            17283/65536    (26.4%) 
leafbrushes           7990/65536    (12.2%) 
areas                   71/1024     ( 6.9%) 
surfedges            71058/512000   (13.9%) 
edges                40186/256000   (15.7%) 
leafwaterdata           13/32768    ( 0.0%) 
primitives            2252/32768    ( 6.9%) 
primverts                0/65536    ( 0.0%) 
primindices          34632/65536    (52.8%) 
cubemapsamples           0/1024     ( 0.0%) 
overlays                64/8192     ( 0.8%) 
vertnormalindices    70927/256000   (27.7%) 
visdata             130208/16777216 ( 0.8%) 
entdata             387685/393216   (98.6%) CLOSE TO FULL!
LDR ambient table     4183/65536    ( 6.4%) 
HDR ambient table     4183/65536    ( 6.4%) 
LDR worldlights            0       
HDR worldlights            503     
LDR lightdata              0       
HDR lightdata              27758448
LDR leaf ambient           4183    
HDR leaf ambient           13018   
occluders                  0       
occluder polygons          0       
occluder vert ind          0       
detail props               1140    
dtl prp lght               4       
HDR dtl prp lght           4       
static props               16594   
pakfile                    125739  
physics                    1200330 
physics terrain            1376    

Level flags = 0

Total triangle count: 41755
Writing w:\programs\steam\steamapps\common\garrysmod\garrysmod\addons\garrysmodmap\maps\gmm_garrymod_map_by_woowz_map_garry_game.bsp
6 seconds elapsed

==================================================================
Date: 2026-09-12 18:05:29
W:\Programs\Steam\steamapps\common\GarrysMod\bin\win64\vbspplusplus.exe -allowdynamicpropsasstatic -game W:\Programs\Steam\steamapps\common\GarrysMod\garrysmod w:\programs\steam\steamapps\common\garrysmod\garrysmod\addons\garrysmodmap\maps\gmm_garrymod_map_by_woowz_map_garry_game
==================================================================
16 threads
---------------
gamedir: W:\Programs\Steam\steamapps\common\GarrysMod\garrysmod\
---------------
Loading w:\programs\steam\steamapps\common\garrysmod\garrysmod\addons\garrysmodmap\maps\gmm_garrymod_map_by_woowz_map_garry_game.vmf
Can't find surfaceprop antlion_eggshell for material NATURE/ROCKWALL_ANTLION03A, using default
Locating GameData file 'garrysmod.fgd'...
Parsing GameData file w:\programs\steam\steamapps\common\garrysmod\bin\garrysmod.fgd
Parsing GameData file w:\programs\steam\steamapps\common\garrysmod\bin\base.fgd
Parsing GameData file w:\programs\steam\steamapps\common\garrysmod\bin\halflife2.fgd
Parsing GameData file w:\programs\steam\steamapps\common\garrysmod\bin\base.fgd
fixing up env_cubemap materials on brush sides...
FloodEntities...
FloodEntities...
Processing areas...done (0)
Building Faces...done (0)
Chop Details...done (0)
Find Visible Detail Sides...
Merged 946 detail faces...done (0)
Merging details...done (0)
FixTjuncs...
PruneNodes...
WriteBSP...
done (1)
writing w:\programs\steam\steamapps\common\garrysmod\garrysmod\addons\garrysmodmap\maps\gmm_garrymod_map_by_woowz_map_garry_game.prt...
Building visibility clusters...
done (0)
Generating blank default cubemaps...
Generating blank default cubemaps...
Emitted 3696 brushes and 23225 brushsides
Finding displacement neighbors...
Finding lightmap sample positions...
Building Physics collision data...
done (0) (1200330 bytes)
Emitting static props...
Model "models/props_phx/construct/metal_wire1x2x2b.mdl" is missing $staticprop. Allowing due to -allowdynamicpropsasstatic
Model "models/props_phx/construct/metal_wire_angle360x2.mdl" is missing $staticprop. Allowing due to -allowdynamicpropsasstatic
Placing detail props : 0...1...2...3...4...5...6...7...8...9...10
Water found with no water_lod_control entity, creating a default one.
Compacting texture/material tables...
Reduced 2342 texinfos to 1417
Reduced 299 texdatas to 274 (9525 bytes to 7314)
Writing w:\programs\steam\steamapps\common\garrysmod\garrysmod\addons\garrysmodmap\maps\gmm_garrymod_map_by_woowz_map_garry_game.bsp
2 seconds elapsed

==================================================================
Date: 2026-09-12 18:05:32
W:\Programs\Steam\steamapps\common\GarrysMod\bin\win64\vvisplusplus.exe -game W:\Programs\Steam\steamapps\common\GarrysMod\garrysmod w:\programs\steam\steamapps\common\garrysmod\garrysmod\addons\garrysmodmap\maps\gmm_garrymod_map_by_woowz_map_garry_game
==================================================================
16 threads
CPU supports AVX2
reading w:\programs\steam\steamapps\common\garrysmod\garrysmod\addons\garrysmodmap\maps\gmm_garrymod_map_by_woowz_map_garry_game.bsp
reading w:\programs\steam\steamapps\common\garrysmod\garrysmod\addons\garrysmodmap\maps\gmm_garrymod_map_by_woowz_map_garry_game.prt
1202 portalclusters
2171 numportals
0...1...2...3...4...5...6...7...8...9...100...1...2...3...4...5...6...7...8...9...10Optimized: 192 visible clusters (0.32%)
Total clusters visible: 60150
Average clusters visible: 50
Building PAS...
Average clusters audible: 199
visdatasize:130208  compressed from 365408
writing w:\programs\steam\steamapps\common\garrysmod\garrysmod\addons\garrysmodmap\maps\gmm_garrymod_map_by_woowz_map_garry_game.bsp
Wrote ZIP buffer, estimated size 129169, actual size 125739
0 seconds elapsed

==================================================================
Date: 2026-09-12 18:05:32
W:\Programs\Steam\steamapps\common\GarrysMod\bin\win64\vradplusplus.exe -both -final -game W:\Programs\Steam\steamapps\common\GarrysMod\garrysmod w:\programs\steam\steamapps\common\garrysmod\garrysmod\addons\garrysmodmap\maps\gmm_garrymod_map_by_woowz_map_garry_game
==================================================================
---------------
gamedir: W:\Programs\Steam\steamapps\common\GarrysMod\garrysmod\
---------------
16 threads
Compiling in LDR+HDR mode
Reading texlights from 'lights.rad'...
53 texlights parsed
Loading w:\programs\steam\steamapps\common\garrysmod\garrysmod\addons\garrysmodmap\maps\gmm_garrymod_map_by_woowz_map_garry_game.bsp
113 props added to raytrace
14586 faces
1 degenerate faces
344 fake patch planes
1583200 square feet [227980928.00 square inches]
4 Displacements
3259 Square Feet [469401.19 Square Inches]
0...1...2...3...4...5...6...7...8...9...1014585 patches before subdivision
175309 patches after subdivision
CreateDirectLights...
0...1...2...3...4...5...6...7...8...9...10503 lights, 6 styled (0.01 seconds)
0...1...2...3...4...5...6...7...8...9...100...1...2...3...4...5...6...7...8...9...10transfers 20309366, max 1044
transfer lists: 154.9 megs
0...1...2...3...4...5...6...7...8...9...10	Bounce #1 added RGB(1416002, 1102790, 799376)
0...1...2...3...4...5...6...7...8...9...10	Bounce #2 added RGB(371069, 273906, 187909)
0...1...2...3...4...5...6...7...8...9...10	Bounce #3 added RGB(114576, 83329, 54957)
0...1...2...3...4...5...6...7...8...9...10	Bounce #4 added RGB(39866, 28654, 17775)
0...1...2...3...4...5...6...7...8...9...10	Bounce #5 added RGB(14914, 10586, 6107)
0...1...2...3...4...5...6...7...8...9...10	Bounce #6 added RGB(5924, 4129, 2190)
0...1...2...3...4...5...6...7...8...9...10	Bounce #7 added RGB(2458, 1678, 812)
0...1...2...3...4...5...6...7...8...9...10	Bounce #8 added RGB(1061, 706, 310)
0...1...2...3...4...5...6...7...8...9...10	Bounce #9 added RGB(472, 306, 121)
0...1...2...3...4...5...6...7...8...9...10	Bounce #10 added RGB(215, 135, 49)
0...1...2...3...4...5...6...7...8...9...10	Bounce #11 added RGB(100, 61, 20)
0...1...2...3...4...5...6...7...8...9...10	Bounce #12 added RGB(47, 28, 8)
0...1...2...3...4...5...6...7...8...9...10	Bounce #13 added RGB(23, 13, 3)
0...1...2...3...4...5...6...7...8...9...10	Bounce #14 added RGB(11, 6, 1)
0...1...2...3...4...5...6...7...8...9...10	Bounce #15 added RGB(5, 3, 1)
0...1...2...3...4...5...6...7...8...9...10	Bounce #16 added RGB(3, 1, 0)
0...1...2...3...4...5...6...7...8...9...10	Bounce #17 added RGB(1, 1, 0)
0...1...2...3...4...5...6...7...8...9...10	Bounce #18 added RGB(1, 0, 0)
Build Patch/Sample Hash Table(s).....Done<0.0765 sec>
0...1...2...3...4...5...6...7...8...9...10FinalLightFace Done
0...1...2...3...4...5...6...7...8...9...10Setting up leaf ambient computation...
75 of 359 (20% of) surface lights went in leaf ambient cubes.
0...1...2...3...4...5...6...7...8...9...10Writing leaf ambient...done
Ready to Finish

Object names       Objects/Maxobjs  Fullness 
------------       ---------------  -------- 
entities              1031/65536    ( 1.6%) 
models                 138/4096     ( 3.4%) 
brushes               3696/65536    ( 5.6%) 
brushsides           23225/655350   ( 3.5%) 
planes                4338/65536    ( 6.6%) 
vertexes             25653/65536    (39.1%) 
nodes                 4044/65536    ( 6.2%) 
texinfos              1417/32768    ( 4.3%) 
texdata                274/8192     ( 3.3%) 
dispinfos                4/16384    ( 0.0%) 
faces                14586/65536    (22.3%) 
hdr faces            14586/65536    (22.3%) 
origfaces             7510/65536    (11.5%) 
leaves                4183/65536    ( 6.4%) 
leaffaces            17283/65536    (26.4%) 
leafbrushes           7990/65536    (12.2%) 
areas                   71/1024     ( 6.9%) 
surfedges            71058/512000   (13.9%) 
edges                40186/256000   (15.7%) 
leafwaterdata           13/32768    ( 0.0%) 
primitives            2252/32768    ( 6.9%) 
primverts                0/65536    ( 0.0%) 
primindices          34632/65536    (52.8%) 
cubemapsamples           0/1024     ( 0.0%) 
overlays                64/8192     ( 0.8%) 
vertnormalindices    70927/256000   (27.7%) 
visdata             130208/16777216 ( 0.8%) 
entdata             388420/393216   (98.8%) CLOSE TO FULL!
LDR ambient table     4183/65536    ( 6.4%) 
HDR ambient table     4183/65536    ( 6.4%) 
LDR worldlights            0       
HDR worldlights            503     
LDR lightdata              0       
HDR lightdata              27758448
LDR leaf ambient           4183    
HDR leaf ambient           13018   
occluders                  0       
occluder polygons          0       
occluder vert ind          0       
detail props               1140    
dtl prp lght               4       
HDR dtl prp lght           4       
static props               16594   
pakfile                    125739  
physics                    1200330 
physics terrain            1376    

Level flags = 0

Total triangle count: 41755
Writing w:\programs\steam\steamapps\common\garrysmod\garrysmod\addons\garrysmodmap\maps\gmm_garrymod_map_by_woowz_map_garry_game.bsp
6 seconds elapsed

==================================================================
Date: 2026-09-12 18:06:05
W:\Programs\Steam\steamapps\common\GarrysMod\bin\win64\vbspplusplus.exe -allowdynamicpropsasstatic -game W:\Programs\Steam\steamapps\common\GarrysMod\garrysmod w:\programs\steam\steamapps\common\garrysmod\garrysmod\addons\garrysmodmap\maps\gmm_garrymod_map_by_woowz_map_garry_game
==================================================================
16 threads
---------------
gamedir: W:\Programs\Steam\steamapps\common\GarrysMod\garrysmod\
---------------
Loading w:\programs\steam\steamapps\common\garrysmod\garrysmod\addons\garrysmodmap\maps\gmm_garrymod_map_by_woowz_map_garry_game.vmf
Can't find surfaceprop antlion_eggshell for material NATURE/ROCKWALL_ANTLION03A, using default
Locating GameData file 'garrysmod.fgd'...
Parsing GameData file w:\programs\steam\steamapps\common\garrysmod\bin\garrysmod.fgd
Parsing GameData file w:\programs\steam\steamapps\common\garrysmod\bin\base.fgd
Parsing GameData file w:\programs\steam\steamapps\common\garrysmod\bin\halflife2.fgd
Parsing GameData file w:\programs\steam\steamapps\common\garrysmod\bin\base.fgd
fixing up env_cubemap materials on brush sides...
FloodEntities...
FloodEntities...
Processing areas...done (0)
Building Faces...done (0)
Chop Details...done (0)
Find Visible Detail Sides...
Merged 946 detail faces...done (0)
Merging details...done (0)
FixTjuncs...
PruneNodes...
WriteBSP...
done (1)
writing w:\programs\steam\steamapps\common\garrysmod\garrysmod\addons\garrysmodmap\maps\gmm_garrymod_map_by_woowz_map_garry_game.prt...
Building visibility clusters...
done (0)
Generating blank default cubemaps...
Generating blank default cubemaps...
Emitted 3696 brushes and 23225 brushsides
Finding displacement neighbors...
Finding lightmap sample positions...
Building Physics collision data...
done (0) (1200330 bytes)
Emitting static props...
Model "models/props_phx/construct/metal_wire1x2x2b.mdl" is missing $staticprop. Allowing due to -allowdynamicpropsasstatic
Model "models/props_phx/construct/metal_wire_angle360x2.mdl" is missing $staticprop. Allowing due to -allowdynamicpropsasstatic
Placing detail props : 0...1...2...3...4...5...6...7...8...9...10
Water found with no water_lod_control entity, creating a default one.
Compacting texture/material tables...
Reduced 2342 texinfos to 1417
Reduced 299 texdatas to 274 (9525 bytes to 7314)
Writing w:\programs\steam\steamapps\common\garrysmod\garrysmod\addons\garrysmodmap\maps\gmm_garrymod_map_by_woowz_map_garry_game.bsp
2 seconds elapsed

==================================================================
Date: 2026-09-12 18:06:07
W:\Programs\Steam\steamapps\common\GarrysMod\bin\win64\vvisplusplus.exe -game W:\Programs\Steam\steamapps\common\GarrysMod\garrysmod w:\programs\steam\steamapps\common\garrysmod\garrysmod\addons\garrysmodmap\maps\gmm_garrymod_map_by_woowz_map_garry_game
==================================================================
16 threads
CPU supports AVX2
reading w:\programs\steam\steamapps\common\garrysmod\garrysmod\addons\garrysmodmap\maps\gmm_garrymod_map_by_woowz_map_garry_game.bsp
reading w:\programs\steam\steamapps\common\garrysmod\garrysmod\addons\garrysmodmap\maps\gmm_garrymod_map_by_woowz_map_garry_game.prt
1202 portalclusters
2171 numportals
0...1...2...3...4...5...6...7...8...9...100...1...2...3...4...5...6...7...8...9...10Optimized: 193 visible clusters (0.32%)
Total clusters visible: 60151
Average clusters visible: 50
Building PAS...
Average clusters audible: 199
visdatasize:130208  compressed from 365408
writing w:\programs\steam\steamapps\common\garrysmod\garrysmod\addons\garrysmodmap\maps\gmm_garrymod_map_by_woowz_map_garry_game.bsp
Wrote ZIP buffer, estimated size 129169, actual size 125739
0 seconds elapsed

==================================================================
Date: 2026-09-12 18:06:07
W:\Programs\Steam\steamapps\common\GarrysMod\bin\win64\vradplusplus.exe -both -final -game W:\Programs\Steam\steamapps\common\GarrysMod\garrysmod w:\programs\steam\steamapps\common\garrysmod\garrysmod\addons\garrysmodmap\maps\gmm_garrymod_map_by_woowz_map_garry_game
==================================================================
---------------
gamedir: W:\Programs\Steam\steamapps\common\GarrysMod\garrysmod\
---------------
16 threads
Compiling in LDR+HDR mode
Reading texlights from 'lights.rad'...
53 texlights parsed
Loading w:\programs\steam\steamapps\common\garrysmod\garrysmod\addons\garrysmodmap\maps\gmm_garrymod_map_by_woowz_map_garry_game.bsp
113 props added to raytrace
14586 faces
1 degenerate faces
344 fake patch planes
1583200 square feet [227980928.00 square inches]
4 Displacements
3259 Square Feet [469401.19 Square Inches]
0...1...2...3...4...5...6...7...8...9...1014585 patches before subdivision
175309 patches after subdivision
CreateDirectLights...
0...1...2...3...4...5...6...7...8...9...10503 lights, 6 styled (0.01 seconds)
0...1...2...3...4...5...6...7...8...9...100...1...2...3...4...5...6...7...8...9...10transfers 20309366, max 1044
transfer lists: 154.9 megs
0...1...2...3...4...5...6...7...8...9...10	Bounce #1 added RGB(1415879, 1102672, 799264)
0...1...2...3...4...5...6...7...8...9...10	Bounce #2 added RGB(371014, 273855, 187863)
0...1...2...3...4...5...6...7...8...9...10	Bounce #3 added RGB(114552, 83307, 54938)
0...1...2...3...4...5...6...7...8...9...10	Bounce #4 added RGB(39855, 28645, 17768)
0...1...2...3...4...5...6...7...8...9...10	Bounce #5 added RGB(14909, 10582, 6104)
0...1...2...3...4...5...6...7...8...9...10	Bounce #6 added RGB(5921, 4128, 2189)
0...1...2...3...4...5...6...7...8...9...10	Bounce #7 added RGB(2457, 1677, 812)
0...1...2...3...4...5...6...7...8...9...10	Bounce #8 added RGB(1061, 706, 310)
0...1...2...3...4...5...6...7...8...9...10	Bounce #9 added RGB(472, 305, 121)
0...1...2...3...4...5...6...7...8...9...10	Bounce #10 added RGB(215, 135, 48)
0...1...2...3...4...5...6...7...8...9...10	Bounce #11 added RGB(100, 61, 20)
0...1...2...3...4...5...6...7...8...9...10	Bounce #12 added RGB(47, 28, 8)
0...1...2...3...4...5...6...7...8...9...10	Bounce #13 added RGB(23, 13, 3)
0...1...2...3...4...5...6...7...8...9...10	Bounce #14 added RGB(11, 6, 1)
0...1...2...3...4...5...6...7...8...9...10	Bounce #15 added RGB(5, 3, 1)
0...1...2...3...4...5...6...7...8...9...10	Bounce #16 added RGB(3, 1, 0)
0...1...2...3...4...5...6...7...8...9...10	Bounce #17 added RGB(1, 1, 0)
0...1...2...3...4...5...6...7...8...9...10	Bounce #18 added RGB(1, 0, 0)
Build Patch/Sample Hash Table(s).....Done<0.0775 sec>
0...1...2...3...4...5...6...7...8...9...10FinalLightFace Done
0...1...2...3...4...5...6...7...8...9...10Setting up leaf ambient computation...
75 of 359 (20% of) surface lights went in leaf ambient cubes.
0...1...2...3...4...5...6...7...8...9...10Writing leaf ambient...done
Ready to Finish

Object names       Objects/Maxobjs  Fullness 
------------       ---------------  -------- 
entities              1031/65536    ( 1.6%) 
models                 138/4096     ( 3.4%) 
brushes               3696/65536    ( 5.6%) 
brushsides           23225/655350   ( 3.5%) 
planes                4338/65536    ( 6.6%) 
vertexes             25653/65536    (39.1%) 
nodes                 4044/65536    ( 6.2%) 
texinfos              1417/32768    ( 4.3%) 
texdata                274/8192     ( 3.3%) 
dispinfos                4/16384    ( 0.0%) 
faces                14586/65536    (22.3%) 
hdr faces            14586/65536    (22.3%) 
origfaces             7510/65536    (11.5%) 
leaves                4183/65536    ( 6.4%) 
leaffaces            17283/65536    (26.4%) 
leafbrushes           7990/65536    (12.2%) 
areas                   71/1024     ( 6.9%) 
surfedges            71058/512000   (13.9%) 
edges                40186/256000   (15.7%) 
leafwaterdata           13/32768    ( 0.0%) 
primitives            2252/32768    ( 6.9%) 
primverts                0/65536    ( 0.0%) 
primindices          34632/65536    (52.8%) 
cubemapsamples           0/1024     ( 0.0%) 
overlays                64/8192     ( 0.8%) 
vertnormalindices    70927/256000   (27.7%) 
visdata             130208/16777216 ( 0.8%) 
entdata             388420/393216   (98.8%) CLOSE TO FULL!
LDR ambient table     4183/65536    ( 6.4%) 
HDR ambient table     4183/65536    ( 6.4%) 
LDR worldlights            0       
HDR worldlights            503     
LDR lightdata              0       
HDR lightdata              27758448
LDR leaf ambient           4183    
HDR leaf ambient           13017   
occluders                  0       
occluder polygons          0       
occluder vert ind          0       
detail props               1140    
dtl prp lght               4       
HDR dtl prp lght           4       
static props               16594   
pakfile                    125739  
physics                    1200330 
physics terrain            1376    

Level flags = 0

Total triangle count: 41755
Writing w:\programs\steam\steamapps\common\garrysmod\garrysmod\addons\garrysmodmap\maps\gmm_garrymod_map_by_woowz_map_garry_game.bsp
6 seconds elapsed

==================================================================
Date: 2026-09-12 18:07:27
W:\Programs\Steam\steamapps\common\GarrysMod\bin\win64\vbspplusplus.exe -allowdynamicpropsasstatic -game W:\Programs\Steam\steamapps\common\GarrysMod\garrysmod w:\programs\steam\steamapps\common\garrysmod\garrysmod\addons\garrysmodmap\maps\gmm_garrymod_map_by_woowz_map_garry_game
==================================================================
16 threads
---------------
gamedir: W:\Programs\Steam\steamapps\common\GarrysMod\garrysmod\
---------------
Loading w:\programs\steam\steamapps\common\garrysmod\garrysmod\addons\garrysmodmap\maps\gmm_garrymod_map_by_woowz_map_garry_game.vmf
Can't find surfaceprop antlion_eggshell for material NATURE/ROCKWALL_ANTLION03A, using default
Locating GameData file 'garrysmod.fgd'...
Parsing GameData file w:\programs\steam\steamapps\common\garrysmod\bin\garrysmod.fgd
Parsing GameData file w:\programs\steam\steamapps\common\garrysmod\bin\base.fgd
Parsing GameData file w:\programs\steam\steamapps\common\garrysmod\bin\halflife2.fgd
Parsing GameData file w:\programs\steam\steamapps\common\garrysmod\bin\base.fgd
fixing up env_cubemap materials on brush sides...
FloodEntities...
FloodEntities...
Processing areas...done (0)
Building Faces...done (0)
Chop Details...done (0)
Find Visible Detail Sides...
Merged 946 detail faces...done (0)
Merging details...done (1)
FixTjuncs...
PruneNodes...
WriteBSP...
done (0)
writing w:\programs\steam\steamapps\common\garrysmod\garrysmod\addons\garrysmodmap\maps\gmm_garrymod_map_by_woowz_map_garry_game.prt...
Building visibility clusters...
done (0)
Generating blank default cubemaps...
Generating blank default cubemaps...
Emitted 3696 brushes and 23225 brushsides
Finding displacement neighbors...
Finding lightmap sample positions...
Building Physics collision data...
done (0) (1200330 bytes)
Emitting static props...
Model "models/props_phx/construct/metal_wire1x2x2b.mdl" is missing $staticprop. Allowing due to -allowdynamicpropsasstatic
Model "models/props_phx/construct/metal_wire_angle360x2.mdl" is missing $staticprop. Allowing due to -allowdynamicpropsasstatic
Placing detail props : 0...1...2...3...4...5...6...7...8...9...10
Water found with no water_lod_control entity, creating a default one.
Compacting texture/material tables...
Reduced 2341 texinfos to 1416
Reduced 299 texdatas to 274 (9525 bytes to 7314)
Writing w:\programs\steam\steamapps\common\garrysmod\garrysmod\addons\garrysmodmap\maps\gmm_garrymod_map_by_woowz_map_garry_game.bsp
2 seconds elapsed

==================================================================
Date: 2026-09-12 18:07:30
W:\Programs\Steam\steamapps\common\GarrysMod\bin\win64\vvisplusplus.exe -game W:\Programs\Steam\steamapps\common\GarrysMod\garrysmod w:\programs\steam\steamapps\common\garrysmod\garrysmod\addons\garrysmodmap\maps\gmm_garrymod_map_by_woowz_map_garry_game
==================================================================
16 threads
CPU supports AVX2
reading w:\programs\steam\steamapps\common\garrysmod\garrysmod\addons\garrysmodmap\maps\gmm_garrymod_map_by_woowz_map_garry_game.bsp
reading w:\programs\steam\steamapps\common\garrysmod\garrysmod\addons\garrysmodmap\maps\gmm_garrymod_map_by_woowz_map_garry_game.prt
1202 portalclusters
2171 numportals
0...1...2...3...4...5...6...7...8...9...100...1...2...3...4...5...6...7...8...9...10Optimized: 202 visible clusters (0.34%)
Total clusters visible: 60160
Average clusters visible: 50
Building PAS...
Average clusters audible: 199
visdatasize:130208  compressed from 365408
writing w:\programs\steam\steamapps\common\garrysmod\garrysmod\addons\garrysmodmap\maps\gmm_garrymod_map_by_woowz_map_garry_game.bsp
Wrote ZIP buffer, estimated size 129169, actual size 125739
0 seconds elapsed

==================================================================
Date: 2026-09-12 18:07:30
W:\Programs\Steam\steamapps\common\GarrysMod\bin\win64\vradplusplus.exe -both -final -game W:\Programs\Steam\steamapps\common\GarrysMod\garrysmod w:\programs\steam\steamapps\common\garrysmod\garrysmod\addons\garrysmodmap\maps\gmm_garrymod_map_by_woowz_map_garry_game
==================================================================
---------------
gamedir: W:\Programs\Steam\steamapps\common\GarrysMod\garrysmod\
---------------
16 threads
Compiling in LDR+HDR mode
Reading texlights from 'lights.rad'...
53 texlights parsed
Loading w:\programs\steam\steamapps\common\garrysmod\garrysmod\addons\garrysmodmap\maps\gmm_garrymod_map_by_woowz_map_garry_game.bsp
113 props added to raytrace
14598 faces
1 degenerate faces
344 fake patch planes
1583382 square feet [228007040.00 square inches]
4 Displacements
3259 Square Feet [469401.19 Square Inches]
0...1...2...3...4...5...6...7...8...9...1014597 patches before subdivision
175319 patches after subdivision
CreateDirectLights...
0...1...2...3...4...5...6...7...8...9...10503 lights, 6 styled (0.01 seconds)
0...1...2...3...4...5...6...7...8...9...100...1...2...3...4...5...6...7...8...9...10transfers 20313721, max 1044
transfer lists: 155.0 megs
0...1...2...3...4...5...6...7...8...9...10	Bounce #1 added RGB(1417102, 1103688, 799891)
0...1...2...3...4...5...6...7...8...9...10	Bounce #2 added RGB(371164, 273974, 187950)
0...1...2...3...4...5...6...7...8...9...10	Bounce #3 added RGB(114565, 83321, 54958)
0...1...2...3...4...5...6...7...8...9...10	Bounce #4 added RGB(39855, 28647, 17775)
0...1...2...3...4...5...6...7...8...9...10	Bounce #5 added RGB(14909, 10583, 6107)
0...1...2...3...4...5...6...7...8...9...10	Bounce #6 added RGB(5922, 4128, 2190)
0...1...2...3...4...5...6...7...8...9...10	Bounce #7 added RGB(2457, 1677, 812)
0...1...2...3...4...5...6...7...8...9...10	Bounce #8 added RGB(1061, 706, 310)
0...1...2...3...4...5...6...7...8...9...10	Bounce #9 added RGB(472, 306, 121)
0...1...2...3...4...5...6...7...8...9...10	Bounce #10 added RGB(215, 135, 49)
0...1...2...3...4...5...6...7...8...9...10	Bounce #11 added RGB(100, 61, 20)
0...1...2...3...4...5...6...7...8...9...10	Bounce #12 added RGB(47, 28, 8)
0...1...2...3...4...5...6...7...8...9...10	Bounce #13 added RGB(23, 13, 3)
0...1...2...3...4...5...6...7...8...9...10	Bounce #14 added RGB(11, 6, 1)
0...1...2...3...4...5...6...7...8...9...10	Bounce #15 added RGB(5, 3, 1)
0...1...2...3...4...5...6...7...8...9...10	Bounce #16 added RGB(3, 1, 0)
0...1...2...3...4...5...6...7...8...9...10	Bounce #17 added RGB(1, 1, 0)
0...1...2...3...4...5...6...7...8...9...10	Bounce #18 added RGB(1, 0, 0)
Build Patch/Sample Hash Table(s).....Done<0.0762 sec>
0...1...2...3...4...5...6...7...8...9...10FinalLightFace Done
0...1...2...3...4...5...6...7...8...9...10Setting up leaf ambient computation...
75 of 359 (20% of) surface lights went in leaf ambient cubes.
0...1...2...3...4...5...6...7...8...9...10Writing leaf ambient...done
Ready to Finish

Object names       Objects/Maxobjs  Fullness 
------------       ---------------  -------- 
entities              1031/65536    ( 1.6%) 
models                 138/4096     ( 3.4%) 
brushes               3696/65536    ( 5.6%) 
brushsides           23225/655350   ( 3.5%) 
planes                4338/65536    ( 6.6%) 
vertexes             25660/65536    (39.2%) 
nodes                 4044/65536    ( 6.2%) 
texinfos              1416/32768    ( 4.3%) 
texdata                274/8192     ( 3.3%) 
dispinfos                4/16384    ( 0.0%) 
faces                14598/65536    (22.3%) 
hdr faces            14598/65536    (22.3%) 
origfaces             7521/65536    (11.5%) 
leaves                4183/65536    ( 6.4%) 
leaffaces            17295/65536    (26.4%) 
leafbrushes           7990/65536    (12.2%) 
areas                   71/1024     ( 6.9%) 
surfedges            71109/512000   (13.9%) 
edges                40220/256000   (15.7%) 
leafwaterdata           13/32768    ( 0.0%) 
primitives            2252/32768    ( 6.9%) 
primverts                0/65536    ( 0.0%) 
primindices          34632/65536    (52.8%) 
cubemapsamples           0/1024     ( 0.0%) 
overlays                64/8192     ( 0.8%) 
vertnormalindices    70978/256000   (27.7%) 
visdata             130208/16777216 ( 0.8%) 
entdata             388419/393216   (98.8%) CLOSE TO FULL!
LDR ambient table     4183/65536    ( 6.4%) 
HDR ambient table     4183/65536    ( 6.4%) 
LDR worldlights            0       
HDR worldlights            503     
LDR lightdata              0       
HDR lightdata              27758264
LDR leaf ambient           4183    
HDR leaf ambient           13018   
occluders                  0       
occluder polygons          0       
occluder vert ind          0       
detail props               1140    
dtl prp lght               4       
HDR dtl prp lght           4       
static props               16594   
pakfile                    125739  
physics                    1200330 
physics terrain            1376    

Level flags = 0

Total triangle count: 41782
Writing w:\programs\steam\steamapps\common\garrysmod\garrysmod\addons\garrysmodmap\maps\gmm_garrymod_map_by_woowz_map_garry_game.bsp
6 seconds elapsed

==================================================================
Date: 2026-09-12 19:51:00
W:\Programs\Steam\steamapps\common\GarrysMod\bin\win64\vbspplusplus.exe -allowdynamicpropsasstatic -game W:\Programs\Steam\steamapps\common\GarrysMod\garrysmod w:\programs\steam\steamapps\common\garrysmod\garrysmod\addons\garrysmodmap\maps\gmm_garrymod_map_by_woowz_map_garry_game
==================================================================
16 threads
---------------
gamedir: W:\Programs\Steam\steamapps\common\GarrysMod\garrysmod\
---------------
Loading w:\programs\steam\steamapps\common\garrysmod\garrysmod\addons\garrysmodmap\maps\gmm_garrymod_map_by_woowz_map_garry_game.vmf
Can't find surfaceprop antlion_eggshell for material NATURE/ROCKWALL_ANTLION03A, using default
Locating GameData file 'garrysmod.fgd'...
Parsing GameData file w:\programs\steam\steamapps\common\garrysmod\bin\garrysmod.fgd
Parsing GameData file w:\programs\steam\steamapps\common\garrysmod\bin\base.fgd
Parsing GameData file w:\programs\steam\steamapps\common\garrysmod\bin\halflife2.fgd
Parsing GameData file w:\programs\steam\steamapps\common\garrysmod\bin\base.fgd
fixing up env_cubemap materials on brush sides...
FloodEntities...
FloodEntities...
Processing areas...done (0)
Building Faces...done (0)
Chop Details...done (0)
Find Visible Detail Sides...
Merged 956 detail faces...done (0)
Merging details...done (0)
FixTjuncs...
PruneNodes...
WriteBSP...
done (0)
writing w:\programs\steam\steamapps\common\garrysmod\garrysmod\addons\garrysmodmap\maps\gmm_garrymod_map_by_woowz_map_garry_game.prt...
Building visibility clusters...
done (0)
Generating blank default cubemaps...
Generating blank default cubemaps...
Emitted 3860 brushes and 24266 brushsides
Finding displacement neighbors...
Finding lightmap sample positions...
Building Physics collision data...
done (0) (1260186 bytes)
Emitting static props...
Model "models/props_phx/construct/metal_wire1x2x2b.mdl" is missing $staticprop. Allowing due to -allowdynamicpropsasstatic
Model "models/props_phx/construct/metal_wire_angle360x2.mdl" is missing $staticprop. Allowing due to -allowdynamicpropsasstatic
Placing detail props : 0...1...2...3...4...5...6...7...8...9...10
Water found with no water_lod_control entity, creating a default one.
Compacting texture/material tables...
Reduced 2418 texinfos to 1469
Reduced 312 texdatas to 286 (9882 bytes to 7592)
Writing w:\programs\steam\steamapps\common\garrysmod\garrysmod\addons\garrysmodmap\maps\gmm_garrymod_map_by_woowz_map_garry_game.bsp
9 seconds elapsed

==================================================================
Date: 2026-09-12 19:51:10
W:\Programs\Steam\steamapps\common\GarrysMod\bin\win64\vvisplusplus.exe -game W:\Programs\Steam\steamapps\common\GarrysMod\garrysmod w:\programs\steam\steamapps\common\garrysmod\garrysmod\addons\garrysmodmap\maps\gmm_garrymod_map_by_woowz_map_garry_game
==================================================================
16 threads
CPU supports AVX2
reading w:\programs\steam\steamapps\common\garrysmod\garrysmod\addons\garrysmodmap\maps\gmm_garrymod_map_by_woowz_map_garry_game.bsp
reading w:\programs\steam\steamapps\common\garrysmod\garrysmod\addons\garrysmodmap\maps\gmm_garrymod_map_by_woowz_map_garry_game.prt
1392 portalclusters
2624 numportals
0...1...2...3...4...5...6...7...8...9...100...1...2...3...4...5...6...7...8...9...10Optimized: 308 visible clusters (0.35%)
Total clusters visible: 87772
Average clusters visible: 63
Building PAS...
Average clusters audible: 198
visdatasize:142815  compressed from 489984
writing w:\programs\steam\steamapps\common\garrysmod\garrysmod\addons\garrysmodmap\maps\gmm_garrymod_map_by_woowz_map_garry_game.bsp
Wrote ZIP buffer, estimated size 129722, actual size 126158
0 seconds elapsed

==================================================================
Date: 2026-09-12 19:51:10
W:\Programs\Steam\steamapps\common\GarrysMod\bin\win64\vradplusplus.exe -both -final -game W:\Programs\Steam\steamapps\common\GarrysMod\garrysmod w:\programs\steam\steamapps\common\garrysmod\garrysmod\addons\garrysmodmap\maps\gmm_garrymod_map_by_woowz_map_garry_game
==================================================================
---------------
gamedir: W:\Programs\Steam\steamapps\common\GarrysMod\garrysmod\
---------------
16 threads
Compiling in LDR+HDR mode
Reading texlights from 'lights.rad'...
53 texlights parsed
Loading w:\programs\steam\steamapps\common\garrysmod\garrysmod\addons\garrysmodmap\maps\gmm_garrymod_map_by_woowz_map_garry_game.bsp
124 props added to raytrace
15605 faces
1 degenerate faces
344 fake patch planes
1633138 square feet [235172000.00 square inches]
4 Displacements
3259 Square Feet [469401.19 Square Inches]
0...1...2...3...4...5...6...7...8...9...1015604 patches before subdivision
183540 patches after subdivision
CreateDirectLights...
0...1...2...3...4...5...6...7...8...9...10513 lights, 6 styled (0.01 seconds)
0...1...2...3...4...5...6...7...8...9...100...1...2...3...4...5...6...7...8...9...10transfers 21168306, max 1041
transfer lists: 161.5 megs
0...1...2...3...4...5...6...7...8...9...10	Bounce #1 added RGB(1526995, 1265527, 943916)
0...1...2...3...4...5...6...7...8...9...10	Bounce #2 added RGB(402319, 318772, 224072)
0...1...2...3...4...5...6...7...8...9...10	Bounce #3 added RGB(123468, 95791, 64066)
0...1...2...3...4...5...6...7...8...9...10	Bounce #4 added RGB(42411, 32146, 20092)
0...1...2...3...4...5...6...7...8...9...10	Bounce #5 added RGB(15650, 11571, 6701)
0...1...2...3...4...5...6...7...8...9...10	Bounce #6 added RGB(6137, 4409, 2343)
0...1...2...3...4...5...6...7...8...9...10	Bounce #7 added RGB(2520, 1758, 852)
0...1...2...3...4...5...6...7...8...9...10	Bounce #8 added RGB(1079, 729, 321)
0...1...2...3...4...5...6...7...8...9...10	Bounce #9 added RGB(477, 312, 124)
0...1...2...3...4...5...6...7...8...9...10	Bounce #10 added RGB(217, 137, 49)
0...1...2...3...4...5...6...7...8...9...10	Bounce #11 added RGB(101, 62, 20)
0...1...2...3...4...5...6...7...8...9...10	Bounce #12 added RGB(47, 28, 8)
0...1...2...3...4...5...6...7...8...9...10	Bounce #13 added RGB(23, 13, 3)
0...1...2...3...4...5...6...7...8...9...10	Bounce #14 added RGB(11, 6, 1)
0...1...2...3...4...5...6...7...8...9...10	Bounce #15 added RGB(5, 3, 1)
0...1...2...3...4...5...6...7...8...9...10	Bounce #16 added RGB(3, 1, 0)
0...1...2...3...4...5...6...7...8...9...10	Bounce #17 added RGB(1, 1, 0)
0...1...2...3...4...5...6...7...8...9...10	Bounce #18 added RGB(1, 0, 0)
Build Patch/Sample Hash Table(s).....Done<0.0783 sec>
0...1...2...3...4...5...6...7...8...9...10FinalLightFace Done
0...1...2...3...4...5...6...7...8...9...10Setting up leaf ambient computation...
75 of 358 (20% of) surface lights went in leaf ambient cubes.
0...1...2...3...4...5...6...7...8...9...10Writing leaf ambient...done
Ready to Finish

Object names       Objects/Maxobjs  Fullness 
------------       ---------------  -------- 
entities              1044/65536    ( 1.6%) 
models                 138/4096     ( 3.4%) 
brushes               3860/65536    ( 5.9%) 
brushsides           24266/655350   ( 3.7%) 
planes                4554/65536    ( 6.9%) 
vertexes             27210/65536    (41.5%) 
nodes                 4418/65536    ( 6.7%) 
texinfos              1469/32768    ( 4.5%) 
texdata                286/8192     ( 3.5%) 
dispinfos                4/16384    ( 0.0%) 
faces                15605/65536    (23.8%) 
hdr faces            15605/65536    (23.8%) 
origfaces             8010/65536    (12.2%) 
leaves                4557/65536    ( 7.0%) 
leaffaces            18593/65536    (28.4%) 
leafbrushes           8248/65536    (12.6%) 
areas                   72/1024     ( 7.0%) 
surfedges            76149/512000   (14.9%) 
edges                42747/256000   (16.7%) 
leafwaterdata           13/32768    ( 0.0%) 
primitives            2406/32768    ( 7.3%) 
primverts                0/65536    ( 0.0%) 
primindices          37011/65536    (56.5%) 
cubemapsamples           0/1024     ( 0.0%) 
overlays                64/8192     ( 0.8%) 
vertnormalindices    76018/256000   (29.7%) 
visdata             142815/16777216 ( 0.9%) 
entdata             392475/393216   (99.8%) CLOSE TO FULL!
LDR ambient table     4557/65536    ( 7.0%) 
HDR ambient table     4557/65536    ( 7.0%) 
LDR worldlights            0       
HDR worldlights            513     
LDR lightdata              0       
HDR lightdata              29014584
LDR leaf ambient           4557    
HDR leaf ambient           14374   
occluders                  0       
occluder polygons          0       
occluder vert ind          0       
detail props               1140    
dtl prp lght               4       
HDR dtl prp lght           4       
static props               17408   
pakfile                    126158  
physics                    1260186 
physics terrain            1376    

Level flags = 0

Total triangle count: 44808
Writing w:\programs\steam\steamapps\common\garrysmod\garrysmod\addons\garrysmodmap\maps\gmm_garrymod_map_by_woowz_map_garry_game.bsp
7 seconds elapsed

==================================================================
Date: 2026-09-12 19:59:02
W:\Programs\Steam\steamapps\common\GarrysMod\bin\win64\vbspplusplus.exe -allowdynamicpropsasstatic -game W:\Programs\Steam\steamapps\common\GarrysMod\garrysmod w:\programs\steam\steamapps\common\garrysmod\garrysmod\addons\garrysmodmap\maps\gmm_garrymod_map_by_woowz_map_garry_game
==================================================================
16 threads
---------------
gamedir: W:\Programs\Steam\steamapps\common\GarrysMod\garrysmod\
---------------
Loading w:\programs\steam\steamapps\common\garrysmod\garrysmod\addons\garrysmodmap\maps\gmm_garrymod_map_by_woowz_map_garry_game.vmf
Can't find surfaceprop antlion_eggshell for material NATURE/ROCKWALL_ANTLION03A, using default
Locating GameData file 'garrysmod.fgd'...
Parsing GameData file w:\programs\steam\steamapps\common\garrysmod\bin\garrysmod.fgd
Parsing GameData file w:\programs\steam\steamapps\common\garrysmod\bin\base.fgd
Parsing GameData file w:\programs\steam\steamapps\common\garrysmod\bin\halflife2.fgd
Parsing GameData file w:\programs\steam\steamapps\common\garrysmod\bin\base.fgd
fixing up env_cubemap materials on brush sides...
FloodEntities...
FloodEntities...
Processing areas...done (0)
Building Faces...done (1)
Chop Details...done (0)
Find Visible Detail Sides...
Merged 984 detail faces...done (0)
Merging details...done (0)
FixTjuncs...
PruneNodes...
WriteBSP...
done (0)
writing w:\programs\steam\steamapps\common\garrysmod\garrysmod\addons\garrysmodmap\maps\gmm_garrymod_map_by_woowz_map_garry_game.prt...
Building visibility clusters...
done (0)
Generating blank default cubemaps...
Generating blank default cubemaps...
Emitted 3875 brushes and 24340 brushsides
Finding displacement neighbors...
Finding lightmap sample positions...
Building Physics collision data...
done (0) (1265858 bytes)
Emitting static props...
Model "models/props_phx/construct/metal_wire1x2x2b.mdl" is missing $staticprop. Allowing due to -allowdynamicpropsasstatic
Model "models/props_phx/construct/metal_wire_angle360x2.mdl" is missing $staticprop. Allowing due to -allowdynamicpropsasstatic
Placing detail props : 0...1...2...3...4...5...6...7...8...9...10
Water found with no water_lod_control entity, creating a default one.
Compacting texture/material tables...
Reduced 2419 texinfos to 1470
Reduced 312 texdatas to 286 (9882 bytes to 7592)
Writing w:\programs\steam\steamapps\common\garrysmod\garrysmod\addons\garrysmodmap\maps\gmm_garrymod_map_by_woowz_map_garry_game.bsp
2 seconds elapsed

==================================================================
Date: 2026-09-12 19:59:04
W:\Programs\Steam\steamapps\common\GarrysMod\bin\win64\vvisplusplus.exe -game W:\Programs\Steam\steamapps\common\GarrysMod\garrysmod w:\programs\steam\steamapps\common\garrysmod\garrysmod\addons\garrysmodmap\maps\gmm_garrymod_map_by_woowz_map_garry_game
==================================================================
16 threads
CPU supports AVX2
reading w:\programs\steam\steamapps\common\garrysmod\garrysmod\addons\garrysmodmap\maps\gmm_garrymod_map_by_woowz_map_garry_game.bsp
reading w:\programs\steam\steamapps\common\garrysmod\garrysmod\addons\garrysmodmap\maps\gmm_garrymod_map_by_woowz_map_garry_game.prt
1373 portalclusters
2589 numportals
0...1...2...3...4...5...6...7...8...9...100...1...2...3...4...5...6...7...8...9...10Optimized: 255 visible clusters (0.32%)
Total clusters visible: 79676
Average clusters visible: 58
Building PAS...
Average clusters audible: 196
visdatasize:143001  compressed from 483296
writing w:\programs\steam\steamapps\common\garrysmod\garrysmod\addons\garrysmodmap\maps\gmm_garrymod_map_by_woowz_map_garry_game.bsp
Wrote ZIP buffer, estimated size 129722, actual size 126158
0 seconds elapsed

==================================================================
Date: 2026-09-12 19:59:04
W:\Programs\Steam\steamapps\common\GarrysMod\bin\win64\vradplusplus.exe -both -final -game W:\Programs\Steam\steamapps\common\GarrysMod\garrysmod w:\programs\steam\steamapps\common\garrysmod\garrysmod\addons\garrysmodmap\maps\gmm_garrymod_map_by_woowz_map_garry_game
==================================================================
---------------
gamedir: W:\Programs\Steam\steamapps\common\GarrysMod\garrysmod\
---------------
16 threads
Compiling in LDR+HDR mode
Reading texlights from 'lights.rad'...
53 texlights parsed
Loading w:\programs\steam\steamapps\common\garrysmod\garrysmod\addons\garrysmodmap\maps\gmm_garrymod_map_by_woowz_map_garry_game.bsp
121 props added to raytrace
15658 faces
1 degenerate faces
344 fake patch planes
1637824 square feet [235846784.00 square inches]
4 Displacements
3259 Square Feet [469401.19 Square Inches]
0...1...2...3...4...5...6...7...8...9...1015657 patches before subdivision
183975 patches after subdivision
CreateDirectLights...
0...1...2...3...4...5...6...7...8...9...10511 lights, 6 styled (0.01 seconds)
0...1...2...3...4...5...6...7...8...9...100...1...2...3...4...5...6...7...8...9...10transfers 21162542, max 1041
transfer lists: 161.5 megs
0...1...2...3...4...5...6...7...8...9...10	Bounce #1 added RGB(1463118, 1143203, 828046)
0...1...2...3...4...5...6...7...8...9...10	Bounce #2 added RGB(383784, 284809, 195041)
0...1...2...3...4...5...6...7...8...9...10	Bounce #3 added RGB(118115, 86317, 56745)
0...1...2...3...4...5...6...7...8...9...10	Bounce #4 added RGB(40810, 29463, 18224)
0...1...2...3...4...5...6...7...8...9...10	Bounce #5 added RGB(15178, 10810, 6221)
0...1...2...3...4...5...6...7...8...9...10	Bounce #6 added RGB(5993, 4191, 2219)
0...1...2...3...4...5...6...7...8...9...10	Bounce #7 added RGB(2477, 1695, 820)
0...1...2...3...4...5...6...7...8...9...10	Bounce #8 added RGB(1066, 711, 312)
0...1...2...3...4...5...6...7...8...9...10	Bounce #9 added RGB(473, 307, 122)
0...1...2...3...4...5...6...7...8...9...10	Bounce #10 added RGB(216, 136, 49)
0...1...2...3...4...5...6...7...8...9...10	Bounce #11 added RGB(100, 61, 20)
0...1...2...3...4...5...6...7...8...9...10	Bounce #12 added RGB(47, 28, 8)
0...1...2...3...4...5...6...7...8...9...10	Bounce #13 added RGB(23, 13, 3)
0...1...2...3...4...5...6...7...8...9...10	Bounce #14 added RGB(11, 6, 1)
0...1...2...3...4...5...6...7...8...9...10	Bounce #15 added RGB(5, 3, 1)
0...1...2...3...4...5...6...7...8...9...10	Bounce #16 added RGB(3, 1, 0)
0...1...2...3...4...5...6...7...8...9...10	Bounce #17 added RGB(1, 1, 0)
0...1...2...3...4...5...6...7...8...9...10	Bounce #18 added RGB(1, 0, 0)
Build Patch/Sample Hash Table(s).....Done<0.0766 sec>
0...1...2...3...4...5...6...7...8...9...10FinalLightFace Done
0...1...2...3...4...5...6...7...8...9...10Setting up leaf ambient computation...
75 of 359 (20% of) surface lights went in leaf ambient cubes.
0...1...2...3...4...5...6...7...8...9...10Writing leaf ambient...done
Ready to Finish

Object names       Objects/Maxobjs  Fullness 
------------       ---------------  -------- 
entities              1039/65536    ( 1.6%) 
models                 138/4096     ( 3.4%) 
brushes               3875/65536    ( 5.9%) 
brushsides           24340/655350   ( 3.7%) 
planes                4520/65536    ( 6.9%) 
vertexes             27395/65536    (41.8%) 
nodes                 4403/65536    ( 6.7%) 
texinfos              1470/32768    ( 4.5%) 
texdata                286/8192     ( 3.5%) 
dispinfos                4/16384    ( 0.0%) 
faces                15658/65536    (23.9%) 
hdr faces            15658/65536    (23.9%) 
origfaces             8062/65536    (12.3%) 
leaves                4542/65536    ( 6.9%) 
leaffaces            18845/65536    (28.8%) 
leafbrushes           8444/65536    (12.9%) 
areas                   72/1024     ( 7.0%) 
surfedges            76572/512000   (15.0%) 
edges                43120/256000   (16.8%) 
leafwaterdata           13/32768    ( 0.0%) 
primitives            2433/32768    ( 7.4%) 
primverts                0/65536    ( 0.0%) 
primindices          37557/65536    (57.3%) 
cubemapsamples           0/1024     ( 0.0%) 
overlays                64/8192     ( 0.8%) 
vertnormalindices    76441/256000   (29.9%) 
visdata             143001/16777216 ( 0.9%) 
entdata             391247/393216   (99.5%) CLOSE TO FULL!
LDR ambient table     4542/65536    ( 6.9%) 
HDR ambient table     4542/65536    ( 6.9%) 
LDR worldlights            0       
HDR worldlights            511     
LDR lightdata              0       
HDR lightdata              29041108
LDR leaf ambient           4542    
HDR leaf ambient           14110   
occluders                  0       
occluder polygons          0       
occluder vert ind          0       
detail props               1140    
dtl prp lght               4       
HDR dtl prp lght           4       
static props               17186   
pakfile                    126158  
physics                    1265858 
physics terrain            1376    

Level flags = 0

Total triangle count: 45125
Writing w:\programs\steam\steamapps\common\garrysmod\garrysmod\addons\garrysmodmap\maps\gmm_garrymod_map_by_woowz_map_garry_game.bsp
6 seconds elapsed

==================================================================
Date: 2026-09-12 20:11:05
W:\Programs\Steam\steamapps\common\GarrysMod\bin\win64\vbspplusplus.exe -allowdynamicpropsasstatic -game W:\Programs\Steam\steamapps\common\GarrysMod\garrysmod w:\programs\steam\steamapps\common\garrysmod\garrysmod\addons\garrysmodmap\maps\gmm_garrymod_map_by_woowz_map_garry_game
==================================================================
16 threads
---------------
gamedir: W:\Programs\Steam\steamapps\common\GarrysMod\garrysmod\
---------------
Loading w:\programs\steam\steamapps\common\garrysmod\garrysmod\addons\garrysmodmap\maps\gmm_garrymod_map_by_woowz_map_garry_game.vmf
Can't find surfaceprop antlion_eggshell for material NATURE/ROCKWALL_ANTLION03A, using default
Locating GameData file 'garrysmod.fgd'...
Parsing GameData file w:\programs\steam\steamapps\common\garrysmod\bin\garrysmod.fgd
Parsing GameData file w:\programs\steam\steamapps\common\garrysmod\bin\base.fgd
Parsing GameData file w:\programs\steam\steamapps\common\garrysmod\bin\halflife2.fgd
Parsing GameData file w:\programs\steam\steamapps\common\garrysmod\bin\base.fgd
fixing up env_cubemap materials on brush sides...
FloodEntities...
FloodEntities...
Processing areas...Brush 163714: areaportal brush doesn't touch two areas
Wrote w:\programs\steam\steamapps\common\garrysmod\garrysmod\addons\garrysmodmap\maps\gmm_garrymod_map_by_woowz_map_garry_game.lin
Areaportal leak ! File: w:\programs\steam\steamapps\common\garrysmod\garrysmod\addons\garrysmodmap\maps\gmm_garrymod_map_by_woowz_map_garry_game.lin 
--- AREAPORTAL LEAKED ---

==================================================================
Date: 2026-09-12 20:13:31
W:\Programs\Steam\steamapps\common\GarrysMod\bin\win64\vbspplusplus.exe -allowdynamicpropsasstatic -game W:\Programs\Steam\steamapps\common\GarrysMod\garrysmod w:\programs\steam\steamapps\common\garrysmod\garrysmod\addons\garrysmodmap\maps\gmm_garrymod_map_by_woowz_map_garry_game
==================================================================
16 threads
---------------
gamedir: W:\Programs\Steam\steamapps\common\GarrysMod\garrysmod\
---------------
Loading w:\programs\steam\steamapps\common\garrysmod\garrysmod\addons\garrysmodmap\maps\gmm_garrymod_map_by_woowz_map_garry_game.vmf
Can't find surfaceprop antlion_eggshell for material NATURE/ROCKWALL_ANTLION03A, using default
Locating GameData file 'garrysmod.fgd'...
Parsing GameData file w:\programs\steam\steamapps\common\garrysmod\bin\garrysmod.fgd
Parsing GameData file w:\programs\steam\steamapps\common\garrysmod\bin\base.fgd
Parsing GameData file w:\programs\steam\steamapps\common\garrysmod\bin\halflife2.fgd
Parsing GameData file w:\programs\steam\steamapps\common\garrysmod\bin\base.fgd
fixing up env_cubemap materials on brush sides...
FloodEntities...
FloodEntities...
Processing areas...Brush 163714: areaportal brush doesn't touch two areas
Wrote w:\programs\steam\steamapps\common\garrysmod\garrysmod\addons\garrysmodmap\maps\gmm_garrymod_map_by_woowz_map_garry_game.lin
Areaportal leak ! File: w:\programs\steam\steamapps\common\garrysmod\garrysmod\addons\garrysmodmap\maps\gmm_garrymod_map_by_woowz_map_garry_game.lin 
--- AREAPORTAL LEAKED ---

==================================================================
Date: 2026-09-12 20:14:05
W:\Programs\Steam\steamapps\common\GarrysMod\bin\win64\vbspplusplus.exe -allowdynamicpropsasstatic -game W:\Programs\Steam\steamapps\common\GarrysMod\garrysmod w:\programs\steam\steamapps\common\garrysmod\garrysmod\addons\garrysmodmap\maps\gmm_garrymod_map_by_woowz_map_garry_game
==================================================================
16 threads
---------------
gamedir: W:\Programs\Steam\steamapps\common\GarrysMod\garrysmod\
---------------
Loading w:\programs\steam\steamapps\common\garrysmod\garrysmod\addons\garrysmodmap\maps\gmm_garrymod_map_by_woowz_map_garry_game.vmf
Can't find surfaceprop antlion_eggshell for material NATURE/ROCKWALL_ANTLION03A, using default
Locating GameData file 'garrysmod.fgd'...
Parsing GameData file w:\programs\steam\steamapps\common\garrysmod\bin\garrysmod.fgd
Parsing GameData file w:\programs\steam\steamapps\common\garrysmod\bin\base.fgd
Parsing GameData file w:\programs\steam\steamapps\common\garrysmod\bin\halflife2.fgd
Parsing GameData file w:\programs\steam\steamapps\common\garrysmod\bin\base.fgd
fixing up env_cubemap materials on brush sides...
FloodEntities...
FloodEntities...
Processing areas...done (0)
Building Faces...done (0)
Chop Details...done (0)
Find Visible Detail Sides...
Merged 992 detail faces...done (0)
Merging details...done (1)
FixTjuncs...
PruneNodes...
WriteBSP...
done (0)
writing w:\programs\steam\steamapps\common\garrysmod\garrysmod\addons\garrysmodmap\maps\gmm_garrymod_map_by_woowz_map_garry_game.prt...
Building visibility clusters...
done (0)
Generating blank default cubemaps...
Generating blank default cubemaps...
Emitted 3889 brushes and 24424 brushsides
Finding displacement neighbors...
Finding lightmap sample positions...
Building Physics collision data...
done (0) (1265858 bytes)
Emitting static props...
Model "models/props_phx/construct/metal_wire1x2x2b.mdl" is missing $staticprop. Allowing due to -allowdynamicpropsasstatic
Model "models/props_phx/construct/metal_wire_angle360x2.mdl" is missing $staticprop. Allowing due to -allowdynamicpropsasstatic
Placing detail props : 0...1...2...3...4...5...6...7...8...9...10
Water found with no water_lod_control entity, creating a default one.
Compacting texture/material tables...
Reduced 2443 texinfos to 1470
Reduced 312 texdatas to 286 (9882 bytes to 7592)
Writing w:\programs\steam\steamapps\common\garrysmod\garrysmod\addons\garrysmodmap\maps\gmm_garrymod_map_by_woowz_map_garry_game.bsp
2 seconds elapsed

==================================================================
Date: 2026-09-12 20:14:08
W:\Programs\Steam\steamapps\common\GarrysMod\bin\win64\vvisplusplus.exe -game W:\Programs\Steam\steamapps\common\GarrysMod\garrysmod w:\programs\steam\steamapps\common\garrysmod\garrysmod\addons\garrysmodmap\maps\gmm_garrymod_map_by_woowz_map_garry_game
==================================================================
16 threads
CPU supports AVX2
reading w:\programs\steam\steamapps\common\garrysmod\garrysmod\addons\garrysmodmap\maps\gmm_garrymod_map_by_woowz_map_garry_game.bsp
reading w:\programs\steam\steamapps\common\garrysmod\garrysmod\addons\garrysmodmap\maps\gmm_garrymod_map_by_woowz_map_garry_game.prt
1315 portalclusters
2414 numportals
0...1...2...3...4...5...6...7...8...9...100...1...2...3...4...5...6...7...8...9...10Optimized: 215 visible clusters (0.31%)
Total clusters visible: 69080
Average clusters visible: 52
Building PAS...
Average clusters audible: 192
visdatasize:137227  compressed from 441840
writing w:\programs\steam\steamapps\common\garrysmod\garrysmod\addons\garrysmodmap\maps\gmm_garrymod_map_by_woowz_map_garry_game.bsp
Wrote ZIP buffer, estimated size 129722, actual size 126158
0 seconds elapsed

==================================================================
Date: 2026-09-12 20:14:08
W:\Programs\Steam\steamapps\common\GarrysMod\bin\win64\vradplusplus.exe -both -final -game W:\Programs\Steam\steamapps\common\GarrysMod\garrysmod w:\programs\steam\steamapps\common\garrysmod\garrysmod\addons\garrysmodmap\maps\gmm_garrymod_map_by_woowz_map_garry_game
==================================================================
---------------
gamedir: W:\Programs\Steam\steamapps\common\GarrysMod\garrysmod\
---------------
16 threads
Compiling in LDR+HDR mode
Reading texlights from 'lights.rad'...
53 texlights parsed
Loading w:\programs\steam\steamapps\common\garrysmod\garrysmod\addons\garrysmodmap\maps\gmm_garrymod_map_by_woowz_map_garry_game.bsp
121 props added to raytrace
15539 faces
1 degenerate faces
344 fake patch planes
1637167 square feet [235752160.00 square inches]
4 Displacements
3259 Square Feet [469401.19 Square Inches]
0...1...2...3...4...5...6...7...8...9...1015538 patches before subdivision
184006 patches after subdivision
CreateDirectLights...
0...1...2...3...4...5...6...7...8...9...10510 lights, 6 styled (0.01 seconds)
0...1...2...3...4...5...6...7...8...9...100...1...2...3...4...5...6...7...8...9...10transfers 21133096, max 1041
transfer lists: 161.2 megs
0...1...2...3...4...5...6...7...8...9...10	Bounce #1 added RGB(1432366, 1120211, 812562)
0...1...2...3...4...5...6...7...8...9...10	Bounce #2 added RGB(375876, 279021, 191458)
0...1...2...3...4...5...6...7...8...9...10	Bounce #3 added RGB(116041, 84819, 55891)
0...1...2...3...4...5...6...7...8...9...10	Bounce #4 added RGB(40266, 29074, 18019)
0...1...2...3...4...5...6...7...8...9...10	Bounce #5 added RGB(15034, 10708, 6172)
0...1...2...3...4...5...6...7...8...9...10	Bounce #6 added RGB(5955, 4164, 2207)
0...1...2...3...4...5...6...7...8...9...10	Bounce #7 added RGB(2467, 1688, 817)
0...1...2...3...4...5...6...7...8...9...10	Bounce #8 added RGB(1063, 709, 311)
0...1...2...3...4...5...6...7...8...9...10	Bounce #9 added RGB(472, 306, 122)
0...1...2...3...4...5...6...7...8...9...10	Bounce #10 added RGB(215, 136, 49)
0...1...2...3...4...5...6...7...8...9...10	Bounce #11 added RGB(100, 61, 20)
0...1...2...3...4...5...6...7...8...9...10	Bounce #12 added RGB(47, 28, 8)
0...1...2...3...4...5...6...7...8...9...10	Bounce #13 added RGB(23, 13, 3)
0...1...2...3...4...5...6...7...8...9...10	Bounce #14 added RGB(11, 6, 1)
0...1...2...3...4...5...6...7...8...9...10	Bounce #15 added RGB(5, 3, 1)
0...1...2...3...4...5...6...7...8...9...10	Bounce #16 added RGB(3, 1, 0)
0...1...2...3...4...5...6...7...8...9...10	Bounce #17 added RGB(1, 1, 0)
0...1...2...3...4...5...6...7...8...9...10	Bounce #18 added RGB(1, 0, 0)
Build Patch/Sample Hash Table(s).....Done<0.0754 sec>
0...1...2...3...4...5...6...7...8...9...10FinalLightFace Done
0...1...2...3...4...5...6...7...8...9...10Setting up leaf ambient computation...
75 of 359 (20% of) surface lights went in leaf ambient cubes.
0...1...2...3...4...5...6...7...8...9...10Writing leaf ambient...done
Ready to Finish

Object names       Objects/Maxobjs  Fullness 
------------       ---------------  -------- 
entities              1061/65536    ( 1.6%) 
models                 138/4096     ( 3.4%) 
brushes               3889/65536    ( 5.9%) 
brushsides           24424/655350   ( 3.7%) 
planes                4520/65536    ( 6.9%) 
vertexes             27234/65536    (41.6%) 
nodes                 4303/65536    ( 6.6%) 
texinfos              1470/32768    ( 4.5%) 
texdata                286/8192     ( 3.5%) 
dispinfos                4/16384    ( 0.0%) 
faces                15539/65536    (23.7%) 
hdr faces            15539/65536    (23.7%) 
origfaces             8063/65536    (12.3%) 
leaves                4442/65536    ( 6.8%) 
leaffaces            18638/65536    (28.4%) 
leafbrushes           8433/65536    (12.9%) 
areas                   76/1024     ( 7.4%) 
surfedges            75940/512000   (14.8%) 
edges                42905/256000   (16.8%) 
leafwaterdata           13/32768    ( 0.0%) 
primitives            2401/32768    ( 7.3%) 
primverts                0/65536    ( 0.0%) 
primindices          37104/65536    (56.6%) 
cubemapsamples           0/1024     ( 0.0%) 
overlays                64/8192     ( 0.8%) 
vertnormalindices    75809/256000   (29.6%) 
visdata             137227/16777216 ( 0.8%) 
entdata             393688/393216   (100.1%) FULL!!!
LDR ambient table     4442/65536    ( 6.8%) 
HDR ambient table     4442/65536    ( 6.8%) 
LDR worldlights            0       
HDR worldlights            510     
LDR lightdata              0       
HDR lightdata              29002136
LDR leaf ambient           4442    
HDR leaf ambient           14039   
occluders                  0       
occluder polygons          0       
occluder vert ind          0       
detail props               1140    
dtl prp lght               4       
HDR dtl prp lght           4       
static props               17320   
pakfile                    126158  
physics                    1265858 
physics terrain            1376    

Level flags = 0

Total triangle count: 44731
Writing w:\programs\steam\steamapps\common\garrysmod\garrysmod\addons\garrysmodmap\maps\gmm_garrymod_map_by_woowz_map_garry_game.bsp
6 seconds elapsed

==================================================================
Date: 2026-09-12 20:16:18
W:\Programs\Steam\steamapps\common\GarrysMod\bin\win64\vbspplusplus.exe -allowdynamicpropsasstatic -game W:\Programs\Steam\steamapps\common\GarrysMod\garrysmod w:\programs\steam\steamapps\common\garrysmod\garrysmod\addons\garrysmodmap\maps\gmm_garrymod_map_by_woowz_map_garry_game
==================================================================
16 threads
---------------
gamedir: W:\Programs\Steam\steamapps\common\GarrysMod\garrysmod\
---------------
Loading w:\programs\steam\steamapps\common\garrysmod\garrysmod\addons\garrysmodmap\maps\gmm_garrymod_map_by_woowz_map_garry_game.vmf
Can't find surfaceprop antlion_eggshell for material NATURE/ROCKWALL_ANTLION03A, using default
Locating GameData file 'garrysmod.fgd'...
Parsing GameData file w:\programs\steam\steamapps\common\garrysmod\bin\garrysmod.fgd
Parsing GameData file w:\programs\steam\steamapps\common\garrysmod\bin\base.fgd
Parsing GameData file w:\programs\steam\steamapps\common\garrysmod\bin\halflife2.fgd
Parsing GameData file w:\programs\steam\steamapps\common\garrysmod\bin\base.fgd
fixing up env_cubemap materials on brush sides...
FloodEntities...
FloodEntities...
Processing areas...done (0)
Building Faces...done (0)
Chop Details...done (0)
Find Visible Detail Sides...
Merged 992 detail faces...done (0)
Merging details...done (0)
FixTjuncs...
PruneNodes...
WriteBSP...
done (1)
writing w:\programs\steam\steamapps\common\garrysmod\garrysmod\addons\garrysmodmap\maps\gmm_garrymod_map_by_woowz_map_garry_game.prt...
Building visibility clusters...
done (0)
Generating blank default cubemaps...
Generating blank default cubemaps...
Emitted 3889 brushes and 24424 brushsides
Finding displacement neighbors...
Finding lightmap sample positions...
Building Physics collision data...
done (0) (1265858 bytes)
Emitting static props...
Model "models/props_phx/construct/metal_wire1x2x2b.mdl" is missing $staticprop. Allowing due to -allowdynamicpropsasstatic
Model "models/props_phx/construct/metal_wire_angle360x2.mdl" is missing $staticprop. Allowing due to -allowdynamicpropsasstatic
Placing detail props : 0...1...2...3...4...5...6...7...8...9...10
Water found with no water_lod_control entity, creating a default one.
Compacting texture/material tables...
Reduced 2443 texinfos to 1470
Reduced 312 texdatas to 286 (9882 bytes to 7592)
Writing w:\programs\steam\steamapps\common\garrysmod\garrysmod\addons\garrysmodmap\maps\gmm_garrymod_map_by_woowz_map_garry_game.bsp
2 seconds elapsed

==================================================================
Date: 2026-09-12 20:16:21
W:\Programs\Steam\steamapps\common\GarrysMod\bin\win64\vvisplusplus.exe -game W:\Programs\Steam\steamapps\common\GarrysMod\garrysmod w:\programs\steam\steamapps\common\garrysmod\garrysmod\addons\garrysmodmap\maps\gmm_garrymod_map_by_woowz_map_garry_game
==================================================================
16 threads
CPU supports AVX2
reading w:\programs\steam\steamapps\common\garrysmod\garrysmod\addons\garrysmodmap\maps\gmm_garrymod_map_by_woowz_map_garry_game.bsp
reading w:\programs\steam\steamapps\common\garrysmod\garrysmod\addons\garrysmodmap\maps\gmm_garrymod_map_by_woowz_map_garry_game.prt
1315 portalclusters
2414 numportals
0...1...2...3...4...5...6...7...8...9...100...1...2...3...4...5...6...7...8...9...10Optimized: 212 visible clusters (0.31%)
Total clusters visible: 69075
Average clusters visible: 52
Building PAS...
Average clusters audible: 192
visdatasize:137202  compressed from 441840
writing w:\programs\steam\steamapps\common\garrysmod\garrysmod\addons\garrysmodmap\maps\gmm_garrymod_map_by_woowz_map_garry_game.bsp
Wrote ZIP buffer, estimated size 129722, actual size 126158
0 seconds elapsed

==================================================================
Date: 2026-09-12 20:16:21
W:\Programs\Steam\steamapps\common\GarrysMod\bin\win64\vradplusplus.exe -both -final -game W:\Programs\Steam\steamapps\common\GarrysMod\garrysmod w:\programs\steam\steamapps\common\garrysmod\garrysmod\addons\garrysmodmap\maps\gmm_garrymod_map_by_woowz_map_garry_game
==================================================================
---------------
gamedir: W:\Programs\Steam\steamapps\common\GarrysMod\garrysmod\
---------------
16 threads
Compiling in LDR+HDR mode
Reading texlights from 'lights.rad'...
53 texlights parsed
Loading w:\programs\steam\steamapps\common\garrysmod\garrysmod\addons\garrysmodmap\maps\gmm_garrymod_map_by_woowz_map_garry_game.bsp
121 props added to raytrace
15539 faces
1 degenerate faces
344 fake patch planes
1637167 square feet [235752160.00 square inches]
4 Displacements
3259 Square Feet [469401.19 Square Inches]
0...1...2...3...4...5...6...7...8...9...1015538 patches before subdivision
184006 patches after subdivision
CreateDirectLights...
0...1...2...3...4...5...6...7...8...9...10510 lights, 6 styled (0.01 seconds)
0...1...2...3...4...5...6...7...8...9...100...1...2...3...4...5...6...7...8...9...10transfers 21133096, max 1041
transfer lists: 161.2 megs
0...1...2...3...4...5...6...7...8...9...10	Bounce #1 added RGB(1432355, 1120202, 812556)
0...1...2...3...4...5...6...7...8...9...10	Bounce #2 added RGB(375871, 279018, 191457)
0...1...2...3...4...5...6...7...8...9...10	Bounce #3 added RGB(116039, 84817, 55891)
0...1...2...3...4...5...6...7...8...9...10	Bounce #4 added RGB(40265, 29074, 18019)
0...1...2...3...4...5...6...7...8...9...10	Bounce #5 added RGB(15034, 10707, 6172)
0...1...2...3...4...5...6...7...8...9...10	Bounce #6 added RGB(5955, 4164, 2207)
0...1...2...3...4...5...6...7...8...9...10	Bounce #7 added RGB(2467, 1688, 817)
0...1...2...3...4...5...6...7...8...9...10	Bounce #8 added RGB(1063, 709, 311)
0...1...2...3...4...5...6...7...8...9...10	Bounce #9 added RGB(472, 306, 122)
0...1...2...3...4...5...6...7...8...9...10	Bounce #10 added RGB(215, 136, 49)
0...1...2...3...4...5...6...7...8...9...10	Bounce #11 added RGB(100, 61, 20)
0...1...2...3...4...5...6...7...8...9...10	Bounce #12 added RGB(47, 28, 8)
0...1...2...3...4...5...6...7...8...9...10	Bounce #13 added RGB(23, 13, 3)
0...1...2...3...4...5...6...7...8...9...10	Bounce #14 added RGB(11, 6, 1)
0...1...2...3...4...5...6...7...8...9...10	Bounce #15 added RGB(5, 3, 1)
0...1...2...3...4...5...6...7...8...9...10	Bounce #16 added RGB(3, 1, 0)
0...1...2...3...4...5...6...7...8...9...10	Bounce #17 added RGB(1, 1, 0)
0...1...2...3...4...5...6...7...8...9...10	Bounce #18 added RGB(1, 0, 0)
Build Patch/Sample Hash Table(s).....Done<0.0774 sec>
0...1...2...3...4...5...6...7...8...9...10FinalLightFace Done
0...1...2...3...4...5...6...7...8...9...10Setting up leaf ambient computation...
75 of 359 (20% of) surface lights went in leaf ambient cubes.
0...1...2...3...4...5...6...7...8...9...10Writing leaf ambient...done
Ready to Finish

Object names       Objects/Maxobjs  Fullness 
------------       ---------------  -------- 
entities              1061/65536    ( 1.6%) 
models                 138/4096     ( 3.4%) 
brushes               3889/65536    ( 5.9%) 
brushsides           24424/655350   ( 3.7%) 
planes                4520/65536    ( 6.9%) 
vertexes             27234/65536    (41.6%) 
nodes                 4303/65536    ( 6.6%) 
texinfos              1470/32768    ( 4.5%) 
texdata                286/8192     ( 3.5%) 
dispinfos                4/16384    ( 0.0%) 
faces                15539/65536    (23.7%) 
hdr faces            15539/65536    (23.7%) 
origfaces             8063/65536    (12.3%) 
leaves                4442/65536    ( 6.8%) 
leaffaces            18638/65536    (28.4%) 
leafbrushes           8433/65536    (12.9%) 
areas                   76/1024     ( 7.4%) 
surfedges            75940/512000   (14.8%) 
edges                42905/256000   (16.8%) 
leafwaterdata           13/32768    ( 0.0%) 
primitives            2401/32768    ( 7.3%) 
primverts                0/65536    ( 0.0%) 
primindices          37104/65536    (56.6%) 
cubemapsamples           0/1024     ( 0.0%) 
overlays                64/8192     ( 0.8%) 
vertnormalindices    75809/256000   (29.6%) 
visdata             137202/16777216 ( 0.8%) 
entdata             393688/393216   (100.1%) FULL!!!
LDR ambient table     4442/65536    ( 6.8%) 
HDR ambient table     4442/65536    ( 6.8%) 
LDR worldlights            0       
HDR worldlights            510     
LDR lightdata              0       
HDR lightdata              29002136
LDR leaf ambient           4442    
HDR leaf ambient           14039   
occluders                  0       
occluder polygons          0       
occluder vert ind          0       
detail props               1140    
dtl prp lght               4       
HDR dtl prp lght           4       
static props               17320   
pakfile                    126158  
physics                    1265858 
physics terrain            1376    

Level flags = 0

Total triangle count: 44731
Writing w:\programs\steam\steamapps\common\garrysmod\garrysmod\addons\garrysmodmap\maps\gmm_garrymod_map_by_woowz_map_garry_game.bsp
6 seconds elapsed

==================================================================
Date: 2026-09-12 20:17:11
W:\Programs\Steam\steamapps\common\GarrysMod\bin\win64\vbspplusplus.exe -allowdynamicpropsasstatic -game W:\Programs\Steam\steamapps\common\GarrysMod\garrysmod w:\programs\steam\steamapps\common\garrysmod\garrysmod\addons\garrysmodmap\maps\gmm_garrymod_map_by_woowz_map_garry_game
==================================================================
16 threads
---------------
gamedir: W:\Programs\Steam\steamapps\common\GarrysMod\garrysmod\
---------------
Loading w:\programs\steam\steamapps\common\garrysmod\garrysmod\addons\garrysmodmap\maps\gmm_garrymod_map_by_woowz_map_garry_game.vmf
Can't find surfaceprop antlion_eggshell for material NATURE/ROCKWALL_ANTLION03A, using default
Locating GameData file 'garrysmod.fgd'...
Parsing GameData file w:\programs\steam\steamapps\common\garrysmod\bin\garrysmod.fgd
Parsing GameData file w:\programs\steam\steamapps\common\garrysmod\bin\base.fgd
Parsing GameData file w:\programs\steam\steamapps\common\garrysmod\bin\halflife2.fgd
Parsing GameData file w:\programs\steam\steamapps\common\garrysmod\bin\base.fgd
fixing up env_cubemap materials on brush sides...
FloodEntities...
FloodEntities...
Processing areas...done (0)
Building Faces...done (0)
Chop Details...done (0)
Find Visible Detail Sides...
Merged 992 detail faces...done (0)
Merging details...done (0)
FixTjuncs...
PruneNodes...
WriteBSP...
done (1)
writing w:\programs\steam\steamapps\common\garrysmod\garrysmod\addons\garrysmodmap\maps\gmm_garrymod_map_by_woowz_map_garry_game.prt...
Building visibility clusters...
done (0)
Generating blank default cubemaps...
Generating blank default cubemaps...
Emitted 3889 brushes and 24424 brushsides
Finding displacement neighbors...
Finding lightmap sample positions...
Building Physics collision data...
done (0) (1265858 bytes)
Emitting static props...
Model "models/props_phx/construct/metal_wire1x2x2b.mdl" is missing $staticprop. Allowing due to -allowdynamicpropsasstatic
Model "models/props_phx/construct/metal_wire_angle360x2.mdl" is missing $staticprop. Allowing due to -allowdynamicpropsasstatic
Placing detail props : 0...1...2...3...4...5...6...7...8...9...10
Water found with no water_lod_control entity, creating a default one.
Compacting texture/material tables...
Reduced 2443 texinfos to 1470
Reduced 312 texdatas to 286 (9882 bytes to 7592)
Writing w:\programs\steam\steamapps\common\garrysmod\garrysmod\addons\garrysmodmap\maps\gmm_garrymod_map_by_woowz_map_garry_game.bsp
2 seconds elapsed

==================================================================
Date: 2026-09-12 20:17:14
W:\Programs\Steam\steamapps\common\GarrysMod\bin\win64\vvisplusplus.exe -game W:\Programs\Steam\steamapps\common\GarrysMod\garrysmod w:\programs\steam\steamapps\common\garrysmod\garrysmod\addons\garrysmodmap\maps\gmm_garrymod_map_by_woowz_map_garry_game
==================================================================
16 threads
CPU supports AVX2
reading w:\programs\steam\steamapps\common\garrysmod\garrysmod\addons\garrysmodmap\maps\gmm_garrymod_map_by_woowz_map_garry_game.bsp
reading w:\programs\steam\steamapps\common\garrysmod\garrysmod\addons\garrysmodmap\maps\gmm_garrymod_map_by_woowz_map_garry_game.prt
1315 portalclusters
2414 numportals
0...1...2...3...4...5...6...7...8...9...100...1...2...3...4...5...6...7...8...9...10Optimized: 211 visible clusters (0.31%)
Total clusters visible: 69076
Average clusters visible: 52
Building PAS...
Average clusters audible: 192
visdatasize:137227  compressed from 441840
writing w:\programs\steam\steamapps\common\garrysmod\garrysmod\addons\garrysmodmap\maps\gmm_garrymod_map_by_woowz_map_garry_game.bsp
Wrote ZIP buffer, estimated size 129722, actual size 126158
0 seconds elapsed

==================================================================
Date: 2026-09-12 20:17:14
W:\Programs\Steam\steamapps\common\GarrysMod\bin\win64\vradplusplus.exe -both -final -game W:\Programs\Steam\steamapps\common\GarrysMod\garrysmod w:\programs\steam\steamapps\common\garrysmod\garrysmod\addons\garrysmodmap\maps\gmm_garrymod_map_by_woowz_map_garry_game
==================================================================
---------------
gamedir: W:\Programs\Steam\steamapps\common\GarrysMod\garrysmod\
---------------
16 threads
Compiling in LDR+HDR mode
Reading texlights from 'lights.rad'...
53 texlights parsed
Loading w:\programs\steam\steamapps\common\garrysmod\garrysmod\addons\garrysmodmap\maps\gmm_garrymod_map_by_woowz_map_garry_game.bsp
121 props added to raytrace
15539 faces
1 degenerate faces
344 fake patch planes
1637167 square feet [235752160.00 square inches]
4 Displacements
3259 Square Feet [469401.19 Square Inches]
0...1...2...3...4...5...6...7...8...9...1015538 patches before subdivision
184006 patches after subdivision
CreateDirectLights...
0...1...2...3...4...5...6...7...8...9...10510 lights, 6 styled (0.01 seconds)
0...1...2...3...4...5...6...7...8...9...100...1...2...3...4...5...6...7...8...9...10transfers 21133096, max 1041
transfer lists: 161.2 megs
0...1...2...3...4...5...6...7...8...9...10	Bounce #1 added RGB(1432356, 1120202, 812557)
0...1...2...3...4...5...6...7...8...9...10	Bounce #2 added RGB(375870, 279017, 191457)
0...1...2...3...4...5...6...7...8...9...10	Bounce #3 added RGB(116039, 84817, 55891)
0...1...2...3...4...5...6...7...8...9...10	Bounce #4 added RGB(40265, 29074, 18019)
0...1...2...3...4...5...6...7...8...9...10	Bounce #5 added RGB(15034, 10707, 6172)
0...1...2...3...4...5...6...7...8...9...10	Bounce #6 added RGB(5955, 4164, 2207)
0...1...2...3...4...5...6...7...8...9...10	Bounce #7 added RGB(2467, 1688, 817)
0...1...2...3...4...5...6...7...8...9...10	Bounce #8 added RGB(1063, 709, 311)
0...1...2...3...4...5...6...7...8...9...10	Bounce #9 added RGB(472, 306, 122)
0...1...2...3...4...5...6...7...8...9...10	Bounce #10 added RGB(215, 136, 49)
0...1...2...3...4...5...6...7...8...9...10	Bounce #11 added RGB(100, 61, 20)
0...1...2...3...4...5...6...7...8...9...10	Bounce #12 added RGB(47, 28, 8)
0...1...2...3...4...5...6...7...8...9...10	Bounce #13 added RGB(23, 13, 3)
0...1...2...3...4...5...6...7...8...9...10	Bounce #14 added RGB(11, 6, 1)
0...1...2...3...4...5...6...7...8...9...10	Bounce #15 added RGB(5, 3, 1)
0...1...2...3...4...5...6...7...8...9...10	Bounce #16 added RGB(3, 1, 0)
0...1...2...3...4...5...6...7...8...9...10	Bounce #17 added RGB(1, 1, 0)
0...1...2...3...4...5...6...7...8...9...10	Bounce #18 added RGB(1, 0, 0)
Build Patch/Sample Hash Table(s).....Done<0.0786 sec>
0...1...2...3...4...5...6...7...8...9...10FinalLightFace Done
0...1...2...3...4...5...6...7...8...9...10Setting up leaf ambient computation...
75 of 359 (20% of) surface lights went in leaf ambient cubes.
0...1...2...3...4...5...6...7...8...9...10Writing leaf ambient...done
Ready to Finish

Object names       Objects/Maxobjs  Fullness 
------------       ---------------  -------- 
entities              1061/65536    ( 1.6%) 
models                 138/4096     ( 3.4%) 
brushes               3889/65536    ( 5.9%) 
brushsides           24424/655350   ( 3.7%) 
planes                4520/65536    ( 6.9%) 
vertexes             27234/65536    (41.6%) 
nodes                 4303/65536    ( 6.6%) 
texinfos              1470/32768    ( 4.5%) 
texdata                286/8192     ( 3.5%) 
dispinfos                4/16384    ( 0.0%) 
faces                15539/65536    (23.7%) 
hdr faces            15539/65536    (23.7%) 
origfaces             8063/65536    (12.3%) 
leaves                4442/65536    ( 6.8%) 
leaffaces            18638/65536    (28.4%) 
leafbrushes           8433/65536    (12.9%) 
areas                   76/1024     ( 7.4%) 
surfedges            75940/512000   (14.8%) 
edges                42905/256000   (16.8%) 
leafwaterdata           13/32768    ( 0.0%) 
primitives            2401/32768    ( 7.3%) 
primverts                0/65536    ( 0.0%) 
primindices          37104/65536    (56.6%) 
cubemapsamples           0/1024     ( 0.0%) 
overlays                64/8192     ( 0.8%) 
vertnormalindices    75809/256000   (29.6%) 
visdata             137227/16777216 ( 0.8%) 
entdata             393688/393216   (100.1%) FULL!!!
LDR ambient table     4442/65536    ( 6.8%) 
HDR ambient table     4442/65536    ( 6.8%) 
LDR worldlights            0       
HDR worldlights            510     
LDR lightdata              0       
HDR lightdata              29002136
LDR leaf ambient           4442    
HDR leaf ambient           14039   
occluders                  0       
occluder polygons          0       
occluder vert ind          0       
detail props               1140    
dtl prp lght               4       
HDR dtl prp lght           4       
static props               17320   
pakfile                    126158  
physics                    1265858 
physics terrain            1376    

Level flags = 0

Total triangle count: 44731
Writing w:\programs\steam\steamapps\common\garrysmod\garrysmod\addons\garrysmodmap\maps\gmm_garrymod_map_by_woowz_map_garry_game.bsp
6 seconds elapsed

==================================================================
Date: 2026-09-12 20:20:01
W:\Programs\Steam\steamapps\common\GarrysMod\bin\win64\vbspplusplus.exe -allowdynamicpropsasstatic -game W:\Programs\Steam\steamapps\common\GarrysMod\garrysmod w:\programs\steam\steamapps\common\garrysmod\garrysmod\addons\garrysmodmap\maps\gmm_garrymod_map_by_woowz_map_garry_game
==================================================================
16 threads
---------------
gamedir: W:\Programs\Steam\steamapps\common\GarrysMod\garrysmod\
---------------
Loading w:\programs\steam\steamapps\common\garrysmod\garrysmod\addons\garrysmodmap\maps\gmm_garrymod_map_by_woowz_map_garry_game.vmf
Can't find surfaceprop antlion_eggshell for material NATURE/ROCKWALL_ANTLION03A, using default
Locating GameData file 'garrysmod.fgd'...
Parsing GameData file w:\programs\steam\steamapps\common\garrysmod\bin\garrysmod.fgd
Parsing GameData file w:\programs\steam\steamapps\common\garrysmod\bin\base.fgd
Parsing GameData file w:\programs\steam\steamapps\common\garrysmod\bin\halflife2.fgd
Parsing GameData file w:\programs\steam\steamapps\common\garrysmod\bin\base.fgd
fixing up env_cubemap materials on brush sides...
FloodEntities...
FloodEntities...
Processing areas...done (0)
Building Faces...done (0)
Chop Details...done (0)
Find Visible Detail Sides...
Merged 992 detail faces...done (0)
Merging details...done (0)
FixTjuncs...
PruneNodes...
WriteBSP...
done (1)
writing w:\programs\steam\steamapps\common\garrysmod\garrysmod\addons\garrysmodmap\maps\gmm_garrymod_map_by_woowz_map_garry_game.prt...
Building visibility clusters...
done (0)
Generating blank default cubemaps...
Generating blank default cubemaps...
Emitted 3889 brushes and 24424 brushsides
Finding displacement neighbors...
Finding lightmap sample positions...
Building Physics collision data...
done (0) (1265858 bytes)
Emitting static props...
Model "models/props_phx/construct/metal_wire1x2x2b.mdl" is missing $staticprop. Allowing due to -allowdynamicpropsasstatic
Model "models/props_phx/construct/metal_wire_angle360x2.mdl" is missing $staticprop. Allowing due to -allowdynamicpropsasstatic
Placing detail props : 0...1...2...3...4...5...6...7...8...9...10
Water found with no water_lod_control entity, creating a default one.
Compacting texture/material tables...
Reduced 2443 texinfos to 1470
Reduced 312 texdatas to 286 (9882 bytes to 7592)
Writing w:\programs\steam\steamapps\common\garrysmod\garrysmod\addons\garrysmodmap\maps\gmm_garrymod_map_by_woowz_map_garry_game.bsp
2 seconds elapsed

==================================================================
Date: 2026-09-12 20:20:04
W:\Programs\Steam\steamapps\common\GarrysMod\bin\win64\vvisplusplus.exe -game W:\Programs\Steam\steamapps\common\GarrysMod\garrysmod w:\programs\steam\steamapps\common\garrysmod\garrysmod\addons\garrysmodmap\maps\gmm_garrymod_map_by_woowz_map_garry_game
==================================================================
16 threads
CPU supports AVX2
reading w:\programs\steam\steamapps\common\garrysmod\garrysmod\addons\garrysmodmap\maps\gmm_garrymod_map_by_woowz_map_garry_game.bsp
reading w:\programs\steam\steamapps\common\garrysmod\garrysmod\addons\garrysmodmap\maps\gmm_garrymod_map_by_woowz_map_garry_game.prt
1315 portalclusters
2414 numportals
0...1...2...3...4...5...6...7...8...9...100...1...2...3...4...5...6...7...8...9...10Optimized: 213 visible clusters (0.31%)
Total clusters visible: 69078
Average clusters visible: 52
Building PAS...
Average clusters audible: 192
visdatasize:137227  compressed from 441840
writing w:\programs\steam\steamapps\common\garrysmod\garrysmod\addons\garrysmodmap\maps\gmm_garrymod_map_by_woowz_map_garry_game.bsp
Wrote ZIP buffer, estimated size 129722, actual size 126158
0 seconds elapsed

==================================================================
Date: 2026-09-12 20:20:04
W:\Programs\Steam\steamapps\common\GarrysMod\bin\win64\vradplusplus.exe -both -final -game W:\Programs\Steam\steamapps\common\GarrysMod\garrysmod w:\programs\steam\steamapps\common\garrysmod\garrysmod\addons\garrysmodmap\maps\gmm_garrymod_map_by_woowz_map_garry_game
==================================================================
---------------
gamedir: W:\Programs\Steam\steamapps\common\GarrysMod\garrysmod\
---------------
16 threads
Compiling in LDR+HDR mode
Reading texlights from 'lights.rad'...
53 texlights parsed
Loading w:\programs\steam\steamapps\common\garrysmod\garrysmod\addons\garrysmodmap\maps\gmm_garrymod_map_by_woowz_map_garry_game.bsp
120 props added to raytrace
15539 faces
1 degenerate faces
344 fake patch planes
1637167 square feet [235752160.00 square inches]
4 Displacements
3259 Square Feet [469401.19 Square Inches]
0...1...2...3...4...5...6...7...8...9...1015538 patches before subdivision
184006 patches after subdivision
CreateDirectLights...
0...1...2...3...4...5...6...7...8...9...10510 lights, 6 styled (0.01 seconds)
0...1...2...3...4...5...6...7...8...9...100...1...2...3...4...5...6...7...8...9...10transfers 21141498, max 1041
transfer lists: 161.3 megs
0...1...2...3...4...5...6...7...8...9...10	Bounce #1 added RGB(1432507, 1120365, 812695)
0...1...2...3...4...5...6...7...8...9...10	Bounce #2 added RGB(375932, 279082, 191508)
0...1...2...3...4...5...6...7...8...9...10	Bounce #3 added RGB(116061, 84839, 55907)
0...1...2...3...4...5...6...7...8...9...10	Bounce #4 added RGB(40272, 29081, 18024)
0...1...2...3...4...5...6...7...8...9...10	Bounce #5 added RGB(15036, 10710, 6173)
0...1...2...3...4...5...6...7...8...9...10	Bounce #6 added RGB(5956, 4165, 2208)
0...1...2...3...4...5...6...7...8...9...10	Bounce #7 added RGB(2468, 1688, 817)
0...1...2...3...4...5...6...7...8...9...10	Bounce #8 added RGB(1063, 709, 311)
0...1...2...3...4...5...6...7...8...9...10	Bounce #9 added RGB(472, 306, 122)
0...1...2...3...4...5...6...7...8...9...10	Bounce #10 added RGB(215, 136, 49)
0...1...2...3...4...5...6...7...8...9...10	Bounce #11 added RGB(100, 61, 20)
0...1...2...3...4...5...6...7...8...9...10	Bounce #12 added RGB(47, 28, 8)
0...1...2...3...4...5...6...7...8...9...10	Bounce #13 added RGB(23, 13, 3)
0...1...2...3...4...5...6...7...8...9...10	Bounce #14 added RGB(11, 6, 1)
0...1...2...3...4...5...6...7...8...9...10	Bounce #15 added RGB(5, 3, 1)
0...1...2...3...4...5...6...7...8...9...10	Bounce #16 added RGB(3, 1, 0)
0...1...2...3...4...5...6...7...8...9...10	Bounce #17 added RGB(1, 1, 0)
0...1...2...3...4...5...6...7...8...9...10	Bounce #18 added RGB(1, 0, 0)
Build Patch/Sample Hash Table(s).....Done<0.0762 sec>
0...1...2...3...4...5...6...7...8...9...10FinalLightFace Done
0...1...2...3...4...5...6...7...8...9...10Setting up leaf ambient computation...
75 of 359 (20% of) surface lights went in leaf ambient cubes.
0...1...2...3...4...5...6...7...8...9...10Writing leaf ambient...done
Ready to Finish

Object names       Objects/Maxobjs  Fullness 
------------       ---------------  -------- 
entities              1062/65536    ( 1.6%) 
models                 138/4096     ( 3.4%) 
brushes               3889/65536    ( 5.9%) 
brushsides           24424/655350   ( 3.7%) 
planes                4520/65536    ( 6.9%) 
vertexes             27234/65536    (41.6%) 
nodes                 4303/65536    ( 6.6%) 
texinfos              1470/32768    ( 4.5%) 
texdata                286/8192     ( 3.5%) 
dispinfos                4/16384    ( 0.0%) 
faces                15539/65536    (23.7%) 
hdr faces            15539/65536    (23.7%) 
origfaces             8063/65536    (12.3%) 
leaves                4442/65536    ( 6.8%) 
leaffaces            18638/65536    (28.4%) 
leafbrushes           8433/65536    (12.9%) 
areas                   76/1024     ( 7.4%) 
surfedges            75940/512000   (14.8%) 
edges                42905/256000   (16.8%) 
leafwaterdata           13/32768    ( 0.0%) 
primitives            2401/32768    ( 7.3%) 
primverts                0/65536    ( 0.0%) 
primindices          37104/65536    (56.6%) 
cubemapsamples           0/1024     ( 0.0%) 
overlays                64/8192     ( 0.8%) 
vertnormalindices    75809/256000   (29.6%) 
visdata             137227/16777216 ( 0.8%) 
entdata             394383/393216   (100.3%) FULL!!!
LDR ambient table     4442/65536    ( 6.8%) 
HDR ambient table     4442/65536    ( 6.8%) 
LDR worldlights            0       
HDR worldlights            510     
LDR lightdata              0       
HDR lightdata              29002136
LDR leaf ambient           4442    
HDR leaf ambient           14039   
occluders                  0       
occluder polygons          0       
occluder vert ind          0       
detail props               1140    
dtl prp lght               4       
HDR dtl prp lght           4       
static props               17114   
pakfile                    126158  
physics                    1265858 
physics terrain            1376    

Level flags = 0

Total triangle count: 44731
Writing w:\programs\steam\steamapps\common\garrysmod\garrysmod\addons\garrysmodmap\maps\gmm_garrymod_map_by_woowz_map_garry_game.bsp
6 seconds elapsed

==================================================================
Date: 2026-09-12 20:36:40
W:\Programs\Steam\steamapps\common\GarrysMod\bin\win64\vbspplusplus.exe -allowdynamicpropsasstatic -game W:\Programs\Steam\steamapps\common\GarrysMod\garrysmod w:\programs\steam\steamapps\common\garrysmod\garrysmod\addons\garrysmodmap\maps\gmm_garrymod_map_by_woowz_map_garry_game
==================================================================
16 threads
---------------
gamedir: W:\Programs\Steam\steamapps\common\GarrysMod\garrysmod\
---------------
Loading w:\programs\steam\steamapps\common\garrysmod\garrysmod\addons\garrysmodmap\maps\gmm_garrymod_map_by_woowz_map_garry_game.vmf
Can't find surfaceprop antlion_eggshell for material NATURE/ROCKWALL_ANTLION03A, using default
Locating GameData file 'garrysmod.fgd'...
Parsing GameData file w:\programs\steam\steamapps\common\garrysmod\bin\garrysmod.fgd
Parsing GameData file w:\programs\steam\steamapps\common\garrysmod\bin\base.fgd
Parsing GameData file w:\programs\steam\steamapps\common\garrysmod\bin\halflife2.fgd
Parsing GameData file w:\programs\steam\steamapps\common\garrysmod\bin\base.fgd
fixing up env_cubemap materials on brush sides...
FloodEntities...
FloodEntities...
Processing areas...done (0)
Building Faces...done (0)
Chop Details...done (0)
Find Visible Detail Sides...
Merged 992 detail faces...done (0)
Merging details...done (0)
FixTjuncs...
PruneNodes...
WriteBSP...
done (1)
writing w:\programs\steam\steamapps\common\garrysmod\garrysmod\addons\garrysmodmap\maps\gmm_garrymod_map_by_woowz_map_garry_game.prt...
Building visibility clusters...
done (0)
Generating blank default cubemaps...
Generating blank default cubemaps...
Emitted 3890 brushes and 24430 brushsides
Finding displacement neighbors...
Finding lightmap sample positions...
Building Physics collision data...
done (0) (1266282 bytes)
Emitting static props...
Model "models/props_phx/construct/metal_wire1x2x2b.mdl" is missing $staticprop. Allowing due to -allowdynamicpropsasstatic
Model "models/props_phx/construct/metal_wire_angle360x2.mdl" is missing $staticprop. Allowing due to -allowdynamicpropsasstatic
Placing detail props : 0...1...2...3...4...5...6...7...8...9...10
Water found with no water_lod_control entity, creating a default one.
Compacting texture/material tables...
Reduced 2449 texinfos to 1472
Reduced 314 texdatas to 287 (9931 bytes to 7614)
Writing w:\programs\steam\steamapps\common\garrysmod\garrysmod\addons\garrysmodmap\maps\gmm_garrymod_map_by_woowz_map_garry_game.bsp
2 seconds elapsed

==================================================================
Date: 2026-09-12 20:36:42
W:\Programs\Steam\steamapps\common\GarrysMod\bin\win64\vvisplusplus.exe -game W:\Programs\Steam\steamapps\common\GarrysMod\garrysmod w:\programs\steam\steamapps\common\garrysmod\garrysmod\addons\garrysmodmap\maps\gmm_garrymod_map_by_woowz_map_garry_game
==================================================================
16 threads
CPU supports AVX2
reading w:\programs\steam\steamapps\common\garrysmod\garrysmod\addons\garrysmodmap\maps\gmm_garrymod_map_by_woowz_map_garry_game.bsp
reading w:\programs\steam\steamapps\common\garrysmod\garrysmod\addons\garrysmodmap\maps\gmm_garrymod_map_by_woowz_map_garry_game.prt
1315 portalclusters
2414 numportals
0...1...2...3...4...5...6...7...8...9...100...1...2...3...4...5...6...7...8...9...10Optimized: 212 visible clusters (0.31%)
Total clusters visible: 69077
Average clusters visible: 52
Building PAS...
Average clusters audible: 192
visdatasize:137227  compressed from 441840
writing w:\programs\steam\steamapps\common\garrysmod\garrysmod\addons\garrysmodmap\maps\gmm_garrymod_map_by_woowz_map_garry_game.bsp
Wrote ZIP buffer, estimated size 129722, actual size 126158
0 seconds elapsed

==================================================================
Date: 2026-09-12 20:36:42
W:\Programs\Steam\steamapps\common\GarrysMod\bin\win64\vradplusplus.exe -both -final -game W:\Programs\Steam\steamapps\common\GarrysMod\garrysmod w:\programs\steam\steamapps\common\garrysmod\garrysmod\addons\garrysmodmap\maps\gmm_garrymod_map_by_woowz_map_garry_game
==================================================================
---------------
gamedir: W:\Programs\Steam\steamapps\common\GarrysMod\garrysmod\
---------------
16 threads
Compiling in LDR+HDR mode
Reading texlights from 'lights.rad'...
53 texlights parsed
Loading w:\programs\steam\steamapps\common\garrysmod\garrysmod\addons\garrysmodmap\maps\gmm_garrymod_map_by_woowz_map_garry_game.bsp
122 props added to raytrace
15533 faces
1 degenerate faces
344 fake patch planes
1637093 square feet [235741472.00 square inches]
4 Displacements
3259 Square Feet [469401.19 Square Inches]
0...1...2...3...4...5...6...7...8...9...1015532 patches before subdivision
183976 patches after subdivision
CreateDirectLights...
0...1...2...3...4...5...6...7...8...9...10510 lights, 6 styled (0.01 seconds)
0...1...2...3...4...5...6...7...8...9...100...1...2...3...4...5...6...7...8...9...10transfers 21139683, max 1041
transfer lists: 161.3 megs
0...1...2...3...4...5...6...7...8...9...10	Bounce #1 added RGB(1432479, 1120330, 812655)
0...1...2...3...4...5...6...7...8...9...10	Bounce #2 added RGB(375906, 279056, 191484)
0...1...2...3...4...5...6...7...8...9...10	Bounce #3 added RGB(116049, 84827, 55896)
0...1...2...3...4...5...6...7...8...9...10	Bounce #4 added RGB(40266, 29075, 18019)
0...1...2...3...4...5...6...7...8...9...10	Bounce #5 added RGB(15033, 10707, 6171)
0...1...2...3...4...5...6...7...8...9...10	Bounce #6 added RGB(5954, 4164, 2207)
0...1...2...3...4...5...6...7...8...9...10	Bounce #7 added RGB(2467, 1688, 817)
0...1...2...3...4...5...6...7...8...9...10	Bounce #8 added RGB(1063, 709, 311)
0...1...2...3...4...5...6...7...8...9...10	Bounce #9 added RGB(472, 306, 122)
0...1...2...3...4...5...6...7...8...9...10	Bounce #10 added RGB(215, 136, 49)
0...1...2...3...4...5...6...7...8...9...10	Bounce #11 added RGB(100, 61, 20)
0...1...2...3...4...5...6...7...8...9...10	Bounce #12 added RGB(47, 28, 8)
0...1...2...3...4...5...6...7...8...9...10	Bounce #13 added RGB(23, 13, 3)
0...1...2...3...4...5...6...7...8...9...10	Bounce #14 added RGB(11, 6, 1)
0...1...2...3...4...5...6...7...8...9...10	Bounce #15 added RGB(5, 3, 1)
0...1...2...3...4...5...6...7...8...9...10	Bounce #16 added RGB(3, 1, 0)
0...1...2...3...4...5...6...7...8...9...10	Bounce #17 added RGB(1, 1, 0)
0...1...2...3...4...5...6...7...8...9...10	Bounce #18 added RGB(1, 0, 0)
Build Patch/Sample Hash Table(s).....Done<0.0840 sec>
0...1...2...3...4...5...6...7...8...9...10FinalLightFace Done
0...1...2...3...4...5...6...7...8...9...10Setting up leaf ambient computation...
75 of 359 (20% of) surface lights went in leaf ambient cubes.
0...1...2...3...4...5...6...7...8...9...10Writing leaf ambient...done
Ready to Finish

Object names       Objects/Maxobjs  Fullness 
------------       ---------------  -------- 
entities              1070/65536    ( 1.6%) 
models                 138/4096     ( 3.4%) 
brushes               3890/65536    ( 5.9%) 
brushsides           24430/655350   ( 3.7%) 
planes                4528/65536    ( 6.9%) 
vertexes             27241/65536    (41.6%) 
nodes                 4303/65536    ( 6.6%) 
texinfos              1472/32768    ( 4.5%) 
texdata                287/8192     ( 3.5%) 
dispinfos                4/16384    ( 0.0%) 
faces                15533/65536    (23.7%) 
hdr faces            15533/65536    (23.7%) 
origfaces             8061/65536    (12.3%) 
leaves                4442/65536    ( 6.8%) 
leaffaces            18642/65536    (28.4%) 
leafbrushes           8444/65536    (12.9%) 
areas                   76/1024     ( 7.4%) 
surfedges            75924/512000   (14.8%) 
edges                42899/256000   (16.8%) 
leafwaterdata           13/32768    ( 0.0%) 
primitives            2401/32768    ( 7.3%) 
primverts                0/65536    ( 0.0%) 
primindices          37104/65536    (56.6%) 
cubemapsamples           0/1024     ( 0.0%) 
overlays                64/8192     ( 0.8%) 
vertnormalindices    75793/256000   (29.6%) 
visdata             137227/16777216 ( 0.8%) 
entdata             395225/393216   (100.5%) FULL!!!
LDR ambient table     4442/65536    ( 6.8%) 
HDR ambient table     4442/65536    ( 6.8%) 
LDR worldlights            0       
HDR worldlights            510     
LDR lightdata              0       
HDR lightdata              28999784
LDR leaf ambient           4442    
HDR leaf ambient           14037   
occluders                  0       
occluder polygons          0       
occluder vert ind          0       
detail props               1140    
dtl prp lght               4       
HDR dtl prp lght           4       
static props               17266   
pakfile                    126158  
physics                    1266282 
physics terrain            1376    

Level flags = 0

Total triangle count: 44727
Writing w:\programs\steam\steamapps\common\garrysmod\garrysmod\addons\garrysmodmap\maps\gmm_garrymod_map_by_woowz_map_garry_game.bsp
6 seconds elapsed

==================================================================
Date: 2026-09-12 21:21:20
W:\Programs\Steam\steamapps\common\GarrysMod\bin\win64\vbspplusplus.exe -allowdynamicpropsasstatic -game W:\Programs\Steam\steamapps\common\GarrysMod\garrysmod w:\programs\steam\steamapps\common\garrysmod\garrysmod\addons\garrysmodmap\maps\gmm_garrymod_map_by_woowz_map_garry_game
==================================================================
16 threads
---------------
gamedir: W:\Programs\Steam\steamapps\common\GarrysMod\garrysmod\
---------------
Loading w:\programs\steam\steamapps\common\garrysmod\garrysmod\addons\garrysmodmap\maps\gmm_garrymod_map_by_woowz_map_garry_game.vmf
Can't find surfaceprop antlion_eggshell for material NATURE/ROCKWALL_ANTLION03A, using default
Locating GameData file 'garrysmod.fgd'...
Parsing GameData file w:\programs\steam\steamapps\common\garrysmod\bin\garrysmod.fgd
Parsing GameData file w:\programs\steam\steamapps\common\garrysmod\bin\base.fgd
Parsing GameData file w:\programs\steam\steamapps\common\garrysmod\bin\halflife2.fgd
Parsing GameData file w:\programs\steam\steamapps\common\garrysmod\bin\base.fgd
fixing up env_cubemap materials on brush sides...
FloodEntities...
FloodEntities...
Processing areas...done (0)
Building Faces...done (0)
Chop Details...done (0)
Find Visible Detail Sides...
Merged 992 detail faces...done (0)
Merging details...done (0)
FixTjuncs...
PruneNodes...
WriteBSP...
done (1)
writing w:\programs\steam\steamapps\common\garrysmod\garrysmod\addons\garrysmodmap\maps\gmm_garrymod_map_by_woowz_map_garry_game.prt...
Building visibility clusters...
done (0)
Generating blank default cubemaps...
Generating blank default cubemaps...
Emitted 3899 brushes and 24493 brushsides
Finding displacement neighbors...
Finding lightmap sample positions...
Building Physics collision data...
done (0) (1269159 bytes)
Emitting static props...
Model "models/props_phx/construct/metal_wire1x2x2b.mdl" is missing $staticprop. Allowing due to -allowdynamicpropsasstatic
Model "models/props_phx/construct/metal_wire_angle360x2.mdl" is missing $staticprop. Allowing due to -allowdynamicpropsasstatic
Placing detail props : 0...1...2...3...4...5...6...7...8...9...10
Water found with no water_lod_control entity, creating a default one.
Compacting texture/material tables...
Reduced 2459 texinfos to 1473
Reduced 314 texdatas to 288 (9931 bytes to 7636)
Writing w:\programs\steam\steamapps\common\garrysmod\garrysmod\addons\garrysmodmap\maps\gmm_garrymod_map_by_woowz_map_garry_game.bsp
2 seconds elapsed

==================================================================
Date: 2026-09-12 21:21:22
W:\Programs\Steam\steamapps\common\GarrysMod\bin\win64\vvisplusplus.exe -game W:\Programs\Steam\steamapps\common\GarrysMod\garrysmod w:\programs\steam\steamapps\common\garrysmod\garrysmod\addons\garrysmodmap\maps\gmm_garrymod_map_by_woowz_map_garry_game
==================================================================
16 threads
CPU supports AVX2
reading w:\programs\steam\steamapps\common\garrysmod\garrysmod\addons\garrysmodmap\maps\gmm_garrymod_map_by_woowz_map_garry_game.bsp
reading w:\programs\steam\steamapps\common\garrysmod\garrysmod\addons\garrysmodmap\maps\gmm_garrymod_map_by_woowz_map_garry_game.prt
1311 portalclusters
2407 numportals
0...1...2...3...4...5...6...7...8...9...100...1...2...3...4...5...6...7...8...9...10Optimized: 220 visible clusters (0.32%)
Total clusters visible: 68553
Average clusters visible: 52
Building PAS...
Average clusters audible: 192
visdatasize:137275  compressed from 440496
writing w:\programs\steam\steamapps\common\garrysmod\garrysmod\addons\garrysmodmap\maps\gmm_garrymod_map_by_woowz_map_garry_game.bsp
Wrote ZIP buffer, estimated size 129722, actual size 126158
0 seconds elapsed

==================================================================
Date: 2026-09-12 21:21:22
W:\Programs\Steam\steamapps\common\GarrysMod\bin\win64\vradplusplus.exe -both -final -game W:\Programs\Steam\steamapps\common\GarrysMod\garrysmod w:\programs\steam\steamapps\common\garrysmod\garrysmod\addons\garrysmodmap\maps\gmm_garrymod_map_by_woowz_map_garry_game
==================================================================
---------------
gamedir: W:\Programs\Steam\steamapps\common\GarrysMod\garrysmod\
---------------
16 threads
Compiling in LDR+HDR mode
Reading texlights from 'lights.rad'...
53 texlights parsed
Loading w:\programs\steam\steamapps\common\garrysmod\garrysmod\addons\garrysmodmap\maps\gmm_garrymod_map_by_woowz_map_garry_game.bsp
122 props added to raytrace
15545 faces
1 degenerate faces
356 fake patch planes
1637108 square feet [235743648.00 square inches]
4 Displacements
3259 Square Feet [469401.19 Square Inches]
0...1...2...3...4...5...6...7...8...9...1015544 patches before subdivision
184078 patches after subdivision
CreateDirectLights...
0...1...2...3...4...5...6...7...8...9...10510 lights, 6 styled (0.01 seconds)
0...1...2...3...4...5...6...7...8...9...100...1...2...3...4...5...6...7...8...9...10transfers 21141238, max 1041
transfer lists: 161.3 megs
0...1...2...3...4...5...6...7...8...9...10	Bounce #1 added RGB(1432890, 1120543, 812573)
0...1...2...3...4...5...6...7...8...9...10	Bounce #2 added RGB(376083, 279214, 191506)
0...1...2...3...4...5...6...7...8...9...10	Bounce #3 added RGB(116105, 84894, 55909)
0...1...2...3...4...5...6...7...8...9...10	Bounce #4 added RGB(40286, 29102, 18025)
0...1...2...3...4...5...6...7...8...9...10	Bounce #5 added RGB(15040, 10717, 6173)
0...1...2...3...4...5...6...7...8...9...10	Bounce #6 added RGB(5956, 4167, 2207)
0...1...2...3...4...5...6...7...8...9...10	Bounce #7 added RGB(2468, 1689, 817)
0...1...2...3...4...5...6...7...8...9...10	Bounce #8 added RGB(1063, 709, 311)
0...1...2...3...4...5...6...7...8...9...10	Bounce #9 added RGB(472, 307, 122)
0...1...2...3...4...5...6...7...8...9...10	Bounce #10 added RGB(215, 136, 49)
0...1...2...3...4...5...6...7...8...9...10	Bounce #11 added RGB(100, 61, 20)
0...1...2...3...4...5...6...7...8...9...10	Bounce #12 added RGB(47, 28, 8)
0...1...2...3...4...5...6...7...8...9...10	Bounce #13 added RGB(23, 13, 3)
0...1...2...3...4...5...6...7...8...9...10	Bounce #14 added RGB(11, 6, 1)
0...1...2...3...4...5...6...7...8...9...10	Bounce #15 added RGB(5, 3, 1)
0...1...2...3...4...5...6...7...8...9...10	Bounce #16 added RGB(3, 1, 0)
0...1...2...3...4...5...6...7...8...9...10	Bounce #17 added RGB(1, 1, 0)
0...1...2...3...4...5...6...7...8...9...10	Bounce #18 added RGB(1, 0, 0)
Build Patch/Sample Hash Table(s).....Done<0.0787 sec>
0...1...2...3...4...5...6...7...8...9...10FinalLightFace Done
0...1...2...3...4...5...6...7...8...9...10Setting up leaf ambient computation...
75 of 359 (20% of) surface lights went in leaf ambient cubes.
0...1...2...3...4...5...6...7...8...9...10Writing leaf ambient...done
Ready to Finish

Object names       Objects/Maxobjs  Fullness 
------------       ---------------  -------- 
entities              1071/65536    ( 1.6%) 
models                 139/4096     ( 3.4%) 
brushes               3899/65536    ( 5.9%) 
brushsides           24493/655350   ( 3.7%) 
planes                4536/65536    ( 6.9%) 
vertexes             27266/65536    (41.6%) 
nodes                 4294/65536    ( 6.6%) 
texinfos              1473/32768    ( 4.5%) 
texdata                288/8192     ( 3.5%) 
dispinfos                4/16384    ( 0.0%) 
faces                15545/65536    (23.7%) 
hdr faces            15545/65536    (23.7%) 
origfaces             8078/65536    (12.3%) 
leaves                4434/65536    ( 6.8%) 
leaffaces            18575/65536    (28.3%) 
leafbrushes           8410/65536    (12.8%) 
areas                   76/1024     ( 7.4%) 
surfedges            76004/512000   (14.8%) 
edges                42938/256000   (16.8%) 
leafwaterdata           13/32768    ( 0.0%) 
primitives            2405/32768    ( 7.3%) 
primverts                0/65536    ( 0.0%) 
primindices          37272/65536    (56.9%) 
cubemapsamples           0/1024     ( 0.0%) 
overlays                64/8192     ( 0.8%) 
vertnormalindices    75872/256000   (29.6%) 
visdata             137275/16777216 ( 0.8%) 
entdata             395471/393216   (100.6%) FULL!!!
LDR ambient table     4434/65536    ( 6.8%) 
HDR ambient table     4434/65536    ( 6.8%) 
LDR worldlights            0       
HDR worldlights            510     
LDR lightdata              0       
HDR lightdata              29027352
LDR leaf ambient           4434    
HDR leaf ambient           14092   
occluders                  0       
occluder polygons          0       
occluder vert ind          0       
detail props               1140    
dtl prp lght               4       
HDR dtl prp lght           4       
static props               17266   
pakfile                    126158  
physics                    1269159 
physics terrain            1376    

Level flags = 0

Total triangle count: 44782
Writing w:\programs\steam\steamapps\common\garrysmod\garrysmod\addons\garrysmodmap\maps\gmm_garrymod_map_by_woowz_map_garry_game.bsp
6 seconds elapsed

==================================================================
Date: 2026-09-12 21:37:09
W:\Programs\Steam\steamapps\common\GarrysMod\bin\win64\vbspplusplus.exe -allowdynamicpropsasstatic -game W:\Programs\Steam\steamapps\common\GarrysMod\garrysmod w:\programs\steam\steamapps\common\garrysmod\garrysmod\addons\garrysmodmap\maps\gmm_garrymod_map_by_woowz_map_garry_game
==================================================================
16 threads
---------------
gamedir: W:\Programs\Steam\steamapps\common\GarrysMod\garrysmod\
---------------
Loading w:\programs\steam\steamapps\common\garrysmod\garrysmod\addons\garrysmodmap\maps\gmm_garrymod_map_by_woowz_map_garry_game.vmf
Can't find surfaceprop antlion_eggshell for material NATURE/ROCKWALL_ANTLION03A, using default
Locating GameData file 'garrysmod.fgd'...
Parsing GameData file w:\programs\steam\steamapps\common\garrysmod\bin\garrysmod.fgd
Parsing GameData file w:\programs\steam\steamapps\common\garrysmod\bin\base.fgd
Parsing GameData file w:\programs\steam\steamapps\common\garrysmod\bin\halflife2.fgd
Parsing GameData file w:\programs\steam\steamapps\common\garrysmod\bin\base.fgd
fixing up env_cubemap materials on brush sides...
FloodEntities...
FloodEntities...
Processing areas...done (0)
Building Faces...done (0)
Chop Details...done (0)
Find Visible Detail Sides...
Merged 986 detail faces...done (0)
Merging details...done (0)
FixTjuncs...
PruneNodes...
WriteBSP...
done (1)
writing w:\programs\steam\steamapps\common\garrysmod\garrysmod\addons\garrysmodmap\maps\gmm_garrymod_map_by_woowz_map_garry_game.prt...
Building visibility clusters...
done (0)
Generating blank default cubemaps...
Generating blank default cubemaps...
Emitted 3905 brushes and 24529 brushsides
Finding displacement neighbors...
Finding lightmap sample positions...
Building Physics collision data...
done (0) (1270943 bytes)
Emitting static props...
Model "models/props_phx/construct/metal_wire1x2x2b.mdl" is missing $staticprop. Allowing due to -allowdynamicpropsasstatic
Model "models/props_phx/construct/metal_wire_angle360x2.mdl" is missing $staticprop. Allowing due to -allowdynamicpropsasstatic
Placing detail props : 0...1...2...3...4...5...6...7...8...9...10
Water found with no water_lod_control entity, creating a default one.
Compacting texture/material tables...
Reduced 2462 texinfos to 1470
Reduced 312 texdatas to 285 (9892 bytes to 7575)
Writing w:\programs\steam\steamapps\common\garrysmod\garrysmod\addons\garrysmodmap\maps\gmm_garrymod_map_by_woowz_map_garry_game.bsp
2 seconds elapsed

==================================================================
Date: 2026-09-12 21:37:11
W:\Programs\Steam\steamapps\common\GarrysMod\bin\win64\vvisplusplus.exe -game W:\Programs\Steam\steamapps\common\GarrysMod\garrysmod w:\programs\steam\steamapps\common\garrysmod\garrysmod\addons\garrysmodmap\maps\gmm_garrymod_map_by_woowz_map_garry_game
==================================================================
16 threads
CPU supports AVX2
reading w:\programs\steam\steamapps\common\garrysmod\garrysmod\addons\garrysmodmap\maps\gmm_garrymod_map_by_woowz_map_garry_game.bsp
reading w:\programs\steam\steamapps\common\garrysmod\garrysmod\addons\garrysmodmap\maps\gmm_garrymod_map_by_woowz_map_garry_game.prt
1313 portalclusters
2401 numportals
0...1...2...3...4...5...6...7...8...9...100...1...2...3...4...5...6...7...8...9...10Optimized: 215 visible clusters (0.31%)
Total clusters visible: 68830
Average clusters visible: 52
Building PAS...
Average clusters audible: 195
visdatasize:138372  compressed from 441168
writing w:\programs\steam\steamapps\common\garrysmod\garrysmod\addons\garrysmodmap\maps\gmm_garrymod_map_by_woowz_map_garry_game.bsp
Wrote ZIP buffer, estimated size 129722, actual size 126158
0 seconds elapsed

==================================================================
Date: 2026-09-12 21:37:11
W:\Programs\Steam\steamapps\common\GarrysMod\bin\win64\vradplusplus.exe -both -final -game W:\Programs\Steam\steamapps\common\GarrysMod\garrysmod w:\programs\steam\steamapps\common\garrysmod\garrysmod\addons\garrysmodmap\maps\gmm_garrymod_map_by_woowz_map_garry_game
==================================================================
---------------
gamedir: W:\Programs\Steam\steamapps\common\GarrysMod\garrysmod\
---------------
16 threads
Compiling in LDR+HDR mode
Reading texlights from 'lights.rad'...
53 texlights parsed
Loading w:\programs\steam\steamapps\common\garrysmod\garrysmod\addons\garrysmodmap\maps\gmm_garrymod_map_by_woowz_map_garry_game.bsp
122 props added to raytrace
15621 faces
1 degenerate faces
356 fake patch planes
1652288 square feet [237929504.00 square inches]
4 Displacements
3259 Square Feet [469401.19 Square Inches]
0...1...2...3...4...5...6...7...8...9...1015620 patches before subdivision
185734 patches after subdivision
CreateDirectLights...
0...1...2...3...4...5...6...7...8...9...10510 lights, 6 styled (0.01 seconds)
0...1...2...3...4...5...6...7...8...9...100...1...2...3...4...5...6...7...8...9...10transfers 21487710, max 1059
transfer lists: 163.9 megs
0...1...2...3...4...5...6...7...8...9...10	Bounce #1 added RGB(1444441, 1123753, 814552)
0...1...2...3...4...5...6...7...8...9...10	Bounce #2 added RGB(382115, 279961, 191959)
0...1...2...3...4...5...6...7...8...9...10	Bounce #3 added RGB(118388, 85072, 56012)
0...1...2...3...4...5...6...7...8...9...10	Bounce #4 added RGB(41056, 29145, 18050)
0...1...2...3...4...5...6...7...8...9...10	Bounce #5 added RGB(15288, 10730, 6181)
0...1...2...3...4...5...6...7...8...9...10	Bounce #6 added RGB(6035, 4172, 2210)
0...1...2...3...4...5...6...7...8...9...10	Bounce #7 added RGB(2493, 1691, 818)
0...1...2...3...4...5...6...7...8...9...10	Bounce #8 added RGB(1071, 711, 312)
0...1...2...3...4...5...6...7...8...9...10	Bounce #9 added RGB(475, 307, 122)
0...1...2...3...4...5...6...7...8...9...10	Bounce #10 added RGB(216, 136, 49)
0...1...2...3...4...5...6...7...8...9...10	Bounce #11 added RGB(100, 61, 20)
0...1...2...3...4...5...6...7...8...9...10	Bounce #12 added RGB(47, 28, 8)
0...1...2...3...4...5...6...7...8...9...10	Bounce #13 added RGB(23, 13, 3)
0...1...2...3...4...5...6...7...8...9...10	Bounce #14 added RGB(11, 6, 1)
0...1...2...3...4...5...6...7...8...9...10	Bounce #15 added RGB(5, 3, 1)
0...1...2...3...4...5...6...7...8...9...10	Bounce #16 added RGB(3, 1, 0)
0...1...2...3...4...5...6...7...8...9...10	Bounce #17 added RGB(1, 1, 0)
0...1...2...3...4...5...6...7...8...9...10	Bounce #18 added RGB(1, 0, 0)
Build Patch/Sample Hash Table(s).....Done<0.0800 sec>
0...1...2...3...4...5...6...7...8...9...10FinalLightFace Done
0...1...2...3...4...5...6...7...8...9...10Setting up leaf ambient computation...
75 of 359 (20% of) surface lights went in leaf ambient cubes.
0...1...2...3...4...5...6...7...8...9...10Writing leaf ambient...done
Ready to Finish

Object names       Objects/Maxobjs  Fullness 
------------       ---------------  -------- 
entities              1072/65536    ( 1.6%) 
models                 139/4096     ( 3.4%) 
brushes               3905/65536    ( 6.0%) 
brushsides           24529/655350   ( 3.7%) 
planes                4538/65536    ( 6.9%) 
vertexes             27372/65536    (41.8%) 
nodes                 4313/65536    ( 6.6%) 
texinfos              1470/32768    ( 4.5%) 
texdata                285/8192     ( 3.5%) 
dispinfos                4/16384    ( 0.0%) 
faces                15621/65536    (23.8%) 
hdr faces            15621/65536    (23.8%) 
origfaces             8093/65536    (12.3%) 
leaves                4453/65536    ( 6.8%) 
leaffaces            18648/65536    (28.5%) 
leafbrushes           8418/65536    (12.8%) 
areas                   76/1024     ( 7.4%) 
surfedges            76369/512000   (14.9%) 
edges                43132/256000   (16.8%) 
leafwaterdata           13/32768    ( 0.0%) 
primitives            2407/32768    ( 7.3%) 
primverts                0/65536    ( 0.0%) 
primindices          37350/65536    (57.0%) 
cubemapsamples           0/1024     ( 0.0%) 
overlays                64/8192     ( 0.8%) 
vertnormalindices    76237/256000   (29.8%) 
visdata             138372/16777216 ( 0.8%) 
entdata             395583/393216   (100.6%) FULL!!!
LDR ambient table     4453/65536    ( 6.8%) 
HDR ambient table     4453/65536    ( 6.8%) 
LDR worldlights            0       
HDR worldlights            510     
LDR lightdata              0       
HDR lightdata              29186332
LDR leaf ambient           4453    
HDR leaf ambient           14107   
occluders                  0       
occluder polygons          0       
occluder vert ind          0       
detail props               1140    
dtl prp lght               4       
HDR dtl prp lght           4       
static props               17266   
pakfile                    126158  
physics                    1270943 
physics terrain            1376    

Level flags = 0

Total triangle count: 44995
Writing w:\programs\steam\steamapps\common\garrysmod\garrysmod\addons\garrysmodmap\maps\gmm_garrymod_map_by_woowz_map_garry_game.bsp
6 seconds elapsed

==================================================================
Date: 2026-09-12 21:38:35
W:\Programs\Steam\steamapps\common\GarrysMod\bin\win64\vbspplusplus.exe -allowdynamicpropsasstatic -game W:\Programs\Steam\steamapps\common\GarrysMod\garrysmod w:\programs\steam\steamapps\common\garrysmod\garrysmod\addons\garrysmodmap\maps\gmm_garrymod_map_by_woowz_map_garry_game
==================================================================
16 threads
---------------
gamedir: W:\Programs\Steam\steamapps\common\GarrysMod\garrysmod\
---------------
Loading w:\programs\steam\steamapps\common\garrysmod\garrysmod\addons\garrysmodmap\maps\gmm_garrymod_map_by_woowz_map_garry_game.vmf
Can't find surfaceprop antlion_eggshell for material NATURE/ROCKWALL_ANTLION03A, using default
Locating GameData file 'garrysmod.fgd'...
Parsing GameData file w:\programs\steam\steamapps\common\garrysmod\bin\garrysmod.fgd
Parsing GameData file w:\programs\steam\steamapps\common\garrysmod\bin\base.fgd
Parsing GameData file w:\programs\steam\steamapps\common\garrysmod\bin\halflife2.fgd
Parsing GameData file w:\programs\steam\steamapps\common\garrysmod\bin\base.fgd
fixing up env_cubemap materials on brush sides...
FloodEntities...
FloodEntities...
Processing areas...done (0)
Building Faces...done (0)
Chop Details...done (0)
Find Visible Detail Sides...
Merged 986 detail faces...done (0)
Merging details...done (1)
FixTjuncs...
PruneNodes...
WriteBSP...
done (0)
writing w:\programs\steam\steamapps\common\garrysmod\garrysmod\addons\garrysmodmap\maps\gmm_garrymod_map_by_woowz_map_garry_game.prt...
Building visibility clusters...
done (0)
Generating blank default cubemaps...
Generating blank default cubemaps...
Emitted 3905 brushes and 24529 brushsides
Finding displacement neighbors...
Finding lightmap sample positions...
Building Physics collision data...
done (0) (1270943 bytes)
Emitting static props...
Model "models/props_phx/construct/metal_wire1x2x2b.mdl" is missing $staticprop. Allowing due to -allowdynamicpropsasstatic
Model "models/props_phx/construct/metal_wire_angle360x2.mdl" is missing $staticprop. Allowing due to -allowdynamicpropsasstatic
Placing detail props : 0...1...2...3...4...5...6...7...8...9...10
Water found with no water_lod_control entity, creating a default one.
Compacting texture/material tables...
Reduced 2462 texinfos to 1470
Reduced 312 texdatas to 285 (9892 bytes to 7575)
Writing w:\programs\steam\steamapps\common\garrysmod\garrysmod\addons\garrysmodmap\maps\gmm_garrymod_map_by_woowz_map_garry_game.bsp
2 seconds elapsed

==================================================================
Date: 2026-09-12 21:38:38
W:\Programs\Steam\steamapps\common\GarrysMod\bin\win64\vvisplusplus.exe -game W:\Programs\Steam\steamapps\common\GarrysMod\garrysmod w:\programs\steam\steamapps\common\garrysmod\garrysmod\addons\garrysmodmap\maps\gmm_garrymod_map_by_woowz_map_garry_game
==================================================================
16 threads
CPU supports AVX2
reading w:\programs\steam\steamapps\common\garrysmod\garrysmod\addons\garrysmodmap\maps\gmm_garrymod_map_by_woowz_map_garry_game.bsp
reading w:\programs\steam\steamapps\common\garrysmod\garrysmod\addons\garrysmodmap\maps\gmm_garrymod_map_by_woowz_map_garry_game.prt
1313 portalclusters
2401 numportals
0...1...2...3...4...5...6...7...8...9...100...1...2...3...4...5...6...7...8...9...10Optimized: 214 visible clusters (0.31%)
Total clusters visible: 68829
Average clusters visible: 52
Building PAS...
Average clusters audible: 195
visdatasize:138372  compressed from 441168
writing w:\programs\steam\steamapps\common\garrysmod\garrysmod\addons\garrysmodmap\maps\gmm_garrymod_map_by_woowz_map_garry_game.bsp
Wrote ZIP buffer, estimated size 129722, actual size 126158
0 seconds elapsed

==================================================================
Date: 2026-09-12 21:38:38
W:\Programs\Steam\steamapps\common\GarrysMod\bin\win64\vradplusplus.exe -both -final -game W:\Programs\Steam\steamapps\common\GarrysMod\garrysmod w:\programs\steam\steamapps\common\garrysmod\garrysmod\addons\garrysmodmap\maps\gmm_garrymod_map_by_woowz_map_garry_game
==================================================================
---------------
gamedir: W:\Programs\Steam\steamapps\common\GarrysMod\garrysmod\
---------------
16 threads
Compiling in LDR+HDR mode
Reading texlights from 'lights.rad'...
53 texlights parsed
Loading w:\programs\steam\steamapps\common\garrysmod\garrysmod\addons\garrysmodmap\maps\gmm_garrymod_map_by_woowz_map_garry_game.bsp
122 props added to raytrace
15621 faces
1 degenerate faces
356 fake patch planes
1652303 square feet [237931680.00 square inches]
4 Displacements
3259 Square Feet [469401.19 Square Inches]
0...1...2...3...4...5...6...7...8...9...1015620 patches before subdivision
185750 patches after subdivision
CreateDirectLights...
0...1...2...3...4...5...6...7...8...9...10510 lights, 6 styled (0.01 seconds)
0...1...2...3...4...5...6...7...8...9...100...1...2...3...4...5...6...7...8...9...10transfers 21488559, max 1059
transfer lists: 163.9 megs
0...1...2...3...4...5...6...7...8...9...10	Bounce #1 added RGB(1444596, 1123896, 814638)
0...1...2...3...4...5...6...7...8...9...10	Bounce #2 added RGB(382175, 280013, 191991)
0...1...2...3...4...5...6...7...8...9...10	Bounce #3 added RGB(118411, 85091, 56024)
0...1...2...3...4...5...6...7...8...9...10	Bounce #4 added RGB(41065, 29152, 18055)
0...1...2...3...4...5...6...7...8...9...10	Bounce #5 added RGB(15292, 10733, 6183)
0...1...2...3...4...5...6...7...8...9...10	Bounce #6 added RGB(6037, 4173, 2211)
0...1...2...3...4...5...6...7...8...9...10	Bounce #7 added RGB(2493, 1692, 818)
0...1...2...3...4...5...6...7...8...9...10	Bounce #8 added RGB(1072, 711, 312)
0...1...2...3...4...5...6...7...8...9...10	Bounce #9 added RGB(475, 307, 122)
0...1...2...3...4...5...6...7...8...9...10	Bounce #10 added RGB(216, 136, 49)
0...1...2...3...4...5...6...7...8...9...10	Bounce #11 added RGB(101, 61, 20)
0...1...2...3...4...5...6...7...8...9...10	Bounce #12 added RGB(47, 28, 8)
0...1...2...3...4...5...6...7...8...9...10	Bounce #13 added RGB(23, 13, 3)
0...1...2...3...4...5...6...7...8...9...10	Bounce #14 added RGB(11, 6, 1)
0...1...2...3...4...5...6...7...8...9...10	Bounce #15 added RGB(5, 3, 1)
0...1...2...3...4...5...6...7...8...9...10	Bounce #16 added RGB(3, 1, 0)
0...1...2...3...4...5...6...7...8...9...10	Bounce #17 added RGB(1, 1, 0)
0...1...2...3...4...5...6...7...8...9...10	Bounce #18 added RGB(1, 0, 0)
Build Patch/Sample Hash Table(s).....Done<0.0800 sec>
0...1...2...3...4...5...6...7...8...9...10FinalLightFace Done
0...1...2...3...4...5...6...7...8...9...10Setting up leaf ambient computation...
75 of 359 (20% of) surface lights went in leaf ambient cubes.
0...1...2...3...4...5...6...7...8...9...10Writing leaf ambient...done
Ready to Finish

Object names       Objects/Maxobjs  Fullness 
------------       ---------------  -------- 
entities              1072/65536    ( 1.6%) 
models                 139/4096     ( 3.4%) 
brushes               3905/65536    ( 6.0%) 
brushsides           24529/655350   ( 3.7%) 
planes                4540/65536    ( 6.9%) 
vertexes             27372/65536    (41.8%) 
nodes                 4313/65536    ( 6.6%) 
texinfos              1470/32768    ( 4.5%) 
texdata                285/8192     ( 3.5%) 
dispinfos                4/16384    ( 0.0%) 
faces                15621/65536    (23.8%) 
hdr faces            15621/65536    (23.8%) 
origfaces             8093/65536    (12.3%) 
leaves                4453/65536    ( 6.8%) 
leaffaces            18648/65536    (28.5%) 
leafbrushes           8418/65536    (12.8%) 
areas                   76/1024     ( 7.4%) 
surfedges            76369/512000   (14.9%) 
edges                43132/256000   (16.8%) 
leafwaterdata           13/32768    ( 0.0%) 
primitives            2407/32768    ( 7.3%) 
primverts                0/65536    ( 0.0%) 
primindices          37350/65536    (57.0%) 
cubemapsamples           0/1024     ( 0.0%) 
overlays                64/8192     ( 0.8%) 
vertnormalindices    76237/256000   (29.8%) 
visdata             138372/16777216 ( 0.8%) 
entdata             395586/393216   (100.6%) FULL!!!
LDR ambient table     4453/65536    ( 6.8%) 
HDR ambient table     4453/65536    ( 6.8%) 
LDR worldlights            0       
HDR worldlights            510     
LDR lightdata              0       
HDR lightdata              29186500
LDR leaf ambient           4453    
HDR leaf ambient           14107   
occluders                  0       
occluder polygons          0       
occluder vert ind          0       
detail props               1140    
dtl prp lght               4       
HDR dtl prp lght           4       
static props               17266   
pakfile                    126158  
physics                    1270943 
physics terrain            1376    

Level flags = 0

Total triangle count: 44995
Writing w:\programs\steam\steamapps\common\garrysmod\garrysmod\addons\garrysmodmap\maps\gmm_garrymod_map_by_woowz_map_garry_game.bsp
6 seconds elapsed

==================================================================
Date: 2026-09-12 21:41:06
W:\Programs\Steam\steamapps\common\GarrysMod\bin\win64\vbspplusplus.exe -allowdynamicpropsasstatic -game W:\Programs\Steam\steamapps\common\GarrysMod\garrysmod w:\programs\steam\steamapps\common\garrysmod\garrysmod\addons\garrysmodmap\maps\gmm_garrymod_map_by_woowz_map_garry_game
==================================================================
16 threads
---------------
gamedir: W:\Programs\Steam\steamapps\common\GarrysMod\garrysmod\
---------------
Loading w:\programs\steam\steamapps\common\garrysmod\garrysmod\addons\garrysmodmap\maps\gmm_garrymod_map_by_woowz_map_garry_game.vmf
Can't find surfaceprop antlion_eggshell for material NATURE/ROCKWALL_ANTLION03A, using default
Locating GameData file 'garrysmod.fgd'...
Parsing GameData file w:\programs\steam\steamapps\common\garrysmod\bin\garrysmod.fgd
Parsing GameData file w:\programs\steam\steamapps\common\garrysmod\bin\base.fgd
Parsing GameData file w:\programs\steam\steamapps\common\garrysmod\bin\halflife2.fgd
Parsing GameData file w:\programs\steam\steamapps\common\garrysmod\bin\base.fgd
fixing up env_cubemap materials on brush sides...
FloodEntities...
FloodEntities...
Processing areas...done (0)
Building Faces...done (0)
Chop Details...done (0)
Find Visible Detail Sides...
Merged 986 detail faces...done (0)
Merging details...done (0)
FixTjuncs...
PruneNodes...
WriteBSP...
done (1)
writing w:\programs\steam\steamapps\common\garrysmod\garrysmod\addons\garrysmodmap\maps\gmm_garrymod_map_by_woowz_map_garry_game.prt...
Building visibility clusters...
done (0)
Generating blank default cubemaps...
Generating blank default cubemaps...
Emitted 3905 brushes and 24529 brushsides
Finding displacement neighbors...
Finding lightmap sample positions...
Building Physics collision data...
done (0) (1270927 bytes)
Emitting static props...
Model "models/props_phx/construct/metal_wire1x2x2b.mdl" is missing $staticprop. Allowing due to -allowdynamicpropsasstatic
Model "models/props_phx/construct/metal_wire_angle360x2.mdl" is missing $staticprop. Allowing due to -allowdynamicpropsasstatic
Placing detail props : 0...1...2...3...4...5...6...7...8...9...10
Water found with no water_lod_control entity, creating a default one.
Compacting texture/material tables...
Reduced 2462 texinfos to 1470
Reduced 312 texdatas to 285 (9892 bytes to 7575)
Writing w:\programs\steam\steamapps\common\garrysmod\garrysmod\addons\garrysmodmap\maps\gmm_garrymod_map_by_woowz_map_garry_game.bsp
2 seconds elapsed

==================================================================
Date: 2026-09-12 21:41:08
W:\Programs\Steam\steamapps\common\GarrysMod\bin\win64\vvisplusplus.exe -game W:\Programs\Steam\steamapps\common\GarrysMod\garrysmod w:\programs\steam\steamapps\common\garrysmod\garrysmod\addons\garrysmodmap\maps\gmm_garrymod_map_by_woowz_map_garry_game
==================================================================
16 threads
CPU supports AVX2
reading w:\programs\steam\steamapps\common\garrysmod\garrysmod\addons\garrysmodmap\maps\gmm_garrymod_map_by_woowz_map_garry_game.bsp
reading w:\programs\steam\steamapps\common\garrysmod\garrysmod\addons\garrysmodmap\maps\gmm_garrymod_map_by_woowz_map_garry_game.prt
1313 portalclusters
2401 numportals
0...1...2...3...4...5...6...7...8...9...100...1...2...3...4...5...6...7...8...9...10Optimized: 217 visible clusters (0.32%)
Total clusters visible: 68838
Average clusters visible: 52
Building PAS...
Average clusters audible: 195
visdatasize:138375  compressed from 441168
writing w:\programs\steam\steamapps\common\garrysmod\garrysmod\addons\garrysmodmap\maps\gmm_garrymod_map_by_woowz_map_garry_game.bsp
Wrote ZIP buffer, estimated size 129722, actual size 126158
0 seconds elapsed

==================================================================
Date: 2026-09-12 21:41:08
W:\Programs\Steam\steamapps\common\GarrysMod\bin\win64\vradplusplus.exe -both -final -game W:\Programs\Steam\steamapps\common\GarrysMod\garrysmod w:\programs\steam\steamapps\common\garrysmod\garrysmod\addons\garrysmodmap\maps\gmm_garrymod_map_by_woowz_map_garry_game
==================================================================
---------------
gamedir: W:\Programs\Steam\steamapps\common\GarrysMod\garrysmod\
---------------
16 threads
Compiling in LDR+HDR mode
Reading texlights from 'lights.rad'...
53 texlights parsed
Loading w:\programs\steam\steamapps\common\garrysmod\garrysmod\addons\garrysmodmap\maps\gmm_garrymod_map_by_woowz_map_garry_game.bsp
122 props added to raytrace
15621 faces
1 degenerate faces
356 fake patch planes
1652258 square feet [237925152.00 square inches]
4 Displacements
3259 Square Feet [469401.19 Square Inches]
0...1...2...3...4...5...6...7...8...9...1015620 patches before subdivision
185750 patches after subdivision
CreateDirectLights...
0...1...2...3...4...5...6...7...8...9...10510 lights, 6 styled (0.01 seconds)
0...1...2...3...4...5...6...7...8...9...100...1...2...3...4...5...6...7...8...9...10transfers 21490440, max 1059
transfer lists: 164.0 megs
0...1...2...3...4...5...6...7...8...9...10	Bounce #1 added RGB(1444723, 1124152, 814872)
0...1...2...3...4...5...6...7...8...9...10	Bounce #2 added RGB(382202, 280074, 192043)
0...1...2...3...4...5...6...7...8...9...10	Bounce #3 added RGB(118416, 85106, 56036)
0...1...2...3...4...5...6...7...8...9...10	Bounce #4 added RGB(41066, 29155, 18057)
0...1...2...3...4...5...6...7...8...9...10	Bounce #5 added RGB(15292, 10733, 6183)
0...1...2...3...4...5...6...7...8...9...10	Bounce #6 added RGB(6037, 4173, 2211)
0...1...2...3...4...5...6...7...8...9...10	Bounce #7 added RGB(2493, 1692, 818)
0...1...2...3...4...5...6...7...8...9...10	Bounce #8 added RGB(1072, 711, 312)
0...1...2...3...4...5...6...7...8...9...10	Bounce #9 added RGB(475, 307, 122)
0...1...2...3...4...5...6...7...8...9...10	Bounce #10 added RGB(216, 136, 49)
0...1...2...3...4...5...6...7...8...9...10	Bounce #11 added RGB(101, 61, 20)
0...1...2...3...4...5...6...7...8...9...10	Bounce #12 added RGB(47, 28, 8)
0...1...2...3...4...5...6...7...8...9...10	Bounce #13 added RGB(23, 13, 3)
0...1...2...3...4...5...6...7...8...9...10	Bounce #14 added RGB(11, 6, 1)
0...1...2...3...4...5...6...7...8...9...10	Bounce #15 added RGB(5, 3, 1)
0...1...2...3...4...5...6...7...8...9...10	Bounce #16 added RGB(3, 1, 0)
0...1...2...3...4...5...6...7...8...9...10	Bounce #17 added RGB(1, 1, 0)
0...1...2...3...4...5...6...7...8...9...10	Bounce #18 added RGB(1, 0, 0)
Build Patch/Sample Hash Table(s).....Done<0.0805 sec>
0...1...2...3...4...5...6...7...8...9...10FinalLightFace Done
0...1...2...3...4...5...6...7...8...9...10Setting up leaf ambient computation...
75 of 359 (20% of) surface lights went in leaf ambient cubes.
0...1...2...3...4...5...6...7...8...9...10Writing leaf ambient...done
Ready to Finish

Object names       Objects/Maxobjs  Fullness 
------------       ---------------  -------- 
entities              1072/65536    ( 1.6%) 
models                 139/4096     ( 3.4%) 
brushes               3905/65536    ( 6.0%) 
brushsides           24529/655350   ( 3.7%) 
planes                4540/65536    ( 6.9%) 
vertexes             27370/65536    (41.8%) 
nodes                 4313/65536    ( 6.6%) 
texinfos              1470/32768    ( 4.5%) 
texdata                285/8192     ( 3.5%) 
dispinfos                4/16384    ( 0.0%) 
faces                15621/65536    (23.8%) 
hdr faces            15621/65536    (23.8%) 
origfaces             8093/65536    (12.3%) 
leaves                4453/65536    ( 6.8%) 
leaffaces            18648/65536    (28.5%) 
leafbrushes           8418/65536    (12.8%) 
areas                   76/1024     ( 7.4%) 
surfedges            76362/512000   (14.9%) 
edges                43128/256000   (16.8%) 
leafwaterdata           13/32768    ( 0.0%) 
primitives            2407/32768    ( 7.3%) 
primverts                0/65536    ( 0.0%) 
primindices          37338/65536    (57.0%) 
cubemapsamples           0/1024     ( 0.0%) 
overlays                64/8192     ( 0.8%) 
vertnormalindices    76230/256000   (29.8%) 
visdata             138375/16777216 ( 0.8%) 
entdata             395586/393216   (100.6%) FULL!!!
LDR ambient table     4453/65536    ( 6.8%) 
HDR ambient table     4453/65536    ( 6.8%) 
LDR worldlights            0       
HDR worldlights            510     
LDR lightdata              0       
HDR lightdata              29186156
LDR leaf ambient           4453    
HDR leaf ambient           14108   
occluders                  0       
occluder polygons          0       
occluder vert ind          0       
detail props               1140    
dtl prp lght               4       
HDR dtl prp lght           4       
static props               17266   
pakfile                    126158  
physics                    1270927 
physics terrain            1376    

Level flags = 0

Total triangle count: 44988
Writing w:\programs\steam\steamapps\common\garrysmod\garrysmod\addons\garrysmodmap\maps\gmm_garrymod_map_by_woowz_map_garry_game.bsp
6 seconds elapsed

==================================================================
Date: 2026-09-12 22:24:30
W:\Programs\Steam\steamapps\common\GarrysMod\bin\win64\vbspplusplus.exe -allowdynamicpropsasstatic -game W:\Programs\Steam\steamapps\common\GarrysMod\garrysmod w:\programs\steam\steamapps\common\garrysmod\garrysmod\addons\garrysmodmap\maps\gmm_garrymod_map_by_woowz_map_garry_game
==================================================================
16 threads
---------------
gamedir: W:\Programs\Steam\steamapps\common\GarrysMod\garrysmod\
---------------
Loading w:\programs\steam\steamapps\common\garrysmod\garrysmod\addons\garrysmodmap\maps\gmm_garrymod_map_by_woowz_map_garry_game.vmf
Can't find surfaceprop antlion_eggshell for material NATURE/ROCKWALL_ANTLION03A, using default
Locating GameData file 'garrysmod.fgd'...
Parsing GameData file w:\programs\steam\steamapps\common\garrysmod\bin\garrysmod.fgd
Parsing GameData file w:\programs\steam\steamapps\common\garrysmod\bin\base.fgd
Parsing GameData file w:\programs\steam\steamapps\common\garrysmod\bin\halflife2.fgd
Parsing GameData file w:\programs\steam\steamapps\common\garrysmod\bin\base.fgd
fixing up env_cubemap materials on brush sides...
FloodEntities...
FloodEntities...
Processing areas...done (0)
Building Faces...done (0)
Chop Details...done (0)
Find Visible Detail Sides...
Merged 986 detail faces...done (1)
Merging details...done (0)
FixTjuncs...
PruneNodes...
WriteBSP...
done (0)
writing w:\programs\steam\steamapps\common\garrysmod\garrysmod\addons\garrysmodmap\maps\gmm_garrymod_map_by_woowz_map_garry_game.prt...
Building visibility clusters...
done (0)
Generating blank default cubemaps...
Generating blank default cubemaps...
Emitted 3907 brushes and 24541 brushsides
Finding displacement neighbors...
Finding lightmap sample positions...
Building Physics collision data...
done (0) (1270927 bytes)
Emitting static props...
Model "models/props_phx/construct/metal_wire1x2x2b.mdl" is missing $staticprop. Allowing due to -allowdynamicpropsasstatic
Model "models/props_phx/construct/metal_wire_angle360x2.mdl" is missing $staticprop. Allowing due to -allowdynamicpropsasstatic
Placing detail props : 0...1...2...3...4...5...6...7...8...9...10
Water found with no water_lod_control entity, creating a default one.
Compacting texture/material tables...
Reduced 2469 texinfos to 1470
Reduced 312 texdatas to 285 (9892 bytes to 7575)
Writing w:\programs\steam\steamapps\common\garrysmod\garrysmod\addons\garrysmodmap\maps\gmm_garrymod_map_by_woowz_map_garry_game.bsp
2 seconds elapsed

==================================================================
Date: 2026-09-12 22:24:33
W:\Programs\Steam\steamapps\common\GarrysMod\bin\win64\vvisplusplus.exe -game W:\Programs\Steam\steamapps\common\GarrysMod\garrysmod w:\programs\steam\steamapps\common\garrysmod\garrysmod\addons\garrysmodmap\maps\gmm_garrymod_map_by_woowz_map_garry_game
==================================================================
16 threads
CPU supports AVX2
reading w:\programs\steam\steamapps\common\garrysmod\garrysmod\addons\garrysmodmap\maps\gmm_garrymod_map_by_woowz_map_garry_game.bsp
reading w:\programs\steam\steamapps\common\garrysmod\garrysmod\addons\garrysmodmap\maps\gmm_garrymod_map_by_woowz_map_garry_game.prt
1308 portalclusters
2389 numportals
0...1...2...3...4...5...6...7...8...9...100...1...2...3...4...5...6...7...8...9...10Optimized: 212 visible clusters (0.31%)
Total clusters visible: 68502
Average clusters visible: 52
Building PAS...
Average clusters audible: 194
visdatasize:137833  compressed from 439488
writing w:\programs\steam\steamapps\common\garrysmod\garrysmod\addons\garrysmodmap\maps\gmm_garrymod_map_by_woowz_map_garry_game.bsp
Wrote ZIP buffer, estimated size 129722, actual size 126158
0 seconds elapsed

==================================================================
Date: 2026-09-12 22:24:33
W:\Programs\Steam\steamapps\common\GarrysMod\bin\win64\vradplusplus.exe -both -final -game W:\Programs\Steam\steamapps\common\GarrysMod\garrysmod w:\programs\steam\steamapps\common\garrysmod\garrysmod\addons\garrysmodmap\maps\gmm_garrymod_map_by_woowz_map_garry_game
==================================================================
---------------
gamedir: W:\Programs\Steam\steamapps\common\GarrysMod\garrysmod\
---------------
16 threads
Compiling in LDR+HDR mode
Reading texlights from 'lights.rad'...
53 texlights parsed
Loading w:\programs\steam\steamapps\common\garrysmod\garrysmod\addons\garrysmodmap\maps\gmm_garrymod_map_by_woowz_map_garry_game.bsp
122 props added to raytrace
15593 faces
1 degenerate faces
356 fake patch planes
1652258 square feet [237925152.00 square inches]
4 Displacements
3259 Square Feet [469401.19 Square Inches]
0...1...2...3...4...5...6...7...8...9...1015592 patches before subdivision
185676 patches after subdivision
CreateDirectLights...
0...1...2...3...4...5...6...7...8...9...10510 lights, 6 styled (0.01 seconds)
0...1...2...3...4...5...6...7...8...9...100...1...2...3...4...5...6...7...8...9...10transfers 21470808, max 1059
transfer lists: 163.8 megs
0...1...2...3...4...5...6...7...8...9...10	Bounce #1 added RGB(1444300, 1123945, 814792)
0...1...2...3...4...5...6...7...8...9...10	Bounce #2 added RGB(382045, 280018, 192026)
0...1...2...3...4...5...6...7...8...9...10	Bounce #3 added RGB(118371, 85096, 56034)
0...1...2...3...4...5...6...7...8...9...10	Bounce #4 added RGB(41051, 29154, 18057)
0...1...2...3...4...5...6...7...8...9...10	Bounce #5 added RGB(15288, 10733, 6183)
0...1...2...3...4...5...6...7...8...9...10	Bounce #6 added RGB(6035, 4173, 2211)
0...1...2...3...4...5...6...7...8...9...10	Bounce #7 added RGB(2493, 1692, 818)
0...1...2...3...4...5...6...7...8...9...10	Bounce #8 added RGB(1072, 711, 312)
0...1...2...3...4...5...6...7...8...9...10	Bounce #9 added RGB(475, 307, 122)
0...1...2...3...4...5...6...7...8...9...10	Bounce #10 added RGB(216, 136, 49)
0...1...2...3...4...5...6...7...8...9...10	Bounce #11 added RGB(101, 61, 20)
0...1...2...3...4...5...6...7...8...9...10	Bounce #12 added RGB(47, 28, 8)
0...1...2...3...4...5...6...7...8...9...10	Bounce #13 added RGB(23, 13, 3)
0...1...2...3...4...5...6...7...8...9...10	Bounce #14 added RGB(11, 6, 1)
0...1...2...3...4...5...6...7...8...9...10	Bounce #15 added RGB(5, 3, 1)
0...1...2...3...4...5...6...7...8...9...10	Bounce #16 added RGB(3, 1, 0)
0...1...2...3...4...5...6...7...8...9...10	Bounce #17 added RGB(1, 1, 0)
0...1...2...3...4...5...6...7...8...9...10	Bounce #18 added RGB(1, 0, 0)
Build Patch/Sample Hash Table(s).....Done<0.0790 sec>
0...1...2...3...4...5...6...7...8...9...10FinalLightFace Done
0...1...2...3...4...5...6...7...8...9...10Setting up leaf ambient computation...
75 of 359 (20% of) surface lights went in leaf ambient cubes.
0...1...2...3...4...5...6...7...8...9...10Writing leaf ambient...done
Ready to Finish

Object names       Objects/Maxobjs  Fullness 
------------       ---------------  -------- 
entities              1073/65536    ( 1.6%) 
models                 139/4096     ( 3.4%) 
brushes               3907/65536    ( 6.0%) 
brushsides           24541/655350   ( 3.7%) 
planes                4540/65536    ( 6.9%) 
vertexes             27331/65536    (41.7%) 
nodes                 4292/65536    ( 6.5%) 
texinfos              1470/32768    ( 4.5%) 
texdata                285/8192     ( 3.5%) 
dispinfos                4/16384    ( 0.0%) 
faces                15593/65536    (23.8%) 
hdr faces            15593/65536    (23.8%) 
origfaces             8091/65536    (12.3%) 
leaves                4432/65536    ( 6.8%) 
leaffaces            18619/65536    (28.4%) 
leafbrushes           8389/65536    (12.8%) 
areas                   77/1024     ( 7.5%) 
surfedges            76234/512000   (14.9%) 
edges                43078/256000   (16.8%) 
leafwaterdata           13/32768    ( 0.0%) 
primitives            2403/32768    ( 7.3%) 
primverts                0/65536    ( 0.0%) 
primindices          37257/65536    (56.8%) 
cubemapsamples           0/1024     ( 0.0%) 
overlays                64/8192     ( 0.8%) 
vertnormalindices    76102/256000   (29.7%) 
visdata             137833/16777216 ( 0.8%) 
entdata             395697/393216   (100.6%) FULL!!!
LDR ambient table     4432/65536    ( 6.8%) 
HDR ambient table     4432/65536    ( 6.8%) 
LDR worldlights            0       
HDR worldlights            510     
LDR lightdata              0       
HDR lightdata              29182220
LDR leaf ambient           4432    
HDR leaf ambient           14127   
occluders                  0       
occluder polygons          0       
occluder vert ind          0       
detail props               1140    
dtl prp lght               4       
HDR dtl prp lght           4       
static props               17266   
pakfile                    126158  
physics                    1270927 
physics terrain            1376    

Level flags = 0

Total triangle count: 44916
Writing w:\programs\steam\steamapps\common\garrysmod\garrysmod\addons\garrysmodmap\maps\gmm_garrymod_map_by_woowz_map_garry_game.bsp
7 seconds elapsed

==================================================================
Date: 2026-09-12 22:27:54
W:\Programs\Steam\steamapps\common\GarrysMod\bin\win64\vbspplusplus.exe -allowdynamicpropsasstatic -game W:\Programs\Steam\steamapps\common\GarrysMod\garrysmod w:\programs\steam\steamapps\common\garrysmod\garrysmod\addons\garrysmodmap\maps\gmm_garrymod_map_by_woowz_map_garry_game
==================================================================
16 threads
---------------
gamedir: W:\Programs\Steam\steamapps\common\GarrysMod\garrysmod\
---------------
Loading w:\programs\steam\steamapps\common\garrysmod\garrysmod\addons\garrysmodmap\maps\gmm_garrymod_map_by_woowz_map_garry_game.vmf
Can't find surfaceprop antlion_eggshell for material NATURE/ROCKWALL_ANTLION03A, using default
Locating GameData file 'garrysmod.fgd'...
Parsing GameData file w:\programs\steam\steamapps\common\garrysmod\bin\garrysmod.fgd
Parsing GameData file w:\programs\steam\steamapps\common\garrysmod\bin\base.fgd
Parsing GameData file w:\programs\steam\steamapps\common\garrysmod\bin\halflife2.fgd
Parsing GameData file w:\programs\steam\steamapps\common\garrysmod\bin\base.fgd
fixing up env_cubemap materials on brush sides...
FloodEntities...
FloodEntities...
Processing areas...done (0)
Building Faces...done (0)
Chop Details...done (0)
Find Visible Detail Sides...
Merged 986 detail faces...done (1)
Merging details...done (0)
FixTjuncs...
PruneNodes...
WriteBSP...
done (0)
writing w:\programs\steam\steamapps\common\garrysmod\garrysmod\addons\garrysmodmap\maps\gmm_garrymod_map_by_woowz_map_garry_game.prt...
Building visibility clusters...
done (0)
Generating blank default cubemaps...
Generating blank default cubemaps...
Emitted 3906 brushes and 24535 brushsides
Finding displacement neighbors...
Finding lightmap sample positions...
Building Physics collision data...
done (0) (1271477 bytes)
Emitting static props...
Model "models/props_phx/construct/metal_wire1x2x2b.mdl" is missing $staticprop. Allowing due to -allowdynamicpropsasstatic
Model "models/props_phx/construct/metal_wire_angle360x2.mdl" is missing $staticprop. Allowing due to -allowdynamicpropsasstatic
Placing detail props : 0...1...2...3...4...5...6...7...8...9...10
Water found with no water_lod_control entity, creating a default one.
Compacting texture/material tables...
Reduced 2471 texinfos to 1472
Reduced 312 texdatas to 285 (9892 bytes to 7575)
Writing w:\programs\steam\steamapps\common\garrysmod\garrysmod\addons\garrysmodmap\maps\gmm_garrymod_map_by_woowz_map_garry_game.bsp
2 seconds elapsed

==================================================================
Date: 2026-09-12 22:27:56
W:\Programs\Steam\steamapps\common\GarrysMod\bin\win64\vvisplusplus.exe -game W:\Programs\Steam\steamapps\common\GarrysMod\garrysmod w:\programs\steam\steamapps\common\garrysmod\garrysmod\addons\garrysmodmap\maps\gmm_garrymod_map_by_woowz_map_garry_game
==================================================================
16 threads
CPU supports AVX2
reading w:\programs\steam\steamapps\common\garrysmod\garrysmod\addons\garrysmodmap\maps\gmm_garrymod_map_by_woowz_map_garry_game.bsp
reading w:\programs\steam\steamapps\common\garrysmod\garrysmod\addons\garrysmodmap\maps\gmm_garrymod_map_by_woowz_map_garry_game.prt
1313 portalclusters
2401 numportals
0...1...2...3...4...5...6...7...8...9...100...1...2...3...4...5...6...7...8...9...10Optimized: 216 visible clusters (0.31%)
Total clusters visible: 68837
Average clusters visible: 52
Building PAS...
Average clusters audible: 195
visdatasize:138375  compressed from 441168
writing w:\programs\steam\steamapps\common\garrysmod\garrysmod\addons\garrysmodmap\maps\gmm_garrymod_map_by_woowz_map_garry_game.bsp
Wrote ZIP buffer, estimated size 129722, actual size 126158
0 seconds elapsed

==================================================================
Date: 2026-09-12 22:27:56
W:\Programs\Steam\steamapps\common\GarrysMod\bin\win64\vradplusplus.exe -both -final -game W:\Programs\Steam\steamapps\common\GarrysMod\garrysmod w:\programs\steam\steamapps\common\garrysmod\garrysmod\addons\garrysmodmap\maps\gmm_garrymod_map_by_woowz_map_garry_game
==================================================================
---------------
gamedir: W:\Programs\Steam\steamapps\common\GarrysMod\garrysmod\
---------------
16 threads
Compiling in LDR+HDR mode
Reading texlights from 'lights.rad'...
53 texlights parsed
Loading w:\programs\steam\steamapps\common\garrysmod\garrysmod\addons\garrysmodmap\maps\gmm_garrymod_map_by_woowz_map_garry_game.bsp
122 props added to raytrace
15623 faces
1 degenerate faces
358 fake patch planes
1652290 square feet [237929760.00 square inches]
4 Displacements
3259 Square Feet [469401.19 Square Inches]
0...1...2...3...4...5...6...7...8...9...1015622 patches before subdivision
185752 patches after subdivision
CreateDirectLights...
0...1...2...3...4...5...6...7...8...9...10510 lights, 6 styled (0.01 seconds)
0...1...2...3...4...5...6...7...8...9...Face vectors parallel to face normal at (120, 704, 856)
	material=BRICK/BRICKWALL001A
10Face vectors parallel to face normal at (120, 736, 856)
	material=PLASTER/WALLPAPER003A
0...1...2...3...4...5...6...7...8...9...10transfers 21490745, max 1059
transfer lists: 164.0 megs
0...1...2...3...4...5...6...7...8...9...10	Bounce #1 added RGB(1444778, 1124202, 814904)
0...1...2...3...4...5...6...7...8...9...10	Bounce #2 added RGB(382212, 280083, 192049)
0...1...2...3...4...5...6...7...8...9...10	Bounce #3 added RGB(118419, 85108, 56038)
0...1...2...3...4...5...6...7...8...9...10	Bounce #4 added RGB(41067, 29156, 18058)
0...1...2...3...4...5...6...7...8...9...10	Bounce #5 added RGB(15292, 10734, 6183)
0...1...2...3...4...5...6...7...8...9...10	Bounce #6 added RGB(6037, 4174, 2211)
0...1...2...3...4...5...6...7...8...9...10	Bounce #7 added RGB(2493, 1692, 818)
0...1...2...3...4...5...6...7...8...9...10	Bounce #8 added RGB(1072, 711, 312)
0...1...2...3...4...5...6...7...8...9...10	Bounce #9 added RGB(475, 307, 122)
0...1...2...3...4...5...6...7...8...9...10	Bounce #10 added RGB(216, 136, 49)
0...1...2...3...4...5...6...7...8...9...10	Bounce #11 added RGB(101, 61, 20)
0...1...2...3...4...5...6...7...8...9...10	Bounce #12 added RGB(47, 28, 8)
0...1...2...3...4...5...6...7...8...9...10	Bounce #13 added RGB(23, 13, 3)
0...1...2...3...4...5...6...7...8...9...10	Bounce #14 added RGB(11, 6, 1)
0...1...2...3...4...5...6...7...8...9...10	Bounce #15 added RGB(5, 3, 1)
0...1...2...3...4...5...6...7...8...9...10	Bounce #16 added RGB(3, 1, 0)
0...1...2...3...4...5...6...7...8...9...10	Bounce #17 added RGB(1, 1, 0)
0...1...2...3...4...5...6...7...8...9...10	Bounce #18 added RGB(1, 0, 0)
Build Patch/Sample Hash Table(s).....Done<0.0787 sec>
0...1...2...3...4...5...6..Face vectors parallel to face normal at (120, 704, 856)
	material=BRICK/BRICKWALL001A
Face vectors parallel to face normal at (120, 736, 856)
	material=PLASTER/WALLPAPER003A
Face vectors parallel to face normal at (120, 736, 856)
	material=PLASTER/WALLPAPER003A
Face vectors parallel to face normal at (120, 736, 856)
	material=PLASTER/WALLPAPER003A
Face vectors parallel to face normal at (120, 736, 856)
	material=PLASTER/WALLPAPER003A
.Face vectors parallel to face normal at (120, 704, 856)
	material=BRICK/BRICKWALL001A
7...8...9...Face vectors parallel to face normal at (120, 704, 856)
	material=BRICK/BRICKWALL001A
Face vectors parallel to face normal at (120, 736, 856)
	material=PLASTER/WALLPAPER003A
Face vectors parallel to face normal at (120, 704, 856)
	material=BRICK/BRICKWALL001A
Face vectors parallel to face normal at (120, 736, 856)
	material=PLASTER/WALLPAPER003A
SampleRadial: Punting, Waiting for fix
SampleRadial: Punting, Waiting for fix
10FinalLightFace Done
0...1...2...3...4...5...6...7...8...9...10Setting up leaf ambient computation...
75 of 359 (20% of) surface lights went in leaf ambient cubes.
0...1...2...3...4...5...6...7...8...9...10Writing leaf ambient...done
Ready to Finish

Object names       Objects/Maxobjs  Fullness 
------------       ---------------  -------- 
entities              1073/65536    ( 1.6%) 
models                 140/4096     ( 3.4%) 
brushes               3906/65536    ( 6.0%) 
brushsides           24535/655350   ( 3.7%) 
planes                4540/65536    ( 6.9%) 
vertexes             27378/65536    (41.8%) 
nodes                 4319/65536    ( 6.6%) 
texinfos              1472/32768    ( 4.5%) 
texdata                285/8192     ( 3.5%) 
dispinfos                4/16384    ( 0.0%) 
faces                15623/65536    (23.8%) 
hdr faces            15623/65536    (23.8%) 
origfaces             8095/65536    (12.4%) 
leaves                4460/65536    ( 6.8%) 
leaffaces            18650/65536    (28.5%) 
leafbrushes           8419/65536    (12.8%) 
areas                   76/1024     ( 7.4%) 
surfedges            76371/512000   (14.9%) 
edges                43137/256000   (16.9%) 
leafwaterdata           13/32768    ( 0.0%) 
primitives            2407/32768    ( 7.3%) 
primverts                0/65536    ( 0.0%) 
primindices          37338/65536    (57.0%) 
cubemapsamples           0/1024     ( 0.0%) 
overlays                64/8192     ( 0.8%) 
vertnormalindices    76238/256000   (29.8%) 
visdata             138375/16777216 ( 0.8%) 
entdata             395830/393216   (100.7%) FULL!!!
LDR ambient table     4460/65536    ( 6.8%) 
HDR ambient table     4460/65536    ( 6.8%) 
LDR worldlights            0       
HDR worldlights            510     
LDR lightdata              0       
HDR lightdata              29186228
LDR leaf ambient           4460    
HDR leaf ambient           14114   
occluders                  0       
occluder polygons          0       
occluder vert ind          0       
detail props               1140    
dtl prp lght               4       
HDR dtl prp lght           4       
static props               17266   
pakfile                    126158  
physics                    1271477 
physics terrain            1376    

Level flags = 0

Total triangle count: 44992
Writing w:\programs\steam\steamapps\common\garrysmod\garrysmod\addons\garrysmodmap\maps\gmm_garrymod_map_by_woowz_map_garry_game.bsp
6 seconds elapsed

==================================================================
Date: 2026-09-12 22:28:56
W:\Programs\Steam\steamapps\common\GarrysMod\bin\win64\vbspplusplus.exe -allowdynamicpropsasstatic -game W:\Programs\Steam\steamapps\common\GarrysMod\garrysmod w:\programs\steam\steamapps\common\garrysmod\garrysmod\addons\garrysmodmap\maps\gmm_garrymod_map_by_woowz_map_garry_game
==================================================================
16 threads
---------------
gamedir: W:\Programs\Steam\steamapps\common\GarrysMod\garrysmod\
---------------
Loading w:\programs\steam\steamapps\common\garrysmod\garrysmod\addons\garrysmodmap\maps\gmm_garrymod_map_by_woowz_map_garry_game.vmf
Can't find surfaceprop antlion_eggshell for material NATURE/ROCKWALL_ANTLION03A, using default
Locating GameData file 'garrysmod.fgd'...
Parsing GameData file w:\programs\steam\steamapps\common\garrysmod\bin\garrysmod.fgd
Parsing GameData file w:\programs\steam\steamapps\common\garrysmod\bin\base.fgd
Parsing GameData file w:\programs\steam\steamapps\common\garrysmod\bin\halflife2.fgd
Parsing GameData file w:\programs\steam\steamapps\common\garrysmod\bin\base.fgd
fixing up env_cubemap materials on brush sides...
FloodEntities...
FloodEntities...
Processing areas...done (0)
Building Faces...done (0)
Chop Details...done (0)
Find Visible Detail Sides...
Merged 986 detail faces...done (1)
Merging details...done (0)
FixTjuncs...
PruneNodes...
WriteBSP...
done (0)
writing w:\programs\steam\steamapps\common\garrysmod\garrysmod\addons\garrysmodmap\maps\gmm_garrymod_map_by_woowz_map_garry_game.prt...
Building visibility clusters...
done (0)
Generating blank default cubemaps...
Generating blank default cubemaps...
Emitted 3905 brushes and 24529 brushsides
Finding displacement neighbors...
Finding lightmap sample positions...
Building Physics collision data...
done (0) (1270927 bytes)
Emitting static props...
Model "models/props_phx/construct/metal_wire1x2x2b.mdl" is missing $staticprop. Allowing due to -allowdynamicpropsasstatic
Model "models/props_phx/construct/metal_wire_angle360x2.mdl" is missing $staticprop. Allowing due to -allowdynamicpropsasstatic
Placing detail props : 0...1...2...3...4...5...6...7...8...9...10
Water found with no water_lod_control entity, creating a default one.
Compacting texture/material tables...
Reduced 2462 texinfos to 1470
Reduced 312 texdatas to 285 (9892 bytes to 7575)
Writing w:\programs\steam\steamapps\common\garrysmod\garrysmod\addons\garrysmodmap\maps\gmm_garrymod_map_by_woowz_map_garry_game.bsp
2 seconds elapsed

==================================================================
Date: 2026-09-12 22:28:58
W:\Programs\Steam\steamapps\common\GarrysMod\bin\win64\vvisplusplus.exe -game W:\Programs\Steam\steamapps\common\GarrysMod\garrysmod w:\programs\steam\steamapps\common\garrysmod\garrysmod\addons\garrysmodmap\maps\gmm_garrymod_map_by_woowz_map_garry_game
==================================================================
16 threads
CPU supports AVX2
reading w:\programs\steam\steamapps\common\garrysmod\garrysmod\addons\garrysmodmap\maps\gmm_garrymod_map_by_woowz_map_garry_game.bsp
reading w:\programs\steam\steamapps\common\garrysmod\garrysmod\addons\garrysmodmap\maps\gmm_garrymod_map_by_woowz_map_garry_game.prt
1313 portalclusters
2401 numportals
0...1...2...3...4...5...6...7...8...9...100...1...2...3...4...5...6...7...8...9...10Optimized: 218 visible clusters (0.32%)
Total clusters visible: 68839
Average clusters visible: 52
Building PAS...
Average clusters audible: 195
visdatasize:138375  compressed from 441168
writing w:\programs\steam\steamapps\common\garrysmod\garrysmod\addons\garrysmodmap\maps\gmm_garrymod_map_by_woowz_map_garry_game.bsp
Wrote ZIP buffer, estimated size 129722, actual size 126158
0 seconds elapsed

==================================================================
Date: 2026-09-12 22:28:59
W:\Programs\Steam\steamapps\common\GarrysMod\bin\win64\vradplusplus.exe -both -final -game W:\Programs\Steam\steamapps\common\GarrysMod\garrysmod w:\programs\steam\steamapps\common\garrysmod\garrysmod\addons\garrysmodmap\maps\gmm_garrymod_map_by_woowz_map_garry_game
==================================================================
---------------
gamedir: W:\Programs\Steam\steamapps\common\GarrysMod\garrysmod\
---------------
16 threads
Compiling in LDR+HDR mode
Reading texlights from 'lights.rad'...
53 texlights parsed
Loading w:\programs\steam\steamapps\common\garrysmod\garrysmod\addons\garrysmodmap\maps\gmm_garrymod_map_by_woowz_map_garry_game.bsp
122 props added to raytrace
15621 faces
1 degenerate faces
356 fake patch planes
1652258 square feet [237925152.00 square inches]
4 Displacements
3259 Square Feet [469401.19 Square Inches]
0...1...2...3...4...5...6...7...8...9...1015620 patches before subdivision
185750 patches after subdivision
CreateDirectLights...
0...1...2...3...4...5...6...7...8...9...10510 lights, 6 styled (0.01 seconds)
0...1...2...3...4...5...6...7...8...9...100...1...2...3...4...5...6...7...8...9...10transfers 21490440, max 1059
transfer lists: 164.0 megs
0...1...2...3...4...5...6...7...8...9...10	Bounce #1 added RGB(1444733, 1124162, 814881)
0...1...2...3...4...5...6...7...8...9...10	Bounce #2 added RGB(382207, 280078, 192047)
0...1...2...3...4...5...6...7...8...9...10	Bounce #3 added RGB(118418, 85108, 56038)
0...1...2...3...4...5...6...7...8...9...10	Bounce #4 added RGB(41067, 29156, 18058)
0...1...2...3...4...5...6...7...8...9...10	Bounce #5 added RGB(15292, 10734, 6183)
0...1...2...3...4...5...6...7...8...9...10	Bounce #6 added RGB(6037, 4174, 2211)
0...1...2...3...4...5...6...7...8...9...10	Bounce #7 added RGB(2493, 1692, 818)
0...1...2...3...4...5...6...7...8...9...10	Bounce #8 added RGB(1072, 711, 312)
0...1...2...3...4...5...6...7...8...9...10	Bounce #9 added RGB(475, 307, 122)
0...1...2...3...4...5...6...7...8...9...10	Bounce #10 added RGB(216, 136, 49)
0...1...2...3...4...5...6...7...8...9...10	Bounce #11 added RGB(101, 61, 20)
0...1...2...3...4...5...6...7...8...9...10	Bounce #12 added RGB(47, 28, 8)
0...1...2...3...4...5...6...7...8...9...10	Bounce #13 added RGB(23, 13, 3)
0...1...2...3...4...5...6...7...8...9...10	Bounce #14 added RGB(11, 6, 1)
0...1...2...3...4...5...6...7...8...9...10	Bounce #15 added RGB(5, 3, 1)
0...1...2...3...4...5...6...7...8...9...10	Bounce #16 added RGB(3, 1, 0)
0...1...2...3...4...5...6...7...8...9...10	Bounce #17 added RGB(1, 1, 0)
0...1...2...3...4...5...6...7...8...9...10	Bounce #18 added RGB(1, 0, 0)
Build Patch/Sample Hash Table(s).....Done<0.0827 sec>
0...1...2...3...4...5...6...7...8...9...10FinalLightFace Done
0...1...2...3...4...5...6...7...8...9...10Setting up leaf ambient computation...
75 of 359 (20% of) surface lights went in leaf ambient cubes.
0...1...2...3...4...5...6...7...8...9...10Writing leaf ambient...done
Ready to Finish

Object names       Objects/Maxobjs  Fullness 
------------       ---------------  -------- 
entities              1072/65536    ( 1.6%) 
models                 139/4096     ( 3.4%) 
brushes               3905/65536    ( 6.0%) 
brushsides           24529/655350   ( 3.7%) 
planes                4540/65536    ( 6.9%) 
vertexes             27370/65536    (41.8%) 
nodes                 4313/65536    ( 6.6%) 
texinfos              1470/32768    ( 4.5%) 
texdata                285/8192     ( 3.5%) 
dispinfos                4/16384    ( 0.0%) 
faces                15621/65536    (23.8%) 
hdr faces            15621/65536    (23.8%) 
origfaces             8093/65536    (12.3%) 
leaves                4453/65536    ( 6.8%) 
leaffaces            18648/65536    (28.5%) 
leafbrushes           8418/65536    (12.8%) 
areas                   76/1024     ( 7.4%) 
surfedges            76362/512000   (14.9%) 
edges                43128/256000   (16.8%) 
leafwaterdata           13/32768    ( 0.0%) 
primitives            2407/32768    ( 7.3%) 
primverts                0/65536    ( 0.0%) 
primindices          37338/65536    (57.0%) 
cubemapsamples           0/1024     ( 0.0%) 
overlays                64/8192     ( 0.8%) 
vertnormalindices    76230/256000   (29.8%) 
visdata             138375/16777216 ( 0.8%) 
entdata             395586/393216   (100.6%) FULL!!!
LDR ambient table     4453/65536    ( 6.8%) 
HDR ambient table     4453/65536    ( 6.8%) 
LDR worldlights            0       
HDR worldlights            510     
LDR lightdata              0       
HDR lightdata              29186156
LDR leaf ambient           4453    
HDR leaf ambient           14108   
occluders                  0       
occluder polygons          0       
occluder vert ind          0       
detail props               1140    
dtl prp lght               4       
HDR dtl prp lght           4       
static props               17266   
pakfile                    126158  
physics                    1270927 
physics terrain            1376    

Level flags = 0

Total triangle count: 44988
Writing w:\programs\steam\steamapps\common\garrysmod\garrysmod\addons\garrysmodmap\maps\gmm_garrymod_map_by_woowz_map_garry_game.bsp
7 seconds elapsed

==================================================================
Date: 2026-09-12 22:30:41
W:\Programs\Steam\steamapps\common\GarrysMod\bin\win64\vbspplusplus.exe -allowdynamicpropsasstatic -game W:\Programs\Steam\steamapps\common\GarrysMod\garrysmod w:\programs\steam\steamapps\common\garrysmod\garrysmod\addons\garrysmodmap\maps\gmm_garrymod_map_by_woowz_map_garry_game
==================================================================
16 threads
---------------
gamedir: W:\Programs\Steam\steamapps\common\GarrysMod\garrysmod\
---------------
Loading w:\programs\steam\steamapps\common\garrysmod\garrysmod\addons\garrysmodmap\maps\gmm_garrymod_map_by_woowz_map_garry_game.vmf
Can't find surfaceprop antlion_eggshell for material NATURE/ROCKWALL_ANTLION03A, using default
Locating GameData file 'garrysmod.fgd'...
Parsing GameData file w:\programs\steam\steamapps\common\garrysmod\bin\garrysmod.fgd
Parsing GameData file w:\programs\steam\steamapps\common\garrysmod\bin\base.fgd
Parsing GameData file w:\programs\steam\steamapps\common\garrysmod\bin\halflife2.fgd
Parsing GameData file w:\programs\steam\steamapps\common\garrysmod\bin\base.fgd
fixing up env_cubemap materials on brush sides...
FloodEntities...
FloodEntities...
Processing areas...done (0)
Building Faces...done (0)
Chop Details...done (0)
Find Visible Detail Sides...
Merged 986 detail faces...done (0)
Merging details...done (1)
FixTjuncs...
PruneNodes...
WriteBSP...
done (0)
writing w:\programs\steam\steamapps\common\garrysmod\garrysmod\addons\garrysmodmap\maps\gmm_garrymod_map_by_woowz_map_garry_game.prt...
Building visibility clusters...
done (0)
Generating blank default cubemaps...
Generating blank default cubemaps...
Emitted 3904 brushes and 24523 brushsides
Finding displacement neighbors...
Finding lightmap sample positions...
Building Physics collision data...
done (0) (1270927 bytes)
Emitting static props...
Model "models/props_phx/construct/metal_wire1x2x2b.mdl" is missing $staticprop. Allowing due to -allowdynamicpropsasstatic
Model "models/props_phx/construct/metal_wire_angle360x2.mdl" is missing $staticprop. Allowing due to -allowdynamicpropsasstatic
Placing detail props : 0...1...2...3...4...5...6...7...8...9...10
Water found with no water_lod_control entity, creating a default one.
Compacting texture/material tables...
Reduced 2465 texinfos to 1470
Reduced 312 texdatas to 285 (9892 bytes to 7575)
Writing w:\programs\steam\steamapps\common\garrysmod\garrysmod\addons\garrysmodmap\maps\gmm_garrymod_map_by_woowz_map_garry_game.bsp
2 seconds elapsed

==================================================================
Date: 2026-09-12 22:30:44
W:\Programs\Steam\steamapps\common\GarrysMod\bin\win64\vvisplusplus.exe -game W:\Programs\Steam\steamapps\common\GarrysMod\garrysmod w:\programs\steam\steamapps\common\garrysmod\garrysmod\addons\garrysmodmap\maps\gmm_garrymod_map_by_woowz_map_garry_game
==================================================================
16 threads
CPU supports AVX2
reading w:\programs\steam\steamapps\common\garrysmod\garrysmod\addons\garrysmodmap\maps\gmm_garrymod_map_by_woowz_map_garry_game.bsp
reading w:\programs\steam\steamapps\common\garrysmod\garrysmod\addons\garrysmodmap\maps\gmm_garrymod_map_by_woowz_map_garry_game.prt
1310 portalclusters
2388 numportals
0...1...2...3...4...5...6...7...8...9...100...1...2...3...4...5...6...7...8...9...10Optimized: 213 visible clusters (0.31%)
Total clusters visible: 68595
Average clusters visible: 52
Building PAS...
Average clusters audible: 195
visdatasize:138408  compressed from 440160
writing w:\programs\steam\steamapps\common\garrysmod\garrysmod\addons\garrysmodmap\maps\gmm_garrymod_map_by_woowz_map_garry_game.bsp
Wrote ZIP buffer, estimated size 129722, actual size 126158
0 seconds elapsed

==================================================================
Date: 2026-09-12 22:30:44
W:\Programs\Steam\steamapps\common\GarrysMod\bin\win64\vradplusplus.exe -both -final -game W:\Programs\Steam\steamapps\common\GarrysMod\garrysmod w:\programs\steam\steamapps\common\garrysmod\garrysmod\addons\garrysmodmap\maps\gmm_garrymod_map_by_woowz_map_garry_game
==================================================================
---------------
gamedir: W:\Programs\Steam\steamapps\common\GarrysMod\garrysmod\
---------------
16 threads
Compiling in LDR+HDR mode
Reading texlights from 'lights.rad'...
53 texlights parsed
Loading w:\programs\steam\steamapps\common\garrysmod\garrysmod\addons\garrysmodmap\maps\gmm_garrymod_map_by_woowz_map_garry_game.bsp
122 props added to raytrace
15604 faces
1 degenerate faces
356 fake patch planes
1652258 square feet [237925152.00 square inches]
4 Displacements
3259 Square Feet [469401.19 Square Inches]
0...1...2...3...4...5...6...7...8...9...1015603 patches before subdivision
185797 patches after subdivision
CreateDirectLights...
0...1...2...3...4...5...6...7...8...9...10510 lights, 6 styled (0.01 seconds)
0...1...2...3...4...5...6...7...8...9...100...1...2...3...4...5...6...7...8...9...10transfers 21490196, max 1059
transfer lists: 164.0 megs
0...1...2...3...4...5...6...7...8...9...10	Bounce #1 added RGB(1445690, 1125319, 815672)
0...1...2...3...4...5...6...7...8...9...10	Bounce #2 added RGB(382605, 280557, 192376)
0...1...2...3...4...5...6...7...8...9...10	Bounce #3 added RGB(118500, 85204, 56100)
0...1...2...3...4...5...6...7...8...9...10	Bounce #4 added RGB(41089, 29184, 18075)
0...1...2...3...4...5...6...7...8...9...10	Bounce #5 added RGB(15298, 10740, 6187)
0...1...2...3...4...5...6...7...8...9...10	Bounce #6 added RGB(6038, 4175, 2212)
0...1...2...3...4...5...6...7...8...9...10	Bounce #7 added RGB(2494, 1692, 819)
0...1...2...3...4...5...6...7...8...9...10	Bounce #8 added RGB(1072, 711, 312)
0...1...2...3...4...5...6...7...8...9...10	Bounce #9 added RGB(475, 307, 122)
0...1...2...3...4...5...6...7...8...9...10	Bounce #10 added RGB(216, 136, 49)
0...1...2...3...4...5...6...7...8...9...10	Bounce #11 added RGB(101, 61, 20)
0...1...2...3...4...5...6...7...8...9...10	Bounce #12 added RGB(47, 28, 8)
0...1...2...3...4...5...6...7...8...9...10	Bounce #13 added RGB(23, 13, 3)
0...1...2...3...4...5...6...7...8...9...10	Bounce #14 added RGB(11, 6, 1)
0...1...2...3...4...5...6...7...8...9...10	Bounce #15 added RGB(5, 3, 1)
0...1...2...3...4...5...6...7...8...9...10	Bounce #16 added RGB(3, 1, 0)
0...1...2...3...4...5...6...7...8...9...10	Bounce #17 added RGB(1, 1, 0)
0...1...2...3...4...5...6...7...8...9...10	Bounce #18 added RGB(1, 0, 0)
Build Patch/Sample Hash Table(s).....Done<0.0813 sec>
0...1...2...3...4...5...6...7...8...9...10FinalLightFace Done
0...1...2...3...4...5...6...7...8...9...10Setting up leaf ambient computation...
75 of 359 (20% of) surface lights went in leaf ambient cubes.
0...1...2...3...4...5...6...7...8...9...10Writing leaf ambient...done
Ready to Finish

Object names       Objects/Maxobjs  Fullness 
------------       ---------------  -------- 
entities              1072/65536    ( 1.6%) 
models                 139/4096     ( 3.4%) 
brushes               3904/65536    ( 6.0%) 
brushsides           24523/655350   ( 3.7%) 
planes                4540/65536    ( 6.9%) 
vertexes             27350/65536    (41.7%) 
nodes                 4305/65536    ( 6.6%) 
texinfos              1470/32768    ( 4.5%) 
texdata                285/8192     ( 3.5%) 
dispinfos                4/16384    ( 0.0%) 
faces                15604/65536    (23.8%) 
hdr faces            15604/65536    (23.8%) 
origfaces             8094/65536    (12.4%) 
leaves                4445/65536    ( 6.8%) 
leaffaces            18637/65536    (28.4%) 
leafbrushes           8392/65536    (12.8%) 
areas                   76/1024     ( 7.4%) 
surfedges            76286/512000   (14.9%) 
edges                43091/256000   (16.8%) 
leafwaterdata           13/32768    ( 0.0%) 
primitives            2405/32768    ( 7.3%) 
primverts                0/65536    ( 0.0%) 
primindices          37308/65536    (56.9%) 
cubemapsamples           0/1024     ( 0.0%) 
overlays                64/8192     ( 0.8%) 
vertnormalindices    76154/256000   (29.7%) 
visdata             138408/16777216 ( 0.8%) 
entdata             395586/393216   (100.6%) FULL!!!
LDR ambient table     4445/65536    ( 6.8%) 
HDR ambient table     4445/65536    ( 6.8%) 
LDR worldlights            0       
HDR worldlights            510     
LDR lightdata              0       
HDR lightdata              29184056
LDR leaf ambient           4445    
HDR leaf ambient           14105   
occluders                  0       
occluder polygons          0       
occluder vert ind          0       
detail props               1140    
dtl prp lght               4       
HDR dtl prp lght           4       
static props               17266   
pakfile                    126158  
physics                    1270927 
physics terrain            1376    

Level flags = 0

Total triangle count: 44946
Writing w:\programs\steam\steamapps\common\garrysmod\garrysmod\addons\garrysmodmap\maps\gmm_garrymod_map_by_woowz_map_garry_game.bsp
7 seconds elapsed

==================================================================
Date: 2026-09-12 22:32:24
W:\Programs\Steam\steamapps\common\GarrysMod\bin\win64\vbspplusplus.exe -allowdynamicpropsasstatic -game W:\Programs\Steam\steamapps\common\GarrysMod\garrysmod w:\programs\steam\steamapps\common\garrysmod\garrysmod\addons\garrysmodmap\maps\gmm_garrymod_map_by_woowz_map_garry_game
==================================================================
16 threads
---------------
gamedir: W:\Programs\Steam\steamapps\common\GarrysMod\garrysmod\
---------------
Loading w:\programs\steam\steamapps\common\garrysmod\garrysmod\addons\garrysmodmap\maps\gmm_garrymod_map_by_woowz_map_garry_game.vmf
Can't find surfaceprop antlion_eggshell for material NATURE/ROCKWALL_ANTLION03A, using default
Locating GameData file 'garrysmod.fgd'...
Parsing GameData file w:\programs\steam\steamapps\common\garrysmod\bin\garrysmod.fgd
Parsing GameData file w:\programs\steam\steamapps\common\garrysmod\bin\base.fgd
Parsing GameData file w:\programs\steam\steamapps\common\garrysmod\bin\halflife2.fgd
Parsing GameData file w:\programs\steam\steamapps\common\garrysmod\bin\base.fgd
fixing up env_cubemap materials on brush sides...
FloodEntities...
FloodEntities...
Processing areas...Brush 83673: areaportal brush doesn't touch two areas
--- AREAPORTAL LEAKED ---

==================================================================
Date: 2026-09-12 22:33:55
W:\Programs\Steam\steamapps\common\GarrysMod\bin\win64\vbspplusplus.exe -allowdynamicpropsasstatic -game W:\Programs\Steam\steamapps\common\GarrysMod\garrysmod w:\programs\steam\steamapps\common\garrysmod\garrysmod\addons\garrysmodmap\maps\gmm_garrymod_map_by_woowz_map_garry_game
==================================================================
16 threads
---------------
gamedir: W:\Programs\Steam\steamapps\common\GarrysMod\garrysmod\
---------------
Loading w:\programs\steam\steamapps\common\garrysmod\garrysmod\addons\garrysmodmap\maps\gmm_garrymod_map_by_woowz_map_garry_game.vmf
Can't find surfaceprop antlion_eggshell for material NATURE/ROCKWALL_ANTLION03A, using default
Locating GameData file 'garrysmod.fgd'...
Parsing GameData file w:\programs\steam\steamapps\common\garrysmod\bin\garrysmod.fgd
Parsing GameData file w:\programs\steam\steamapps\common\garrysmod\bin\base.fgd
Parsing GameData file w:\programs\steam\steamapps\common\garrysmod\bin\halflife2.fgd
Parsing GameData file w:\programs\steam\steamapps\common\garrysmod\bin\base.fgd
fixing up env_cubemap materials on brush sides...
FloodEntities...
FloodEntities...
Processing areas...done (0)
Building Faces...done (0)
Chop Details...done (0)
Find Visible Detail Sides...
Merged 986 detail faces...done (1)
Merging details...done (0)
FixTjuncs...
PruneNodes...
WriteBSP...
done (0)
writing w:\programs\steam\steamapps\common\garrysmod\garrysmod\addons\garrysmodmap\maps\gmm_garrymod_map_by_woowz_map_garry_game.prt...
Building visibility clusters...
done (0)
Generating blank default cubemaps...
Generating blank default cubemaps...
Emitted 3906 brushes and 24535 brushsides
Finding displacement neighbors...
Finding lightmap sample positions...
Building Physics collision data...
done (0) (1270927 bytes)
Emitting static props...
Model "models/props_phx/construct/metal_wire1x2x2b.mdl" is missing $staticprop. Allowing due to -allowdynamicpropsasstatic
Model "models/props_phx/construct/metal_wire_angle360x2.mdl" is missing $staticprop. Allowing due to -allowdynamicpropsasstatic
Placing detail props : 0...1...2...3...4...5...6...7...8...9...10
Water found with no water_lod_control entity, creating a default one.
Compacting texture/material tables...
Reduced 2465 texinfos to 1470
Reduced 312 texdatas to 285 (9892 bytes to 7575)
Writing w:\programs\steam\steamapps\common\garrysmod\garrysmod\addons\garrysmodmap\maps\gmm_garrymod_map_by_woowz_map_garry_game.bsp
2 seconds elapsed

==================================================================
Date: 2026-09-12 22:33:57
W:\Programs\Steam\steamapps\common\GarrysMod\bin\win64\vvisplusplus.exe -game W:\Programs\Steam\steamapps\common\GarrysMod\garrysmod w:\programs\steam\steamapps\common\garrysmod\garrysmod\addons\garrysmodmap\maps\gmm_garrymod_map_by_woowz_map_garry_game
==================================================================
16 threads
CPU supports AVX2
reading w:\programs\steam\steamapps\common\garrysmod\garrysmod\addons\garrysmodmap\maps\gmm_garrymod_map_by_woowz_map_garry_game.bsp
reading w:\programs\steam\steamapps\common\garrysmod\garrysmod\addons\garrysmodmap\maps\gmm_garrymod_map_by_woowz_map_garry_game.prt
1316 portalclusters
2402 numportals
0...1...2...3...4...5...6...7...8...9...100...1...2...3...4...5...6...7...8...9...10Optimized: 229 visible clusters (0.33%)
Total clusters visible: 69009
Average clusters visible: 52
Building PAS...
Average clusters audible: 196
visdatasize:140099  compressed from 442176
writing w:\programs\steam\steamapps\common\garrysmod\garrysmod\addons\garrysmodmap\maps\gmm_garrymod_map_by_woowz_map_garry_game.bsp
Wrote ZIP buffer, estimated size 129722, actual size 126158
0 seconds elapsed

==================================================================
Date: 2026-09-12 22:33:57
W:\Programs\Steam\steamapps\common\GarrysMod\bin\win64\vradplusplus.exe -both -final -game W:\Programs\Steam\steamapps\common\GarrysMod\garrysmod w:\programs\steam\steamapps\common\garrysmod\garrysmod\addons\garrysmodmap\maps\gmm_garrymod_map_by_woowz_map_garry_game
==================================================================
---------------
gamedir: W:\Programs\Steam\steamapps\common\GarrysMod\garrysmod\
---------------
16 threads
Compiling in LDR+HDR mode
Reading texlights from 'lights.rad'...
53 texlights parsed
Loading w:\programs\steam\steamapps\common\garrysmod\garrysmod\addons\garrysmodmap\maps\gmm_garrymod_map_by_woowz_map_garry_game.bsp
122 props added to raytrace
15632 faces
1 degenerate faces
356 fake patch planes
1652258 square feet [237925152.00 square inches]
4 Displacements
3259 Square Feet [469401.19 Square Inches]
0...1...2...3...4...5...6...7...8...9...1015631 patches before subdivision
185821 patches after subdivision
CreateDirectLights...
0...1...2...3...4...5...6...7...8...9...10510 lights, 6 styled (0.01 seconds)
0...1...2...3...4...5...6...7...8...9...100...1...2...3...4...5...6...7...8...9...10transfers 21499849, max 1059
transfer lists: 164.0 megs
0...1...2...3...4...5...6...7...8...9...10	Bounce #1 added RGB(1445298, 1124630, 815202)
0...1...2...3...4...5...6...7...8...9...10	Bounce #2 added RGB(382355, 280181, 192110)
0...1...2...3...4...5...6...7...8...9...10	Bounce #3 added RGB(118457, 85127, 56049)
0...1...2...3...4...5...6...7...8...9...10	Bounce #4 added RGB(41078, 29161, 18060)
0...1...2...3...4...5...6...7...8...9...10	Bounce #5 added RGB(15295, 10735, 6184)
0...1...2...3...4...5...6...7...8...9...10	Bounce #6 added RGB(6038, 4174, 2211)
0...1...2...3...4...5...6...7...8...9...10	Bounce #7 added RGB(2494, 1692, 818)
0...1...2...3...4...5...6...7...8...9...10	Bounce #8 added RGB(1072, 711, 312)
0...1...2...3...4...5...6...7...8...9...10	Bounce #9 added RGB(475, 307, 122)
0...1...2...3...4...5...6...7...8...9...10	Bounce #10 added RGB(216, 136, 49)
0...1...2...3...4...5...6...7...8...9...10	Bounce #11 added RGB(101, 61, 20)
0...1...2...3...4...5...6...7...8...9...10	Bounce #12 added RGB(47, 28, 8)
0...1...2...3...4...5...6...7...8...9...10	Bounce #13 added RGB(23, 13, 3)
0...1...2...3...4...5...6...7...8...9...10	Bounce #14 added RGB(11, 6, 1)
0...1...2...3...4...5...6...7...8...9...10	Bounce #15 added RGB(5, 3, 1)
0...1...2...3...4...5...6...7...8...9...10	Bounce #16 added RGB(3, 1, 0)
0...1...2...3...4...5...6...7...8...9...10	Bounce #17 added RGB(1, 1, 0)
0...1...2...3...4...5...6...7...8...9...10	Bounce #18 added RGB(1, 0, 0)
Build Patch/Sample Hash Table(s).....Done<0.0821 sec>
0...1...2...3...4...5...6...7...8...9...10FinalLightFace Done
0...1...2...3...4...5...6...7...8...9...10Setting up leaf ambient computation...
75 of 359 (20% of) surface lights went in leaf ambient cubes.
0...1...2...3...4...5...6...7...8...9...10Writing leaf ambient...done
Ready to Finish

Object names       Objects/Maxobjs  Fullness 
------------       ---------------  -------- 
entities              1072/65536    ( 1.6%) 
models                 139/4096     ( 3.4%) 
brushes               3906/65536    ( 6.0%) 
brushsides           24535/655350   ( 3.7%) 
planes                4540/65536    ( 6.9%) 
vertexes             27380/65536    (41.8%) 
nodes                 4321/65536    ( 6.6%) 
texinfos              1470/32768    ( 4.5%) 
texdata                285/8192     ( 3.5%) 
dispinfos                4/16384    ( 0.0%) 
faces                15632/65536    (23.9%) 
hdr faces            15632/65536    (23.9%) 
origfaces             8093/65536    (12.3%) 
leaves                4461/65536    ( 6.8%) 
leaffaces            18666/65536    (28.5%) 
leafbrushes           8421/65536    (12.8%) 
areas                   76/1024     ( 7.4%) 
surfedges            76404/512000   (14.9%) 
edges                43149/256000   (16.9%) 
leafwaterdata           13/32768    ( 0.0%) 
primitives            2409/32768    ( 7.4%) 
primverts                0/65536    ( 0.0%) 
primindices          37365/65536    (57.0%) 
cubemapsamples           0/1024     ( 0.0%) 
overlays                64/8192     ( 0.8%) 
vertnormalindices    76272/256000   (29.8%) 
visdata             140099/16777216 ( 0.8%) 
entdata             395586/393216   (100.6%) FULL!!!
LDR ambient table     4461/65536    ( 6.8%) 
HDR ambient table     4461/65536    ( 6.8%) 
LDR worldlights            0       
HDR worldlights            510     
LDR lightdata              0       
HDR lightdata              29188224
LDR leaf ambient           4461    
HDR leaf ambient           14148   
occluders                  0       
occluder polygons          0       
occluder vert ind          0       
detail props               1140    
dtl prp lght               4       
HDR dtl prp lght           4       
static props               17266   
pakfile                    126158  
physics                    1270927 
physics terrain            1376    

Level flags = 0

Total triangle count: 45008
Writing w:\programs\steam\steamapps\common\garrysmod\garrysmod\addons\garrysmodmap\maps\gmm_garrymod_map_by_woowz_map_garry_game.bsp
7 seconds elapsed

==================================================================
Date: 2026-09-12 22:36:06
W:\Programs\Steam\steamapps\common\GarrysMod\bin\win64\vbspplusplus.exe -allowdynamicpropsasstatic -game W:\Programs\Steam\steamapps\common\GarrysMod\garrysmod w:\programs\steam\steamapps\common\garrysmod\garrysmod\addons\garrysmodmap\maps\gmm_garrymod_map_by_woowz_map_garry_game
==================================================================
16 threads
---------------
gamedir: W:\Programs\Steam\steamapps\common\GarrysMod\garrysmod\
---------------
Loading w:\programs\steam\steamapps\common\garrysmod\garrysmod\addons\garrysmodmap\maps\gmm_garrymod_map_by_woowz_map_garry_game.vmf
Can't find surfaceprop antlion_eggshell for material NATURE/ROCKWALL_ANTLION03A, using default
Locating GameData file 'garrysmod.fgd'...
Parsing GameData file w:\programs\steam\steamapps\common\garrysmod\bin\garrysmod.fgd
Parsing GameData file w:\programs\steam\steamapps\common\garrysmod\bin\base.fgd
Parsing GameData file w:\programs\steam\steamapps\common\garrysmod\bin\halflife2.fgd
Parsing GameData file w:\programs\steam\steamapps\common\garrysmod\bin\base.fgd
fixing up env_cubemap materials on brush sides...
FloodEntities...
FloodEntities...
Processing areas...done (0)
Building Faces...done (0)
Chop Details...done (0)
Find Visible Detail Sides...
Merged 986 detail faces...done (0)
Merging details...done (1)
FixTjuncs...
PruneNodes...
WriteBSP...
done (0)
writing w:\programs\steam\steamapps\common\garrysmod\garrysmod\addons\garrysmodmap\maps\gmm_garrymod_map_by_woowz_map_garry_game.prt...
Building visibility clusters...
done (0)
Generating blank default cubemaps...
Generating blank default cubemaps...
Emitted 3903 brushes and 24517 brushsides
Finding displacement neighbors...
Finding lightmap sample positions...
Building Physics collision data...
done (0) (1270831 bytes)
Emitting static props...
Model "models/props_phx/construct/metal_wire1x2x2b.mdl" is missing $staticprop. Allowing due to -allowdynamicpropsasstatic
Model "models/props_phx/construct/metal_wire_angle360x2.mdl" is missing $staticprop. Allowing due to -allowdynamicpropsasstatic
Placing detail props : 0...1...2...3...4...5...6...7...8...9...10
Water found with no water_lod_control entity, creating a default one.
Compacting texture/material tables...
Reduced 2461 texinfos to 1466
Reduced 312 texdatas to 285 (9892 bytes to 7575)
Writing w:\programs\steam\steamapps\common\garrysmod\garrysmod\addons\garrysmodmap\maps\gmm_garrymod_map_by_woowz_map_garry_game.bsp
2 seconds elapsed

==================================================================
Date: 2026-09-12 22:36:08
W:\Programs\Steam\steamapps\common\GarrysMod\bin\win64\vvisplusplus.exe -game W:\Programs\Steam\steamapps\common\GarrysMod\garrysmod w:\programs\steam\steamapps\common\garrysmod\garrysmod\addons\garrysmodmap\maps\gmm_garrymod_map_by_woowz_map_garry_game
==================================================================
16 threads
CPU supports AVX2
reading w:\programs\steam\steamapps\common\garrysmod\garrysmod\addons\garrysmodmap\maps\gmm_garrymod_map_by_woowz_map_garry_game.bsp
reading w:\programs\steam\steamapps\common\garrysmod\garrysmod\addons\garrysmodmap\maps\gmm_garrymod_map_by_woowz_map_garry_game.prt
1305 portalclusters
2380 numportals
0...1...2...3...4...5...6...7...8...9...100...1...2...3...4...5...6...7...8...9...10Optimized: 212 visible clusters (0.31%)
Total clusters visible: 68217
Average clusters visible: 52
Building PAS...
Average clusters audible: 193
visdatasize:135990  compressed from 438480
writing w:\programs\steam\steamapps\common\garrysmod\garrysmod\addons\garrysmodmap\maps\gmm_garrymod_map_by_woowz_map_garry_game.bsp
Wrote ZIP buffer, estimated size 129722, actual size 126158
0 seconds elapsed

==================================================================
Date: 2026-09-12 22:36:08
W:\Programs\Steam\steamapps\common\GarrysMod\bin\win64\vradplusplus.exe -both -final -game W:\Programs\Steam\steamapps\common\GarrysMod\garrysmod w:\programs\steam\steamapps\common\garrysmod\garrysmod\addons\garrysmodmap\maps\gmm_garrymod_map_by_woowz_map_garry_game
==================================================================
---------------
gamedir: W:\Programs\Steam\steamapps\common\GarrysMod\garrysmod\
---------------
16 threads
Compiling in LDR+HDR mode
Reading texlights from 'lights.rad'...
53 texlights parsed
Loading w:\programs\steam\steamapps\common\garrysmod\garrysmod\addons\garrysmodmap\maps\gmm_garrymod_map_by_woowz_map_garry_game.bsp
122 props added to raytrace
15579 faces
1 degenerate faces
356 fake patch planes
1652247 square feet [237923616.00 square inches]
4 Displacements
3259 Square Feet [469401.19 Square Inches]
0...1...2...3...4...5...6...7...8...9...1015578 patches before subdivision
185846 patches after subdivision
CreateDirectLights...
0...1...2...3...4...5...6...7...8...9...10510 lights, 6 styled (0.01 seconds)
0...1...2...3...4...5...6...7...8...9...100...1...2...3...4...5...6...7...8...9...10transfers 21487007, max 1059
transfer lists: 163.9 megs
0...1...2...3...4...5...6...7...8...9...10	Bounce #1 added RGB(1445621, 1125191, 815587)
0...1...2...3...4...5...6...7...8...9...10	Bounce #2 added RGB(382657, 280550, 192368)
0...1...2...3...4...5...6...7...8...9...10	Bounce #3 added RGB(118534, 85206, 56099)
0...1...2...3...4...5...6...7...8...9...10	Bounce #4 added RGB(41104, 29184, 18075)
0...1...2...3...4...5...6...7...8...9...10	Bounce #5 added RGB(15303, 10740, 6187)
0...1...2...3...4...5...6...7...8...9...10	Bounce #6 added RGB(6040, 4175, 2212)
0...1...2...3...4...5...6...7...8...9...10	Bounce #7 added RGB(2494, 1692, 819)
0...1...2...3...4...5...6...7...8...9...10	Bounce #8 added RGB(1072, 711, 312)
0...1...2...3...4...5...6...7...8...9...10	Bounce #9 added RGB(475, 307, 122)
0...1...2...3...4...5...6...7...8...9...10	Bounce #10 added RGB(216, 136, 49)
0...1...2...3...4...5...6...7...8...9...10	Bounce #11 added RGB(101, 61, 20)
0...1...2...3...4...5...6...7...8...9...10	Bounce #12 added RGB(47, 28, 8)
0...1...2...3...4...5...6...7...8...9...10	Bounce #13 added RGB(23, 13, 3)
0...1...2...3...4...5...6...7...8...9...10	Bounce #14 added RGB(11, 6, 1)
0...1...2...3...4...5...6...7...8...9...10	Bounce #15 added RGB(5, 3, 1)
0...1...2...3...4...5...6...7...8...9...10	Bounce #16 added RGB(3, 1, 0)
0...1...2...3...4...5...6...7...8...9...10	Bounce #17 added RGB(1, 1, 0)
0...1...2...3...4...5...6...7...8...9...10	Bounce #18 added RGB(1, 0, 0)
Build Patch/Sample Hash Table(s).....Done<0.0795 sec>
0...1...2...3...4...5...6...7...8...9...10FinalLightFace Done
0...1...2...3...4...5...6...7...8...9...10Setting up leaf ambient computation...
75 of 359 (20% of) surface lights went in leaf ambient cubes.
0...1...2...3...4...5...6...7...8...9...10Writing leaf ambient...done
Ready to Finish

Object names       Objects/Maxobjs  Fullness 
------------       ---------------  -------- 
entities              1071/65536    ( 1.6%) 
models                 139/4096     ( 3.4%) 
brushes               3903/65536    ( 6.0%) 
brushsides           24517/655350   ( 3.7%) 
planes                4540/65536    ( 6.9%) 
vertexes             27299/65536    (41.7%) 
nodes                 4293/65536    ( 6.6%) 
texinfos              1466/32768    ( 4.5%) 
texdata                285/8192     ( 3.5%) 
dispinfos                4/16384    ( 0.0%) 
faces                15579/65536    (23.8%) 
hdr faces            15579/65536    (23.8%) 
origfaces             8083/65536    (12.3%) 
leaves                4433/65536    ( 6.8%) 
leaffaces            18608/65536    (28.4%) 
leafbrushes           8387/65536    (12.8%) 
areas                   76/1024     ( 7.4%) 
surfedges            76148/512000   (14.9%) 
edges                43014/256000   (16.8%) 
leafwaterdata           13/32768    ( 0.0%) 
primitives            2401/32768    ( 7.3%) 
primverts                0/65536    ( 0.0%) 
primindices          37257/65536    (56.8%) 
cubemapsamples           0/1024     ( 0.0%) 
overlays                64/8192     ( 0.8%) 
vertnormalindices    76016/256000   (29.7%) 
visdata             135990/16777216 ( 0.8%) 
entdata             395464/393216   (100.6%) FULL!!!
LDR ambient table     4433/65536    ( 6.8%) 
HDR ambient table     4433/65536    ( 6.8%) 
LDR worldlights            0       
HDR worldlights            510     
LDR lightdata              0       
HDR lightdata              29182016
LDR leaf ambient           4433    
HDR leaf ambient           14094   
occluders                  0       
occluder polygons          0       
occluder vert ind          0       
detail props               1140    
dtl prp lght               4       
HDR dtl prp lght           4       
static props               17266   
pakfile                    126158  
physics                    1270831 
physics terrain            1376    

Level flags = 0

Total triangle count: 44858
Writing w:\programs\steam\steamapps\common\garrysmod\garrysmod\addons\garrysmodmap\maps\gmm_garrymod_map_by_woowz_map_garry_game.bsp
6 seconds elapsed

==================================================================
Date: 2026-09-12 22:38:03
W:\Programs\Steam\steamapps\common\GarrysMod\bin\win64\vbspplusplus.exe -allowdynamicpropsasstatic -game W:\Programs\Steam\steamapps\common\GarrysMod\garrysmod w:\programs\steam\steamapps\common\garrysmod\garrysmod\addons\garrysmodmap\maps\gmm_garrymod_map_by_woowz_map_garry_game
==================================================================
16 threads
---------------
gamedir: W:\Programs\Steam\steamapps\common\GarrysMod\garrysmod\
---------------
Loading w:\programs\steam\steamapps\common\garrysmod\garrysmod\addons\garrysmodmap\maps\gmm_garrymod_map_by_woowz_map_garry_game.vmf
Can't find surfaceprop antlion_eggshell for material NATURE/ROCKWALL_ANTLION03A, using default
Locating GameData file 'garrysmod.fgd'...
Parsing GameData file w:\programs\steam\steamapps\common\garrysmod\bin\garrysmod.fgd
Parsing GameData file w:\programs\steam\steamapps\common\garrysmod\bin\base.fgd
Parsing GameData file w:\programs\steam\steamapps\common\garrysmod\bin\halflife2.fgd
Parsing GameData file w:\programs\steam\steamapps\common\garrysmod\bin\base.fgd
fixing up env_cubemap materials on brush sides...
FloodEntities...
FloodEntities...
Processing areas...done (0)
Building Faces...done (0)
Chop Details...done (0)
Find Visible Detail Sides...
Merged 986 detail faces...done (0)
Merging details...done (0)
FixTjuncs...
PruneNodes...
WriteBSP...
done (1)
writing w:\programs\steam\steamapps\common\garrysmod\garrysmod\addons\garrysmodmap\maps\gmm_garrymod_map_by_woowz_map_garry_game.prt...
Building visibility clusters...
done (0)
Generating blank default cubemaps...
Generating blank default cubemaps...
Emitted 3904 brushes and 24523 brushsides
Finding displacement neighbors...
Finding lightmap sample positions...
Building Physics collision data...
done (0) (1270831 bytes)
Emitting static props...
Model "models/props_phx/construct/metal_wire1x2x2b.mdl" is missing $staticprop. Allowing due to -allowdynamicpropsasstatic
Model "models/props_phx/construct/metal_wire_angle360x2.mdl" is missing $staticprop. Allowing due to -allowdynamicpropsasstatic
Placing detail props : 0...1...2...3...4...5...6...7...8...9...10
Water found with no water_lod_control entity, creating a default one.
Compacting texture/material tables...
Reduced 2461 texinfos to 1466
Reduced 312 texdatas to 285 (9892 bytes to 7575)
Writing w:\programs\steam\steamapps\common\garrysmod\garrysmod\addons\garrysmodmap\maps\gmm_garrymod_map_by_woowz_map_garry_game.bsp
2 seconds elapsed

==================================================================
Date: 2026-09-12 22:38:05
W:\Programs\Steam\steamapps\common\GarrysMod\bin\win64\vvisplusplus.exe -game W:\Programs\Steam\steamapps\common\GarrysMod\garrysmod w:\programs\steam\steamapps\common\garrysmod\garrysmod\addons\garrysmodmap\maps\gmm_garrymod_map_by_woowz_map_garry_game
==================================================================
16 threads
CPU supports AVX2
reading w:\programs\steam\steamapps\common\garrysmod\garrysmod\addons\garrysmodmap\maps\gmm_garrymod_map_by_woowz_map_garry_game.bsp
reading w:\programs\steam\steamapps\common\garrysmod\garrysmod\addons\garrysmodmap\maps\gmm_garrymod_map_by_woowz_map_garry_game.prt
1298 portalclusters
2366 numportals
0...1...2...3...4...5...6...7...8...9...100...1...2...3...4...5...6...7...8...9...10Optimized: 207 visible clusters (0.31%)
Total clusters visible: 67815
Average clusters visible: 52
Building PAS...
Average clusters audible: 192
visdatasize:134579  compressed from 436128
writing w:\programs\steam\steamapps\common\garrysmod\garrysmod\addons\garrysmodmap\maps\gmm_garrymod_map_by_woowz_map_garry_game.bsp
Wrote ZIP buffer, estimated size 129722, actual size 126158
0 seconds elapsed

==================================================================
Date: 2026-09-12 22:38:05
W:\Programs\Steam\steamapps\common\GarrysMod\bin\win64\vradplusplus.exe -both -final -game W:\Programs\Steam\steamapps\common\GarrysMod\garrysmod w:\programs\steam\steamapps\common\garrysmod\garrysmod\addons\garrysmodmap\maps\gmm_garrymod_map_by_woowz_map_garry_game
==================================================================
---------------
gamedir: W:\Programs\Steam\steamapps\common\GarrysMod\garrysmod\
---------------
16 threads
Compiling in LDR+HDR mode
Reading texlights from 'lights.rad'...
53 texlights parsed
Loading w:\programs\steam\steamapps\common\garrysmod\garrysmod\addons\garrysmodmap\maps\gmm_garrymod_map_by_woowz_map_garry_game.bsp
122 props added to raytrace
15551 faces
1 degenerate faces
356 fake patch planes
1652247 square feet [237923616.00 square inches]
4 Displacements
3259 Square Feet [469401.19 Square Inches]
0...1...2...3...4...5...6...7...8...9...1015550 patches before subdivision
185754 patches after subdivision
CreateDirectLights...
0...1...2...3...4...5...6...7...8...9...10510 lights, 6 styled (0.01 seconds)
0...1...2...3...4...5...6...7...8...9...100...1...2...3...4...5...6...7...8...9...10transfers 21467510, max 1059
transfer lists: 163.8 megs
0...1...2...3...4...5...6...7...8...9...10	Bounce #1 added RGB(1445266, 1124986, 815473)
0...1...2...3...4...5...6...7...8...9...10	Bounce #2 added RGB(382510, 280482, 192334)
0...1...2...3...4...5...6...7...8...9...10	Bounce #3 added RGB(118480, 85185, 56087)
0...1...2...3...4...5...6...7...8...9...10	Bounce #4 added RGB(41083, 29177, 18071)
0...1...2...3...4...5...6...7...8...9...10	Bounce #5 added RGB(15295, 10737, 6185)
0...1...2...3...4...5...6...7...8...9...10	Bounce #6 added RGB(6037, 4174, 2211)
0...1...2...3...4...5...6...7...8...9...10	Bounce #7 added RGB(2493, 1692, 818)
0...1...2...3...4...5...6...7...8...9...10	Bounce #8 added RGB(1072, 711, 312)
0...1...2...3...4...5...6...7...8...9...10	Bounce #9 added RGB(475, 307, 122)
0...1...2...3...4...5...6...7...8...9...10	Bounce #10 added RGB(216, 136, 49)
0...1...2...3...4...5...6...7...8...9...10	Bounce #11 added RGB(101, 61, 20)
0...1...2...3...4...5...6...7...8...9...10	Bounce #12 added RGB(47, 28, 8)
0...1...2...3...4...5...6...7...8...9...10	Bounce #13 added RGB(23, 13, 3)
0...1...2...3...4...5...6...7...8...9...10	Bounce #14 added RGB(11, 6, 1)
0...1...2...3...4...5...6...7...8...9...10	Bounce #15 added RGB(5, 3, 1)
0...1...2...3...4...5...6...7...8...9...10	Bounce #16 added RGB(3, 1, 0)
0...1...2...3...4...5...6...7...8...9...10	Bounce #17 added RGB(1, 1, 0)
0...1...2...3...4...5...6...7...8...9...10	Bounce #18 added RGB(1, 0, 0)
Build Patch/Sample Hash Table(s).....Done<0.0810 sec>
0...1...2...3...4...5...6...7...8...9...10FinalLightFace Done
0...1...2...3...4...5...6...7...8...9...10Setting up leaf ambient computation...
75 of 359 (20% of) surface lights went in leaf ambient cubes.
0...1...2...3...4...5...6...7...8...9...10Writing leaf ambient...done
Ready to Finish

Object names       Objects/Maxobjs  Fullness 
------------       ---------------  -------- 
entities              1071/65536    ( 1.6%) 
models                 139/4096     ( 3.4%) 
brushes               3904/65536    ( 6.0%) 
brushsides           24523/655350   ( 3.7%) 
planes                4540/65536    ( 6.9%) 
vertexes             27266/65536    (41.6%) 
nodes                 4271/65536    ( 6.5%) 
texinfos              1466/32768    ( 4.5%) 
texdata                285/8192     ( 3.5%) 
dispinfos                4/16384    ( 0.0%) 
faces                15551/65536    (23.7%) 
hdr faces            15551/65536    (23.7%) 
origfaces             8081/65536    (12.3%) 
leaves                4411/65536    ( 6.7%) 
leaffaces            18585/65536    (28.4%) 
leafbrushes           8364/65536    (12.8%) 
areas                   76/1024     ( 7.4%) 
surfedges            76034/512000   (14.9%) 
edges                42956/256000   (16.8%) 
leafwaterdata           13/32768    ( 0.0%) 
primitives            2402/32768    ( 7.3%) 
primverts                0/65536    ( 0.0%) 
primindices          37266/65536    (56.9%) 
cubemapsamples           0/1024     ( 0.0%) 
overlays                64/8192     ( 0.8%) 
vertnormalindices    75902/256000   (29.6%) 
visdata             134579/16777216 ( 0.8%) 
entdata             395464/393216   (100.6%) FULL!!!
LDR ambient table     4411/65536    ( 6.7%) 
HDR ambient table     4411/65536    ( 6.7%) 
LDR worldlights            0       
HDR worldlights            510     
LDR lightdata              0       
HDR lightdata              29166920
LDR leaf ambient           4411    
HDR leaf ambient           14126   
occluders                  0       
occluder polygons          0       
occluder vert ind          0       
detail props               1140    
dtl prp lght               4       
HDR dtl prp lght           4       
static props               17266   
pakfile                    126158  
physics                    1270831 
physics terrain            1376    

Level flags = 0

Total triangle count: 44800
Writing w:\programs\steam\steamapps\common\garrysmod\garrysmod\addons\garrysmodmap\maps\gmm_garrymod_map_by_woowz_map_garry_game.bsp
7 seconds elapsed

==================================================================
Date: 2026-09-12 22:40:15
W:\Programs\Steam\steamapps\common\GarrysMod\bin\win64\vbspplusplus.exe -allowdynamicpropsasstatic -game W:\Programs\Steam\steamapps\common\GarrysMod\garrysmod w:\programs\steam\steamapps\common\garrysmod\garrysmod\addons\garrysmodmap\maps\gmm_garrymod_map_by_woowz_map_garry_game
==================================================================
16 threads
---------------
gamedir: W:\Programs\Steam\steamapps\common\GarrysMod\garrysmod\
---------------
Loading w:\programs\steam\steamapps\common\garrysmod\garrysmod\addons\garrysmodmap\maps\gmm_garrymod_map_by_woowz_map_garry_game.vmf
Can't find surfaceprop antlion_eggshell for material NATURE/ROCKWALL_ANTLION03A, using default
Locating GameData file 'garrysmod.fgd'...
Parsing GameData file w:\programs\steam\steamapps\common\garrysmod\bin\garrysmod.fgd
Parsing GameData file w:\programs\steam\steamapps\common\garrysmod\bin\base.fgd
Parsing GameData file w:\programs\steam\steamapps\common\garrysmod\bin\halflife2.fgd
Parsing GameData file w:\programs\steam\steamapps\common\garrysmod\bin\base.fgd
fixing up env_cubemap materials on brush sides...
FloodEntities...
FloodEntities...
Processing areas...done (0)
Building Faces...done (0)
Chop Details...done (0)
Find Visible Detail Sides...
Merged 986 detail faces...done (1)
Merging details...done (0)
FixTjuncs...
PruneNodes...
WriteBSP...
done (0)
writing w:\programs\steam\steamapps\common\garrysmod\garrysmod\addons\garrysmodmap\maps\gmm_garrymod_map_by_woowz_map_garry_game.prt...
Building visibility clusters...
done (0)
Generating blank default cubemaps...
Generating blank default cubemaps...
Emitted 3905 brushes and 24529 brushsides
Finding displacement neighbors...
Finding lightmap sample positions...
Building Physics collision data...
done (0) (1270831 bytes)
Emitting static props...
Model "models/props_phx/construct/metal_wire1x2x2b.mdl" is missing $staticprop. Allowing due to -allowdynamicpropsasstatic
Model "models/props_phx/construct/metal_wire_angle360x2.mdl" is missing $staticprop. Allowing due to -allowdynamicpropsasstatic
Placing detail props : 0...1...2...3...4...5...6...7...8...9...10
Water found with no water_lod_control entity, creating a default one.
Compacting texture/material tables...
Reduced 2464 texinfos to 1466
Reduced 312 texdatas to 285 (9892 bytes to 7575)
Writing w:\programs\steam\steamapps\common\garrysmod\garrysmod\addons\garrysmodmap\maps\gmm_garrymod_map_by_woowz_map_garry_game.bsp
2 seconds elapsed

==================================================================
Date: 2026-09-12 22:40:18
W:\Programs\Steam\steamapps\common\GarrysMod\bin\win64\vvisplusplus.exe -game W:\Programs\Steam\steamapps\common\GarrysMod\garrysmod w:\programs\steam\steamapps\common\garrysmod\garrysmod\addons\garrysmodmap\maps\gmm_garrymod_map_by_woowz_map_garry_game
==================================================================
16 threads
CPU supports AVX2
reading w:\programs\steam\steamapps\common\garrysmod\garrysmod\addons\garrysmodmap\maps\gmm_garrymod_map_by_woowz_map_garry_game.bsp
reading w:\programs\steam\steamapps\common\garrysmod\garrysmod\addons\garrysmodmap\maps\gmm_garrymod_map_by_woowz_map_garry_game.prt
1297 portalclusters
2358 numportals
0...1...2...3...4...5...6...7...8...9...100...1...2...3...4...5...6...7...8...9...10Optimized: 213 visible clusters (0.31%)
Total clusters visible: 67716
Average clusters visible: 52
Building PAS...
Average clusters audible: 192
visdatasize:134020  compressed from 435792
writing w:\programs\steam\steamapps\common\garrysmod\garrysmod\addons\garrysmodmap\maps\gmm_garrymod_map_by_woowz_map_garry_game.bsp
Wrote ZIP buffer, estimated size 129722, actual size 126158
0 seconds elapsed

==================================================================
Date: 2026-09-12 22:40:18
W:\Programs\Steam\steamapps\common\GarrysMod\bin\win64\vradplusplus.exe -both -final -game W:\Programs\Steam\steamapps\common\GarrysMod\garrysmod w:\programs\steam\steamapps\common\garrysmod\garrysmod\addons\garrysmodmap\maps\gmm_garrymod_map_by_woowz_map_garry_game
==================================================================
---------------
gamedir: W:\Programs\Steam\steamapps\common\GarrysMod\garrysmod\
---------------
16 threads
Compiling in LDR+HDR mode
Reading texlights from 'lights.rad'...
53 texlights parsed
Loading w:\programs\steam\steamapps\common\garrysmod\garrysmod\addons\garrysmodmap\maps\gmm_garrymod_map_by_woowz_map_garry_game.bsp
122 props added to raytrace
15553 faces
1 degenerate faces
356 fake patch planes
1652247 square feet [237923616.00 square inches]
4 Displacements
3259 Square Feet [469401.19 Square Inches]
0...1...2...3...4...5...6...7...8...9...1015552 patches before subdivision
185766 patches after subdivision
CreateDirectLights...
0...1...2...3...4...5...6...7...8...9...10510 lights, 6 styled (0.01 seconds)
0...1...2...3...4...5...6...7...8...9...100...1...2...3...4...5...6...7...8...9...10transfers 21472255, max 1059
transfer lists: 163.8 megs
0...1...2...3...4...5...6...7...8...9...10	Bounce #1 added RGB(1445265, 1124969, 815470)
0...1...2...3...4...5...6...7...8...9...10	Bounce #2 added RGB(382514, 280484, 192335)
0...1...2...3...4...5...6...7...8...9...10	Bounce #3 added RGB(118480, 85186, 56088)
0...1...2...3...4...5...6...7...8...9...10	Bounce #4 added RGB(41083, 29177, 18071)
0...1...2...3...4...5...6...7...8...9...10	Bounce #5 added RGB(15295, 10737, 6185)
0...1...2...3...4...5...6...7...8...9...10	Bounce #6 added RGB(6037, 4174, 2211)
0...1...2...3...4...5...6...7...8...9...10	Bounce #7 added RGB(2493, 1692, 818)
0...1...2...3...4...5...6...7...8...9...10	Bounce #8 added RGB(1072, 711, 312)
0...1...2...3...4...5...6...7...8...9...10	Bounce #9 added RGB(475, 307, 122)
0...1...2...3...4...5...6...7...8...9...10	Bounce #10 added RGB(216, 136, 49)
0...1...2...3...4...5...6...7...8...9...10	Bounce #11 added RGB(100, 61, 20)
0...1...2...3...4...5...6...7...8...9...10	Bounce #12 added RGB(47, 28, 8)
0...1...2...3...4...5...6...7...8...9...10	Bounce #13 added RGB(23, 13, 3)
0...1...2...3...4...5...6...7...8...9...10	Bounce #14 added RGB(11, 6, 1)
0...1...2...3...4...5...6...7...8...9...10	Bounce #15 added RGB(5, 3, 1)
0...1...2...3...4...5...6...7...8...9...10	Bounce #16 added RGB(3, 1, 0)
0...1...2...3...4...5...6...7...8...9...10	Bounce #17 added RGB(1, 1, 0)
0...1...2...3...4...5...6...7...8...9...10	Bounce #18 added RGB(1, 0, 0)
Build Patch/Sample Hash Table(s).....Done<0.0817 sec>
0...1...2...3...4...5...6...7...8...9...10FinalLightFace Done
0...1...2...3...4...5...6...7...8...9...10Setting up leaf ambient computation...
75 of 359 (20% of) surface lights went in leaf ambient cubes.
0...1...2...3...4...5...6...7...8...9...10Writing leaf ambient...done
Ready to Finish

Object names       Objects/Maxobjs  Fullness 
------------       ---------------  -------- 
entities              1071/65536    ( 1.6%) 
models                 139/4096     ( 3.4%) 
brushes               3905/65536    ( 6.0%) 
brushsides           24529/655350   ( 3.7%) 
planes                4540/65536    ( 6.9%) 
vertexes             27268/65536    (41.6%) 
nodes                 4277/65536    ( 6.5%) 
texinfos              1466/32768    ( 4.5%) 
texdata                285/8192     ( 3.5%) 
dispinfos                4/16384    ( 0.0%) 
faces                15553/65536    (23.7%) 
hdr faces            15553/65536    (23.7%) 
origfaces             8082/65536    (12.3%) 
leaves                4417/65536    ( 6.7%) 
leaffaces            18571/65536    (28.3%) 
leafbrushes           8372/65536    (12.8%) 
areas                   76/1024     ( 7.4%) 
surfedges            76032/512000   (14.9%) 
edges                42955/256000   (16.8%) 
leafwaterdata           13/32768    ( 0.0%) 
primitives            2398/32768    ( 7.3%) 
primverts                0/65536    ( 0.0%) 
primindices          37194/65536    (56.8%) 
cubemapsamples           0/1024     ( 0.0%) 
overlays                64/8192     ( 0.8%) 
vertnormalindices    75900/256000   (29.6%) 
visdata             134020/16777216 ( 0.8%) 
entdata             395464/393216   (100.6%) FULL!!!
LDR ambient table     4417/65536    ( 6.7%) 
HDR ambient table     4417/65536    ( 6.7%) 
LDR worldlights            0       
HDR worldlights            510     
LDR lightdata              0       
HDR lightdata              29167628
LDR leaf ambient           4417    
HDR leaf ambient           14117   
occluders                  0       
occluder polygons          0       
occluder vert ind          0       
detail props               1140    
dtl prp lght               4       
HDR dtl prp lght           4       
static props               17266   
pakfile                    126158  
physics                    1270831 
physics terrain            1376    

Level flags = 0

Total triangle count: 44794
Writing w:\programs\steam\steamapps\common\garrysmod\garrysmod\addons\garrysmodmap\maps\gmm_garrymod_map_by_woowz_map_garry_game.bsp
7 seconds elapsed

==================================================================
Date: 2026-09-12 22:43:51
W:\Programs\Steam\steamapps\common\GarrysMod\bin\win64\vbspplusplus.exe -allowdynamicpropsasstatic -game W:\Programs\Steam\steamapps\common\GarrysMod\garrysmod w:\programs\steam\steamapps\common\garrysmod\garrysmod\addons\garrysmodmap\maps\gmm_garrymod_map_by_woowz_map_garry_game
==================================================================
16 threads
---------------
gamedir: W:\Programs\Steam\steamapps\common\GarrysMod\garrysmod\
---------------
Loading w:\programs\steam\steamapps\common\garrysmod\garrysmod\addons\garrysmodmap\maps\gmm_garrymod_map_by_woowz_map_garry_game.vmf
Can't find surfaceprop antlion_eggshell for material NATURE/ROCKWALL_ANTLION03A, using default
Locating GameData file 'garrysmod.fgd'...
Parsing GameData file w:\programs\steam\steamapps\common\garrysmod\bin\garrysmod.fgd
Parsing GameData file w:\programs\steam\steamapps\common\garrysmod\bin\base.fgd
Parsing GameData file w:\programs\steam\steamapps\common\garrysmod\bin\halflife2.fgd
Parsing GameData file w:\programs\steam\steamapps\common\garrysmod\bin\base.fgd
fixing up env_cubemap materials on brush sides...
FloodEntities...
FloodEntities...
Processing areas...done (0)
Building Faces...done (0)
Chop Details...done (0)
Find Visible Detail Sides...
Merged 986 detail faces...done (0)
Merging details...done (0)
FixTjuncs...
PruneNodes...
WriteBSP...
done (1)
writing w:\programs\steam\steamapps\common\garrysmod\garrysmod\addons\garrysmodmap\maps\gmm_garrymod_map_by_woowz_map_garry_game.prt...
Building visibility clusters...
done (0)
Generating blank default cubemaps...
Generating blank default cubemaps...
Emitted 3907 brushes and 24541 brushsides
Finding displacement neighbors...
Finding lightmap sample positions...
Building Physics collision data...
done (0) (1270831 bytes)
Emitting static props...
Model "models/props_phx/construct/metal_wire1x2x2b.mdl" is missing $staticprop. Allowing due to -allowdynamicpropsasstatic
Model "models/props_phx/construct/metal_wire_angle360x2.mdl" is missing $staticprop. Allowing due to -allowdynamicpropsasstatic
Placing detail props : 0...1...2...3...4...5...6...7...8...9...10
Water found with no water_lod_control entity, creating a default one.
Compacting texture/material tables...
Reduced 2469 texinfos to 1466
Reduced 312 texdatas to 285 (9892 bytes to 7575)
Writing w:\programs\steam\steamapps\common\garrysmod\garrysmod\addons\garrysmodmap\maps\gmm_garrymod_map_by_woowz_map_garry_game.bsp
2 seconds elapsed

==================================================================
Date: 2026-09-12 22:43:54
W:\Programs\Steam\steamapps\common\GarrysMod\bin\win64\vvisplusplus.exe -game W:\Programs\Steam\steamapps\common\GarrysMod\garrysmod w:\programs\steam\steamapps\common\garrysmod\garrysmod\addons\garrysmodmap\maps\gmm_garrymod_map_by_woowz_map_garry_game
==================================================================
16 threads
CPU supports AVX2
reading w:\programs\steam\steamapps\common\garrysmod\garrysmod\addons\garrysmodmap\maps\gmm_garrymod_map_by_woowz_map_garry_game.bsp
reading w:\programs\steam\steamapps\common\garrysmod\garrysmod\addons\garrysmodmap\maps\gmm_garrymod_map_by_woowz_map_garry_game.prt
1299 portalclusters
2355 numportals
0...1...2...3...4...5...6...7...8...9...100...1...2...3...4...5...6...7...8...9...10Optimized: 212 visible clusters (0.31%)
Total clusters visible: 67859
Average clusters visible: 52
Building PAS...
Average clusters audible: 192
visdatasize:134398  compressed from 436464
writing w:\programs\steam\steamapps\common\garrysmod\garrysmod\addons\garrysmodmap\maps\gmm_garrymod_map_by_woowz_map_garry_game.bsp
Wrote ZIP buffer, estimated size 129722, actual size 126158
0 seconds elapsed

==================================================================
Date: 2026-09-12 22:43:54
W:\Programs\Steam\steamapps\common\GarrysMod\bin\win64\vradplusplus.exe -both -final -game W:\Programs\Steam\steamapps\common\GarrysMod\garrysmod w:\programs\steam\steamapps\common\garrysmod\garrysmod\addons\garrysmodmap\maps\gmm_garrymod_map_by_woowz_map_garry_game
==================================================================
---------------
gamedir: W:\Programs\Steam\steamapps\common\GarrysMod\garrysmod\
---------------
16 threads
Compiling in LDR+HDR mode
Reading texlights from 'lights.rad'...
53 texlights parsed
Loading w:\programs\steam\steamapps\common\garrysmod\garrysmod\addons\garrysmodmap\maps\gmm_garrymod_map_by_woowz_map_garry_game.bsp
122 props added to raytrace
15555 faces
1 degenerate faces
356 fake patch planes
1652247 square feet [237923616.00 square inches]
4 Displacements
3259 Square Feet [469401.19 Square Inches]
0...1...2...3...4...5...6...7...8...9...1015554 patches before subdivision
185674 patches after subdivision
CreateDirectLights...
0...1...2...3...4...5...6...7...8...9...10510 lights, 6 styled (0.01 seconds)
0...1...2...3...4...5...6...7...8...9...100...1...2...3...4...5...6...7...8...9...10transfers 21459904, max 1059
transfer lists: 163.7 megs
0...1...2...3...4...5...6...7...8...9...10	Bounce #1 added RGB(1443781, 1123450, 814405)
0...1...2...3...4...5...6...7...8...9...10	Bounce #2 added RGB(382003, 279956, 191980)
0...1...2...3...4...5...6...7...8...9...10	Bounce #3 added RGB(118373, 85081, 56021)
0...1...2...3...4...5...6...7...8...9...10	Bounce #4 added RGB(41054, 29149, 18053)
0...1...2...3...4...5...6...7...8...9...10	Bounce #5 added RGB(15288, 10731, 6182)
0...1...2...3...4...5...6...7...8...9...10	Bounce #6 added RGB(6035, 4173, 2211)
0...1...2...3...4...5...6...7...8...9...10	Bounce #7 added RGB(2493, 1691, 818)
0...1...2...3...4...5...6...7...8...9...10	Bounce #8 added RGB(1071, 711, 312)
0...1...2...3...4...5...6...7...8...9...10	Bounce #9 added RGB(475, 307, 122)
0...1...2...3...4...5...6...7...8...9...10	Bounce #10 added RGB(216, 136, 49)
0...1...2...3...4...5...6...7...8...9...10	Bounce #11 added RGB(100, 61, 20)
0...1...2...3...4...5...6...7...8...9...10	Bounce #12 added RGB(47, 28, 8)
0...1...2...3...4...5...6...7...8...9...10	Bounce #13 added RGB(23, 13, 3)
0...1...2...3...4...5...6...7...8...9...10	Bounce #14 added RGB(11, 6, 1)
0...1...2...3...4...5...6...7...8...9...10	Bounce #15 added RGB(5, 3, 1)
0...1...2...3...4...5...6...7...8...9...10	Bounce #16 added RGB(3, 1, 0)
0...1...2...3...4...5...6...7...8...9...10	Bounce #17 added RGB(1, 1, 0)
0...1...2...3...4...5...6...7...8...9...10	Bounce #18 added RGB(1, 0, 0)
Build Patch/Sample Hash Table(s).....Done<0.0799 sec>
0...1...2...3...4...5...6...7...8...9...10FinalLightFace Done
0...1...2...3...4...5...6...7...8...9...10Setting up leaf ambient computation...
75 of 359 (20% of) surface lights went in leaf ambient cubes.
0...1...2...3...4...5...6...7...8...9...10Writing leaf ambient...done
Ready to Finish

Object names       Objects/Maxobjs  Fullness 
------------       ---------------  -------- 
entities              1071/65536    ( 1.6%) 
models                 139/4096     ( 3.4%) 
brushes               3907/65536    ( 6.0%) 
brushsides           24541/655350   ( 3.7%) 
planes                4542/65536    ( 6.9%) 
vertexes             27267/65536    (41.6%) 
nodes                 4280/65536    ( 6.5%) 
texinfos              1466/32768    ( 4.5%) 
texdata                285/8192     ( 3.5%) 
dispinfos                4/16384    ( 0.0%) 
faces                15555/65536    (23.7%) 
hdr faces            15555/65536    (23.7%) 
origfaces             8081/65536    (12.3%) 
leaves                4420/65536    ( 6.7%) 
leaffaces            18596/65536    (28.4%) 
leafbrushes           8391/65536    (12.8%) 
areas                   76/1024     ( 7.4%) 
surfedges            76040/512000   (14.9%) 
edges                42958/256000   (16.8%) 
leafwaterdata           13/32768    ( 0.0%) 
primitives            2401/32768    ( 7.3%) 
primverts                0/65536    ( 0.0%) 
primindices          37224/65536    (56.8%) 
cubemapsamples           0/1024     ( 0.0%) 
overlays                64/8192     ( 0.8%) 
vertnormalindices    75908/256000   (29.7%) 
visdata             134398/16777216 ( 0.8%) 
entdata             395464/393216   (100.6%) FULL!!!
LDR ambient table     4420/65536    ( 6.7%) 
HDR ambient table     4420/65536    ( 6.7%) 
LDR worldlights            0       
HDR worldlights            510     
LDR lightdata              0       
HDR lightdata              29167988
LDR leaf ambient           4420    
HDR leaf ambient           14192   
occluders                  0       
occluder polygons          0       
occluder vert ind          0       
detail props               1140    
dtl prp lght               4       
HDR dtl prp lght           4       
static props               17266   
pakfile                    126158  
physics                    1270831 
physics terrain            1376    

Level flags = 0

Total triangle count: 44798
Writing w:\programs\steam\steamapps\common\garrysmod\garrysmod\addons\garrysmodmap\maps\gmm_garrymod_map_by_woowz_map_garry_game.bsp
6 seconds elapsed

==================================================================
Date: 2026-09-12 22:45:00
W:\Programs\Steam\steamapps\common\GarrysMod\bin\win64\vbspplusplus.exe -allowdynamicpropsasstatic -game W:\Programs\Steam\steamapps\common\GarrysMod\garrysmod w:\programs\steam\steamapps\common\garrysmod\garrysmod\addons\garrysmodmap\maps\gmm_garrymod_map_by_woowz_map_garry_game
==================================================================
16 threads
---------------
gamedir: W:\Programs\Steam\steamapps\common\GarrysMod\garrysmod\
---------------
Loading w:\programs\steam\steamapps\common\garrysmod\garrysmod\addons\garrysmodmap\maps\gmm_garrymod_map_by_woowz_map_garry_game.vmf
Can't find surfaceprop antlion_eggshell for material NATURE/ROCKWALL_ANTLION03A, using default
Locating GameData file 'garrysmod.fgd'...
Parsing GameData file w:\programs\steam\steamapps\common\garrysmod\bin\garrysmod.fgd
Parsing GameData file w:\programs\steam\steamapps\common\garrysmod\bin\base.fgd
Parsing GameData file w:\programs\steam\steamapps\common\garrysmod\bin\halflife2.fgd
Parsing GameData file w:\programs\steam\steamapps\common\garrysmod\bin\base.fgd
fixing up env_cubemap materials on brush sides...
FloodEntities...
FloodEntities...
Processing areas...done (0)
Building Faces...done (0)
Chop Details...done (0)
Find Visible Detail Sides...
Merged 986 detail faces...done (0)
Merging details...done (0)
FixTjuncs...
PruneNodes...
WriteBSP...
done (1)
writing w:\programs\steam\steamapps\common\garrysmod\garrysmod\addons\garrysmodmap\maps\gmm_garrymod_map_by_woowz_map_garry_game.prt...
Building visibility clusters...
done (0)
Generating blank default cubemaps...
Generating blank default cubemaps...
Emitted 3902 brushes and 24511 brushsides
Finding displacement neighbors...
Finding lightmap sample positions...
Building Physics collision data...
done (0) (1269303 bytes)
Emitting static props...
Model "models/props_phx/construct/metal_wire1x2x2b.mdl" is missing $staticprop. Allowing due to -allowdynamicpropsasstatic
Model "models/props_phx/construct/metal_wire_angle360x2.mdl" is missing $staticprop. Allowing due to -allowdynamicpropsasstatic
Placing detail props : 0...1...2...3...4...5...6...7...8...9...10
Water found with no water_lod_control entity, creating a default one.
Compacting texture/material tables...
Reduced 2467 texinfos to 1466
Reduced 312 texdatas to 285 (9892 bytes to 7575)
Writing w:\programs\steam\steamapps\common\garrysmod\garrysmod\addons\garrysmodmap\maps\gmm_garrymod_map_by_woowz_map_garry_game.bsp
2 seconds elapsed

==================================================================
Date: 2026-09-12 22:45:03
W:\Programs\Steam\steamapps\common\GarrysMod\bin\win64\vvisplusplus.exe -game W:\Programs\Steam\steamapps\common\GarrysMod\garrysmod w:\programs\steam\steamapps\common\garrysmod\garrysmod\addons\garrysmodmap\maps\gmm_garrymod_map_by_woowz_map_garry_game
==================================================================
16 threads
CPU supports AVX2
reading w:\programs\steam\steamapps\common\garrysmod\garrysmod\addons\garrysmodmap\maps\gmm_garrymod_map_by_woowz_map_garry_game.bsp
reading w:\programs\steam\steamapps\common\garrysmod\garrysmod\addons\garrysmodmap\maps\gmm_garrymod_map_by_woowz_map_garry_game.prt
1293 portalclusters
2338 numportals
0...1...2...3...4...5...6...7...8...9...100...1...2...3...4...5...6...7...8...9...10Optimized: 214 visible clusters (0.32%)
Total clusters visible: 67495
Average clusters visible: 52
Building PAS...
Average clusters audible: 192
visdatasize:134324  compressed from 434448
writing w:\programs\steam\steamapps\common\garrysmod\garrysmod\addons\garrysmodmap\maps\gmm_garrymod_map_by_woowz_map_garry_game.bsp
Wrote ZIP buffer, estimated size 129722, actual size 126158
0 seconds elapsed

==================================================================
Date: 2026-09-12 22:45:03
W:\Programs\Steam\steamapps\common\GarrysMod\bin\win64\vradplusplus.exe -both -final -game W:\Programs\Steam\steamapps\common\GarrysMod\garrysmod w:\programs\steam\steamapps\common\garrysmod\garrysmod\addons\garrysmodmap\maps\gmm_garrymod_map_by_woowz_map_garry_game
==================================================================
---------------
gamedir: W:\Programs\Steam\steamapps\common\GarrysMod\garrysmod\
---------------
16 threads
Compiling in LDR+HDR mode
Reading texlights from 'lights.rad'...
53 texlights parsed
Loading w:\programs\steam\steamapps\common\garrysmod\garrysmod\addons\garrysmodmap\maps\gmm_garrymod_map_by_woowz_map_garry_game.bsp
122 props added to raytrace
15539 faces
1 degenerate faces
356 fake patch planes
1652247 square feet [237923616.00 square inches]
4 Displacements
3259 Square Feet [469401.19 Square Inches]
0...1...2...3...4...5...6...7...8...9...1015538 patches before subdivision
185704 patches after subdivision
CreateDirectLights...
0...1...2...3...4...5...6...7...8...9...10510 lights, 6 styled (0.01 seconds)
0...1...2...3...4...5...6...7...8...9...100...1...2...3...4...5...6...7...8...9...10transfers 21457089, max 1059
transfer lists: 163.7 megs
0...1...2...3...4...5...6...7...8...9...10	Bounce #1 added RGB(1444852, 1124755, 815360)
0...1...2...3...4...5...6...7...8...9...10	Bounce #2 added RGB(382377, 280460, 192345)
0...1...2...3...4...5...6...7...8...9...10	Bounce #3 added RGB(118435, 85186, 56095)
0...1...2...3...4...5...6...7...8...9...10	Bounce #4 added RGB(41069, 29180, 18074)
0...1...2...3...4...5...6...7...8...9...10	Bounce #5 added RGB(15291, 10739, 6187)
0...1...2...3...4...5...6...7...8...9...10	Bounce #6 added RGB(6036, 4175, 2212)
0...1...2...3...4...5...6...7...8...9...10	Bounce #7 added RGB(2493, 1692, 819)
0...1...2...3...4...5...6...7...8...9...10	Bounce #8 added RGB(1072, 711, 312)
0...1...2...3...4...5...6...7...8...9...10	Bounce #9 added RGB(475, 307, 122)
0...1...2...3...4...5...6...7...8...9...10	Bounce #10 added RGB(216, 136, 49)
0...1...2...3...4...5...6...7...8...9...10	Bounce #11 added RGB(101, 61, 20)
0...1...2...3...4...5...6...7...8...9...10	Bounce #12 added RGB(47, 28, 8)
0...1...2...3...4...5...6...7...8...9...10	Bounce #13 added RGB(23, 13, 3)
0...1...2...3...4...5...6...7...8...9...10	Bounce #14 added RGB(11, 6, 1)
0...1...2...3...4...5...6...7...8...9...10	Bounce #15 added RGB(5, 3, 1)
0...1...2...3...4...5...6...7...8...9...10	Bounce #16 added RGB(3, 1, 0)
0...1...2...3...4...5...6...7...8...9...10	Bounce #17 added RGB(1, 1, 0)
0...1...2...3...4...5...6...7...8...9...10	Bounce #18 added RGB(1, 0, 0)
Build Patch/Sample Hash Table(s).....Done<0.0797 sec>
0...1...2...3...4...5...6...7...8...9...10FinalLightFace Done
0...1...2...3...4...5...6...7...8...9...10Setting up leaf ambient computation...
75 of 359 (20% of) surface lights went in leaf ambient cubes.
0...1...2...3...4...5...6...7...8...9...10Writing leaf ambient...done
Ready to Finish

Object names       Objects/Maxobjs  Fullness 
------------       ---------------  -------- 
entities              1071/65536    ( 1.6%) 
models                 139/4096     ( 3.4%) 
brushes               3902/65536    ( 6.0%) 
brushsides           24511/655350   ( 3.7%) 
planes                4542/65536    ( 6.9%) 
vertexes             27248/65536    (41.6%) 
nodes                 4267/65536    ( 6.5%) 
texinfos              1466/32768    ( 4.5%) 
texdata                285/8192     ( 3.5%) 
dispinfos                4/16384    ( 0.0%) 
faces                15539/65536    (23.7%) 
hdr faces            15539/65536    (23.7%) 
origfaces             8081/65536    (12.3%) 
leaves                4407/65536    ( 6.7%) 
leaffaces            18576/65536    (28.3%) 
leafbrushes           8363/65536    (12.8%) 
areas                   76/1024     ( 7.4%) 
surfedges            75973/512000   (14.8%) 
edges                42925/256000   (16.8%) 
leafwaterdata           13/32768    ( 0.0%) 
primitives            2399/32768    ( 7.3%) 
primverts                0/65536    ( 0.0%) 
primindices          37200/65536    (56.8%) 
cubemapsamples           0/1024     ( 0.0%) 
overlays                64/8192     ( 0.8%) 
vertnormalindices    75841/256000   (29.6%) 
visdata             134324/16777216 ( 0.8%) 
entdata             395464/393216   (100.6%) FULL!!!
LDR ambient table     4407/65536    ( 6.7%) 
HDR ambient table     4407/65536    ( 6.7%) 
LDR worldlights            0       
HDR worldlights            510     
LDR lightdata              0       
HDR lightdata              29165628
LDR leaf ambient           4407    
HDR leaf ambient           14113   
occluders                  0       
occluder polygons          0       
occluder vert ind          0       
detail props               1140    
dtl prp lght               4       
HDR dtl prp lght           4       
static props               17266   
pakfile                    126158  
physics                    1269303 
physics terrain            1376    

Level flags = 0

Total triangle count: 44763
Writing w:\programs\steam\steamapps\common\garrysmod\garrysmod\addons\garrysmodmap\maps\gmm_garrymod_map_by_woowz_map_garry_game.bsp
6 seconds elapsed

==================================================================
Date: 2026-09-12 22:47:23
W:\Programs\Steam\steamapps\common\GarrysMod\bin\win64\vbspplusplus.exe -allowdynamicpropsasstatic -game W:\Programs\Steam\steamapps\common\GarrysMod\garrysmod w:\programs\steam\steamapps\common\garrysmod\garrysmod\addons\garrysmodmap\maps\gmm_garrymod_map_by_woowz_map_garry_game
==================================================================
16 threads
---------------
gamedir: W:\Programs\Steam\steamapps\common\GarrysMod\garrysmod\
---------------
Loading w:\programs\steam\steamapps\common\garrysmod\garrysmod\addons\garrysmodmap\maps\gmm_garrymod_map_by_woowz_map_garry_game.vmf
Can't find surfaceprop antlion_eggshell for material NATURE/ROCKWALL_ANTLION03A, using default
Locating GameData file 'garrysmod.fgd'...
Parsing GameData file w:\programs\steam\steamapps\common\garrysmod\bin\garrysmod.fgd
Parsing GameData file w:\programs\steam\steamapps\common\garrysmod\bin\base.fgd
Parsing GameData file w:\programs\steam\steamapps\common\garrysmod\bin\halflife2.fgd
Parsing GameData file w:\programs\steam\steamapps\common\garrysmod\bin\base.fgd
fixing up env_cubemap materials on brush sides...
FloodEntities...
FloodEntities...
Processing areas...done (0)
Building Faces...done (1)
Chop Details...done (0)
Find Visible Detail Sides...
Merged 986 detail faces...done (0)
Merging details...done (0)
FixTjuncs...
PruneNodes...
WriteBSP...
done (0)
writing w:\programs\steam\steamapps\common\garrysmod\garrysmod\addons\garrysmodmap\maps\gmm_garrymod_map_by_woowz_map_garry_game.prt...
Building visibility clusters...
done (0)
Generating blank default cubemaps...
Generating blank default cubemaps...
Emitted 3901 brushes and 24505 brushsides
Finding displacement neighbors...
Finding lightmap sample positions...
Building Physics collision data...
done (0) (1268752 bytes)
Emitting static props...
Model "models/props_phx/construct/metal_wire1x2x2b.mdl" is missing $staticprop. Allowing due to -allowdynamicpropsasstatic
Model "models/props_phx/construct/metal_wire_angle360x2.mdl" is missing $staticprop. Allowing due to -allowdynamicpropsasstatic
Placing detail props : 0...1...2...3...4...5...6...7...8...9...10
Water found with no water_lod_control entity, creating a default one.
Compacting texture/material tables...
Reduced 2460 texinfos to 1466
Reduced 311 texdatas to 284 (9835 bytes to 7518)
Writing w:\programs\steam\steamapps\common\garrysmod\garrysmod\addons\garrysmodmap\maps\gmm_garrymod_map_by_woowz_map_garry_game.bsp
2 seconds elapsed

==================================================================
Date: 2026-09-12 22:47:25
W:\Programs\Steam\steamapps\common\GarrysMod\bin\win64\vvisplusplus.exe -game W:\Programs\Steam\steamapps\common\GarrysMod\garrysmod w:\programs\steam\steamapps\common\garrysmod\garrysmod\addons\garrysmodmap\maps\gmm_garrymod_map_by_woowz_map_garry_game
==================================================================
16 threads
CPU supports AVX2
reading w:\programs\steam\steamapps\common\garrysmod\garrysmod\addons\garrysmodmap\maps\gmm_garrymod_map_by_woowz_map_garry_game.bsp
reading w:\programs\steam\steamapps\common\garrysmod\garrysmod\addons\garrysmodmap\maps\gmm_garrymod_map_by_woowz_map_garry_game.prt
1293 portalclusters
2338 numportals
0...1...2...3...4...5...6...7...8...9...100...1...2...3...4...5...6...7...8...9...10Optimized: 213 visible clusters (0.32%)
Total clusters visible: 67494
Average clusters visible: 52
Building PAS...
Average clusters audible: 192
visdatasize:134324  compressed from 434448
writing w:\programs\steam\steamapps\common\garrysmod\garrysmod\addons\garrysmodmap\maps\gmm_garrymod_map_by_woowz_map_garry_game.bsp
Wrote ZIP buffer, estimated size 129722, actual size 126158
0 seconds elapsed

==================================================================
Date: 2026-09-12 22:47:25
W:\Programs\Steam\steamapps\common\GarrysMod\bin\win64\vradplusplus.exe -both -final -game W:\Programs\Steam\steamapps\common\GarrysMod\garrysmod w:\programs\steam\steamapps\common\garrysmod\garrysmod\addons\garrysmodmap\maps\gmm_garrymod_map_by_woowz_map_garry_game
==================================================================
---------------
gamedir: W:\Programs\Steam\steamapps\common\GarrysMod\garrysmod\
---------------
16 threads
Compiling in LDR+HDR mode
Reading texlights from 'lights.rad'...
53 texlights parsed
Loading w:\programs\steam\steamapps\common\garrysmod\garrysmod\addons\garrysmodmap\maps\gmm_garrymod_map_by_woowz_map_garry_game.bsp
122 props added to raytrace
15538 faces
1 degenerate faces
355 fake patch planes
1649783 square feet [237568800.00 square inches]
4 Displacements
3259 Square Feet [469401.19 Square Inches]
0...1...2...3...4...5...6...7...8...9...1015537 patches before subdivision
185703 patches after subdivision
CreateDirectLights...
0...1...2...3...4...5...6...7...8...9...10510 lights, 6 styled (0.01 seconds)
0...1...2...3...4...5...6...7...8...9...100...1...2...3...4...5...6...7...8...9...10transfers 21456877, max 1059
transfer lists: 163.7 megs
0...1...2...3...4...5...6...7...8...9...10	Bounce #1 added RGB(1445524, 1125394, 815971)
0...1...2...3...4...5...6...7...8...9...10	Bounce #2 added RGB(383523, 281520, 193268)
0...1...2...3...4...5...6...7...8...9...10	Bounce #3 added RGB(118765, 85478, 56315)
0...1...2...3...4...5...6...7...8...9...10	Bounce #4 added RGB(41195, 29287, 18148)
0...1...2...3...4...5...6...7...8...9...10	Bounce #5 added RGB(15325, 10767, 6204)
0...1...2...3...4...5...6...7...8...9...10	Bounce #6 added RGB(6047, 4183, 2217)
0...1...2...3...4...5...6...7...8...9...10	Bounce #7 added RGB(2496, 1694, 820)
0...1...2...3...4...5...6...7...8...9...10	Bounce #8 added RGB(1072, 711, 312)
0...1...2...3...4...5...6...7...8...9...10	Bounce #9 added RGB(475, 307, 122)
0...1...2...3...4...5...6...7...8...9...10	Bounce #10 added RGB(216, 136, 49)
0...1...2...3...4...5...6...7...8...9...10	Bounce #11 added RGB(101, 61, 20)
0...1...2...3...4...5...6...7...8...9...10	Bounce #12 added RGB(47, 28, 8)
0...1...2...3...4...5...6...7...8...9...10	Bounce #13 added RGB(23, 13, 3)
0...1...2...3...4...5...6...7...8...9...10	Bounce #14 added RGB(11, 6, 1)
0...1...2...3...4...5...6...7...8...9...10	Bounce #15 added RGB(5, 3, 1)
0...1...2...3...4...5...6...7...8...9...10	Bounce #16 added RGB(3, 1, 0)
0...1...2...3...4...5...6...7...8...9...10	Bounce #17 added RGB(1, 1, 0)
0...1...2...3...4...5...6...7...8...9...10	Bounce #18 added RGB(1, 0, 0)
Build Patch/Sample Hash Table(s).....Done<0.0796 sec>
0...1...2...3...4...5...6...7...8...9...10FinalLightFace Done
0...1...2...3...4...5...6...7...8...9...10Setting up leaf ambient computation...
75 of 359 (20% of) surface lights went in leaf ambient cubes.
0...1...2...3...4...5...6...7...8...9...10Writing leaf ambient...done
Ready to Finish

Object names       Objects/Maxobjs  Fullness 
------------       ---------------  -------- 
entities              1072/65536    ( 1.6%) 
models                 138/4096     ( 3.4%) 
brushes               3901/65536    ( 6.0%) 
brushsides           24505/655350   ( 3.7%) 
planes                4528/65536    ( 6.9%) 
vertexes             27240/65536    (41.6%) 
nodes                 4261/65536    ( 6.5%) 
texinfos              1466/32768    ( 4.5%) 
texdata                284/8192     ( 3.5%) 
dispinfos                4/16384    ( 0.0%) 
faces                15538/65536    (23.7%) 
hdr faces            15538/65536    (23.7%) 
origfaces             8080/65536    (12.3%) 
leaves                4400/65536    ( 6.7%) 
leaffaces            18575/65536    (28.3%) 
leafbrushes           8362/65536    (12.8%) 
areas                   76/1024     ( 7.4%) 
surfedges            75968/512000   (14.8%) 
edges                42920/256000   (16.8%) 
leafwaterdata           13/32768    ( 0.0%) 
primitives            2399/32768    ( 7.3%) 
primverts                0/65536    ( 0.0%) 
primindices          37200/65536    (56.8%) 
cubemapsamples           0/1024     ( 0.0%) 
overlays                64/8192     ( 0.8%) 
vertnormalindices    75837/256000   (29.6%) 
visdata             134324/16777216 ( 0.8%) 
entdata             395281/393216   (100.5%) FULL!!!
LDR ambient table     4400/65536    ( 6.7%) 
HDR ambient table     4400/65536    ( 6.7%) 
LDR worldlights            0       
HDR worldlights            510     
LDR lightdata              0       
HDR lightdata              29165744
LDR leaf ambient           4400    
HDR leaf ambient           14045   
occluders                  0       
occluder polygons          0       
occluder vert ind          0       
detail props               1140    
dtl prp lght               4       
HDR dtl prp lght           4       
static props               17266   
pakfile                    126158  
physics                    1268752 
physics terrain            1376    

Level flags = 0

Total triangle count: 44761
Writing w:\programs\steam\steamapps\common\garrysmod\garrysmod\addons\garrysmodmap\maps\gmm_garrymod_map_by_woowz_map_garry_game.bsp
7 seconds elapsed

==================================================================
Date: 2026-09-12 22:52:36
W:\Programs\Steam\steamapps\common\GarrysMod\bin\win64\vbspplusplus.exe -allowdynamicpropsasstatic -game W:\Programs\Steam\steamapps\common\GarrysMod\garrysmod w:\programs\steam\steamapps\common\garrysmod\garrysmod\addons\garrysmodmap\maps\gmm_garrymod_map_by_woowz_map_garry_game
==================================================================
16 threads
---------------
gamedir: W:\Programs\Steam\steamapps\common\GarrysMod\garrysmod\
---------------
Loading w:\programs\steam\steamapps\common\garrysmod\garrysmod\addons\garrysmodmap\maps\gmm_garrymod_map_by_woowz_map_garry_game.vmf
Can't find surfaceprop antlion_eggshell for material NATURE/ROCKWALL_ANTLION03A, using default
Locating GameData file 'garrysmod.fgd'...
Parsing GameData file w:\programs\steam\steamapps\common\garrysmod\bin\garrysmod.fgd
Parsing GameData file w:\programs\steam\steamapps\common\garrysmod\bin\base.fgd
Parsing GameData file w:\programs\steam\steamapps\common\garrysmod\bin\halflife2.fgd
Parsing GameData file w:\programs\steam\steamapps\common\garrysmod\bin\base.fgd
fixing up env_cubemap materials on brush sides...
FloodEntities...
FloodEntities...
Processing areas...done (0)
Building Faces...done (0)
Chop Details...done (0)
Find Visible Detail Sides...
Merged 986 detail faces...done (1)
Merging details...done (0)
FixTjuncs...
PruneNodes...
WriteBSP...
done (0)
writing w:\programs\steam\steamapps\common\garrysmod\garrysmod\addons\garrysmodmap\maps\gmm_garrymod_map_by_woowz_map_garry_game.prt...
Building visibility clusters...
done (0)
Generating blank default cubemaps...
Generating blank default cubemaps...
Emitted 3901 brushes and 24505 brushsides
Finding displacement neighbors...
Finding lightmap sample positions...
Building Physics collision data...
done (0) (1268752 bytes)
Emitting static props...
Model "models/props_phx/construct/metal_wire1x2x2b.mdl" is missing $staticprop. Allowing due to -allowdynamicpropsasstatic
Model "models/props_phx/construct/metal_wire_angle360x2.mdl" is missing $staticprop. Allowing due to -allowdynamicpropsasstatic
Placing detail props : 0...1...2...3...4...5...6...7...8...9...10
Water found with no water_lod_control entity, creating a default one.
Compacting texture/material tables...
Reduced 2460 texinfos to 1466
Reduced 311 texdatas to 284 (9835 bytes to 7518)
Writing w:\programs\steam\steamapps\common\garrysmod\garrysmod\addons\garrysmodmap\maps\gmm_garrymod_map_by_woowz_map_garry_game.bsp
2 seconds elapsed

==================================================================
Date: 2026-09-12 22:52:38
W:\Programs\Steam\steamapps\common\GarrysMod\bin\win64\vvisplusplus.exe -game W:\Programs\Steam\steamapps\common\GarrysMod\garrysmod w:\programs\steam\steamapps\common\garrysmod\garrysmod\addons\garrysmodmap\maps\gmm_garrymod_map_by_woowz_map_garry_game
==================================================================
16 threads
CPU supports AVX2
reading w:\programs\steam\steamapps\common\garrysmod\garrysmod\addons\garrysmodmap\maps\gmm_garrymod_map_by_woowz_map_garry_game.bsp
reading w:\programs\steam\steamapps\common\garrysmod\garrysmod\addons\garrysmodmap\maps\gmm_garrymod_map_by_woowz_map_garry_game.prt
1293 portalclusters
2338 numportals
0...1...2...3...4...5...6...7...8...9...100...1...2...3...4...5...6...7...8...9...10Optimized: 207 visible clusters (0.31%)
Total clusters visible: 67488
Average clusters visible: 52
Building PAS...
Average clusters audible: 192
visdatasize:134324  compressed from 434448
writing w:\programs\steam\steamapps\common\garrysmod\garrysmod\addons\garrysmodmap\maps\gmm_garrymod_map_by_woowz_map_garry_game.bsp
Wrote ZIP buffer, estimated size 129722, actual size 126158
0 seconds elapsed

==================================================================
Date: 2026-09-12 22:52:39
W:\Programs\Steam\steamapps\common\GarrysMod\bin\win64\vradplusplus.exe -both -final -game W:\Programs\Steam\steamapps\common\GarrysMod\garrysmod w:\programs\steam\steamapps\common\garrysmod\garrysmod\addons\garrysmodmap\maps\gmm_garrymod_map_by_woowz_map_garry_game
==================================================================
---------------
gamedir: W:\Programs\Steam\steamapps\common\GarrysMod\garrysmod\
---------------
16 threads
Compiling in LDR+HDR mode
Reading texlights from 'lights.rad'...
53 texlights parsed
Loading w:\programs\steam\steamapps\common\garrysmod\garrysmod\addons\garrysmodmap\maps\gmm_garrymod_map_by_woowz_map_garry_game.bsp
123 props added to raytrace
15538 faces
1 degenerate faces
355 fake patch planes
1649783 square feet [237568800.00 square inches]
4 Displacements
3259 Square Feet [469401.19 Square Inches]
0...1...2...3...4...5...6...7...8...9...1015537 patches before subdivision
185703 patches after subdivision
CreateDirectLights...
0...1...2...3...4...5...6...7...8...9...10510 lights, 6 styled (0.01 seconds)
0...1...2...3...4...5...6...7...8...9...100...1...2...3...4...5...6...7...8...9...10transfers 21456181, max 1059
transfer lists: 163.7 megs
0...1...2...3...4...5...6...7...8...9...10	Bounce #1 added RGB(1439909, 1119999, 811254)
0...1...2...3...4...5...6...7...8...9...10	Bounce #2 added RGB(381426, 279579, 191689)
0...1...2...3...4...5...6...7...8...9...10	Bounce #3 added RGB(118255, 85024, 55986)
0...1...2...3...4...5...6...7...8...9...10	Bounce #4 added RGB(41033, 29148, 18053)
0...1...2...3...4...5...6...7...8...9...10	Bounce #5 added RGB(15284, 10733, 6182)
0...1...2...3...4...5...6...7...8...9...10	Bounce #6 added RGB(6034, 4174, 2211)
0...1...2...3...4...5...6...7...8...9...10	Bounce #7 added RGB(2493, 1692, 818)
0...1...2...3...4...5...6...7...8...9...10	Bounce #8 added RGB(1071, 711, 312)
0...1...2...3...4...5...6...7...8...9...10	Bounce #9 added RGB(475, 307, 122)
0...1...2...3...4...5...6...7...8...9...10	Bounce #10 added RGB(216, 136, 49)
0...1...2...3...4...5...6...7...8...9...10	Bounce #11 added RGB(101, 61, 20)
0...1...2...3...4...5...6...7...8...9...10	Bounce #12 added RGB(47, 28, 8)
0...1...2...3...4...5...6...7...8...9...10	Bounce #13 added RGB(23, 13, 3)
0...1...2...3...4...5...6...7...8...9...10	Bounce #14 added RGB(11, 6, 1)
0...1...2...3...4...5...6...7...8...9...10	Bounce #15 added RGB(5, 3, 1)
0...1...2...3...4...5...6...7...8...9...10	Bounce #16 added RGB(3, 1, 0)
0...1...2...3...4...5...6...7...8...9...10	Bounce #17 added RGB(1, 1, 0)
0...1...2...3...4...5...6...7...8...9...10	Bounce #18 added RGB(1, 0, 0)
Build Patch/Sample Hash Table(s).....Done<0.0814 sec>
0...1...2...3...4...5...6...7...8...9...10FinalLightFace Done
0...1...2...3...4...5...6...7...8...9...10Setting up leaf ambient computation...
75 of 359 (20% of) surface lights went in leaf ambient cubes.
0...1...2...3...4...5...6...7...8...9...10Writing leaf ambient...done
Ready to Finish

Object names       Objects/Maxobjs  Fullness 
------------       ---------------  -------- 
entities              1071/65536    ( 1.6%) 
models                 138/4096     ( 3.4%) 
brushes               3901/65536    ( 6.0%) 
brushsides           24505/655350   ( 3.7%) 
planes                4528/65536    ( 6.9%) 
vertexes             27240/65536    (41.6%) 
nodes                 4261/65536    ( 6.5%) 
texinfos              1466/32768    ( 4.5%) 
texdata                284/8192     ( 3.5%) 
dispinfos                4/16384    ( 0.0%) 
faces                15538/65536    (23.7%) 
hdr faces            15538/65536    (23.7%) 
origfaces             8080/65536    (12.3%) 
leaves                4400/65536    ( 6.7%) 
leaffaces            18575/65536    (28.3%) 
leafbrushes           8362/65536    (12.8%) 
areas                   76/1024     ( 7.4%) 
surfedges            75968/512000   (14.8%) 
edges                42920/256000   (16.8%) 
leafwaterdata           13/32768    ( 0.0%) 
primitives            2399/32768    ( 7.3%) 
primverts                0/65536    ( 0.0%) 
primindices          37200/65536    (56.8%) 
cubemapsamples           0/1024     ( 0.0%) 
overlays                64/8192     ( 0.8%) 
vertnormalindices    75837/256000   (29.6%) 
visdata             134324/16777216 ( 0.8%) 
entdata             395176/393216   (100.5%) FULL!!!
LDR ambient table     4400/65536    ( 6.7%) 
HDR ambient table     4400/65536    ( 6.7%) 
LDR worldlights            0       
HDR worldlights            510     
LDR lightdata              0       
HDR lightdata              29165744
LDR leaf ambient           4400    
HDR leaf ambient           14044   
occluders                  0       
occluder polygons          0       
occluder vert ind          0       
detail props               1140    
dtl prp lght               4       
HDR dtl prp lght           4       
static props               17468   
pakfile                    126158  
physics                    1268752 
physics terrain            1376    

Level flags = 0

Total triangle count: 44761
Writing w:\programs\steam\steamapps\common\garrysmod\garrysmod\addons\garrysmodmap\maps\gmm_garrymod_map_by_woowz_map_garry_game.bsp
6 seconds elapsed

==================================================================
Date: 2026-09-12 22:53:43
W:\Programs\Steam\steamapps\common\GarrysMod\bin\win64\vbspplusplus.exe -allowdynamicpropsasstatic -game W:\Programs\Steam\steamapps\common\GarrysMod\garrysmod w:\programs\steam\steamapps\common\garrysmod\garrysmod\addons\garrysmodmap\maps\gmm_garrymod_map_by_woowz_map_garry_game
==================================================================
16 threads
---------------
gamedir: W:\Programs\Steam\steamapps\common\GarrysMod\garrysmod\
---------------
Loading w:\programs\steam\steamapps\common\garrysmod\garrysmod\addons\garrysmodmap\maps\gmm_garrymod_map_by_woowz_map_garry_game.vmf
Can't find surfaceprop antlion_eggshell for material NATURE/ROCKWALL_ANTLION03A, using default
Locating GameData file 'garrysmod.fgd'...
Parsing GameData file w:\programs\steam\steamapps\common\garrysmod\bin\garrysmod.fgd
Parsing GameData file w:\programs\steam\steamapps\common\garrysmod\bin\base.fgd
Parsing GameData file w:\programs\steam\steamapps\common\garrysmod\bin\halflife2.fgd
Parsing GameData file w:\programs\steam\steamapps\common\garrysmod\bin\base.fgd
fixing up env_cubemap materials on brush sides...
FloodEntities...
FloodEntities...
Processing areas...done (0)
Building Faces...done (0)
Chop Details...done (0)
Find Visible Detail Sides...
Merged 986 detail faces...done (0)
Merging details...done (1)
FixTjuncs...
PruneNodes...
WriteBSP...
done (0)
writing w:\programs\steam\steamapps\common\garrysmod\garrysmod\addons\garrysmodmap\maps\gmm_garrymod_map_by_woowz_map_garry_game.prt...
Building visibility clusters...
done (0)
Generating blank default cubemaps...
Generating blank default cubemaps...
Emitted 3902 brushes and 24511 brushsides
Finding displacement neighbors...
Finding lightmap sample positions...
Building Physics collision data...
done (0) (1268752 bytes)
Emitting static props...
Model "models/props_phx/construct/metal_wire1x2x2b.mdl" is missing $staticprop. Allowing due to -allowdynamicpropsasstatic
Model "models/props_phx/construct/metal_wire_angle360x2.mdl" is missing $staticprop. Allowing due to -allowdynamicpropsasstatic
Placing detail props : 0...1...2...3...4...5...6...7...8...9...10
Water found with no water_lod_control entity, creating a default one.
Compacting texture/material tables...
Reduced 2461 texinfos to 1466
Reduced 311 texdatas to 284 (9835 bytes to 7518)
Writing w:\programs\steam\steamapps\common\garrysmod\garrysmod\addons\garrysmodmap\maps\gmm_garrymod_map_by_woowz_map_garry_game.bsp
2 seconds elapsed

==================================================================
Date: 2026-09-12 22:53:45
W:\Programs\Steam\steamapps\common\GarrysMod\bin\win64\vvisplusplus.exe -game W:\Programs\Steam\steamapps\common\GarrysMod\garrysmod w:\programs\steam\steamapps\common\garrysmod\garrysmod\addons\garrysmodmap\maps\gmm_garrymod_map_by_woowz_map_garry_game
==================================================================
16 threads
CPU supports AVX2
reading w:\programs\steam\steamapps\common\garrysmod\garrysmod\addons\garrysmodmap\maps\gmm_garrymod_map_by_woowz_map_garry_game.bsp
reading w:\programs\steam\steamapps\common\garrysmod\garrysmod\addons\garrysmodmap\maps\gmm_garrymod_map_by_woowz_map_garry_game.prt
1293 portalclusters
2338 numportals
0...1...2...3...4...5...6...7...8...9...100...1...2...3...4...5...6...7...8...9...10Optimized: 213 visible clusters (0.32%)
Total clusters visible: 67494
Average clusters visible: 52
Building PAS...
Average clusters audible: 192
visdatasize:134324  compressed from 434448
writing w:\programs\steam\steamapps\common\garrysmod\garrysmod\addons\garrysmodmap\maps\gmm_garrymod_map_by_woowz_map_garry_game.bsp
Wrote ZIP buffer, estimated size 129722, actual size 126158
0 seconds elapsed

==================================================================
Date: 2026-09-12 22:53:45
W:\Programs\Steam\steamapps\common\GarrysMod\bin\win64\vradplusplus.exe -both -final -game W:\Programs\Steam\steamapps\common\GarrysMod\garrysmod w:\programs\steam\steamapps\common\garrysmod\garrysmod\addons\garrysmodmap\maps\gmm_garrymod_map_by_woowz_map_garry_game
==================================================================
---------------
gamedir: W:\Programs\Steam\steamapps\common\GarrysMod\garrysmod\
---------------
16 threads
Compiling in LDR+HDR mode
Reading texlights from 'lights.rad'...
53 texlights parsed
Loading w:\programs\steam\steamapps\common\garrysmod\garrysmod\addons\garrysmodmap\maps\gmm_garrymod_map_by_woowz_map_garry_game.bsp
123 props added to raytrace
15538 faces
1 degenerate faces
355 fake patch planes
1649783 square feet [237568800.00 square inches]
4 Displacements
3259 Square Feet [469401.19 Square Inches]
0...1...2...3...4...5...6...7...8...9...1015537 patches before subdivision
185703 patches after subdivision
CreateDirectLights...
0...1...2...3...4...5...6...7...8...9...10510 lights, 6 styled (0.01 seconds)
0...1...2...3...4...5...6...7...8...9...100...1...2...3...4...5...6...7...8...9...10transfers 21450938, max 1059
transfer lists: 163.7 megs
0...1...2...3...4...5...6...7...8...9...10	Bounce #1 added RGB(1439758, 1119857, 811114)
0...1...2...3...4...5...6...7...8...9...10	Bounce #2 added RGB(381378, 279533, 191644)
0...1...2...3...4...5...6...7...8...9...10	Bounce #3 added RGB(118240, 85011, 55972)
0...1...2...3...4...5...6...7...8...9...10	Bounce #4 added RGB(41029, 29144, 18050)
0...1...2...3...4...5...6...7...8...9...10	Bounce #5 added RGB(15283, 10732, 6181)
0...1...2...3...4...5...6...7...8...9...10	Bounce #6 added RGB(6034, 4173, 2211)
0...1...2...3...4...5...6...7...8...9...10	Bounce #7 added RGB(2493, 1692, 818)
0...1...2...3...4...5...6...7...8...9...10	Bounce #8 added RGB(1071, 711, 312)
0...1...2...3...4...5...6...7...8...9...10	Bounce #9 added RGB(475, 307, 122)
0...1...2...3...4...5...6...7...8...9...10	Bounce #10 added RGB(216, 136, 49)
0...1...2...3...4...5...6...7...8...9...10	Bounce #11 added RGB(101, 61, 20)
0...1...2...3...4...5...6...7...8...9...10	Bounce #12 added RGB(47, 28, 8)
0...1...2...3...4...5...6...7...8...9...10	Bounce #13 added RGB(23, 13, 3)
0...1...2...3...4...5...6...7...8...9...10	Bounce #14 added RGB(11, 6, 1)
0...1...2...3...4...5...6...7...8...9...10	Bounce #15 added RGB(5, 3, 1)
0...1...2...3...4...5...6...7...8...9...10	Bounce #16 added RGB(3, 1, 0)
0...1...2...3...4...5...6...7...8...9...10	Bounce #17 added RGB(1, 1, 0)
0...1...2...3...4...5...6...7...8...9...10	Bounce #18 added RGB(1, 0, 0)
Build Patch/Sample Hash Table(s).....Done<0.0801 sec>
0...1...2...3...4...5...6...7...8...9...10FinalLightFace Done
0...1...2...3...4...5...6...7...8...9...10Setting up leaf ambient computation...
75 of 359 (20% of) surface lights went in leaf ambient cubes.
0...1...2...3...4...5...6...7...8...9...10Writing leaf ambient...done
Ready to Finish

Object names       Objects/Maxobjs  Fullness 
------------       ---------------  -------- 
entities              1071/65536    ( 1.6%) 
models                 138/4096     ( 3.4%) 
brushes               3902/65536    ( 6.0%) 
brushsides           24511/655350   ( 3.7%) 
planes                4528/65536    ( 6.9%) 
vertexes             27240/65536    (41.6%) 
nodes                 4261/65536    ( 6.5%) 
texinfos              1466/32768    ( 4.5%) 
texdata                284/8192     ( 3.5%) 
dispinfos                4/16384    ( 0.0%) 
faces                15538/65536    (23.7%) 
hdr faces            15538/65536    (23.7%) 
origfaces             8080/65536    (12.3%) 
leaves                4400/65536    ( 6.7%) 
leaffaces            18575/65536    (28.3%) 
leafbrushes           8363/65536    (12.8%) 
areas                   76/1024     ( 7.4%) 
surfedges            75968/512000   (14.8%) 
edges                42920/256000   (16.8%) 
leafwaterdata           13/32768    ( 0.0%) 
primitives            2399/32768    ( 7.3%) 
primverts                0/65536    ( 0.0%) 
primindices          37200/65536    (56.8%) 
cubemapsamples           0/1024     ( 0.0%) 
overlays                64/8192     ( 0.8%) 
vertnormalindices    75837/256000   (29.6%) 
visdata             134324/16777216 ( 0.8%) 
entdata             395176/393216   (100.5%) FULL!!!
LDR ambient table     4400/65536    ( 6.7%) 
HDR ambient table     4400/65536    ( 6.7%) 
LDR worldlights            0       
HDR worldlights            510     
LDR lightdata              0       
HDR lightdata              29165744
LDR leaf ambient           4400    
HDR leaf ambient           14045   
occluders                  0       
occluder polygons          0       
occluder vert ind          0       
detail props               1140    
dtl prp lght               4       
HDR dtl prp lght           4       
static props               17468   
pakfile                    126158  
physics                    1268752 
physics terrain            1376    

Level flags = 0

Total triangle count: 44761
Writing w:\programs\steam\steamapps\common\garrysmod\garrysmod\addons\garrysmodmap\maps\gmm_garrymod_map_by_woowz_map_garry_game.bsp
7 seconds elapsed
