
==================================================================
Date: 2026-09-28 19:58:04
W:\Programs\Steam\steamapps\common\GarrysMod\bin\win64\vbspplusplus.exe -allowdynamicpropsasstatic -game W:\Programs\Steam\steamapps\common\GarrysMod\garrysmod w:\programs\steam\steamapps\common\garrysmod\garrysmod\addons\garrysmodmap\maps\gmm_garrymod_map_by_woowz_old_alpha_beta
==================================================================
16 threads
---------------
gamedir: W:\Programs\Steam\steamapps\common\GarrysMod\garrysmod\
---------------
Loading w:\programs\steam\steamapps\common\garrysmod\garrysmod\addons\garrysmodmap\maps\gmm_garrymod_map_by_woowz_old_alpha_beta.vmf
Can't find surfaceprop antlion_eggshell for material NATURE/ROCKWALL_ANTLION03A, using default
Locating GameData file 'garrysmod.fgd'...
Parsing GameData file w:\programs\steam\steamapps\common\garrysmod\bin\garrysmod.fgd
Parsing GameData file w:\programs\steam\steamapps\common\garrysmod\bin\base.fgd
Parsing GameData file w:\programs\steam\steamapps\common\garrysmod\bin\halflife2.fgd
Parsing GameData file w:\programs\steam\steamapps\common\garrysmod\bin\base.fgd
fixing up env_cubemap materials on brush sides...
FloodEntities...
FloodEntities...
Processing areas...done (0)
Building Faces...done (0)
Chop Details...done (0)
Find Visible Detail Sides...
Merged 1170 detail faces...done (0)
Merging details...done (0)
FixTjuncs...
PruneNodes...
WriteBSP...
done (0)
writing w:\programs\steam\steamapps\common\garrysmod\garrysmod\addons\garrysmodmap\maps\gmm_garrymod_map_by_woowz_old_alpha_beta.prt...
Building visibility clusters...
done (0)
Generating blank default cubemaps...
Generating blank default cubemaps...
Emitted 4450 brushes and 28107 brushsides
Finding displacement neighbors...
Finding lightmap sample positions...
Building Physics collision data...
done (0) (1448311 bytes)
Emitting static props...
Model "models/props_phx/construct/metal_wire1x2x2b.mdl" is missing $staticprop. Allowing due to -allowdynamicpropsasstatic
Model "models/props_phx/construct/metal_wire_angle360x2.mdl" is missing $staticprop. Allowing due to -allowdynamicpropsasstatic
Placing detail props : 0...1...2...3...4...5...6...7...8...9...10
Water found with no water_lod_control entity, creating a default one.
Compacting texture/material tables...
Reduced 2920 texinfos to 1706
Reduced 351 texdatas to 319 (11234 bytes to 8415)
Writing w:\programs\steam\steamapps\common\garrysmod\garrysmod\addons\garrysmodmap\maps\gmm_garrymod_map_by_woowz_old_alpha_beta.bsp
2 seconds elapsed

==================================================================
Date: 2026-09-28 19:58:07
W:\Programs\Steam\steamapps\common\GarrysMod\bin\win64\vvisplusplus.exe -game W:\Programs\Steam\steamapps\common\GarrysMod\garrysmod w:\programs\steam\steamapps\common\garrysmod\garrysmod\addons\garrysmodmap\maps\gmm_garrymod_map_by_woowz_old_alpha_beta
==================================================================
16 threads
CPU supports AVX2
reading w:\programs\steam\steamapps\common\garrysmod\garrysmod\addons\garrysmodmap\maps\gmm_garrymod_map_by_woowz_old_alpha_beta.bsp
reading w:\programs\steam\steamapps\common\garrysmod\garrysmod\addons\garrysmodmap\maps\gmm_garrymod_map_by_woowz_old_alpha_beta.prt
1525 portalclusters
2856 numportals
0...1...2...3...4...5...6...7...8...9...100...1...2...3...4...5...6...7...8...9...10Optimized: 299 visible clusters (0.37%)
Total clusters visible: 81424
Average clusters visible: 53
Building PAS...
Average clusters audible: 206
visdatasize:173581  compressed from 585600
writing w:\programs\steam\steamapps\common\garrysmod\garrysmod\addons\garrysmodmap\maps\gmm_garrymod_map_by_woowz_old_alpha_beta.bsp
Wrote ZIP buffer, estimated size 132710, actual size 128476
0 seconds elapsed

==================================================================
Date: 2026-09-28 19:58:07
W:\Programs\Steam\steamapps\common\GarrysMod\bin\win64\vradplusplus.exe -both -final -game W:\Programs\Steam\steamapps\common\GarrysMod\garrysmod w:\programs\steam\steamapps\common\garrysmod\garrysmod\addons\garrysmodmap\maps\gmm_garrymod_map_by_woowz_old_alpha_beta
==================================================================
---------------
gamedir: W:\Programs\Steam\steamapps\common\GarrysMod\garrysmod\
---------------
16 threads
Compiling in LDR+HDR mode
Reading texlights from 'lights.rad'...
53 texlights parsed
Loading w:\programs\steam\steamapps\common\garrysmod\garrysmod\addons\garrysmodmap\maps\gmm_garrymod_map_by_woowz_old_alpha_beta.bsp
165 props added to raytrace
18057 faces
2 degenerate faces
524 fake patch planes
1990959 square feet [286698208.00 square inches]
4 Displacements
3259 Square Feet [469401.19 Square Inches]
0...1...2...3...4...5...6...7...8...9...1018055 patches before subdivision
217041 patches after subdivision
CreateDirectLights...
0...1...2...3...4...5...6...7...8...9...10572 lights, 7 styled (0.01 seconds)
0...1...2...3...4...5...6...7...8...9...100...1...2...3...4...5...6...7...8...9...10transfers 25293899, max 1067
transfer lists: 193.0 megs
0...1...2...3...4...5...6...7...8...9...10	Bounce #1 added RGB(1764010, 1365398, 974106)
0...1...2...3...4...5...6...7...8...9...10	Bounce #2 added RGB(490460, 368628, 252182)
0...1...2...3...4...5...6...7...8...9...10	Bounce #3 added RGB(161409, 120065, 79372)
0...1...2...3...4...5...6...7...8...9...10	Bounce #4 added RGB(59553, 43596, 27395)
0...1...2...3...4...5...6...7...8...9...10	Bounce #5 added RGB(23538, 16846, 9998)
0...1...2...3...4...5...6...7...8...9...10	Bounce #6 added RGB(9803, 6811, 3799)
0...1...2...3...4...5...6...7...8...9...10	Bounce #7 added RGB(4239, 2845, 1487)
0...1...2...3...4...5...6...7...8...9...10	Bounce #8 added RGB(1889, 1220, 596)
0...1...2...3...4...5...6...7...8...9...10	Bounce #9 added RGB(860, 533, 244)
0...1...2...3...4...5...6...7...8...9...10	Bounce #10 added RGB(399, 237, 101)
0...1...2...3...4...5...6...7...8...9...10	Bounce #11 added RGB(187, 107, 42)
0...1...2...3...4...5...6...7...8...9...10	Bounce #12 added RGB(89, 48, 18)
0...1...2...3...4...5...6...7...8...9...10	Bounce #13 added RGB(42, 22, 8)
0...1...2...3...4...5...6...7...8...9...10	Bounce #14 added RGB(20, 10, 3)
0...1...2...3...4...5...6...7...8...9...10	Bounce #15 added RGB(10, 5, 1)
0...1...2...3...4...5...6...7...8...9...10	Bounce #16 added RGB(5, 2, 1)
0...1...2...3...4...5...6...7...8...9...10	Bounce #17 added RGB(2, 1, 0)
0...1...2...3...4...5...6...7...8...9...10	Bounce #18 added RGB(1, 0, 0)
0...1...2...3...4...5...6...7...8...9...10	Bounce #19 added RGB(1, 0, 0)
Build Patch/Sample Hash Table(s).....Done<0.1386 sec>
0...1...2...3...4...5...6...7...8...9...10FinalLightFace Done
0...1...2...3...4...5...6...7...8...9...10Setting up leaf ambient computation...
115 of 411 (27% of) surface lights went in leaf ambient cubes.
0...1...2...3...4...5...6...7...8...9...10Writing leaf ambient...done
Ready to Finish

Object names       Objects/Maxobjs  Fullness 
------------       ---------------  -------- 
entities              1215/65536    ( 1.9%) 
models                 157/4096     ( 3.8%) 
brushes               4450/65536    ( 6.8%) 
brushsides           28107/655350   ( 4.3%) 
planes                5602/65536    ( 8.5%) 
vertexes             31651/65536    (48.3%) 
nodes                 4987/65536    ( 7.6%) 
texinfos              1706/32768    ( 5.2%) 
texdata                319/8192     ( 3.9%) 
dispinfos                4/16384    ( 0.0%) 
faces                18057/65536    (27.6%) 
hdr faces            18057/65536    (27.6%) 
origfaces             9293/65536    (14.2%) 
leaves                5145/65536    ( 7.9%) 
leaffaces            21526/65536    (32.8%) 
leafbrushes           9147/65536    (14.0%) 
areas                   88/1024     ( 8.6%) 
surfedges            88412/512000   (17.3%) 
edges                49825/256000   (19.5%) 
leafwaterdata           15/32768    ( 0.0%) 
primitives            2747/32768    ( 8.4%) 
primverts                0/65536    ( 0.0%) 
primindices          42798/65536    (65.3%) 
cubemapsamples           0/1024     ( 0.0%) 
overlays                70/8192     ( 0.9%) 
vertnormalindices    88262/256000   (34.5%) 
visdata             173581/16777216 ( 1.0%) 
entdata             436312/393216   (111.0%) FULL!!!
LDR ambient table     5145/65536    ( 7.9%) 
HDR ambient table     5145/65536    ( 7.9%) 
LDR worldlights            0       
HDR worldlights            572     
LDR lightdata              0       
HDR lightdata              37373972
LDR leaf ambient           5145    
HDR leaf ambient           16838   
occluders                  0       
occluder polygons          0       
occluder vert ind          0       
detail props               1140    
dtl prp lght               4       
HDR dtl prp lght           4       
static props               21884   
pakfile                    128476  
physics                    1448311 
physics terrain            1376    

Level flags = 0

Total triangle count: 52148
Writing w:\programs\steam\steamapps\common\garrysmod\garrysmod\addons\garrysmodmap\maps\gmm_garrymod_map_by_woowz_old_alpha_beta.bsp
9 seconds elapsed

==================================================================
Date: 2026-09-28 20:02:58
W:\Programs\Steam\steamapps\common\GarrysMod\bin\win64\vbspplusplus.exe -allowdynamicpropsasstatic -game W:\Programs\Steam\steamapps\common\GarrysMod\garrysmod w:\programs\steam\steamapps\common\garrysmod\garrysmod\addons\garrysmodmap\maps\gmm_garrymod_map_by_woowz_old_alpha_beta
==================================================================
16 threads
---------------
gamedir: W:\Programs\Steam\steamapps\common\GarrysMod\garrysmod\
---------------
Loading w:\programs\steam\steamapps\common\garrysmod\garrysmod\addons\garrysmodmap\maps\gmm_garrymod_map_by_woowz_old_alpha_beta.vmf
Can't find surfaceprop antlion_eggshell for material NATURE/ROCKWALL_ANTLION03A, using default
Locating GameData file 'garrysmod.fgd'...
Parsing GameData file w:\programs\steam\steamapps\common\garrysmod\bin\garrysmod.fgd
Parsing GameData file w:\programs\steam\steamapps\common\garrysmod\bin\base.fgd
Parsing GameData file w:\programs\steam\steamapps\common\garrysmod\bin\halflife2.fgd
Parsing GameData file w:\programs\steam\steamapps\common\garrysmod\bin\base.fgd
fixing up env_cubemap materials on brush sides...
FloodEntities...
FloodEntities...
Processing areas...done (0)
Building Faces...done (1)
Chop Details...done (0)
Find Visible Detail Sides...
Merged 1170 detail faces...done (0)
Merging details...done (0)
FixTjuncs...
PruneNodes...
WriteBSP...
done (0)
writing w:\programs\steam\steamapps\common\garrysmod\garrysmod\addons\garrysmodmap\maps\gmm_garrymod_map_by_woowz_old_alpha_beta.prt...
Building visibility clusters...
done (0)
Generating blank default cubemaps...
Generating blank default cubemaps...
Emitted 4402 brushes and 27807 brushsides
Finding displacement neighbors...
Finding lightmap sample positions...
Building Physics collision data...
done (0) (1434816 bytes)
Emitting static props...
Model "models/props_phx/construct/metal_wire1x2x2b.mdl" is missing $staticprop. Allowing due to -allowdynamicpropsasstatic
Model "models/props_phx/construct/metal_wire_angle360x2.mdl" is missing $staticprop. Allowing due to -allowdynamicpropsasstatic
Placing detail props : 0...1...2...3...4...5...6...7...8...9...10
Water found with no water_lod_control entity, creating a default one.
Compacting texture/material tables...
Reduced 2880 texinfos to 1684
Reduced 347 texdatas to 315 (11025 bytes to 8206)
Writing w:\programs\steam\steamapps\common\garrysmod\garrysmod\addons\garrysmodmap\maps\gmm_garrymod_map_by_woowz_old_alpha_beta.bsp
2 seconds elapsed

==================================================================
Date: 2026-09-28 20:03:00
W:\Programs\Steam\steamapps\common\GarrysMod\bin\win64\vvisplusplus.exe -game W:\Programs\Steam\steamapps\common\GarrysMod\garrysmod w:\programs\steam\steamapps\common\garrysmod\garrysmod\addons\garrysmodmap\maps\gmm_garrymod_map_by_woowz_old_alpha_beta
==================================================================
16 threads
CPU supports AVX2
reading w:\programs\steam\steamapps\common\garrysmod\garrysmod\addons\garrysmodmap\maps\gmm_garrymod_map_by_woowz_old_alpha_beta.bsp
reading w:\programs\steam\steamapps\common\garrysmod\garrysmod\addons\garrysmodmap\maps\gmm_garrymod_map_by_woowz_old_alpha_beta.prt
1506 portalclusters
2816 numportals
0...1...2...3...4...5...6...7...8...9...100...1...2...3...4...5...6...7...8...9...10Optimized: 279 visible clusters (0.35%)
Total clusters visible: 80641
Average clusters visible: 53
Building PAS...
Average clusters audible: 201
visdatasize:170573  compressed from 578304
writing w:\programs\steam\steamapps\common\garrysmod\garrysmod\addons\garrysmodmap\maps\gmm_garrymod_map_by_woowz_old_alpha_beta.bsp
Wrote ZIP buffer, estimated size 132710, actual size 128476
0 seconds elapsed

==================================================================
Date: 2026-09-28 20:03:00
W:\Programs\Steam\steamapps\common\GarrysMod\bin\win64\vradplusplus.exe -both -final -game W:\Programs\Steam\steamapps\common\GarrysMod\garrysmod w:\programs\steam\steamapps\common\garrysmod\garrysmod\addons\garrysmodmap\maps\gmm_garrymod_map_by_woowz_old_alpha_beta
==================================================================
---------------
gamedir: W:\Programs\Steam\steamapps\common\GarrysMod\garrysmod\
---------------
16 threads
Compiling in LDR+HDR mode
Reading texlights from 'lights.rad'...
53 texlights parsed
Loading w:\programs\steam\steamapps\common\garrysmod\garrysmod\addons\garrysmodmap\maps\gmm_garrymod_map_by_woowz_old_alpha_beta.bsp
164 props added to raytrace
17914 faces
2 degenerate faces
522 fake patch planes
1977907 square feet [284818720.00 square inches]
4 Displacements
3259 Square Feet [469401.19 Square Inches]
0...1...2...3...4...5...6...7...8...9...1017912 patches before subdivision
215268 patches after subdivision
CreateDirectLights...
0...1...2...3...4...5...6...7...8...9...10571 lights, 7 styled (0.01 seconds)
0...1...2...3...4...5...6...7...8...9...100...1...2...3...4...5...6...7...8...9...10transfers 25125725, max 1070
transfer lists: 191.7 megs
0...1...2...3...4...5...6...7...8...9...10	Bounce #1 added RGB(1764841, 1366250, 974942)
0...1...2...3...4...5...6...7...8...9...10	Bounce #2 added RGB(490669, 368888, 252431)
0...1...2...3...4...5...6...7...8...9...10	Bounce #3 added RGB(161420, 120099, 79414)
0...1...2...3...4...5...6...7...8...9...10	Bounce #4 added RGB(59536, 43597, 27401)
0...1...2...3...4...5...6...7...8...9...10	Bounce #5 added RGB(23533, 16845, 9998)
0...1...2...3...4...5...6...7...8...9...10	Bounce #6 added RGB(9802, 6810, 3798)
0...1...2...3...4...5...6...7...8...9...10	Bounce #7 added RGB(4239, 2844, 1487)
0...1...2...3...4...5...6...7...8...9...10	Bounce #8 added RGB(1889, 1219, 596)
0...1...2...3...4...5...6...7...8...9...10	Bounce #9 added RGB(861, 533, 243)
0...1...2...3...4...5...6...7...8...9...10	Bounce #10 added RGB(399, 237, 101)
0...1...2...3...4...5...6...7...8...9...10	Bounce #11 added RGB(187, 107, 42)
0...1...2...3...4...5...6...7...8...9...10	Bounce #12 added RGB(89, 48, 18)
0...1...2...3...4...5...6...7...8...9...10	Bounce #13 added RGB(43, 22, 8)
0...1...2...3...4...5...6...7...8...9...10	Bounce #14 added RGB(20, 10, 3)
0...1...2...3...4...5...6...7...8...9...10	Bounce #15 added RGB(10, 5, 1)
0...1...2...3...4...5...6...7...8...9...10	Bounce #16 added RGB(5, 2, 1)
0...1...2...3...4...5...6...7...8...9...10	Bounce #17 added RGB(2, 1, 0)
0...1...2...3...4...5...6...7...8...9...10	Bounce #18 added RGB(1, 0, 0)
0...1...2...3...4...5...6...7...8...9...10	Bounce #19 added RGB(1, 0, 0)
Build Patch/Sample Hash Table(s).....Done<0.0922 sec>
0...1...2...3...4...5...6...7...8...9...10FinalLightFace Done
0...1...2...3...4...5...6...7...8...9...10Setting up leaf ambient computation...
115 of 411 (27% of) surface lights went in leaf ambient cubes.
0...1...2...3...4...5...6...7...8...9...10Writing leaf ambient...done
Ready to Finish

Object names       Objects/Maxobjs  Fullness 
------------       ---------------  -------- 
entities              1207/65536    ( 1.8%) 
models                 156/4096     ( 3.8%) 
brushes               4402/65536    ( 6.7%) 
brushsides           27807/655350   ( 4.2%) 
planes                5578/65536    ( 8.5%) 
vertexes             31331/65536    (47.8%) 
nodes                 4939/65536    ( 7.5%) 
texinfos              1684/32768    ( 5.1%) 
texdata                315/8192     ( 3.8%) 
dispinfos                4/16384    ( 0.0%) 
faces                17914/65536    (27.3%) 
hdr faces            17914/65536    (27.3%) 
origfaces             9209/65536    (14.1%) 
leaves                5096/65536    ( 7.8%) 
leaffaces            21353/65536    (32.6%) 
leafbrushes           9043/65536    (13.8%) 
areas                   87/1024     ( 8.5%) 
surfedges            87646/512000   (17.1%) 
edges                49397/256000   (19.3%) 
leafwaterdata           15/32768    ( 0.0%) 
primitives            2693/32768    ( 8.2%) 
primverts                0/65536    ( 0.0%) 
primindices          42012/65536    (64.1%) 
cubemapsamples           0/1024     ( 0.0%) 
overlays                70/8192     ( 0.9%) 
vertnormalindices    87497/256000   (34.2%) 
visdata             170573/16777216 ( 1.0%) 
entdata             434239/393216   (110.4%) FULL!!!
LDR ambient table     5096/65536    ( 7.8%) 
HDR ambient table     5096/65536    ( 7.8%) 
LDR worldlights            0       
HDR worldlights            571     
LDR lightdata              0       
HDR lightdata              36841944
LDR leaf ambient           5096    
HDR leaf ambient           16529   
occluders                  0       
occluder polygons          0       
occluder vert ind          0       
detail props               1140    
dtl prp lght               4       
HDR dtl prp lght           4       
static props               21810   
pakfile                    128476  
physics                    1434816 
physics terrain            1376    

Level flags = 0

Total triangle count: 51669
Writing w:\programs\steam\steamapps\common\garrysmod\garrysmod\addons\garrysmodmap\maps\gmm_garrymod_map_by_woowz_old_alpha_beta.bsp
9 seconds elapsed

==================================================================
Date: 2026-09-28 20:09:17
W:\Programs\Steam\steamapps\common\GarrysMod\bin\win64\vbspplusplus.exe -allowdynamicpropsasstatic -game W:\Programs\Steam\steamapps\common\GarrysMod\garrysmod w:\programs\steam\steamapps\common\garrysmod\garrysmod\addons\garrysmodmap\maps\gmm_garrymod_map_by_woowz_old_alpha_beta
==================================================================
16 threads
---------------
gamedir: W:\Programs\Steam\steamapps\common\GarrysMod\garrysmod\
---------------
Loading w:\programs\steam\steamapps\common\garrysmod\garrysmod\addons\garrysmodmap\maps\gmm_garrymod_map_by_woowz_old_alpha_beta.vmf
Can't find surfaceprop antlion_eggshell for material NATURE/ROCKWALL_ANTLION03A, using default
Locating GameData file 'garrysmod.fgd'...
Parsing GameData file w:\programs\steam\steamapps\common\garrysmod\bin\garrysmod.fgd
Parsing GameData file w:\programs\steam\steamapps\common\garrysmod\bin\base.fgd
Parsing GameData file w:\programs\steam\steamapps\common\garrysmod\bin\halflife2.fgd
Parsing GameData file w:\programs\steam\steamapps\common\garrysmod\bin\base.fgd
fixing up env_cubemap materials on brush sides...
FloodEntities...
FloodEntities...
Processing areas...done (0)
Building Faces...done (1)
Chop Details...done (0)
Find Visible Detail Sides...
Merged 1150 detail faces...done (0)
Merging details...done (0)
FixTjuncs...
PruneNodes...
WriteBSP...
done (0)
writing w:\programs\steam\steamapps\common\garrysmod\garrysmod\addons\garrysmodmap\maps\gmm_garrymod_map_by_woowz_old_alpha_beta.prt...
Building visibility clusters...
done (0)
Generating blank default cubemaps...
Generating blank default cubemaps...
Emitted 4379 brushes and 27645 brushsides
Finding displacement neighbors...
Finding lightmap sample positions...
Building Physics collision data...
done (0) (1427821 bytes)
Emitting static props...
Model "models/props_phx/construct/metal_wire1x2x2b.mdl" is missing $staticprop. Allowing due to -allowdynamicpropsasstatic
Model "models/props_phx/construct/metal_wire_angle360x2.mdl" is missing $staticprop. Allowing due to -allowdynamicpropsasstatic
Placing detail props : 0...1...2...3...4...5...6...7...8...9...10
Water found with no water_lod_control entity, creating a default one.
Compacting texture/material tables...
Reduced 2861 texinfos to 1675
Reduced 345 texdatas to 313 (10981 bytes to 8162)
Writing w:\programs\steam\steamapps\common\garrysmod\garrysmod\addons\garrysmodmap\maps\gmm_garrymod_map_by_woowz_old_alpha_beta.bsp
2 seconds elapsed

==================================================================
Date: 2026-09-28 20:09:19
W:\Programs\Steam\steamapps\common\GarrysMod\bin\win64\vvisplusplus.exe -game W:\Programs\Steam\steamapps\common\GarrysMod\garrysmod w:\programs\steam\steamapps\common\garrysmod\garrysmod\addons\garrysmodmap\maps\gmm_garrymod_map_by_woowz_old_alpha_beta
==================================================================
16 threads
CPU supports AVX2
reading w:\programs\steam\steamapps\common\garrysmod\garrysmod\addons\garrysmodmap\maps\gmm_garrymod_map_by_woowz_old_alpha_beta.bsp
reading w:\programs\steam\steamapps\common\garrysmod\garrysmod\addons\garrysmodmap\maps\gmm_garrymod_map_by_woowz_old_alpha_beta.prt
1497 portalclusters
2799 numportals
0...1...2...3...4...5...6...7...8...9...100...1...2...3...4...5...6...7...8...9...10Optimized: 272 visible clusters (0.34%)
Total clusters visible: 79045
Average clusters visible: 52
Building PAS...
Average clusters audible: 196
visdatasize:166836  compressed from 574848
writing w:\programs\steam\steamapps\common\garrysmod\garrysmod\addons\garrysmodmap\maps\gmm_garrymod_map_by_woowz_old_alpha_beta.bsp
Wrote ZIP buffer, estimated size 132710, actual size 128476
0 seconds elapsed

==================================================================
Date: 2026-09-28 20:09:19
W:\Programs\Steam\steamapps\common\GarrysMod\bin\win64\vradplusplus.exe -both -final -game W:\Programs\Steam\steamapps\common\GarrysMod\garrysmod w:\programs\steam\steamapps\common\garrysmod\garrysmod\addons\garrysmodmap\maps\gmm_garrymod_map_by_woowz_old_alpha_beta
==================================================================
---------------
gamedir: W:\Programs\Steam\steamapps\common\GarrysMod\garrysmod\
---------------
16 threads
Compiling in LDR+HDR mode
Reading texlights from 'lights.rad'...
53 texlights parsed
Loading w:\programs\steam\steamapps\common\garrysmod\garrysmod\addons\garrysmodmap\maps\gmm_garrymod_map_by_woowz_old_alpha_beta.bsp
164 props added to raytrace
17795 faces
2 degenerate faces
518 fake patch planes
1967576 square feet [283331040.00 square inches]
4 Displacements
3259 Square Feet [469401.19 Square Inches]
0...1...2...3...4...5...6...7...8...9...1017793 patches before subdivision
213767 patches after subdivision
CreateDirectLights...
0...1...2...3...4...5...6...7...8...9...10572 lights, 6 styled (0.01 seconds)
0...1...2...3...4...5...6...7...8...9...100...1...2...3...4...5...6...7...8...9...10transfers 24973671, max 1059
transfer lists: 190.5 megs
0...1...2...3...4...5...6...7...8...9...10	Bounce #1 added RGB(1778909, 1377733, 982171)
0...1...2...3...4...5...6...7...8...9...10	Bounce #2 added RGB(493701, 370775, 253360)
0...1...2...3...4...5...6...7...8...9...10	Bounce #3 added RGB(162243, 120510, 79579)
0...1...2...3...4...5...6...7...8...9...10	Bounce #4 added RGB(59781, 43686, 27429)
0...1...2...3...4...5...6...7...8...9...10	Bounce #5 added RGB(23618, 16868, 10004)
0...1...2...3...4...5...6...7...8...9...10	Bounce #6 added RGB(9832, 6816, 3800)
0...1...2...3...4...5...6...7...8...9...10	Bounce #7 added RGB(4251, 2846, 1487)
0...1...2...3...4...5...6...7...8...9...10	Bounce #8 added RGB(1894, 1220, 596)
0...1...2...3...4...5...6...7...8...9...10	Bounce #9 added RGB(863, 533, 244)
0...1...2...3...4...5...6...7...8...9...10	Bounce #10 added RGB(400, 237, 101)
0...1...2...3...4...5...6...7...8...9...10	Bounce #11 added RGB(188, 107, 42)
0...1...2...3...4...5...6...7...8...9...10	Bounce #12 added RGB(89, 48, 18)
0...1...2...3...4...5...6...7...8...9...10	Bounce #13 added RGB(43, 22, 8)
0...1...2...3...4...5...6...7...8...9...10	Bounce #14 added RGB(20, 10, 3)
0...1...2...3...4...5...6...7...8...9...10	Bounce #15 added RGB(10, 5, 1)
0...1...2...3...4...5...6...7...8...9...10	Bounce #16 added RGB(5, 2, 1)
0...1...2...3...4...5...6...7...8...9...10	Bounce #17 added RGB(2, 1, 0)
0...1...2...3...4...5...6...7...8...9...10	Bounce #18 added RGB(1, 0, 0)
0...1...2...3...4...5...6...7...8...9...10	Bounce #19 added RGB(1, 0, 0)
Build Patch/Sample Hash Table(s).....Done<0.0935 sec>
0...1...2...3...4...5...6...7...8...9...10FinalLightFace Done
0...1...2...3...4...5...6...7...8...9...10Setting up leaf ambient computation...
115 of 411 (27% of) surface lights went in leaf ambient cubes.
0...1...2...3...4...5...6...7...8...9...10Writing leaf ambient...done
Ready to Finish

Object names       Objects/Maxobjs  Fullness 
------------       ---------------  -------- 
entities              1205/65536    ( 1.8%) 
models                 155/4096     ( 3.8%) 
brushes               4379/65536    ( 6.7%) 
brushsides           27645/655350   ( 4.2%) 
planes                5542/65536    ( 8.5%) 
vertexes             31141/65536    (47.5%) 
nodes                 4912/65536    ( 7.5%) 
texinfos              1675/32768    ( 5.1%) 
texdata                313/8192     ( 3.8%) 
dispinfos                4/16384    ( 0.0%) 
faces                17795/65536    (27.2%) 
hdr faces            17795/65536    (27.2%) 
origfaces             9152/65536    (14.0%) 
leaves                5068/65536    ( 7.7%) 
leaffaces            21203/65536    (32.4%) 
leafbrushes           9000/65536    (13.7%) 
areas                   88/1024     ( 8.6%) 
surfedges            87044/512000   (17.0%) 
edges                49034/256000   (19.2%) 
leafwaterdata           15/32768    ( 0.0%) 
primitives            2670/32768    ( 8.1%) 
primverts                0/65536    ( 0.0%) 
primindices          41682/65536    (63.6%) 
cubemapsamples           0/1024     ( 0.0%) 
overlays                70/8192     ( 0.9%) 
vertnormalindices    86896/256000   (33.9%) 
visdata             166836/16777216 ( 1.0%) 
entdata             434552/393216   (110.5%) FULL!!!
LDR ambient table     5068/65536    ( 7.7%) 
HDR ambient table     5068/65536    ( 7.7%) 
LDR worldlights            0       
HDR worldlights            572     
LDR lightdata              0       
HDR lightdata              36448108
LDR leaf ambient           5068    
HDR leaf ambient           16529   
occluders                  0       
occluder polygons          0       
occluder vert ind          0       
detail props               1140    
dtl prp lght               4       
HDR dtl prp lght           4       
static props               21810   
pakfile                    128476  
physics                    1427821 
physics terrain            1376    

Level flags = 0

Total triangle count: 51306
Writing w:\programs\steam\steamapps\common\garrysmod\garrysmod\addons\garrysmodmap\maps\gmm_garrymod_map_by_woowz_old_alpha_beta.bsp
8 seconds elapsed

==================================================================
Date: 2026-09-28 20:17:29
W:\Programs\Steam\steamapps\common\GarrysMod\bin\win64\vbspplusplus.exe -allowdynamicpropsasstatic -game W:\Programs\Steam\steamapps\common\GarrysMod\garrysmod w:\programs\steam\steamapps\common\garrysmod\garrysmod\addons\garrysmodmap\maps\gmm_garrymod_map_by_woowz_old_alpha_beta
==================================================================
16 threads
---------------
gamedir: W:\Programs\Steam\steamapps\common\GarrysMod\garrysmod\
---------------
Loading w:\programs\steam\steamapps\common\garrysmod\garrysmod\addons\garrysmodmap\maps\gmm_garrymod_map_by_woowz_old_alpha_beta.vmf
Can't find surfaceprop antlion_eggshell for material NATURE/ROCKWALL_ANTLION03A, using default
Locating GameData file 'garrysmod.fgd'...
Parsing GameData file w:\programs\steam\steamapps\common\garrysmod\bin\garrysmod.fgd
Parsing GameData file w:\programs\steam\steamapps\common\garrysmod\bin\base.fgd
Parsing GameData file w:\programs\steam\steamapps\common\garrysmod\bin\halflife2.fgd
Parsing GameData file w:\programs\steam\steamapps\common\garrysmod\bin\base.fgd
fixing up env_cubemap materials on brush sides...
FloodEntities...
FloodEntities...
Processing areas...done (0)
Building Faces...done (1)
Chop Details...done (0)
Find Visible Detail Sides...
Merged 1150 detail faces...done (0)
Merging details...done (0)
FixTjuncs...
PruneNodes...
WriteBSP...
done (0)
writing w:\programs\steam\steamapps\common\garrysmod\garrysmod\addons\garrysmodmap\maps\gmm_garrymod_map_by_woowz_old_alpha_beta.prt...
Building visibility clusters...
done (0)
Generating blank default cubemaps...
Generating blank default cubemaps...
Emitted 4377 brushes and 27633 brushsides
Finding displacement neighbors...
Finding lightmap sample positions...
Building Physics collision data...
done (0) (1427777 bytes)
Emitting static props...
Model "models/props_phx/construct/metal_wire1x2x2b.mdl" is missing $staticprop. Allowing due to -allowdynamicpropsasstatic
Model "models/props_phx/construct/metal_wire_angle360x2.mdl" is missing $staticprop. Allowing due to -allowdynamicpropsasstatic
Placing detail props : 0...1...2...3...4...5...6...7...8...9...10
Water found with no water_lod_control entity, creating a default one.
Compacting texture/material tables...
Reduced 2855 texinfos to 1675
Reduced 345 texdatas to 313 (10981 bytes to 8162)
Writing w:\programs\steam\steamapps\common\garrysmod\garrysmod\addons\garrysmodmap\maps\gmm_garrymod_map_by_woowz_old_alpha_beta.bsp
2 seconds elapsed

==================================================================
Date: 2026-09-28 20:17:32
W:\Programs\Steam\steamapps\common\GarrysMod\bin\win64\vvisplusplus.exe -game W:\Programs\Steam\steamapps\common\GarrysMod\garrysmod w:\programs\steam\steamapps\common\garrysmod\garrysmod\addons\garrysmodmap\maps\gmm_garrymod_map_by_woowz_old_alpha_beta
==================================================================
16 threads
CPU supports AVX2
reading w:\programs\steam\steamapps\common\garrysmod\garrysmod\addons\garrysmodmap\maps\gmm_garrymod_map_by_woowz_old_alpha_beta.bsp
reading w:\programs\steam\steamapps\common\garrysmod\garrysmod\addons\garrysmodmap\maps\gmm_garrymod_map_by_woowz_old_alpha_beta.prt
1499 portalclusters
2811 numportals
0...1...2...3...4...5...6...7...8...9...100...1...2...3...4...5...6...7...8...9...10Optimized: 277 visible clusters (0.35%)
Total clusters visible: 79702
Average clusters visible: 53
Building PAS...
Average clusters audible: 200
visdatasize:170014  compressed from 575616
writing w:\programs\steam\steamapps\common\garrysmod\garrysmod\addons\garrysmodmap\maps\gmm_garrymod_map_by_woowz_old_alpha_beta.bsp
Wrote ZIP buffer, estimated size 132710, actual size 128476
0 seconds elapsed

==================================================================
Date: 2026-09-28 20:17:32
W:\Programs\Steam\steamapps\common\GarrysMod\bin\win64\vradplusplus.exe -both -final -game W:\Programs\Steam\steamapps\common\GarrysMod\garrysmod w:\programs\steam\steamapps\common\garrysmod\garrysmod\addons\garrysmodmap\maps\gmm_garrymod_map_by_woowz_old_alpha_beta
==================================================================
---------------
gamedir: W:\Programs\Steam\steamapps\common\GarrysMod\garrysmod\
---------------
16 threads
Compiling in LDR+HDR mode
Reading texlights from 'lights.rad'...
53 texlights parsed
Loading w:\programs\steam\steamapps\common\garrysmod\garrysmod\addons\garrysmodmap\maps\gmm_garrymod_map_by_woowz_old_alpha_beta.bsp
163 props added to raytrace
17790 faces
2 degenerate faces
518 fake patch planes
1967590 square feet [283333088.00 square inches]
4 Displacements
3259 Square Feet [469401.19 Square Inches]
0...1...2...3...4...5...6...7...8...9...1017788 patches before subdivision
213736 patches after subdivision
CreateDirectLights...
0...1...2...3...4...5...6...7...8...9...10564 lights, 6 styled (0.01 seconds)
0...1...2...3...4...5...6...7...8...9...100...1...2...3...4...5...6...7...8...9...10transfers 24977587, max 1059
transfer lists: 190.6 megs
0...1...2...3...4...5...6...7...8...9...10	Bounce #1 added RGB(1779347, 1386087, 1008431)
0...1...2...3...4...5...6...7...8...9...10	Bounce #2 added RGB(494121, 372786, 257286)
0...1...2...3...4...5...6...7...8...9...10	Bounce #3 added RGB(162415, 121000, 80184)
0...1...2...3...4...5...6...7...8...9...10	Bounce #4 added RGB(59838, 43803, 27524)
0...1...2...3...4...5...6...7...8...9...10	Bounce #5 added RGB(23635, 16896, 10020)
0...1...2...3...4...5...6...7...8...9...10	Bounce #6 added RGB(9838, 6823, 3803)
0...1...2...3...4...5...6...7...8...9...10	Bounce #7 added RGB(4253, 2848, 1488)
0...1...2...3...4...5...6...7...8...9...10	Bounce #8 added RGB(1895, 1221, 597)
0...1...2...3...4...5...6...7...8...9...10	Bounce #9 added RGB(863, 534, 244)
0...1...2...3...4...5...6...7...8...9...10	Bounce #10 added RGB(400, 237, 101)
0...1...2...3...4...5...6...7...8...9...10	Bounce #11 added RGB(188, 107, 42)
0...1...2...3...4...5...6...7...8...9...10	Bounce #12 added RGB(89, 48, 18)
0...1...2...3...4...5...6...7...8...9...10	Bounce #13 added RGB(43, 22, 8)
0...1...2...3...4...5...6...7...8...9...10	Bounce #14 added RGB(20, 10, 3)
0...1...2...3...4...5...6...7...8...9...10	Bounce #15 added RGB(10, 5, 1)
0...1...2...3...4...5...6...7...8...9...10	Bounce #16 added RGB(5, 2, 1)
0...1...2...3...4...5...6...7...8...9...10	Bounce #17 added RGB(2, 1, 0)
0...1...2...3...4...5...6...7...8...9...10	Bounce #18 added RGB(1, 0, 0)
0...1...2...3...4...5...6...7...8...9...10	Bounce #19 added RGB(1, 0, 0)
Build Patch/Sample Hash Table(s).....Done<0.0921 sec>
0...1...2...3...4...5...6...7...8...9...10FinalLightFace Done
0...1...2...3...4...5...6...7...8...9...10Setting up leaf ambient computation...
115 of 403 (28% of) surface lights went in leaf ambient cubes.
0...1...2...3...4...5...6...7...8...9...10Writing leaf ambient...done
Ready to Finish

Object names       Objects/Maxobjs  Fullness 
------------       ---------------  -------- 
entities              1203/65536    ( 1.8%) 
models                 155/4096     ( 3.8%) 
brushes               4377/65536    ( 6.7%) 
brushsides           27633/655350   ( 4.2%) 
planes                5542/65536    ( 8.5%) 
vertexes             31140/65536    (47.5%) 
nodes                 4918/65536    ( 7.5%) 
texinfos              1675/32768    ( 5.1%) 
texdata                313/8192     ( 3.8%) 
dispinfos                4/16384    ( 0.0%) 
faces                17790/65536    (27.1%) 
hdr faces            17790/65536    (27.1%) 
origfaces             9143/65536    (14.0%) 
leaves                5074/65536    ( 7.7%) 
leaffaces            21192/65536    (32.3%) 
leafbrushes           9003/65536    (13.7%) 
areas                   88/1024     ( 8.6%) 
surfedges            87021/512000   (17.0%) 
edges                49009/256000   (19.1%) 
leafwaterdata           15/32768    ( 0.0%) 
primitives            2665/32768    ( 8.1%) 
primverts                0/65536    ( 0.0%) 
primindices          41613/65536    (63.5%) 
cubemapsamples           0/1024     ( 0.0%) 
overlays                70/8192     ( 0.9%) 
vertnormalindices    86873/256000   (33.9%) 
visdata             170014/16777216 ( 1.0%) 
entdata             434305/393216   (110.4%) FULL!!!
LDR ambient table     5074/65536    ( 7.7%) 
HDR ambient table     5074/65536    ( 7.7%) 
LDR worldlights            0       
HDR worldlights            564     
LDR lightdata              0       
HDR lightdata              36448736
LDR leaf ambient           5074    
HDR leaf ambient           16500   
occluders                  0       
occluder polygons          0       
occluder vert ind          0       
detail props               1140    
dtl prp lght               4       
HDR dtl prp lght           4       
static props               21608   
pakfile                    128476  
physics                    1427777 
physics terrain            1376    

Level flags = 0

Total triangle count: 51293
Writing w:\programs\steam\steamapps\common\garrysmod\garrysmod\addons\garrysmodmap\maps\gmm_garrymod_map_by_woowz_old_alpha_beta.bsp
8 seconds elapsed

==================================================================
Date: 2026-09-28 20:30:08
W:\Programs\Steam\steamapps\common\GarrysMod\bin\win64\vbspplusplus.exe -allowdynamicpropsasstatic -game W:\Programs\Steam\steamapps\common\GarrysMod\garrysmod w:\programs\steam\steamapps\common\garrysmod\garrysmod\addons\garrysmodmap\maps\gmm_garrymod_map_by_woowz_old_alpha_beta
==================================================================
16 threads
---------------
gamedir: W:\Programs\Steam\steamapps\common\GarrysMod\garrysmod\
---------------
Loading w:\programs\steam\steamapps\common\garrysmod\garrysmod\addons\garrysmodmap\maps\gmm_garrymod_map_by_woowz_old_alpha_beta.vmf
Can't find surfaceprop antlion_eggshell for material NATURE/ROCKWALL_ANTLION03A, using default
Locating GameData file 'garrysmod.fgd'...
Parsing GameData file w:\programs\steam\steamapps\common\garrysmod\bin\garrysmod.fgd
Parsing GameData file w:\programs\steam\steamapps\common\garrysmod\bin\base.fgd
Parsing GameData file w:\programs\steam\steamapps\common\garrysmod\bin\halflife2.fgd
Parsing GameData file w:\programs\steam\steamapps\common\garrysmod\bin\base.fgd
fixing up env_cubemap materials on brush sides...
FloodEntities...
FloodEntities...
Processing areas...done (0)
Building Faces...done (1)
Chop Details...done (0)
Find Visible Detail Sides...
Merged 1128 detail faces...done (0)
Merging details...done (0)
FixTjuncs...
PruneNodes...
WriteBSP...
done (0)
writing w:\programs\steam\steamapps\common\garrysmod\garrysmod\addons\garrysmodmap\maps\gmm_garrymod_map_by_woowz_old_alpha_beta.prt...
Building visibility clusters...
done (0)
Generating blank default cubemaps...
Generating blank default cubemaps...
Emitted 4345 brushes and 27440 brushsides
Finding displacement neighbors...
Finding lightmap sample positions...
Building Physics collision data...
done (0) (1417030 bytes)
Emitting static props...
Model "models/props_phx/construct/metal_wire1x2x2b.mdl" is missing $staticprop. Allowing due to -allowdynamicpropsasstatic
Model "models/props_phx/construct/metal_wire_angle360x2.mdl" is missing $staticprop. Allowing due to -allowdynamicpropsasstatic
Placing detail props : 0...1...2...3...4...5...6...7...8...9...10
Water found with no water_lod_control entity, creating a default one.
Compacting texture/material tables...
Reduced 2820 texinfos to 1659
Reduced 344 texdatas to 312 (10948 bytes to 8129)
Writing w:\programs\steam\steamapps\common\garrysmod\garrysmod\addons\garrysmodmap\maps\gmm_garrymod_map_by_woowz_old_alpha_beta.bsp
2 seconds elapsed

==================================================================
Date: 2026-09-28 20:30:10
W:\Programs\Steam\steamapps\common\GarrysMod\bin\win64\vvisplusplus.exe -game W:\Programs\Steam\steamapps\common\GarrysMod\garrysmod w:\programs\steam\steamapps\common\garrysmod\garrysmod\addons\garrysmodmap\maps\gmm_garrymod_map_by_woowz_old_alpha_beta
==================================================================
16 threads
CPU supports AVX2
reading w:\programs\steam\steamapps\common\garrysmod\garrysmod\addons\garrysmodmap\maps\gmm_garrymod_map_by_woowz_old_alpha_beta.bsp
reading w:\programs\steam\steamapps\common\garrysmod\garrysmod\addons\garrysmodmap\maps\gmm_garrymod_map_by_woowz_old_alpha_beta.prt
1481 portalclusters
2758 numportals
0...1...2...3...4...5...6...7...8...9...100...1...2...3...4...5...6...7...8...9...10Optimized: 280 visible clusters (0.36%)
Total clusters visible: 77389
Average clusters visible: 52
Building PAS...
Average clusters audible: 193
visdatasize:164877  compressed from 568704
writing w:\programs\steam\steamapps\common\garrysmod\garrysmod\addons\garrysmodmap\maps\gmm_garrymod_map_by_woowz_old_alpha_beta.bsp
Wrote ZIP buffer, estimated size 132710, actual size 128476
0 seconds elapsed

==================================================================
Date: 2026-09-28 20:30:10
W:\Programs\Steam\steamapps\common\GarrysMod\bin\win64\vradplusplus.exe -both -final -game W:\Programs\Steam\steamapps\common\GarrysMod\garrysmod w:\programs\steam\steamapps\common\garrysmod\garrysmod\addons\garrysmodmap\maps\gmm_garrymod_map_by_woowz_old_alpha_beta
==================================================================
---------------
gamedir: W:\Programs\Steam\steamapps\common\GarrysMod\garrysmod\
---------------
16 threads
Compiling in LDR+HDR mode
Reading texlights from 'lights.rad'...
53 texlights parsed
Loading w:\programs\steam\steamapps\common\garrysmod\garrysmod\addons\garrysmodmap\maps\gmm_garrymod_map_by_woowz_old_alpha_beta.bsp
163 props added to raytrace
17644 faces
1 degenerate faces
502 fake patch planes
1967139 square feet [283268128.00 square inches]
4 Displacements
3259 Square Feet [469401.19 Square Inches]
0...1...2...3...4...5...6...7...8...9...1017643 patches before subdivision
213497 patches after subdivision
CreateDirectLights...
0...1...2...3...4...5...6...7...8...9...10559 lights, 6 styled (0.01 seconds)
0...1...2...3...4...5...6...7...8...9...100...1...2...3...4...5...6...7...8...9...10transfers 24928605, max 1059
transfer lists: 190.2 megs
0...1...2...3...4...5...6...7...8...9...10	Bounce #1 added RGB(1775248, 1383036, 1006155)
0...1...2...3...4...5...6...7...8...9...10	Bounce #2 added RGB(493066, 372108, 256853)
0...1...2...3...4...5...6...7...8...9...10	Bounce #3 added RGB(162062, 120767, 80040)
0...1...2...3...4...5...6...7...8...9...10	Bounce #4 added RGB(59704, 43711, 27467)
0...1...2...3...4...5...6...7...8...9...10	Bounce #5 added RGB(23578, 16856, 9996)
0...1...2...3...4...5...6...7...8...9...10	Bounce #6 added RGB(9812, 6806, 3793)
0...1...2...3...4...5...6...7...8...9...10	Bounce #7 added RGB(4241, 2840, 1484)
0...1...2...3...4...5...6...7...8...9...10	Bounce #8 added RGB(1889, 1217, 595)
0...1...2...3...4...5...6...7...8...9...10	Bounce #9 added RGB(860, 532, 243)
0...1...2...3...4...5...6...7...8...9...10	Bounce #10 added RGB(399, 236, 101)
0...1...2...3...4...5...6...7...8...9...10	Bounce #11 added RGB(187, 106, 42)
0...1...2...3...4...5...6...7...8...9...10	Bounce #12 added RGB(89, 48, 18)
0...1...2...3...4...5...6...7...8...9...10	Bounce #13 added RGB(42, 22, 8)
0...1...2...3...4...5...6...7...8...9...10	Bounce #14 added RGB(20, 10, 3)
0...1...2...3...4...5...6...7...8...9...10	Bounce #15 added RGB(10, 5, 1)
0...1...2...3...4...5...6...7...8...9...10	Bounce #16 added RGB(5, 2, 1)
0...1...2...3...4...5...6...7...8...9...10	Bounce #17 added RGB(2, 1, 0)
0...1...2...3...4...5...6...7...8...9...10	Bounce #18 added RGB(1, 0, 0)
0...1...2...3...4...5...6...7...8...9...10	Bounce #19 added RGB(1, 0, 0)
Build Patch/Sample Hash Table(s).....Done<0.0930 sec>
0...1...2...3...4...5...6...7...8...9...10FinalLightFace Done
0...1...2...3...4...5...6...7...8...9...10Setting up leaf ambient computation...
108 of 398 (27% of) surface lights went in leaf ambient cubes.
0...1...2...3...4...5...6...7...8...9...10Writing leaf ambient...done
Ready to Finish

Object names       Objects/Maxobjs  Fullness 
------------       ---------------  -------- 
entities              1195/65536    ( 1.8%) 
models                 152/4096     ( 3.7%) 
brushes               4345/65536    ( 6.6%) 
brushsides           27440/655350   ( 4.2%) 
planes                5530/65536    ( 8.4%) 
vertexes             30869/65536    (47.1%) 
nodes                 4851/65536    ( 7.4%) 
texinfos              1659/32768    ( 5.1%) 
texdata                312/8192     ( 3.8%) 
dispinfos                4/16384    ( 0.0%) 
faces                17644/65536    (26.9%) 
hdr faces            17644/65536    (26.9%) 
origfaces             9005/65536    (13.7%) 
leaves                5004/65536    ( 7.6%) 
leaffaces            21020/65536    (32.1%) 
leafbrushes           8942/65536    (13.6%) 
areas                   88/1024     ( 8.6%) 
surfedges            86239/512000   (16.8%) 
edges                48558/256000   (19.0%) 
leafwaterdata           15/32768    ( 0.0%) 
primitives            2652/32768    ( 8.1%) 
primverts                0/65536    ( 0.0%) 
primindices          41337/65536    (63.1%) 
cubemapsamples           0/1024     ( 0.0%) 
overlays                71/8192     ( 0.9%) 
vertnormalindices    86094/256000   (33.6%) 
visdata             164877/16777216 ( 1.0%) 
entdata             432311/393216   (109.9%) FULL!!!
LDR ambient table     5004/65536    ( 7.6%) 
HDR ambient table     5004/65536    ( 7.6%) 
LDR worldlights            0       
HDR worldlights            559     
LDR lightdata              0       
HDR lightdata              36387716
LDR leaf ambient           5004    
HDR leaf ambient           16437   
occluders                  0       
occluder polygons          0       
occluder vert ind          0       
detail props               1140    
dtl prp lght               4       
HDR dtl prp lght           4       
static props               21608   
pakfile                    128476  
physics                    1417030 
physics terrain            1376    

Level flags = 0

Total triangle count: 50806
Writing w:\programs\steam\steamapps\common\garrysmod\garrysmod\addons\garrysmodmap\maps\gmm_garrymod_map_by_woowz_old_alpha_beta.bsp
8 seconds elapsed

==================================================================
Date: 2026-09-28 20:32:12
W:\Programs\Steam\steamapps\common\GarrysMod\bin\win64\vbspplusplus.exe -allowdynamicpropsasstatic -game W:\Programs\Steam\steamapps\common\GarrysMod\garrysmod w:\programs\steam\steamapps\common\garrysmod\garrysmod\addons\garrysmodmap\maps\gmm_garrymod_map_by_woowz_old_alpha_beta
==================================================================
16 threads
---------------
gamedir: W:\Programs\Steam\steamapps\common\GarrysMod\garrysmod\
---------------
Loading w:\programs\steam\steamapps\common\garrysmod\garrysmod\addons\garrysmodmap\maps\gmm_garrymod_map_by_woowz_old_alpha_beta.vmf
Locating GameData file 'garrysmod.fgd'...
Parsing GameData file w:\programs\steam\steamapps\common\garrysmod\bin\garrysmod.fgd
Parsing GameData file w:\programs\steam\steamapps\common\garrysmod\bin\base.fgd
Parsing GameData file w:\programs\steam\steamapps\common\garrysmod\bin\halflife2.fgd
Parsing GameData file w:\programs\steam\steamapps\common\garrysmod\bin\base.fgd
fixing up env_cubemap materials on brush sides...
FloodEntities...
FloodEntities...
Processing areas...done (0)
Building Faces...done (1)
Chop Details...done (0)
Find Visible Detail Sides...
Merged 1128 detail faces...done (0)
Merging details...done (0)
FixTjuncs...
PruneNodes...
WriteBSP...
done (0)
writing w:\programs\steam\steamapps\common\garrysmod\garrysmod\addons\garrysmodmap\maps\gmm_garrymod_map_by_woowz_old_alpha_beta.prt...
Building visibility clusters...
done (0)
Generating blank default cubemaps...
Generating blank default cubemaps...
Emitted 4344 brushes and 27434 brushsides
Finding displacement neighbors...
Finding lightmap sample positions...
Building Physics collision data...
done (0) (1415930 bytes)
Emitting static props...
Model "models/props_phx/construct/metal_wire1x2x2b.mdl" is missing $staticprop. Allowing due to -allowdynamicpropsasstatic
Model "models/props_phx/construct/metal_wire_angle360x2.mdl" is missing $staticprop. Allowing due to -allowdynamicpropsasstatic
Placing detail props : 0...1...2...3...4...5...6...7...8...9...10
Water found with no water_lod_control entity, creating a default one.
Compacting texture/material tables...
Reduced 2811 texinfos to 1658
Reduced 343 texdatas to 311 (10921 bytes to 8102)
Writing w:\programs\steam\steamapps\common\garrysmod\garrysmod\addons\garrysmodmap\maps\gmm_garrymod_map_by_woowz_old_alpha_beta.bsp
2 seconds elapsed

==================================================================
Date: 2026-09-28 20:32:14
W:\Programs\Steam\steamapps\common\GarrysMod\bin\win64\vvisplusplus.exe -game W:\Programs\Steam\steamapps\common\GarrysMod\garrysmod w:\programs\steam\steamapps\common\garrysmod\garrysmod\addons\garrysmodmap\maps\gmm_garrymod_map_by_woowz_old_alpha_beta
==================================================================
16 threads
CPU supports AVX2
reading w:\programs\steam\steamapps\common\garrysmod\garrysmod\addons\garrysmodmap\maps\gmm_garrymod_map_by_woowz_old_alpha_beta.bsp
reading w:\programs\steam\steamapps\common\garrysmod\garrysmod\addons\garrysmodmap\maps\gmm_garrymod_map_by_woowz_old_alpha_beta.prt
1481 portalclusters
2758 numportals
0...1...2...3...4...5...6...7...8...9...100...1...2...3...4...5...6...7...8...9...10Optimized: 281 visible clusters (0.36%)
Total clusters visible: 77390
Average clusters visible: 52
Building PAS...
Average clusters audible: 193
visdatasize:164877  compressed from 568704
writing w:\programs\steam\steamapps\common\garrysmod\garrysmod\addons\garrysmodmap\maps\gmm_garrymod_map_by_woowz_old_alpha_beta.bsp
Wrote ZIP buffer, estimated size 132710, actual size 128476
0 seconds elapsed

==================================================================
Date: 2026-09-28 20:32:15
W:\Programs\Steam\steamapps\common\GarrysMod\bin\win64\vradplusplus.exe -both -final -game W:\Programs\Steam\steamapps\common\GarrysMod\garrysmod w:\programs\steam\steamapps\common\garrysmod\garrysmod\addons\garrysmodmap\maps\gmm_garrymod_map_by_woowz_old_alpha_beta
==================================================================
---------------
gamedir: W:\Programs\Steam\steamapps\common\GarrysMod\garrysmod\
---------------
16 threads
Compiling in LDR+HDR mode
Reading texlights from 'lights.rad'...
53 texlights parsed
Loading w:\programs\steam\steamapps\common\garrysmod\garrysmod\addons\garrysmodmap\maps\gmm_garrymod_map_by_woowz_old_alpha_beta.bsp
163 props added to raytrace
17641 faces
1 degenerate faces
499 fake patch planes
1967111 square feet [283264032.00 square inches]
4 Displacements
3259 Square Feet [469401.19 Square Inches]
0...1...2...3...4...5...6...7...8...9...1017640 patches before subdivision
213488 patches after subdivision
CreateDirectLights...
0...1...2...3...4...5...6...7...8...9...10559 lights, 6 styled (0.01 seconds)
0...1...2...3...4...5...6...7...8...9...100...1...2...3...4...5...6...7...8...9...10transfers 24924616, max 1059
transfer lists: 190.2 megs
0...1...2...3...4...5...6...7...8...9...10	Bounce #1 added RGB(1764738, 1364150, 975827)
0...1...2...3...4...5...6...7...8...9...10	Bounce #2 added RGB(490238, 367735, 252305)
0...1...2...3...4...5...6...7...8...9...10	Bounce #3 added RGB(161277, 119733, 79342)
0...1...2...3...4...5...6...7...8...9...10	Bounce #4 added RGB(59489, 43468, 27360)
0...1...2...3...4...5...6...7...8...9...10	Bounce #5 added RGB(23519, 16800, 9980)
0...1...2...3...4...5...6...7...8...9...10	Bounce #6 added RGB(9796, 6792, 3791)
0...1...2...3...4...5...6...7...8...9...10	Bounce #7 added RGB(4237, 2837, 1484)
0...1...2...3...4...5...6...7...8...9...10	Bounce #8 added RGB(1888, 1216, 595)
0...1...2...3...4...5...6...7...8...9...10	Bounce #9 added RGB(860, 532, 243)
0...1...2...3...4...5...6...7...8...9...10	Bounce #10 added RGB(399, 236, 101)
0...1...2...3...4...5...6...7...8...9...10	Bounce #11 added RGB(187, 106, 42)
0...1...2...3...4...5...6...7...8...9...10	Bounce #12 added RGB(89, 48, 18)
0...1...2...3...4...5...6...7...8...9...10	Bounce #13 added RGB(42, 22, 8)
0...1...2...3...4...5...6...7...8...9...10	Bounce #14 added RGB(20, 10, 3)
0...1...2...3...4...5...6...7...8...9...10	Bounce #15 added RGB(10, 5, 1)
0...1...2...3...4...5...6...7...8...9...10	Bounce #16 added RGB(5, 2, 1)
0...1...2...3...4...5...6...7...8...9...10	Bounce #17 added RGB(2, 1, 0)
0...1...2...3...4...5...6...7...8...9...10	Bounce #18 added RGB(1, 0, 0)
0...1...2...3...4...5...6...7...8...9...10	Bounce #19 added RGB(1, 0, 0)
Build Patch/Sample Hash Table(s).....Done<0.0955 sec>
0...1...2...3...4...5...6...7...8...9...10FinalLightFace Done
0...1...2...3...4...5...6...7...8...9...10Setting up leaf ambient computation...
108 of 398 (27% of) surface lights went in leaf ambient cubes.
0...1...2...3...4...5...6...7...8...9...10Writing leaf ambient...done
Ready to Finish

Object names       Objects/Maxobjs  Fullness 
------------       ---------------  -------- 
entities              1192/65536    ( 1.8%) 
models                 150/4096     ( 3.7%) 
brushes               4344/65536    ( 6.6%) 
brushsides           27434/655350   ( 4.2%) 
planes                5514/65536    ( 8.4%) 
vertexes             30849/65536    (47.1%) 
nodes                 4839/65536    ( 7.4%) 
texinfos              1658/32768    ( 5.1%) 
texdata                311/8192     ( 3.8%) 
dispinfos                4/16384    ( 0.0%) 
faces                17641/65536    (26.9%) 
hdr faces            17641/65536    (26.9%) 
origfaces             9004/65536    (13.7%) 
leaves                4990/65536    ( 7.6%) 
leaffaces            21017/65536    (32.1%) 
leafbrushes           8942/65536    (13.6%) 
areas                   88/1024     ( 8.6%) 
surfedges            86226/512000   (16.8%) 
edges                48547/256000   (19.0%) 
leafwaterdata           15/32768    ( 0.0%) 
primitives            2652/32768    ( 8.1%) 
primverts                0/65536    ( 0.0%) 
primindices          41337/65536    (63.1%) 
cubemapsamples           0/1024     ( 0.0%) 
overlays                71/8192     ( 0.9%) 
vertnormalindices    86082/256000   (33.6%) 
visdata             164877/16777216 ( 1.0%) 
entdata             431251/393216   (109.7%) FULL!!!
LDR ambient table     4990/65536    ( 7.6%) 
HDR ambient table     4990/65536    ( 7.6%) 
LDR worldlights            0       
HDR worldlights            559     
LDR lightdata              0       
HDR lightdata              36372972
LDR leaf ambient           4990    
HDR leaf ambient           16424   
occluders                  0       
occluder polygons          0       
occluder vert ind          0       
detail props               1140    
dtl prp lght               4       
HDR dtl prp lght           4       
static props               21608   
pakfile                    128476  
physics                    1415930 
physics terrain            1376    

Level flags = 0

Total triangle count: 50800
Writing w:\programs\steam\steamapps\common\garrysmod\garrysmod\addons\garrysmodmap\maps\gmm_garrymod_map_by_woowz_old_alpha_beta.bsp
8 seconds elapsed

==================================================================
Date: 2026-09-28 20:37:52
W:\Programs\Steam\steamapps\common\GarrysMod\bin\win64\vbspplusplus.exe -allowdynamicpropsasstatic -game W:\Programs\Steam\steamapps\common\GarrysMod\garrysmod w:\programs\steam\steamapps\common\garrysmod\garrysmod\addons\garrysmodmap\maps\gmm_garrymod_map_by_woowz_old_alpha_beta
==================================================================
16 threads
---------------
gamedir: W:\Programs\Steam\steamapps\common\GarrysMod\garrysmod\
---------------
Loading w:\programs\steam\steamapps\common\garrysmod\garrysmod\addons\garrysmodmap\maps\gmm_garrymod_map_by_woowz_old_alpha_beta.vmf
Locating GameData file 'garrysmod.fgd'...
Parsing GameData file w:\programs\steam\steamapps\common\garrysmod\bin\garrysmod.fgd
Parsing GameData file w:\programs\steam\steamapps\common\garrysmod\bin\base.fgd
Parsing GameData file w:\programs\steam\steamapps\common\garrysmod\bin\halflife2.fgd
Parsing GameData file w:\programs\steam\steamapps\common\garrysmod\bin\base.fgd
fixing up env_cubemap materials on brush sides...
FloodEntities...
FloodEntities...
Processing areas...done (0)
Building Faces...done (1)
Chop Details...done (0)
Find Visible Detail Sides...
Merged 1128 detail faces...done (0)
Merging details...done (0)
FixTjuncs...
PruneNodes...
WriteBSP...
done (0)
writing w:\programs\steam\steamapps\common\garrysmod\garrysmod\addons\garrysmodmap\maps\gmm_garrymod_map_by_woowz_old_alpha_beta.prt...
Building visibility clusters...
done (0)
Generating blank default cubemaps...
Generating blank default cubemaps...
Emitted 4342 brushes and 27422 brushsides
Finding displacement neighbors...
Finding lightmap sample positions...
Building Physics collision data...
done (0) (1416612 bytes)
Emitting static props...
Model "models/props_phx/construct/metal_wire1x2x2b.mdl" is missing $staticprop. Allowing due to -allowdynamicpropsasstatic
Model "models/props_phx/construct/metal_wire_angle360x2.mdl" is missing $staticprop. Allowing due to -allowdynamicpropsasstatic
Placing detail props : 0...1...2...3...4...5...6...7...8...9...10
Water found with no water_lod_control entity, creating a default one.
Compacting texture/material tables...
Reduced 2804 texinfos to 1656
Reduced 343 texdatas to 311 (10921 bytes to 8102)
Writing w:\programs\steam\steamapps\common\garrysmod\garrysmod\addons\garrysmodmap\maps\gmm_garrymod_map_by_woowz_old_alpha_beta.bsp
2 seconds elapsed

==================================================================
Date: 2026-09-28 20:37:55
W:\Programs\Steam\steamapps\common\GarrysMod\bin\win64\vvisplusplus.exe -game W:\Programs\Steam\steamapps\common\GarrysMod\garrysmod w:\programs\steam\steamapps\common\garrysmod\garrysmod\addons\garrysmodmap\maps\gmm_garrymod_map_by_woowz_old_alpha_beta
==================================================================
16 threads
CPU supports AVX2
reading w:\programs\steam\steamapps\common\garrysmod\garrysmod\addons\garrysmodmap\maps\gmm_garrymod_map_by_woowz_old_alpha_beta.bsp
reading w:\programs\steam\steamapps\common\garrysmod\garrysmod\addons\garrysmodmap\maps\gmm_garrymod_map_by_woowz_old_alpha_beta.prt
1478 portalclusters
2755 numportals
0...1...2...3...4...5...6...7...8...9...100...1...2...3...4...5...6...7...8...9...10Optimized: 263 visible clusters (0.34%)
Total clusters visible: 77489
Average clusters visible: 52
Building PAS...
Average clusters audible: 197
visdatasize:167623  compressed from 567552
writing w:\programs\steam\steamapps\common\garrysmod\garrysmod\addons\garrysmodmap\maps\gmm_garrymod_map_by_woowz_old_alpha_beta.bsp
Wrote ZIP buffer, estimated size 132710, actual size 128476
0 seconds elapsed

==================================================================
Date: 2026-09-28 20:37:55
W:\Programs\Steam\steamapps\common\GarrysMod\bin\win64\vradplusplus.exe -both -final -game W:\Programs\Steam\steamapps\common\GarrysMod\garrysmod w:\programs\steam\steamapps\common\garrysmod\garrysmod\addons\garrysmodmap\maps\gmm_garrymod_map_by_woowz_old_alpha_beta
==================================================================
---------------
gamedir: W:\Programs\Steam\steamapps\common\GarrysMod\garrysmod\
---------------
16 threads
Compiling in LDR+HDR mode
Reading texlights from 'lights.rad'...
53 texlights parsed
Loading w:\programs\steam\steamapps\common\garrysmod\garrysmod\addons\garrysmodmap\maps\gmm_garrymod_map_by_woowz_old_alpha_beta.bsp
162 props added to raytrace
17637 faces
1 degenerate faces
493 fake patch planes
1967014 square feet [283250080.00 square inches]
4 Displacements
3259 Square Feet [469401.19 Square Inches]
0...1...2...3...4...5...6...7...8...9...1017636 patches before subdivision
213426 patches after subdivision
CreateDirectLights...
0...1...2...3...4...5...6...7...8...9...10559 lights, 6 styled (0.01 seconds)
0...1...2...3...4...5...6...7...8...9...100...1...2...3...4...5...6...7...8...9...10transfers 24943605, max 1059
transfer lists: 190.3 megs
0...1...2...3...4...5...6...7...8...9...10	Bounce #1 added RGB(1764896, 1364134, 975790)
0...1...2...3...4...5...6...7...8...9...10	Bounce #2 added RGB(490318, 367713, 252166)
0...1...2...3...4...5...6...7...8...9...10	Bounce #3 added RGB(161297, 119711, 79261)
0...1...2...3...4...5...6...7...8...9...10	Bounce #4 added RGB(59492, 43455, 27328)
0...1...2...3...4...5...6...7...8...9...10	Bounce #5 added RGB(23519, 16793, 9968)
0...1...2...3...4...5...6...7...8...9...10	Bounce #6 added RGB(9795, 6790, 3786)
0...1...2...3...4...5...6...7...8...9...10	Bounce #7 added RGB(4236, 2836, 1482)
0...1...2...3...4...5...6...7...8...9...10	Bounce #8 added RGB(1888, 1216, 594)
0...1...2...3...4...5...6...7...8...9...10	Bounce #9 added RGB(860, 532, 243)
0...1...2...3...4...5...6...7...8...9...10	Bounce #10 added RGB(399, 236, 101)
0...1...2...3...4...5...6...7...8...9...10	Bounce #11 added RGB(187, 106, 42)
0...1...2...3...4...5...6...7...8...9...10	Bounce #12 added RGB(89, 48, 18)
0...1...2...3...4...5...6...7...8...9...10	Bounce #13 added RGB(42, 22, 8)
0...1...2...3...4...5...6...7...8...9...10	Bounce #14 added RGB(20, 10, 3)
0...1...2...3...4...5...6...7...8...9...10	Bounce #15 added RGB(10, 5, 1)
0...1...2...3...4...5...6...7...8...9...10	Bounce #16 added RGB(5, 2, 1)
0...1...2...3...4...5...6...7...8...9...10	Bounce #17 added RGB(2, 1, 0)
0...1...2...3...4...5...6...7...8...9...10	Bounce #18 added RGB(1, 0, 0)
0...1...2...3...4...5...6...7...8...9...10	Bounce #19 added RGB(1, 0, 0)
Build Patch/Sample Hash Table(s).....Done<0.0924 sec>
0...1...2...3...4...5...6...7...8...9...10FinalLightFace Done
0...1...2...3...4...5...6...7...8...9...10Setting up leaf ambient computation...
108 of 398 (27% of) surface lights went in leaf ambient cubes.
0...1...2...3...4...5...6...7...8...9...10Writing leaf ambient...done
Ready to Finish

Object names       Objects/Maxobjs  Fullness 
------------       ---------------  -------- 
entities              1191/65536    ( 1.8%) 
models                 149/4096     ( 3.6%) 
brushes               4342/65536    ( 6.6%) 
brushsides           27422/655350   ( 4.2%) 
planes                5506/65536    ( 8.4%) 
vertexes             30867/65536    (47.1%) 
nodes                 4827/65536    ( 7.4%) 
texinfos              1656/32768    ( 5.1%) 
texdata                311/8192     ( 3.8%) 
dispinfos                4/16384    ( 0.0%) 
faces                17637/65536    (26.9%) 
hdr faces            17637/65536    (26.9%) 
origfaces             9005/65536    (13.7%) 
leaves                4977/65536    ( 7.6%) 
leaffaces            21018/65536    (32.1%) 
leafbrushes           8947/65536    (13.7%) 
areas                   88/1024     ( 8.6%) 
surfedges            86233/512000   (16.8%) 
edges                48569/256000   (19.0%) 
leafwaterdata           15/32768    ( 0.0%) 
primitives            2659/32768    ( 8.1%) 
primverts                0/65536    ( 0.0%) 
primindices          41424/65536    (63.2%) 
cubemapsamples           0/1024     ( 0.0%) 
overlays                71/8192     ( 0.9%) 
vertnormalindices    86090/256000   (33.6%) 
visdata             167623/16777216 ( 1.0%) 
entdata             430657/393216   (109.5%) FULL!!!
LDR ambient table     4977/65536    ( 7.6%) 
HDR ambient table     4977/65536    ( 7.6%) 
LDR worldlights            0       
HDR worldlights            559     
LDR lightdata              0       
HDR lightdata              36357664
LDR leaf ambient           4977    
HDR leaf ambient           16208   
occluders                  0       
occluder polygons          0       
occluder vert ind          0       
detail props               1140    
dtl prp lght               4       
HDR dtl prp lght           4       
static props               21406   
pakfile                    128476  
physics                    1416612 
physics terrain            1376    

Level flags = 0

Total triangle count: 50816
Writing w:\programs\steam\steamapps\common\garrysmod\garrysmod\addons\garrysmodmap\maps\gmm_garrymod_map_by_woowz_old_alpha_beta.bsp
9 seconds elapsed

==================================================================
Date: 2026-09-28 20:42:45
W:\Programs\Steam\steamapps\common\GarrysMod\bin\win64\vbspplusplus.exe -allowdynamicpropsasstatic -game W:\Programs\Steam\steamapps\common\GarrysMod\garrysmod w:\programs\steam\steamapps\common\garrysmod\garrysmod\addons\garrysmodmap\maps\gmm_garrymod_map_by_woowz_old_alpha_beta
==================================================================
16 threads
---------------
gamedir: W:\Programs\Steam\steamapps\common\GarrysMod\garrysmod\
---------------
Loading w:\programs\steam\steamapps\common\garrysmod\garrysmod\addons\garrysmodmap\maps\gmm_garrymod_map_by_woowz_old_alpha_beta.vmf
Locating GameData file 'garrysmod.fgd'...
Parsing GameData file w:\programs\steam\steamapps\common\garrysmod\bin\garrysmod.fgd
Parsing GameData file w:\programs\steam\steamapps\common\garrysmod\bin\base.fgd
Parsing GameData file w:\programs\steam\steamapps\common\garrysmod\bin\halflife2.fgd
Parsing GameData file w:\programs\steam\steamapps\common\garrysmod\bin\base.fgd
fixing up env_cubemap materials on brush sides...
FloodEntities...
FloodEntities...
Processing areas...done (0)
Building Faces...done (0)
Chop Details...done (0)
Find Visible Detail Sides...
Merged 1128 detail faces...done (0)
Merging details...done (0)
FixTjuncs...
PruneNodes...
WriteBSP...
done (0)
writing w:\programs\steam\steamapps\common\garrysmod\garrysmod\addons\garrysmodmap\maps\gmm_garrymod_map_by_woowz_old_alpha_beta.prt...
Building visibility clusters...
done (0)
Generating blank default cubemaps...
Generating blank default cubemaps...
Emitted 4333 brushes and 27368 brushsides
Finding displacement neighbors...
Finding lightmap sample positions...
Building Physics collision data...
done (0) (1414668 bytes)
Emitting static props...
Model "models/props_phx/construct/metal_wire1x2x2b.mdl" is missing $staticprop. Allowing due to -allowdynamicpropsasstatic
Model "models/props_phx/construct/metal_wire_angle360x2.mdl" is missing $staticprop. Allowing due to -allowdynamicpropsasstatic
Placing detail props : 0...1...2...3...4...5...6...7...8...9...10
Water found with no water_lod_control entity, creating a default one.
Compacting texture/material tables...
Reduced 2799 texinfos to 1652
Reduced 342 texdatas to 310 (10901 bytes to 8082)
Writing w:\programs\steam\steamapps\common\garrysmod\garrysmod\addons\garrysmodmap\maps\gmm_garrymod_map_by_woowz_old_alpha_beta.bsp
2 seconds elapsed

==================================================================
Date: 2026-09-28 20:42:47
W:\Programs\Steam\steamapps\common\GarrysMod\bin\win64\vvisplusplus.exe -game W:\Programs\Steam\steamapps\common\GarrysMod\garrysmod w:\programs\steam\steamapps\common\garrysmod\garrysmod\addons\garrysmodmap\maps\gmm_garrymod_map_by_woowz_old_alpha_beta
==================================================================
16 threads
CPU supports AVX2
reading w:\programs\steam\steamapps\common\garrysmod\garrysmod\addons\garrysmodmap\maps\gmm_garrymod_map_by_woowz_old_alpha_beta.bsp
reading w:\programs\steam\steamapps\common\garrysmod\garrysmod\addons\garrysmodmap\maps\gmm_garrymod_map_by_woowz_old_alpha_beta.prt
1467 portalclusters
2736 numportals
0...1...2...3...4...5...6...7...8...9...100...1...2...3...4...5...6...7...8...9...10Optimized: 226 visible clusters (0.30%)
Total clusters visible: 76051
Average clusters visible: 51
Building PAS...
Average clusters audible: 194
visdatasize:164768  compressed from 539856
writing w:\programs\steam\steamapps\common\garrysmod\garrysmod\addons\garrysmodmap\maps\gmm_garrymod_map_by_woowz_old_alpha_beta.bsp
Wrote ZIP buffer, estimated size 132710, actual size 128476
0 seconds elapsed

==================================================================
Date: 2026-09-28 20:42:47
W:\Programs\Steam\steamapps\common\GarrysMod\bin\win64\vradplusplus.exe -both -final -game W:\Programs\Steam\steamapps\common\GarrysMod\garrysmod w:\programs\steam\steamapps\common\garrysmod\garrysmod\addons\garrysmodmap\maps\gmm_garrymod_map_by_woowz_old_alpha_beta
==================================================================
---------------
gamedir: W:\Programs\Steam\steamapps\common\GarrysMod\garrysmod\
---------------
16 threads
Compiling in LDR+HDR mode
Reading texlights from 'lights.rad'...
53 texlights parsed
Loading w:\programs\steam\steamapps\common\garrysmod\garrysmod\addons\garrysmodmap\maps\gmm_garrymod_map_by_woowz_old_alpha_beta.bsp
162 props added to raytrace
17546 faces
1 degenerate faces
493 fake patch planes
1958831 square feet [282071712.00 square inches]
6 Displacements
4507 Square Feet [649081.00 Square Inches]
0...1...2...3...4...5...6...7...8...9...1017545 patches before subdivision
212717 patches after subdivision
CreateDirectLights...
0...1...2...3...4...5...6...7...8...9...10557 lights, 6 styled (0.01 seconds)
0...1...2...3...4...5...6...7...8...9...100...1...2...3...4...5...6...7...8...9...10transfers 24846026, max 1059
transfer lists: 189.6 megs
0...1...2...3...4...5...6...7...8...9...10	Bounce #1 added RGB(1763812, 1362369, 974377)
0...1...2...3...4...5...6...7...8...9...10	Bounce #2 added RGB(489918, 367294, 251902)
0...1...2...3...4...5...6...7...8...9...10	Bounce #3 added RGB(161158, 119613, 79211)
0...1...2...3...4...5...6...7...8...9...10	Bounce #4 added RGB(59448, 43432, 27319)
0...1...2...3...4...5...6...7...8...9...10	Bounce #5 added RGB(23505, 16788, 9966)
0...1...2...3...4...5...6...7...8...9...10	Bounce #6 added RGB(9791, 6788, 3786)
0...1...2...3...4...5...6...7...8...9...10	Bounce #7 added RGB(4235, 2836, 1482)
0...1...2...3...4...5...6...7...8...9...10	Bounce #8 added RGB(1887, 1216, 594)
0...1...2...3...4...5...6...7...8...9...10	Bounce #9 added RGB(860, 532, 243)
0...1...2...3...4...5...6...7...8...9...10	Bounce #10 added RGB(399, 236, 101)
0...1...2...3...4...5...6...7...8...9...10	Bounce #11 added RGB(187, 106, 42)
0...1...2...3...4...5...6...7...8...9...10	Bounce #12 added RGB(89, 48, 18)
0...1...2...3...4...5...6...7...8...9...10	Bounce #13 added RGB(42, 22, 8)
0...1...2...3...4...5...6...7...8...9...10	Bounce #14 added RGB(20, 10, 3)
0...1...2...3...4...5...6...7...8...9...10	Bounce #15 added RGB(10, 5, 1)
0...1...2...3...4...5...6...7...8...9...10	Bounce #16 added RGB(5, 2, 1)
0...1...2...3...4...5...6...7...8...9...10	Bounce #17 added RGB(2, 1, 0)
0...1...2...3...4...5...6...7...8...9...10	Bounce #18 added RGB(1, 0, 0)
0...1...2...3...4...5...6...7...8...9...10	Bounce #19 added RGB(1, 0, 0)
Build Patch/Sample Hash Table(s).....Done<0.0922 sec>
0...1...2...3...4...5...6...7...8...9...10FinalLightFace Done
0...1...2...3...4...5...6...7...8...9...10Setting up leaf ambient computation...
108 of 398 (27% of) surface lights went in leaf ambient cubes.
0...1...2...3...4...5...6...7...8...9...10Writing leaf ambient...done
Ready to Finish

Object names       Objects/Maxobjs  Fullness 
------------       ---------------  -------- 
entities              1193/65536    ( 1.8%) 
models                 149/4096     ( 3.6%) 
brushes               4333/65536    ( 6.6%) 
brushsides           27368/655350   ( 4.2%) 
planes                5502/65536    ( 8.4%) 
vertexes             30731/65536    (46.9%) 
nodes                 4795/65536    ( 7.3%) 
texinfos              1652/32768    ( 5.0%) 
texdata                310/8192     ( 3.8%) 
dispinfos                6/16384    ( 0.0%) 
faces                17546/65536    (26.8%) 
hdr faces            17546/65536    (26.8%) 
origfaces             8982/65536    (13.7%) 
leaves                4945/65536    ( 7.5%) 
leaffaces            20915/65536    (31.9%) 
leafbrushes           8902/65536    (13.6%) 
areas                   88/1024     ( 8.6%) 
surfedges            85787/512000   (16.8%) 
edges                48336/256000   (18.9%) 
leafwaterdata           15/32768    ( 0.0%) 
primitives            2644/32768    ( 8.1%) 
primverts                0/65536    ( 0.0%) 
primindices          41211/65536    (62.9%) 
cubemapsamples           0/1024     ( 0.0%) 
overlays                69/8192     ( 0.8%) 
vertnormalindices    85644/256000   (33.5%) 
visdata             164768/16777216 ( 1.0%) 
entdata             428787/393216   (109.0%) FULL!!!
LDR ambient table     4945/65536    ( 7.5%) 
HDR ambient table     4945/65536    ( 7.5%) 
LDR worldlights            0       
HDR worldlights            557     
LDR lightdata              0       
HDR lightdata              36231016
LDR leaf ambient           4945    
HDR leaf ambient           16074   
occluders                  0       
occluder polygons          0       
occluder vert ind          0       
detail props               1140    
dtl prp lght               4       
HDR dtl prp lght           4       
static props               21332   
pakfile                    128476  
physics                    1414668 
physics terrain            1818    

Level flags = 0

Total triangle count: 50552
Writing w:\programs\steam\steamapps\common\garrysmod\garrysmod\addons\garrysmodmap\maps\gmm_garrymod_map_by_woowz_old_alpha_beta.bsp
9 seconds elapsed

==================================================================
Date: 2026-09-28 20:47:08
W:\Programs\Steam\steamapps\common\GarrysMod\bin\win64\vbspplusplus.exe -allowdynamicpropsasstatic -game W:\Programs\Steam\steamapps\common\GarrysMod\garrysmod w:\programs\steam\steamapps\common\garrysmod\garrysmod\addons\garrysmodmap\maps\gmm_garrymod_map_by_woowz_old_alpha_beta
==================================================================
16 threads
---------------
gamedir: W:\Programs\Steam\steamapps\common\GarrysMod\garrysmod\
---------------
Loading w:\programs\steam\steamapps\common\garrysmod\garrysmod\addons\garrysmodmap\maps\gmm_garrymod_map_by_woowz_old_alpha_beta.vmf
Locating GameData file 'garrysmod.fgd'...
Parsing GameData file w:\programs\steam\steamapps\common\garrysmod\bin\garrysmod.fgd
Parsing GameData file w:\programs\steam\steamapps\common\garrysmod\bin\base.fgd
Parsing GameData file w:\programs\steam\steamapps\common\garrysmod\bin\halflife2.fgd
Parsing GameData file w:\programs\steam\steamapps\common\garrysmod\bin\base.fgd
fixing up env_cubemap materials on brush sides...
FloodEntities...
FloodEntities...
Processing areas...done (0)
Building Faces...done (1)
Chop Details...done (0)
Find Visible Detail Sides...
Merged 1128 detail faces...done (0)
Merging details...done (0)
FixTjuncs...
PruneNodes...
WriteBSP...
done (0)
writing w:\programs\steam\steamapps\common\garrysmod\garrysmod\addons\garrysmodmap\maps\gmm_garrymod_map_by_woowz_old_alpha_beta.prt...
Building visibility clusters...
done (0)
Generating blank default cubemaps...
Generating blank default cubemaps...
Emitted 4335 brushes and 27380 brushsides
Finding displacement neighbors...
Finding lightmap sample positions...
Building Physics collision data...
done (0) (1415452 bytes)
Emitting static props...
Model "models/props_phx/construct/metal_wire1x2x2b.mdl" is missing $staticprop. Allowing due to -allowdynamicpropsasstatic
Model "models/props_phx/construct/metal_wire_angle360x2.mdl" is missing $staticprop. Allowing due to -allowdynamicpropsasstatic
Placing detail props : 0...1...2...3...4...5...6...7...8...9...10
Water found with no water_lod_control entity, creating a default one.
Compacting texture/material tables...
Reduced 2808 texinfos to 1659
Reduced 345 texdatas to 313 (10979 bytes to 8160)
Writing w:\programs\steam\steamapps\common\garrysmod\garrysmod\addons\garrysmodmap\maps\gmm_garrymod_map_by_woowz_old_alpha_beta.bsp
2 seconds elapsed

==================================================================
Date: 2026-09-28 20:47:11
W:\Programs\Steam\steamapps\common\GarrysMod\bin\win64\vvisplusplus.exe -game W:\Programs\Steam\steamapps\common\GarrysMod\garrysmod w:\programs\steam\steamapps\common\garrysmod\garrysmod\addons\garrysmodmap\maps\gmm_garrymod_map_by_woowz_old_alpha_beta
==================================================================
16 threads
CPU supports AVX2
reading w:\programs\steam\steamapps\common\garrysmod\garrysmod\addons\garrysmodmap\maps\gmm_garrymod_map_by_woowz_old_alpha_beta.bsp
reading w:\programs\steam\steamapps\common\garrysmod\garrysmod\addons\garrysmodmap\maps\gmm_garrymod_map_by_woowz_old_alpha_beta.prt
1467 portalclusters
2736 numportals
0...1...2...3...4...5...6...7...8...9...100...1...2...3...4...5...6...7...8...9...10Optimized: 226 visible clusters (0.30%)
Total clusters visible: 76051
Average clusters visible: 51
Building PAS...
Average clusters audible: 194
visdatasize:164768  compressed from 539856
writing w:\programs\steam\steamapps\common\garrysmod\garrysmod\addons\garrysmodmap\maps\gmm_garrymod_map_by_woowz_old_alpha_beta.bsp
Wrote ZIP buffer, estimated size 132710, actual size 128476
0 seconds elapsed

==================================================================
Date: 2026-09-28 20:47:11
W:\Programs\Steam\steamapps\common\GarrysMod\bin\win64\vradplusplus.exe -both -final -game W:\Programs\Steam\steamapps\common\GarrysMod\garrysmod w:\programs\steam\steamapps\common\garrysmod\garrysmod\addons\garrysmodmap\maps\gmm_garrymod_map_by_woowz_old_alpha_beta
==================================================================
---------------
gamedir: W:\Programs\Steam\steamapps\common\GarrysMod\garrysmod\
---------------
16 threads
Compiling in LDR+HDR mode
Reading texlights from 'lights.rad'...
53 texlights parsed
Loading w:\programs\steam\steamapps\common\garrysmod\garrysmod\addons\garrysmodmap\maps\gmm_garrymod_map_by_woowz_old_alpha_beta.bsp
162 props added to raytrace
17555 faces
1 degenerate faces
493 fake patch planes
1958888 square feet [282079904.00 square inches]
6 Displacements
4507 Square Feet [649081.00 Square Inches]
0...1...2...3...4...5...6...7...8...9...1017554 patches before subdivision
212734 patches after subdivision
CreateDirectLights...
0...1...2...3...4...5...6...7...8...9...10557 lights, 6 styled (0.01 seconds)
0...1...2...3...4...5...6...7...8...9...100...1...2...3...4...5...6...7...8...9...10transfers 24854246, max 1059
transfer lists: 189.6 megs
0...1...2...3...4...5...6...7...8...9...10	Bounce #1 added RGB(1763919, 1362451, 974532)
0...1...2...3...4...5...6...7...8...9...10	Bounce #2 added RGB(489957, 367321, 251955)
0...1...2...3...4...5...6...7...8...9...10	Bounce #3 added RGB(161173, 119624, 79230)
0...1...2...3...4...5...6...7...8...9...10	Bounce #4 added RGB(59454, 43437, 27325)
0...1...2...3...4...5...6...7...8...9...10	Bounce #5 added RGB(23508, 16790, 9968)
0...1...2...3...4...5...6...7...8...9...10	Bounce #6 added RGB(9792, 6789, 3787)
0...1...2...3...4...5...6...7...8...9...10	Bounce #7 added RGB(4235, 2836, 1482)
0...1...2...3...4...5...6...7...8...9...10	Bounce #8 added RGB(1888, 1216, 594)
0...1...2...3...4...5...6...7...8...9...10	Bounce #9 added RGB(860, 532, 243)
0...1...2...3...4...5...6...7...8...9...10	Bounce #10 added RGB(399, 236, 101)
0...1...2...3...4...5...6...7...8...9...10	Bounce #11 added RGB(187, 106, 42)
0...1...2...3...4...5...6...7...8...9...10	Bounce #12 added RGB(89, 48, 18)
0...1...2...3...4...5...6...7...8...9...10	Bounce #13 added RGB(42, 22, 8)
0...1...2...3...4...5...6...7...8...9...10	Bounce #14 added RGB(20, 10, 3)
0...1...2...3...4...5...6...7...8...9...10	Bounce #15 added RGB(10, 5, 1)
0...1...2...3...4...5...6...7...8...9...10	Bounce #16 added RGB(5, 2, 1)
0...1...2...3...4...5...6...7...8...9...10	Bounce #17 added RGB(2, 1, 0)
0...1...2...3...4...5...6...7...8...9...10	Bounce #18 added RGB(1, 0, 0)
0...1...2...3...4...5...6...7...8...9...10	Bounce #19 added RGB(1, 0, 0)
Build Patch/Sample Hash Table(s).....Done<0.0936 sec>
0...1...2...3...4...5...6...7...8...9...10FinalLightFace Done
0...1...2...3...4...5...6...7...8...9...10Setting up leaf ambient computation...
108 of 398 (27% of) surface lights went in leaf ambient cubes.
0...1...2...3...4...5...6...7...8...9...10Writing leaf ambient...done
Ready to Finish

Object names       Objects/Maxobjs  Fullness 
------------       ---------------  -------- 
entities              1182/65536    ( 1.8%) 
models                 149/4096     ( 3.6%) 
brushes               4335/65536    ( 6.6%) 
brushsides           27380/655350   ( 4.2%) 
planes                5504/65536    ( 8.4%) 
vertexes             30763/65536    (46.9%) 
nodes                 4795/65536    ( 7.3%) 
texinfos              1659/32768    ( 5.1%) 
texdata                313/8192     ( 3.8%) 
dispinfos                6/16384    ( 0.0%) 
faces                17555/65536    (26.8%) 
hdr faces            17555/65536    (26.8%) 
origfaces             8990/65536    (13.7%) 
leaves                4945/65536    ( 7.5%) 
leaffaces            20924/65536    (31.9%) 
leafbrushes           8904/65536    (13.6%) 
areas                   88/1024     ( 8.6%) 
surfedges            85872/512000   (16.8%) 
edges                48411/256000   (18.9%) 
leafwaterdata           15/32768    ( 0.0%) 
primitives            2649/32768    ( 8.1%) 
primverts                0/65536    ( 0.0%) 
primindices          41376/65536    (63.1%) 
cubemapsamples           0/1024     ( 0.0%) 
overlays                72/8192     ( 0.9%) 
vertnormalindices    85729/256000   (33.5%) 
visdata             164768/16777216 ( 1.0%) 
entdata             426710/393216   (108.5%) FULL!!!
LDR ambient table     4945/65536    ( 7.5%) 
HDR ambient table     4945/65536    ( 7.5%) 
LDR worldlights            0       
HDR worldlights            557     
LDR lightdata              0       
HDR lightdata              36232196
LDR leaf ambient           4945    
HDR leaf ambient           16074   
occluders                  0       
occluder polygons          0       
occluder vert ind          0       
detail props               1140    
dtl prp lght               4       
HDR dtl prp lght           4       
static props               21332   
pakfile                    128476  
physics                    1415452 
physics terrain            1818    

Level flags = 0

Total triangle count: 50619
Writing w:\programs\steam\steamapps\common\garrysmod\garrysmod\addons\garrysmodmap\maps\gmm_garrymod_map_by_woowz_old_alpha_beta.bsp
9 seconds elapsed

==================================================================
Date: 2026-09-28 21:00:32
W:\Programs\Steam\steamapps\common\GarrysMod\bin\win64\vbspplusplus.exe -allowdynamicpropsasstatic -game W:\Programs\Steam\steamapps\common\GarrysMod\garrysmod w:\programs\steam\steamapps\common\garrysmod\garrysmod\addons\garrysmodmap\maps\gmm_garrymod_map_by_woowz_old_alpha_beta
==================================================================
16 threads
---------------
gamedir: W:\Programs\Steam\steamapps\common\GarrysMod\garrysmod\
---------------
Loading w:\programs\steam\steamapps\common\garrysmod\garrysmod\addons\garrysmodmap\maps\gmm_garrymod_map_by_woowz_old_alpha_beta.vmf
Locating GameData file 'garrysmod.fgd'...
Parsing GameData file w:\programs\steam\steamapps\common\garrysmod\bin\garrysmod.fgd
Parsing GameData file w:\programs\steam\steamapps\common\garrysmod\bin\base.fgd
Parsing GameData file w:\programs\steam\steamapps\common\garrysmod\bin\halflife2.fgd
Parsing GameData file w:\programs\steam\steamapps\common\garrysmod\bin\base.fgd
fixing up env_cubemap materials on brush sides...
FloodEntities...
FloodEntities...
Processing areas...done (0)
Building Faces...done (0)
Chop Details...done (0)
Find Visible Detail Sides...
Merged 1120 detail faces...done (0)
Merging details...done (0)
FixTjuncs...
PruneNodes...
WriteBSP...
done (0)
writing w:\programs\steam\steamapps\common\garrysmod\garrysmod\addons\garrysmodmap\maps\gmm_garrymod_map_by_woowz_old_alpha_beta.prt...
Building visibility clusters...
done (0)
Generating blank default cubemaps...
Generating blank default cubemaps...
Emitted 4329 brushes and 27343 brushsides
Finding displacement neighbors...
Finding lightmap sample positions...
Building Physics collision data...
done (0) (1415148 bytes)
Emitting static props...
Model "models/props_phx/construct/metal_wire1x2x2b.mdl" is missing $staticprop. Allowing due to -allowdynamicpropsasstatic
Model "models/props_phx/construct/metal_wire_angle360x2.mdl" is missing $staticprop. Allowing due to -allowdynamicpropsasstatic
Placing detail props : 0...1...2...3...4...5...6...7...8...9...10
Water found with no water_lod_control entity, creating a default one.
Compacting texture/material tables...
Reduced 2809 texinfos to 1653
Reduced 344 texdatas to 312 (10962 bytes to 8143)
Writing w:\programs\steam\steamapps\common\garrysmod\garrysmod\addons\garrysmodmap\maps\gmm_garrymod_map_by_woowz_old_alpha_beta.bsp
2 seconds elapsed

==================================================================
Date: 2026-09-28 21:00:35
W:\Programs\Steam\steamapps\common\GarrysMod\bin\win64\vvisplusplus.exe -game W:\Programs\Steam\steamapps\common\GarrysMod\garrysmod w:\programs\steam\steamapps\common\garrysmod\garrysmod\addons\garrysmodmap\maps\gmm_garrymod_map_by_woowz_old_alpha_beta
==================================================================
16 threads
CPU supports AVX2
reading w:\programs\steam\steamapps\common\garrysmod\garrysmod\addons\garrysmodmap\maps\gmm_garrymod_map_by_woowz_old_alpha_beta.bsp
reading w:\programs\steam\steamapps\common\garrysmod\garrysmod\addons\garrysmodmap\maps\gmm_garrymod_map_by_woowz_old_alpha_beta.prt
1464 portalclusters
2727 numportals
0...1...2...3...4...5...6...7...8...9...100...1...2...3...4...5...6...7...8...9...10Optimized: 228 visible clusters (0.30%)
Total clusters visible: 75724
Average clusters visible: 51
Building PAS...
Average clusters audible: 191
visdatasize:163180  compressed from 538752
writing w:\programs\steam\steamapps\common\garrysmod\garrysmod\addons\garrysmodmap\maps\gmm_garrymod_map_by_woowz_old_alpha_beta.bsp
Wrote ZIP buffer, estimated size 132710, actual size 128476
0 seconds elapsed

==================================================================
Date: 2026-09-28 21:00:35
W:\Programs\Steam\steamapps\common\GarrysMod\bin\win64\vradplusplus.exe -both -final -game W:\Programs\Steam\steamapps\common\GarrysMod\garrysmod w:\programs\steam\steamapps\common\garrysmod\garrysmod\addons\garrysmodmap\maps\gmm_garrymod_map_by_woowz_old_alpha_beta
==================================================================
---------------
gamedir: W:\Programs\Steam\steamapps\common\GarrysMod\garrysmod\
---------------
16 threads
Compiling in LDR+HDR mode
Reading texlights from 'lights.rad'...
53 texlights parsed
Loading w:\programs\steam\steamapps\common\garrysmod\garrysmod\addons\garrysmodmap\maps\gmm_garrymod_map_by_woowz_old_alpha_beta.bsp
158 props added to raytrace
17522 faces
1 degenerate faces
493 fake patch planes
1965115 square feet [282976672.00 square inches]
6 Displacements
4507 Square Feet [649081.00 Square Inches]
0...1...2...3...4...5...6...7...8...9...1017521 patches before subdivision
212929 patches after subdivision
CreateDirectLights...
0...1...2...3...4...5...6...7...8...9...10554 lights, 6 styled (0.01 seconds)
0...1...2...3...4...5...6...7...8...9...100...1...2...3...4...5...6...7...8...9...10transfers 24568211, max 1059
transfer lists: 187.4 megs
0...1...2...3...4...5...6...7...8...9...10	Bounce #1 added RGB(1811843, 1409205, 1008886)
0...1...2...3...4...5...6...7...8...9...10	Bounce #2 added RGB(505554, 383387, 266470)
0...1...2...3...4...5...6...7...8...9...10	Bounce #3 added RGB(167274, 125872, 85687)
0...1...2...3...4...5...6...7...8...9...10	Bounce #4 added RGB(62075, 46007, 30001)
0...1...2...3...4...5...6...7...8...9...10	Bounce #5 added RGB(24640, 17882, 11111)
0...1...2...3...4...5...6...7...8...9...10	Bounce #6 added RGB(10282, 7254, 4261)
0...1...2...3...4...5...6...7...8...9...10	Bounce #7 added RGB(4443, 3034, 1683)
0...1...2...3...4...5...6...7...8...9...10	Bounce #8 added RGB(1974, 1300, 678)
0...1...2...3...4...5...6...7...8...9...10	Bounce #9 added RGB(895, 568, 278)
0...1...2...3...4...5...6...7...8...9...10	Bounce #10 added RGB(413, 251, 115)
0...1...2...3...4...5...6...7...8...9...10	Bounce #11 added RGB(192, 113, 48)
0...1...2...3...4...5...6...7...8...9...10	Bounce #12 added RGB(91, 51, 20)
0...1...2...3...4...5...6...7...8...9...10	Bounce #13 added RGB(43, 23, 9)
0...1...2...3...4...5...6...7...8...9...10	Bounce #14 added RGB(20, 11, 4)
0...1...2...3...4...5...6...7...8...9...10	Bounce #15 added RGB(10, 5, 2)
0...1...2...3...4...5...6...7...8...9...10	Bounce #16 added RGB(5, 2, 1)
0...1...2...3...4...5...6...7...8...9...10	Bounce #17 added RGB(2, 1, 0)
0...1...2...3...4...5...6...7...8...9...10	Bounce #18 added RGB(1, 0, 0)
0...1...2...3...4...5...6...7...8...9...10	Bounce #19 added RGB(1, 0, 0)
Build Patch/Sample Hash Table(s).....Done<0.0943 sec>
0...1...2...3...4...5...6...7...8...9...10FinalLightFace Done
0...1...2...3...4...5...6...7...8...9...10Setting up leaf ambient computation...
108 of 398 (27% of) surface lights went in leaf ambient cubes.
0...1...2...3...4...5...6...7...8...9...10Writing leaf ambient...done
Ready to Finish

Object names       Objects/Maxobjs  Fullness 
------------       ---------------  -------- 
entities              1172/65536    ( 1.8%) 
models                 149/4096     ( 3.6%) 
brushes               4329/65536    ( 6.6%) 
brushsides           27343/655350   ( 4.2%) 
planes                5502/65536    ( 8.4%) 
vertexes             30729/65536    (46.9%) 
nodes                 4784/65536    ( 7.3%) 
texinfos              1653/32768    ( 5.0%) 
texdata                312/8192     ( 3.8%) 
dispinfos                6/16384    ( 0.0%) 
faces                17522/65536    (26.7%) 
hdr faces            17522/65536    (26.7%) 
origfaces             8960/65536    (13.7%) 
leaves                4934/65536    ( 7.5%) 
leaffaces            20898/65536    (31.9%) 
leafbrushes           8901/65536    (13.6%) 
areas                   89/1024     ( 8.7%) 
surfedges            85689/512000   (16.7%) 
edges                48282/256000   (18.9%) 
leafwaterdata           15/32768    ( 0.0%) 
primitives            2638/32768    ( 8.1%) 
primverts                0/65536    ( 0.0%) 
primindices          41265/65536    (63.0%) 
cubemapsamples           0/1024     ( 0.0%) 
overlays                71/8192     ( 0.9%) 
vertnormalindices    85546/256000   (33.4%) 
visdata             163180/16777216 ( 1.0%) 
entdata             424768/393216   (108.0%) FULL!!!
LDR ambient table     4934/65536    ( 7.5%) 
HDR ambient table     4934/65536    ( 7.5%) 
LDR worldlights            0       
HDR worldlights            554     
LDR lightdata              0       
HDR lightdata              36180148
LDR leaf ambient           4934    
HDR leaf ambient           16002   
occluders                  0       
occluder polygons          0       
occluder vert ind          0       
detail props               1140    
dtl prp lght               4       
HDR dtl prp lght           4       
static props               20694   
pakfile                    128476  
physics                    1415148 
physics terrain            1818    

Level flags = 0

Total triangle count: 50502
Writing w:\programs\steam\steamapps\common\garrysmod\garrysmod\addons\garrysmodmap\maps\gmm_garrymod_map_by_woowz_old_alpha_beta.bsp
10 seconds elapsed

==================================================================
Date: 2026-09-28 21:04:10
W:\Programs\Steam\steamapps\common\GarrysMod\bin\win64\vbspplusplus.exe -allowdynamicpropsasstatic -game W:\Programs\Steam\steamapps\common\GarrysMod\garrysmod w:\programs\steam\steamapps\common\garrysmod\garrysmod\addons\garrysmodmap\maps\gmm_garrymod_map_by_woowz_old_alpha_beta
==================================================================
16 threads
---------------
gamedir: W:\Programs\Steam\steamapps\common\GarrysMod\garrysmod\
---------------
Loading w:\programs\steam\steamapps\common\garrysmod\garrysmod\addons\garrysmodmap\maps\gmm_garrymod_map_by_woowz_old_alpha_beta.vmf
Locating GameData file 'garrysmod.fgd'...
Parsing GameData file w:\programs\steam\steamapps\common\garrysmod\bin\garrysmod.fgd
Parsing GameData file w:\programs\steam\steamapps\common\garrysmod\bin\base.fgd
Parsing GameData file w:\programs\steam\steamapps\common\garrysmod\bin\halflife2.fgd
Parsing GameData file w:\programs\steam\steamapps\common\garrysmod\bin\base.fgd
fixing up env_cubemap materials on brush sides...
FloodEntities...
FloodEntities...
Processing areas...done (0)
Building Faces...done (0)
Chop Details...done (0)
Find Visible Detail Sides...
Merged 1044 detail faces...done (1)
Merging details...done (0)
FixTjuncs...
PruneNodes...
WriteBSP...
done (0)
writing w:\programs\steam\steamapps\common\garrysmod\garrysmod\addons\garrysmodmap\maps\gmm_garrymod_map_by_woowz_old_alpha_beta.prt...
Building visibility clusters...
done (0)
Generating blank default cubemaps...
Generating blank default cubemaps...
Emitted 3924 brushes and 24872 brushsides
Finding displacement neighbors...
Finding lightmap sample positions...
Building Physics collision data...
done (0) (1405509 bytes)
Emitting static props...
Model "models/props_phx/construct/metal_wire1x2x2b.mdl" is missing $staticprop. Allowing due to -allowdynamicpropsasstatic
Model "models/props_phx/construct/metal_wire_angle360x2.mdl" is missing $staticprop. Allowing due to -allowdynamicpropsasstatic
Placing detail props : 0...1...2...3...4...5...6...7...8...9...10
Water found with no water_lod_control entity, creating a default one.
Compacting texture/material tables...
Reduced 2361 texinfos to 1605
Reduced 338 texdatas to 309 (10829 bytes to 8081)
Writing w:\programs\steam\steamapps\common\garrysmod\garrysmod\addons\garrysmodmap\maps\gmm_garrymod_map_by_woowz_old_alpha_beta.bsp
2 seconds elapsed

==================================================================
Date: 2026-09-28 21:04:12
W:\Programs\Steam\steamapps\common\GarrysMod\bin\win64\vvisplusplus.exe -game W:\Programs\Steam\steamapps\common\GarrysMod\garrysmod w:\programs\steam\steamapps\common\garrysmod\garrysmod\addons\garrysmodmap\maps\gmm_garrymod_map_by_woowz_old_alpha_beta
==================================================================
16 threads
CPU supports AVX2
reading w:\programs\steam\steamapps\common\garrysmod\garrysmod\addons\garrysmodmap\maps\gmm_garrymod_map_by_woowz_old_alpha_beta.bsp
reading w:\programs\steam\steamapps\common\garrysmod\garrysmod\addons\garrysmodmap\maps\gmm_garrymod_map_by_woowz_old_alpha_beta.prt
1672 portalclusters
3507 numportals
0...1...2...3...4...5...6...7...8...9...100...1...2...3...4...5...6...7...8...9...10Optimized: 306 visible clusters (0.38%)
Total clusters visible: 81220
Average clusters visible: 48
Building PAS...
Average clusters audible: 210
visdatasize:211333  compressed from 722304
writing w:\programs\steam\steamapps\common\garrysmod\garrysmod\addons\garrysmodmap\maps\gmm_garrymod_map_by_woowz_old_alpha_beta.bsp
Wrote ZIP buffer, estimated size 132710, actual size 128476
0 seconds elapsed

==================================================================
Date: 2026-09-28 21:04:12
W:\Programs\Steam\steamapps\common\GarrysMod\bin\win64\vradplusplus.exe -both -final -game W:\Programs\Steam\steamapps\common\GarrysMod\garrysmod w:\programs\steam\steamapps\common\garrysmod\garrysmod\addons\garrysmodmap\maps\gmm_garrymod_map_by_woowz_old_alpha_beta
==================================================================
---------------
gamedir: W:\Programs\Steam\steamapps\common\GarrysMod\garrysmod\
---------------
16 threads
Compiling in LDR+HDR mode
Reading texlights from 'lights.rad'...
53 texlights parsed
Loading w:\programs\steam\steamapps\common\garrysmod\garrysmod\addons\garrysmodmap\maps\gmm_garrymod_map_by_woowz_old_alpha_beta.bsp
158 props added to raytrace
17578 faces
1 degenerate faces
403 fake patch planes
1954822 square feet [281494368.00 square inches]
6 Displacements
4507 Square Feet [649081.00 Square Inches]
0...1...2...3...4...5...6...7...8...9...1017577 patches before subdivision
212887 patches after subdivision
CreateDirectLights...
0...1...2...3...4...5...6...7...8...9...10578 lights, 6 styled (0.01 seconds)
0...1...2...3...4...5...6...7...8...9...100...1...2...3...4...5...6...7...8...9...10transfers 24485219, max 969
transfer lists: 186.8 megs
0...1...2...3...4...5...6...7...8...9...10	Bounce #1 added RGB(2136262, 1597347, 1096651)
0...1...2...3...4...5...6...7...8...9...10	Bounce #2 added RGB(608648, 447885, 302612)
0...1...2...3...4...5...6...7...8...9...10	Bounce #3 added RGB(201789, 149181, 102132)
0...1...2...3...4...5...6...7...8...9...10	Bounce #4 added RGB(73166, 54144, 37254)
0...1...2...3...4...5...6...7...8...9...10	Bounce #5 added RGB(28430, 20860, 14368)
0...1...2...3...4...5...6...7...8...9...10	Bounce #6 added RGB(11588, 8350, 5704)
0...1...2...3...4...5...6...7...8...9...10	Bounce #7 added RGB(4922, 3457, 2331)
0...1...2...3...4...5...6...7...8...9...10	Bounce #8 added RGB(2155, 1466, 968)
0...1...2...3...4...5...6...7...8...9...10	Bounce #9 added RGB(967, 635, 409)
0...1...2...3...4...5...6...7...8...9...10	Bounce #10 added RGB(442, 279, 174)
0...1...2...3...4...5...6...7...8...9...10	Bounce #11 added RGB(205, 125, 75)
0...1...2...3...4...5...6...7...8...9...10	Bounce #12 added RGB(96, 56, 32)
0...1...2...3...4...5...6...7...8...9...10	Bounce #13 added RGB(45, 25, 14)
0...1...2...3...4...5...6...7...8...9...10	Bounce #14 added RGB(22, 12, 6)
0...1...2...3...4...5...6...7...8...9...10	Bounce #15 added RGB(10, 5, 3)
0...1...2...3...4...5...6...7...8...9...10	Bounce #16 added RGB(5, 2, 1)
0...1...2...3...4...5...6...7...8...9...10	Bounce #17 added RGB(2, 1, 1)
0...1...2...3...4...5...6...7...8...9...10	Bounce #18 added RGB(1, 1, 0)
0...1...2...3...4...5...6...7...8...9...10	Bounce #19 added RGB(1, 0, 0)
Build Patch/Sample Hash Table(s).....Done<0.0919 sec>
0...1...2...3...4...5...6...7...8...9...10FinalLightFace Done
0...1...2...3...4...5...6...7...8...9...10Setting up leaf ambient computation...
108 of 422 (25% of) surface lights went in leaf ambient cubes.
0...1...2...3...4...5...6...7...8...9...10Writing leaf ambient...done
Ready to Finish

Object names       Objects/Maxobjs  Fullness 
------------       ---------------  -------- 
entities              1021/65536    ( 1.6%) 
models                 133/4096     ( 3.2%) 
brushes               3924/65536    ( 6.0%) 
brushsides           24872/655350   ( 3.8%) 
planes                5346/65536    ( 8.2%) 
vertexes             30829/65536    (47.0%) 
nodes                 5157/65536    ( 7.9%) 
texinfos              1605/32768    ( 4.9%) 
texdata                309/8192     ( 3.8%) 
dispinfos                6/16384    ( 0.0%) 
faces                17578/65536    (26.8%) 
hdr faces            17578/65536    (26.8%) 
origfaces             8877/65536    (13.5%) 
leaves                5291/65536    ( 8.1%) 
leaffaces            21349/65536    (32.6%) 
leafbrushes           8356/65536    (12.8%) 
areas                    9/1024     ( 0.9%) 
surfedges            86276/512000   (16.9%) 
edges                47344/256000   (18.5%) 
leafwaterdata           15/32768    ( 0.0%) 
primitives            2701/32768    ( 8.2%) 
primverts                0/65536    ( 0.0%) 
primindices          42027/65536    (64.1%) 
cubemapsamples           0/1024     ( 0.0%) 
overlays                71/8192     ( 0.9%) 
vertnormalindices    86148/256000   (33.7%) 
visdata             211333/16777216 ( 1.3%) 
entdata             403690/393216   (102.7%) FULL!!!
LDR ambient table     5291/65536    ( 8.1%) 
HDR ambient table     5291/65536    ( 8.1%) 
LDR worldlights            0       
HDR worldlights            578     
LDR lightdata              0       
HDR lightdata              36182312
LDR leaf ambient           5291    
HDR leaf ambient           16991   
occluders                  0       
occluder polygons          0       
occluder vert ind          0       
detail props               1140    
dtl prp lght               4       
HDR dtl prp lght           4       
static props               20708   
pakfile                    128476  
physics                    1405509 
physics terrain            1818    

Level flags = 0

Total triangle count: 50992
Writing w:\programs\steam\steamapps\common\garrysmod\garrysmod\addons\garrysmodmap\maps\gmm_garrymod_map_by_woowz_old_alpha_beta.bsp
10 seconds elapsed

==================================================================
Date: 2026-09-28 21:05:42
W:\Programs\Steam\steamapps\common\GarrysMod\bin\win64\vbspplusplus.exe -allowdynamicpropsasstatic -game W:\Programs\Steam\steamapps\common\GarrysMod\garrysmod w:\programs\steam\steamapps\common\garrysmod\garrysmod\addons\garrysmodmap\maps\gmm_garrymod_map_by_woowz_old_alpha_beta
==================================================================
16 threads
---------------
gamedir: W:\Programs\Steam\steamapps\common\GarrysMod\garrysmod\
---------------
Loading w:\programs\steam\steamapps\common\garrysmod\garrysmod\addons\garrysmodmap\maps\gmm_garrymod_map_by_woowz_old_alpha_beta.vmf
Locating GameData file 'garrysmod.fgd'...
Parsing GameData file w:\programs\steam\steamapps\common\garrysmod\bin\garrysmod.fgd
Parsing GameData file w:\programs\steam\steamapps\common\garrysmod\bin\base.fgd
Parsing GameData file w:\programs\steam\steamapps\common\garrysmod\bin\halflife2.fgd
Parsing GameData file w:\programs\steam\steamapps\common\garrysmod\bin\base.fgd
fixing up env_cubemap materials on brush sides...
FloodEntities...
FloodEntities...
Processing areas...done (0)
Building Faces...done (0)
Chop Details...done (0)
Find Visible Detail Sides...
Merged 1044 detail faces...done (0)
Merging details...done (0)
FixTjuncs...
PruneNodes...
WriteBSP...
done (0)
writing w:\programs\steam\steamapps\common\garrysmod\garrysmod\addons\garrysmodmap\maps\gmm_garrymod_map_by_woowz_old_alpha_beta.prt...
Building visibility clusters...
done (0)
Generating blank default cubemaps...
Generating blank default cubemaps...
Emitted 3924 brushes and 24872 brushsides
Finding displacement neighbors...
Finding lightmap sample positions...
Building Physics collision data...
done (0) (1405509 bytes)
Emitting static props...
Model "models/props_phx/construct/metal_wire1x2x2b.mdl" is missing $staticprop. Allowing due to -allowdynamicpropsasstatic
Model "models/props_phx/construct/metal_wire_angle360x2.mdl" is missing $staticprop. Allowing due to -allowdynamicpropsasstatic
Placing detail props : 0...1...2...3...4...5...6...7...8...9...10
Water found with no water_lod_control entity, creating a default one.
Compacting texture/material tables...
Reduced 2361 texinfos to 1605
Reduced 338 texdatas to 309 (10829 bytes to 8081)
Writing w:\programs\steam\steamapps\common\garrysmod\garrysmod\addons\garrysmodmap\maps\gmm_garrymod_map_by_woowz_old_alpha_beta.bsp
2 seconds elapsed

==================================================================
Date: 2026-09-28 21:05:44
W:\Programs\Steam\steamapps\common\GarrysMod\bin\win64\vvisplusplus.exe -game W:\Programs\Steam\steamapps\common\GarrysMod\garrysmod w:\programs\steam\steamapps\common\garrysmod\garrysmod\addons\garrysmodmap\maps\gmm_garrymod_map_by_woowz_old_alpha_beta
==================================================================
16 threads
CPU supports AVX2
reading w:\programs\steam\steamapps\common\garrysmod\garrysmod\addons\garrysmodmap\maps\gmm_garrymod_map_by_woowz_old_alpha_beta.bsp
reading w:\programs\steam\steamapps\common\garrysmod\garrysmod\addons\garrysmodmap\maps\gmm_garrymod_map_by_woowz_old_alpha_beta.prt
1672 portalclusters
3507 numportals
0...1...2...3...4...5...6...7...8...9...100...1...2...3...4...5...6...7...8...9...10Optimized: 307 visible clusters (0.38%)
Total clusters visible: 81221
Average clusters visible: 48
Building PAS...
Average clusters audible: 210
visdatasize:211333  compressed from 722304
writing w:\programs\steam\steamapps\common\garrysmod\garrysmod\addons\garrysmodmap\maps\gmm_garrymod_map_by_woowz_old_alpha_beta.bsp
Wrote ZIP buffer, estimated size 132710, actual size 128476
0 seconds elapsed

==================================================================
Date: 2026-09-28 21:05:45
W:\Programs\Steam\steamapps\common\GarrysMod\bin\win64\vradplusplus.exe -both -final -game W:\Programs\Steam\steamapps\common\GarrysMod\garrysmod w:\programs\steam\steamapps\common\garrysmod\garrysmod\addons\garrysmodmap\maps\gmm_garrymod_map_by_woowz_old_alpha_beta
==================================================================
---------------
gamedir: W:\Programs\Steam\steamapps\common\GarrysMod\garrysmod\
---------------
16 threads
Compiling in LDR+HDR mode
Reading texlights from 'lights.rad'...
53 texlights parsed
Loading w:\programs\steam\steamapps\common\garrysmod\garrysmod\addons\garrysmodmap\maps\gmm_garrymod_map_by_woowz_old_alpha_beta.bsp
158 props added to raytrace
17575 faces
1 degenerate faces
403 fake patch planes
1954822 square feet [281494368.00 square inches]
6 Displacements
4507 Square Feet [649081.00 Square Inches]
0...1...2...3...4...5...6...7...8...9...1017574 patches before subdivision
212904 patches after subdivision
CreateDirectLights...
0...1...2...3...4...5...6...7...8...9...10578 lights, 6 styled (0.01 seconds)
0...1...2...3...4...5...6...7...8...9...100...1...2...3...4...5...6...7...8...9...10transfers 24482547, max 969
transfer lists: 186.8 megs
0...1...2...3...4...5...6...7...8...9...10	Bounce #1 added RGB(2136047, 1597090, 1096364)
0...1...2...3...4...5...6...7...8...9...10	Bounce #2 added RGB(608693, 447940, 302690)
0...1...2...3...4...5...6...7...8...9...10	Bounce #3 added RGB(201795, 149186, 102137)
0...1...2...3...4...5...6...7...8...9...10	Bounce #4 added RGB(73174, 54153, 37267)
0...1...2...3...4...5...6...7...8...9...10	Bounce #5 added RGB(28432, 20863, 14373)
0...1...2...3...4...5...6...7...8...9...10	Bounce #6 added RGB(11590, 8351, 5707)
0...1...2...3...4...5...6...7...8...9...10	Bounce #7 added RGB(4923, 3458, 2332)
0...1...2...3...4...5...6...7...8...9...10	Bounce #8 added RGB(2156, 1467, 969)
0...1...2...3...4...5...6...7...8...9...10	Bounce #9 added RGB(968, 635, 409)
0...1...2...3...4...5...6...7...8...9...10	Bounce #10 added RGB(442, 279, 174)
0...1...2...3...4...5...6...7...8...9...10	Bounce #11 added RGB(205, 125, 75)
0...1...2...3...4...5...6...7...8...9...10	Bounce #12 added RGB(96, 56, 32)
0...1...2...3...4...5...6...7...8...9...10	Bounce #13 added RGB(45, 25, 14)
0...1...2...3...4...5...6...7...8...9...10	Bounce #14 added RGB(22, 12, 6)
0...1...2...3...4...5...6...7...8...9...10	Bounce #15 added RGB(10, 5, 3)
0...1...2...3...4...5...6...7...8...9...10	Bounce #16 added RGB(5, 2, 1)
0...1...2...3...4...5...6...7...8...9...10	Bounce #17 added RGB(2, 1, 1)
0...1...2...3...4...5...6...7...8...9...10	Bounce #18 added RGB(1, 1, 0)
0...1...2...3...4...5...6...7...8...9...10	Bounce #19 added RGB(1, 0, 0)
Build Patch/Sample Hash Table(s).....Done<0.0943 sec>
0...1...2...3...4...5...6...7...8...9...10FinalLightFace Done
0...1...2...3...4...5...6...7...8...9...10Setting up leaf ambient computation...
108 of 422 (25% of) surface lights went in leaf ambient cubes.
0...1...2...3...4...5...6...7...8...9...10Writing leaf ambient...done
Ready to Finish

Object names       Objects/Maxobjs  Fullness 
------------       ---------------  -------- 
entities              1021/65536    ( 1.6%) 
models                 133/4096     ( 3.2%) 
brushes               3924/65536    ( 6.0%) 
brushsides           24872/655350   ( 3.8%) 
planes                5346/65536    ( 8.2%) 
vertexes             30822/65536    (47.0%) 
nodes                 5157/65536    ( 7.9%) 
texinfos              1605/32768    ( 4.9%) 
texdata                309/8192     ( 3.8%) 
dispinfos                6/16384    ( 0.0%) 
faces                17575/65536    (26.8%) 
hdr faces            17575/65536    (26.8%) 
origfaces             8877/65536    (13.5%) 
leaves                5291/65536    ( 8.1%) 
leaffaces            21346/65536    (32.6%) 
leafbrushes           8356/65536    (12.8%) 
areas                    9/1024     ( 0.9%) 
surfedges            86258/512000   (16.8%) 
edges                47335/256000   (18.5%) 
leafwaterdata           15/32768    ( 0.0%) 
primitives            2700/32768    ( 8.2%) 
primverts                0/65536    ( 0.0%) 
primindices          42012/65536    (64.1%) 
cubemapsamples           0/1024     ( 0.0%) 
overlays                71/8192     ( 0.9%) 
vertnormalindices    86130/256000   (33.6%) 
visdata             211333/16777216 ( 1.3%) 
entdata             403690/393216   (102.7%) FULL!!!
LDR ambient table     5291/65536    ( 8.1%) 
HDR ambient table     5291/65536    ( 8.1%) 
LDR worldlights            0       
HDR worldlights            578     
LDR lightdata              0       
HDR lightdata              36177084
LDR leaf ambient           5291    
HDR leaf ambient           16993   
occluders                  0       
occluder polygons          0       
occluder vert ind          0       
detail props               1140    
dtl prp lght               4       
HDR dtl prp lght           4       
static props               20708   
pakfile                    128476  
physics                    1405509 
physics terrain            1818    

Level flags = 0

Total triangle count: 50980
Writing w:\programs\steam\steamapps\common\garrysmod\garrysmod\addons\garrysmodmap\maps\gmm_garrymod_map_by_woowz_old_alpha_beta.bsp
10 seconds elapsed

==================================================================
Date: 2026-09-28 21:09:30
W:\Programs\Steam\steamapps\common\GarrysMod\bin\win64\vbspplusplus.exe -allowdynamicpropsasstatic -game W:\Programs\Steam\steamapps\common\GarrysMod\garrysmod w:\programs\steam\steamapps\common\garrysmod\garrysmod\addons\garrysmodmap\maps\gmm_garrymod_map_by_woowz_old_alpha_beta
==================================================================
16 threads
---------------
gamedir: W:\Programs\Steam\steamapps\common\GarrysMod\garrysmod\
---------------
Loading w:\programs\steam\steamapps\common\garrysmod\garrysmod\addons\garrysmodmap\maps\gmm_garrymod_map_by_woowz_old_alpha_beta.vmf
Locating GameData file 'garrysmod.fgd'...
Parsing GameData file w:\programs\steam\steamapps\common\garrysmod\bin\garrysmod.fgd
Parsing GameData file w:\programs\steam\steamapps\common\garrysmod\bin\base.fgd
Parsing GameData file w:\programs\steam\steamapps\common\garrysmod\bin\halflife2.fgd
Parsing GameData file w:\programs\steam\steamapps\common\garrysmod\bin\base.fgd
fixing up env_cubemap materials on brush sides...
FloodEntities...
FloodEntities...
Processing areas...done (0)
Building Faces...done (0)
Chop Details...done (0)
Find Visible Detail Sides...
Merged 1044 detail faces...done (1)
Merging details...done (0)
FixTjuncs...
PruneNodes...
WriteBSP...
done (0)
writing w:\programs\steam\steamapps\common\garrysmod\garrysmod\addons\garrysmodmap\maps\gmm_garrymod_map_by_woowz_old_alpha_beta.prt...
Building visibility clusters...
done (0)
Generating blank default cubemaps...
Generating blank default cubemaps...
Emitted 3929 brushes and 24902 brushsides
Finding displacement neighbors...
Finding lightmap sample positions...
Building Physics collision data...
done (0) (1407277 bytes)
Emitting static props...
Model "models/props_phx/construct/metal_wire1x2x2b.mdl" is missing $staticprop. Allowing due to -allowdynamicpropsasstatic
Model "models/props_phx/construct/metal_wire_angle360x2.mdl" is missing $staticprop. Allowing due to -allowdynamicpropsasstatic
Placing detail props : 0...1...2...3...4...5...6...7...8...9...10
Water found with no water_lod_control entity, creating a default one.
Compacting texture/material tables...
Reduced 2361 texinfos to 1605
Reduced 338 texdatas to 309 (10829 bytes to 8081)
Writing w:\programs\steam\steamapps\common\garrysmod\garrysmod\addons\garrysmodmap\maps\gmm_garrymod_map_by_woowz_old_alpha_beta.bsp
2 seconds elapsed

==================================================================
Date: 2026-09-28 21:09:32
W:\Programs\Steam\steamapps\common\GarrysMod\bin\win64\vvisplusplus.exe -game W:\Programs\Steam\steamapps\common\GarrysMod\garrysmod w:\programs\steam\steamapps\common\garrysmod\garrysmod\addons\garrysmodmap\maps\gmm_garrymod_map_by_woowz_old_alpha_beta
==================================================================
16 threads
CPU supports AVX2
reading w:\programs\steam\steamapps\common\garrysmod\garrysmod\addons\garrysmodmap\maps\gmm_garrymod_map_by_woowz_old_alpha_beta.bsp
reading w:\programs\steam\steamapps\common\garrysmod\garrysmod\addons\garrysmodmap\maps\gmm_garrymod_map_by_woowz_old_alpha_beta.prt
1674 portalclusters
3510 numportals
0...1...2...3...4...5...6...7...8...9...100...1...2...3...4...5...6...7...8...9...10Optimized: 313 visible clusters (0.38%)
Total clusters visible: 81371
Average clusters visible: 48
Building PAS...
Average clusters audible: 211
visdatasize:212529  compressed from 723168
writing w:\programs\steam\steamapps\common\garrysmod\garrysmod\addons\garrysmodmap\maps\gmm_garrymod_map_by_woowz_old_alpha_beta.bsp
Wrote ZIP buffer, estimated size 132710, actual size 128476
0 seconds elapsed

==================================================================
Date: 2026-09-28 21:09:33
W:\Programs\Steam\steamapps\common\GarrysMod\bin\win64\vradplusplus.exe -both -final -game W:\Programs\Steam\steamapps\common\GarrysMod\garrysmod w:\programs\steam\steamapps\common\garrysmod\garrysmod\addons\garrysmodmap\maps\gmm_garrymod_map_by_woowz_old_alpha_beta
==================================================================
---------------
gamedir: W:\Programs\Steam\steamapps\common\GarrysMod\garrysmod\
---------------
16 threads
Compiling in LDR+HDR mode
Reading texlights from 'lights.rad'...
53 texlights parsed
Loading w:\programs\steam\steamapps\common\garrysmod\garrysmod\addons\garrysmodmap\maps\gmm_garrymod_map_by_woowz_old_alpha_beta.bsp
158 props added to raytrace
17587 faces
1 degenerate faces
403 fake patch planes
1954896 square feet [281505120.00 square inches]
6 Displacements
4507 Square Feet [649081.00 Square Inches]
0...1...2...3...4...5...6...7...8...9...1017586 patches before subdivision
212940 patches after subdivision
CreateDirectLights...
0...1...2...3...4...5...6...7...8...9...10578 lights, 6 styled (0.01 seconds)
0...1...2...3...4...5...6...7...8...9...100...1...2...3...4...5...6...7...8...9...10transfers 24492637, max 969
transfer lists: 186.9 megs
0...1...2...3...4...5...6...7...8...9...10	Bounce #1 added RGB(2137673, 1598606, 1097593)
0...1...2...3...4...5...6...7...8...9...10	Bounce #2 added RGB(609182, 448398, 303079)
0...1...2...3...4...5...6...7...8...9...10	Bounce #3 added RGB(201956, 149337, 102276)
0...1...2...3...4...5...6...7...8...9...10	Bounce #4 added RGB(73233, 54208, 37323)
0...1...2...3...4...5...6...7...8...9...10	Bounce #5 added RGB(28449, 20878, 14391)
0...1...2...3...4...5...6...7...8...9...10	Bounce #6 added RGB(11594, 8355, 5713)
0...1...2...3...4...5...6...7...8...9...10	Bounce #7 added RGB(4923, 3458, 2333)
0...1...2...3...4...5...6...7...8...9...10	Bounce #8 added RGB(2155, 1466, 968)
0...1...2...3...4...5...6...7...8...9...10	Bounce #9 added RGB(967, 635, 409)
0...1...2...3...4...5...6...7...8...9...10	Bounce #10 added RGB(442, 279, 174)
0...1...2...3...4...5...6...7...8...9...10	Bounce #11 added RGB(205, 124, 75)
0...1...2...3...4...5...6...7...8...9...10	Bounce #12 added RGB(96, 56, 32)
0...1...2...3...4...5...6...7...8...9...10	Bounce #13 added RGB(45, 25, 14)
0...1...2...3...4...5...6...7...8...9...10	Bounce #14 added RGB(22, 12, 6)
0...1...2...3...4...5...6...7...8...9...10	Bounce #15 added RGB(10, 5, 3)
0...1...2...3...4...5...6...7...8...9...10	Bounce #16 added RGB(5, 2, 1)
0...1...2...3...4...5...6...7...8...9...10	Bounce #17 added RGB(2, 1, 1)
0...1...2...3...4...5...6...7...8...9...10	Bounce #18 added RGB(1, 1, 0)
0...1...2...3...4...5...6...7...8...9...10	Bounce #19 added RGB(1, 0, 0)
Build Patch/Sample Hash Table(s).....Done<0.0941 sec>
0...1...2...3...4...5...6...7...8...9...10FinalLightFace Done
0...1...2...3...4...5...6...7...8...9...10Setting up leaf ambient computation...
108 of 422 (25% of) surface lights went in leaf ambient cubes.
0...1...2...3...4...5...6...7...8...9...10Writing leaf ambient...done
Ready to Finish

Object names       Objects/Maxobjs  Fullness 
------------       ---------------  -------- 
entities              1020/65536    ( 1.6%) 
models                 133/4096     ( 3.2%) 
brushes               3929/65536    ( 6.0%) 
brushsides           24902/655350   ( 3.8%) 
planes                5346/65536    ( 8.2%) 
vertexes             30838/65536    (47.1%) 
nodes                 5166/65536    ( 7.9%) 
texinfos              1605/32768    ( 4.9%) 
texdata                309/8192     ( 3.8%) 
dispinfos                6/16384    ( 0.0%) 
faces                17587/65536    (26.8%) 
hdr faces            17587/65536    (26.8%) 
origfaces             8886/65536    (13.6%) 
leaves                5300/65536    ( 8.1%) 
leaffaces            21358/65536    (32.6%) 
leafbrushes           8369/65536    (12.8%) 
areas                    9/1024     ( 0.9%) 
surfedges            86312/512000   (16.9%) 
edges                47362/256000   (18.5%) 
leafwaterdata           15/32768    ( 0.0%) 
primitives            2700/32768    ( 8.2%) 
primverts                0/65536    ( 0.0%) 
primindices          42021/65536    (64.1%) 
cubemapsamples           0/1024     ( 0.0%) 
overlays                71/8192     ( 0.9%) 
vertnormalindices    86184/256000   (33.7%) 
visdata             212529/16777216 ( 1.3%) 
entdata             403573/393216   (102.6%) FULL!!!
LDR ambient table     5300/65536    ( 8.1%) 
HDR ambient table     5300/65536    ( 8.1%) 
LDR worldlights            0       
HDR worldlights            578     
LDR lightdata              0       
HDR lightdata              36177340
LDR leaf ambient           5300    
HDR leaf ambient           16994   
occluders                  0       
occluder polygons          0       
occluder vert ind          0       
detail props               1140    
dtl prp lght               4       
HDR dtl prp lght           4       
static props               20708   
pakfile                    128476  
physics                    1407277 
physics terrain            1818    

Level flags = 0

Total triangle count: 51010
Writing w:\programs\steam\steamapps\common\garrysmod\garrysmod\addons\garrysmodmap\maps\gmm_garrymod_map_by_woowz_old_alpha_beta.bsp
10 seconds elapsed

==================================================================
Date: 2026-09-28 21:13:11
W:\Programs\Steam\steamapps\common\GarrysMod\bin\win64\vbspplusplus.exe -allowdynamicpropsasstatic -game W:\Programs\Steam\steamapps\common\GarrysMod\garrysmod w:\programs\steam\steamapps\common\garrysmod\garrysmod\addons\garrysmodmap\maps\gmm_garrymod_map_by_woowz_old_alpha_beta
==================================================================
16 threads
---------------
gamedir: W:\Programs\Steam\steamapps\common\GarrysMod\garrysmod\
---------------
Loading w:\programs\steam\steamapps\common\garrysmod\garrysmod\addons\garrysmodmap\maps\gmm_garrymod_map_by_woowz_old_alpha_beta.vmf
Locating GameData file 'garrysmod.fgd'...
Parsing GameData file w:\programs\steam\steamapps\common\garrysmod\bin\garrysmod.fgd
Parsing GameData file w:\programs\steam\steamapps\common\garrysmod\bin\base.fgd
Parsing GameData file w:\programs\steam\steamapps\common\garrysmod\bin\halflife2.fgd
Parsing GameData file w:\programs\steam\steamapps\common\garrysmod\bin\base.fgd
fixing up env_cubemap materials on brush sides...
FloodEntities...
FloodEntities...
Processing areas...done (0)
Building Faces...done (0)
Chop Details...done (0)
Find Visible Detail Sides...
Merged 1044 detail faces...done (0)
Merging details...done (1)
FixTjuncs...
PruneNodes...
WriteBSP...
done (0)
writing w:\programs\steam\steamapps\common\garrysmod\garrysmod\addons\garrysmodmap\maps\gmm_garrymod_map_by_woowz_old_alpha_beta.prt...
Building visibility clusters...
done (0)
Generating blank default cubemaps...
Generating blank default cubemaps...
Emitted 3921 brushes and 24854 brushsides
Finding displacement neighbors...
Finding lightmap sample positions...
Building Physics collision data...
done (0) (1404253 bytes)
Emitting static props...
Model "models/props_phx/construct/metal_wire1x2x2b.mdl" is missing $staticprop. Allowing due to -allowdynamicpropsasstatic
Model "models/props_phx/construct/metal_wire_angle360x2.mdl" is missing $staticprop. Allowing due to -allowdynamicpropsasstatic
Placing detail props : 0...1...2...3...4...5...6...7...8...9...10
Water found with no water_lod_control entity, creating a default one.
Compacting texture/material tables...
Reduced 2361 texinfos to 1605
Reduced 338 texdatas to 309 (10829 bytes to 8081)
Writing w:\programs\steam\steamapps\common\garrysmod\garrysmod\addons\garrysmodmap\maps\gmm_garrymod_map_by_woowz_old_alpha_beta.bsp
2 seconds elapsed

==================================================================
Date: 2026-09-28 21:13:14
W:\Programs\Steam\steamapps\common\GarrysMod\bin\win64\vvisplusplus.exe -game W:\Programs\Steam\steamapps\common\GarrysMod\garrysmod w:\programs\steam\steamapps\common\garrysmod\garrysmod\addons\garrysmodmap\maps\gmm_garrymod_map_by_woowz_old_alpha_beta
==================================================================
16 threads
CPU supports AVX2
reading w:\programs\steam\steamapps\common\garrysmod\garrysmod\addons\garrysmodmap\maps\gmm_garrymod_map_by_woowz_old_alpha_beta.bsp
reading w:\programs\steam\steamapps\common\garrysmod\garrysmod\addons\garrysmodmap\maps\gmm_garrymod_map_by_woowz_old_alpha_beta.prt
1668 portalclusters
3493 numportals
0...1...2...3...4...5...6...7...8...9...100...1...2...3...4...5...6...7...8...9...10Optimized: 292 visible clusters (0.36%)
Total clusters visible: 80622
Average clusters visible: 48
Building PAS...
Average clusters audible: 208
visdatasize:209687  compressed from 720576
writing w:\programs\steam\steamapps\common\garrysmod\garrysmod\addons\garrysmodmap\maps\gmm_garrymod_map_by_woowz_old_alpha_beta.bsp
Wrote ZIP buffer, estimated size 132710, actual size 128476
0 seconds elapsed

==================================================================
Date: 2026-09-28 21:13:14
W:\Programs\Steam\steamapps\common\GarrysMod\bin\win64\vradplusplus.exe -both -final -game W:\Programs\Steam\steamapps\common\GarrysMod\garrysmod w:\programs\steam\steamapps\common\garrysmod\garrysmod\addons\garrysmodmap\maps\gmm_garrymod_map_by_woowz_old_alpha_beta
==================================================================
---------------
gamedir: W:\Programs\Steam\steamapps\common\GarrysMod\garrysmod\
---------------
16 threads
Compiling in LDR+HDR mode
Reading texlights from 'lights.rad'...
53 texlights parsed
Loading w:\programs\steam\steamapps\common\garrysmod\garrysmod\addons\garrysmodmap\maps\gmm_garrymod_map_by_woowz_old_alpha_beta.bsp
158 props added to raytrace
17549 faces
1 degenerate faces
403 fake patch planes
1929177 square feet [277801568.00 square inches]
6 Displacements
4507 Square Feet [649081.00 Square Inches]
0...1...2...3...4...5...6...7...8...9...1017548 patches before subdivision
212826 patches after subdivision
CreateDirectLights...
0...1...2...3...4...5...6...7...8...9...10579 lights, 6 styled (0.01 seconds)
0...1...2...3...4...5...6...7...8...9...100...1...2...3...4...5...6...7...8...9...10transfers 24460859, max 969
transfer lists: 186.6 megs
0...1...2...3...4...5...6...7...8...9...10	Bounce #1 added RGB(2176326, 1632742, 1125466)
0...1...2...3...4...5...6...7...8...9...10	Bounce #2 added RGB(621296, 458638, 310357)
0...1...2...3...4...5...6...7...8...9...10	Bounce #3 added RGB(206711, 153349, 104950)
0...1...2...3...4...5...6...7...8...9...10	Bounce #4 added RGB(75067, 55755, 38286)
0...1...2...3...4...5...6...7...8...9...10	Bounce #5 added RGB(29141, 21459, 14725)
0...1...2...3...4...5...6...7...8...9...10	Bounce #6 added RGB(11854, 8573, 5828)
0...1...2...3...4...5...6...7...8...9...10	Bounce #7 added RGB(5019, 3537, 2371)
0...1...2...3...4...5...6...7...8...9...10	Bounce #8 added RGB(2190, 1495, 981)
0...1...2...3...4...5...6...7...8...9...10	Bounce #9 added RGB(980, 645, 412)
0...1...2...3...4...5...6...7...8...9...10	Bounce #10 added RGB(447, 283, 175)
0...1...2...3...4...5...6...7...8...9...10	Bounce #11 added RGB(207, 126, 75)
0...1...2...3...4...5...6...7...8...9...10	Bounce #12 added RGB(97, 56, 32)
0...1...2...3...4...5...6...7...8...9...10	Bounce #13 added RGB(46, 26, 14)
0...1...2...3...4...5...6...7...8...9...10	Bounce #14 added RGB(22, 12, 6)
0...1...2...3...4...5...6...7...8...9...10	Bounce #15 added RGB(10, 5, 3)
0...1...2...3...4...5...6...7...8...9...10	Bounce #16 added RGB(5, 2, 1)
0...1...2...3...4...5...6...7...8...9...10	Bounce #17 added RGB(2, 1, 1)
0...1...2...3...4...5...6...7...8...9...10	Bounce #18 added RGB(1, 1, 0)
0...1...2...3...4...5...6...7...8...9...10	Bounce #19 added RGB(1, 0, 0)
Build Patch/Sample Hash Table(s).....Done<0.0950 sec>
0...1...2...3...4...5...6...7...8...9...10FinalLightFace Done
0...1...2...3...4...5...6...7...8...9...10Setting up leaf ambient computation...
108 of 424 (25% of) surface lights went in leaf ambient cubes.
0...1...2...3...4...5...6...7...8...9...10Writing leaf ambient...done
Ready to Finish

Object names       Objects/Maxobjs  Fullness 
------------       ---------------  -------- 
entities              1018/65536    ( 1.6%) 
models                 133/4096     ( 3.2%) 
brushes               3921/65536    ( 6.0%) 
brushsides           24854/655350   ( 3.8%) 
planes                5346/65536    ( 8.2%) 
vertexes             30821/65536    (47.0%) 
nodes                 5158/65536    ( 7.9%) 
texinfos              1605/32768    ( 4.9%) 
texdata                309/8192     ( 3.8%) 
dispinfos                6/16384    ( 0.0%) 
faces                17549/65536    (26.8%) 
hdr faces            17549/65536    (26.8%) 
origfaces             8875/65536    (13.5%) 
leaves                5292/65536    ( 8.1%) 
leaffaces            21311/65536    (32.5%) 
leafbrushes           8333/65536    (12.7%) 
areas                    9/1024     ( 0.9%) 
surfedges            86060/512000   (16.8%) 
edges                47231/256000   (18.4%) 
leafwaterdata           15/32768    ( 0.0%) 
primitives            2684/32768    ( 8.2%) 
primverts                0/65536    ( 0.0%) 
primindices          41544/65536    (63.4%) 
cubemapsamples           0/1024     ( 0.0%) 
overlays                71/8192     ( 0.9%) 
vertnormalindices    85932/256000   (33.6%) 
visdata             209687/16777216 ( 1.2%) 
entdata             402897/393216   (102.5%) FULL!!!
LDR ambient table     5292/65536    ( 8.1%) 
HDR ambient table     5292/65536    ( 8.1%) 
LDR worldlights            0       
HDR worldlights            579     
LDR lightdata              0       
HDR lightdata              36174316
LDR leaf ambient           5292    
HDR leaf ambient           16944   
occluders                  0       
occluder polygons          0       
occluder vert ind          0       
detail props               1140    
dtl prp lght               4       
HDR dtl prp lght           4       
static props               21112   
pakfile                    128476  
physics                    1404253 
physics terrain            1818    

Level flags = 0

Total triangle count: 50834
Writing w:\programs\steam\steamapps\common\garrysmod\garrysmod\addons\garrysmodmap\maps\gmm_garrymod_map_by_woowz_old_alpha_beta.bsp
10 seconds elapsed

==================================================================
Date: 2026-09-28 21:17:16
W:\Programs\Steam\steamapps\common\GarrysMod\bin\win64\vbspplusplus.exe -allowdynamicpropsasstatic -game W:\Programs\Steam\steamapps\common\GarrysMod\garrysmod w:\programs\steam\steamapps\common\garrysmod\garrysmod\addons\garrysmodmap\maps\gmm_garrymod_map_by_woowz_old_alpha_beta
==================================================================
16 threads
---------------
gamedir: W:\Programs\Steam\steamapps\common\GarrysMod\garrysmod\
---------------
Loading w:\programs\steam\steamapps\common\garrysmod\garrysmod\addons\garrysmodmap\maps\gmm_garrymod_map_by_woowz_old_alpha_beta.vmf
Locating GameData file 'garrysmod.fgd'...
Parsing GameData file w:\programs\steam\steamapps\common\garrysmod\bin\garrysmod.fgd
Parsing GameData file w:\programs\steam\steamapps\common\garrysmod\bin\base.fgd
Parsing GameData file w:\programs\steam\steamapps\common\garrysmod\bin\halflife2.fgd
Parsing GameData file w:\programs\steam\steamapps\common\garrysmod\bin\base.fgd
fixing up env_cubemap materials on brush sides...
FloodEntities...
FloodEntities...
Processing areas...done (0)
Building Faces...done (1)
Chop Details...done (0)
Find Visible Detail Sides...
Merged 1124 detail faces...done (0)
Merging details...done (0)
FixTjuncs...
PruneNodes...
WriteBSP...
done (0)
writing w:\programs\steam\steamapps\common\garrysmod\garrysmod\addons\garrysmodmap\maps\gmm_garrymod_map_by_woowz_old_alpha_beta.prt...
Building visibility clusters...
done (0)
Generating blank default cubemaps...
Generating blank default cubemaps...
Emitted 4326 brushes and 27325 brushsides
Finding displacement neighbors...
Finding lightmap sample positions...
Building Physics collision data...
done (0) (1413764 bytes)
Emitting static props...
Model "models/props_phx/construct/metal_wire1x2x2b.mdl" is missing $staticprop. Allowing due to -allowdynamicpropsasstatic
Model "models/props_phx/construct/metal_wire_angle360x2.mdl" is missing $staticprop. Allowing due to -allowdynamicpropsasstatic
Placing detail props : 0...1...2...3...4...5...6...7...8...9...10
Water found with no water_lod_control entity, creating a default one.
Compacting texture/material tables...
Reduced 2814 texinfos to 1658
Reduced 344 texdatas to 312 (10962 bytes to 8143)
Writing w:\programs\steam\steamapps\common\garrysmod\garrysmod\addons\garrysmodmap\maps\gmm_garrymod_map_by_woowz_old_alpha_beta.bsp
2 seconds elapsed

==================================================================
Date: 2026-09-28 21:17:19
W:\Programs\Steam\steamapps\common\GarrysMod\bin\win64\vvisplusplus.exe -game W:\Programs\Steam\steamapps\common\GarrysMod\garrysmod w:\programs\steam\steamapps\common\garrysmod\garrysmod\addons\garrysmodmap\maps\gmm_garrymod_map_by_woowz_old_alpha_beta
==================================================================
16 threads
CPU supports AVX2
reading w:\programs\steam\steamapps\common\garrysmod\garrysmod\addons\garrysmodmap\maps\gmm_garrymod_map_by_woowz_old_alpha_beta.bsp
reading w:\programs\steam\steamapps\common\garrysmod\garrysmod\addons\garrysmodmap\maps\gmm_garrymod_map_by_woowz_old_alpha_beta.prt
1468 portalclusters
2740 numportals
0...1...2...3...4...5...6...7...8...9...100...1...2...3...4...5...6...7...8...9...10Optimized: 211 visible clusters (0.28%)
Total clusters visible: 75253
Average clusters visible: 51
Building PAS...
Average clusters audible: 185
visdatasize:162101  compressed from 540224
writing w:\programs\steam\steamapps\common\garrysmod\garrysmod\addons\garrysmodmap\maps\gmm_garrymod_map_by_woowz_old_alpha_beta.bsp
Wrote ZIP buffer, estimated size 132710, actual size 128476
0 seconds elapsed

==================================================================
Date: 2026-09-28 21:17:19
W:\Programs\Steam\steamapps\common\GarrysMod\bin\win64\vradplusplus.exe -both -final -game W:\Programs\Steam\steamapps\common\GarrysMod\garrysmod w:\programs\steam\steamapps\common\garrysmod\garrysmod\addons\garrysmodmap\maps\gmm_garrymod_map_by_woowz_old_alpha_beta
==================================================================
---------------
gamedir: W:\Programs\Steam\steamapps\common\GarrysMod\garrysmod\
---------------
16 threads
Compiling in LDR+HDR mode
Reading texlights from 'lights.rad'...
53 texlights parsed
Loading w:\programs\steam\steamapps\common\garrysmod\garrysmod\addons\garrysmodmap\maps\gmm_garrymod_map_by_woowz_old_alpha_beta.bsp
158 props added to raytrace
17486 faces
1 degenerate faces
493 fake patch planes
1939471 square feet [279283872.00 square inches]
6 Displacements
4507 Square Feet [649081.00 Square Inches]
0...1...2...3...4...5...6...7...8...9...1017485 patches before subdivision
213035 patches after subdivision
CreateDirectLights...
0...1...2...3...4...5...6...7...8...9...10555 lights, 6 styled (0.01 seconds)
0...1...2...3...4...5...6...7...8...9...100...1...2...3...4...5...6...7...8...9...10transfers 24547864, max 1059
transfer lists: 187.3 megs
0...1...2...3...4...5...6...7...8...9...10	Bounce #1 added RGB(1880198, 1477021, 1062384)
0...1...2...3...4...5...6...7...8...9...10	Bounce #2 added RGB(529655, 410067, 290961)
0...1...2...3...4...5...6...7...8...9...10	Bounce #3 added RGB(176652, 136989, 98119)
0...1...2...3...4...5...6...7...8...9...10	Bounce #4 added RGB(65559, 50318, 35836)
0...1...2...3...4...5...6...7...8...9...10	Bounce #5 added RGB(26037, 19617, 13834)
0...1...2...3...4...5...6...7...8...9...10	Bounce #6 added RGB(10842, 7948, 5503)
0...1...2...3...4...5...6...7...8...9...10	Bounce #7 added RGB(4680, 3321, 2250)
0...1...2...3...4...5...6...7...8...9...10	Bounce #8 added RGB(2075, 1419, 935)
0...1...2...3...4...5...6...7...8...9...10	Bounce #9 added RGB(939, 618, 395)
0...1...2...3...4...5...6...7...8...9...10	Bounce #10 added RGB(432, 273, 168)
0...1...2...3...4...5...6...7...8...9...10	Bounce #11 added RGB(201, 122, 72)
0...1...2...3...4...5...6...7...8...9...10	Bounce #12 added RGB(94, 55, 31)
0...1...2...3...4...5...6...7...8...9...10	Bounce #13 added RGB(45, 25, 14)
0...1...2...3...4...5...6...7...8...9...10	Bounce #14 added RGB(21, 11, 6)
0...1...2...3...4...5...6...7...8...9...10	Bounce #15 added RGB(10, 5, 3)
0...1...2...3...4...5...6...7...8...9...10	Bounce #16 added RGB(5, 2, 1)
0...1...2...3...4...5...6...7...8...9...10	Bounce #17 added RGB(2, 1, 0)
0...1...2...3...4...5...6...7...8...9...10	Bounce #18 added RGB(1, 1, 0)
0...1...2...3...4...5...6...7...8...9...10	Bounce #19 added RGB(1, 0, 0)
Build Patch/Sample Hash Table(s).....Done<0.0947 sec>
0...1...2...3...4...5...6...7...8...9...10FinalLightFace Done
0...1...2...3...4...5...6...7...8...9...10Setting up leaf ambient computation...
108 of 400 (27% of) surface lights went in leaf ambient cubes.
0...1...2...3...4...5...6...7...8...9...10Writing leaf ambient...done
Ready to Finish

Object names       Objects/Maxobjs  Fullness 
------------       ---------------  -------- 
entities              1167/65536    ( 1.8%) 
models                 149/4096     ( 3.6%) 
brushes               4326/65536    ( 6.6%) 
brushsides           27325/655350   ( 4.2%) 
planes                5502/65536    ( 8.4%) 
vertexes             30706/65536    (46.9%) 
nodes                 4794/65536    ( 7.3%) 
texinfos              1658/32768    ( 5.1%) 
texdata                312/8192     ( 3.8%) 
dispinfos                6/16384    ( 0.0%) 
faces                17486/65536    (26.7%) 
hdr faces            17486/65536    (26.7%) 
origfaces             8938/65536    (13.6%) 
leaves                4944/65536    ( 7.5%) 
leaffaces            20858/65536    (31.8%) 
leafbrushes           8907/65536    (13.6%) 
areas                   91/1024     ( 8.9%) 
surfedges            85445/512000   (16.7%) 
edges                48155/256000   (18.8%) 
leafwaterdata           15/32768    ( 0.0%) 
primitives            2629/32768    ( 8.0%) 
primverts                0/65536    ( 0.0%) 
primindices          40845/65536    (62.3%) 
cubemapsamples           0/1024     ( 0.0%) 
overlays                71/8192     ( 0.9%) 
vertnormalindices    85302/256000   (33.3%) 
visdata             162101/16777216 ( 1.0%) 
entdata             423716/393216   (107.8%) FULL!!!
LDR ambient table     4944/65536    ( 7.5%) 
HDR ambient table     4944/65536    ( 7.5%) 
LDR worldlights            0       
HDR worldlights            555     
LDR lightdata              0       
HDR lightdata              36159212
LDR leaf ambient           4944    
HDR leaf ambient           15878   
occluders                  0       
occluder polygons          0       
occluder vert ind          0       
detail props               1140    
dtl prp lght               4       
HDR dtl prp lght           4       
static props               20770   
pakfile                    128476  
physics                    1413764 
physics terrain            1818    

Level flags = 0

Total triangle count: 50330
Writing w:\programs\steam\steamapps\common\garrysmod\garrysmod\addons\garrysmodmap\maps\gmm_garrymod_map_by_woowz_old_alpha_beta.bsp
9 seconds elapsed

==================================================================
Date: 2026-09-28 21:21:13
W:\Programs\Steam\steamapps\common\GarrysMod\bin\win64\vbspplusplus.exe -allowdynamicpropsasstatic -game W:\Programs\Steam\steamapps\common\GarrysMod\garrysmod w:\programs\steam\steamapps\common\garrysmod\garrysmod\addons\garrysmodmap\maps\gmm_garrymod_map_by_woowz_old_alpha_beta
==================================================================
16 threads
---------------
gamedir: W:\Programs\Steam\steamapps\common\GarrysMod\garrysmod\
---------------
Loading w:\programs\steam\steamapps\common\garrysmod\garrysmod\addons\garrysmodmap\maps\gmm_garrymod_map_by_woowz_old_alpha_beta.vmf
Locating GameData file 'garrysmod.fgd'...
Parsing GameData file w:\programs\steam\steamapps\common\garrysmod\bin\garrysmod.fgd
Parsing GameData file w:\programs\steam\steamapps\common\garrysmod\bin\base.fgd
Parsing GameData file w:\programs\steam\steamapps\common\garrysmod\bin\halflife2.fgd
Parsing GameData file w:\programs\steam\steamapps\common\garrysmod\bin\base.fgd
fixing up env_cubemap materials on brush sides...
FloodEntities...
FloodEntities...
Processing areas...done (0)
Building Faces...done (1)
Chop Details...done (0)
Find Visible Detail Sides...
Merged 1116 detail faces...done (0)
Merging details...done (0)
FixTjuncs...
PruneNodes...
WriteBSP...
done (0)
writing w:\programs\steam\steamapps\common\garrysmod\garrysmod\addons\garrysmodmap\maps\gmm_garrymod_map_by_woowz_old_alpha_beta.prt...
Building visibility clusters...
done (0)
Generating blank default cubemaps...
Generating blank default cubemaps...
Emitted 4302 brushes and 27171 brushsides
Finding displacement neighbors...
Finding lightmap sample positions...
Building Physics collision data...
done (0) (1405021 bytes)
Emitting static props...
Model "models/props_phx/construct/metal_wire1x2x2b.mdl" is missing $staticprop. Allowing due to -allowdynamicpropsasstatic
Model "models/props_phx/construct/metal_wire_angle360x2.mdl" is missing $staticprop. Allowing due to -allowdynamicpropsasstatic
Placing detail props : 0...1...2...3...4...5...6...7...8...9...10
Water found with no water_lod_control entity, creating a default one.
Compacting texture/material tables...
Reduced 2805 texinfos to 1651
Reduced 344 texdatas to 312 (10962 bytes to 8143)
Writing w:\programs\steam\steamapps\common\garrysmod\garrysmod\addons\garrysmodmap\maps\gmm_garrymod_map_by_woowz_old_alpha_beta.bsp
2 seconds elapsed

==================================================================
Date: 2026-09-28 21:21:16
W:\Programs\Steam\steamapps\common\GarrysMod\bin\win64\vvisplusplus.exe -game W:\Programs\Steam\steamapps\common\GarrysMod\garrysmod w:\programs\steam\steamapps\common\garrysmod\garrysmod\addons\garrysmodmap\maps\gmm_garrymod_map_by_woowz_old_alpha_beta
==================================================================
16 threads
CPU supports AVX2
reading w:\programs\steam\steamapps\common\garrysmod\garrysmod\addons\garrysmodmap\maps\gmm_garrymod_map_by_woowz_old_alpha_beta.bsp
reading w:\programs\steam\steamapps\common\garrysmod\garrysmod\addons\garrysmodmap\maps\gmm_garrymod_map_by_woowz_old_alpha_beta.prt
1462 portalclusters
2729 numportals
0...1...2...3...4...5...6...7...8...9...100...1...2...3...4...5...6...7...8...9...10Optimized: 221 visible clusters (0.29%)
Total clusters visible: 75049
Average clusters visible: 51
Building PAS...
Average clusters audible: 185
visdatasize:161451  compressed from 538016
writing w:\programs\steam\steamapps\common\garrysmod\garrysmod\addons\garrysmodmap\maps\gmm_garrymod_map_by_woowz_old_alpha_beta.bsp
Wrote ZIP buffer, estimated size 132710, actual size 128476
0 seconds elapsed

==================================================================
Date: 2026-09-28 21:21:16
W:\Programs\Steam\steamapps\common\GarrysMod\bin\win64\vradplusplus.exe -both -final -game W:\Programs\Steam\steamapps\common\GarrysMod\garrysmod w:\programs\steam\steamapps\common\garrysmod\garrysmod\addons\garrysmodmap\maps\gmm_garrymod_map_by_woowz_old_alpha_beta
==================================================================
---------------
gamedir: W:\Programs\Steam\steamapps\common\GarrysMod\garrysmod\
---------------
16 threads
Compiling in LDR+HDR mode
Reading texlights from 'lights.rad'...
53 texlights parsed
Loading w:\programs\steam\steamapps\common\garrysmod\garrysmod\addons\garrysmodmap\maps\gmm_garrymod_map_by_woowz_old_alpha_beta.bsp
159 props added to raytrace
17245 faces
1 degenerate faces
492 fake patch planes
1901066 square feet [273753568.00 square inches]
6 Displacements
4507 Square Feet [649081.00 Square Inches]
0...1...2...3...4...5...6...7...8...9...1017244 patches before subdivision
208678 patches after subdivision
CreateDirectLights...
0...1...2...3...4...5...6...7...8...9...10555 lights, 6 styled (0.01 seconds)
0...1...2...3...4...5...6...7...8...9...100...1...2...3...4...5...6...7...8...9...10transfers 23985647, max 1059
transfer lists: 183.0 megs
0...1...2...3...4...5...6...7...8...9...10	Bounce #1 added RGB(1878854, 1475639, 1061510)
0...1...2...3...4...5...6...7...8...9...10	Bounce #2 added RGB(529450, 409788, 290768)
0...1...2...3...4...5...6...7...8...9...10	Bounce #3 added RGB(176601, 136891, 98024)
0...1...2...3...4...5...6...7...8...9...10	Bounce #4 added RGB(65545, 50286, 35797)
0...1...2...3...4...5...6...7...8...9...10	Bounce #5 added RGB(26030, 19604, 13816)
0...1...2...3...4...5...6...7...8...9...10	Bounce #6 added RGB(10839, 7943, 5495)
0...1...2...3...4...5...6...7...8...9...10	Bounce #7 added RGB(4679, 3319, 2246)
0...1...2...3...4...5...6...7...8...9...10	Bounce #8 added RGB(2074, 1418, 933)
0...1...2...3...4...5...6...7...8...9...10	Bounce #9 added RGB(939, 618, 394)
0...1...2...3...4...5...6...7...8...9...10	Bounce #10 added RGB(432, 273, 168)
0...1...2...3...4...5...6...7...8...9...10	Bounce #11 added RGB(201, 122, 72)
0...1...2...3...4...5...6...7...8...9...10	Bounce #12 added RGB(94, 55, 31)
0...1...2...3...4...5...6...7...8...9...10	Bounce #13 added RGB(45, 25, 14)
0...1...2...3...4...5...6...7...8...9...10	Bounce #14 added RGB(21, 11, 6)
0...1...2...3...4...5...6...7...8...9...10	Bounce #15 added RGB(10, 5, 3)
0...1...2...3...4...5...6...7...8...9...10	Bounce #16 added RGB(5, 2, 1)
0...1...2...3...4...5...6...7...8...9...10	Bounce #17 added RGB(2, 1, 0)
0...1...2...3...4...5...6...7...8...9...10	Bounce #18 added RGB(1, 1, 0)
0...1...2...3...4...5...6...7...8...9...10	Bounce #19 added RGB(1, 0, 0)
Build Patch/Sample Hash Table(s).....Done<0.0927 sec>
0...1...2...3...4...5...6...7...8...9...10FinalLightFace Done
0...1...2...3...4...5...6...7...8...9...10Setting up leaf ambient computation...
108 of 400 (27% of) surface lights went in leaf ambient cubes.
0...1...2...3...4...5...6...7...8...9...10Writing leaf ambient...done
Ready to Finish

Object names       Objects/Maxobjs  Fullness 
------------       ---------------  -------- 
entities              1164/65536    ( 1.8%) 
models                 149/4096     ( 3.6%) 
brushes               4302/65536    ( 6.6%) 
brushsides           27171/655350   ( 4.1%) 
planes                5466/65536    ( 8.3%) 
vertexes             30275/65536    (46.2%) 
nodes                 4773/65536    ( 7.3%) 
texinfos              1651/32768    ( 5.0%) 
texdata                312/8192     ( 3.8%) 
dispinfos                6/16384    ( 0.0%) 
faces                17245/65536    (26.3%) 
hdr faces            17245/65536    (26.3%) 
origfaces             8877/65536    (13.5%) 
leaves                4923/65536    ( 7.5%) 
leaffaces            20490/65536    (31.3%) 
leafbrushes           8823/65536    (13.5%) 
areas                   91/1024     ( 8.9%) 
surfedges            84148/512000   (16.4%) 
edges                47446/256000   (18.5%) 
leafwaterdata           15/32768    ( 0.0%) 
primitives            2569/32768    ( 7.8%) 
primverts                0/65536    ( 0.0%) 
primindices          40035/65536    (61.1%) 
cubemapsamples           0/1024     ( 0.0%) 
overlays                71/8192     ( 0.9%) 
vertnormalindices    84005/256000   (32.8%) 
visdata             161451/16777216 ( 1.0%) 
entdata             422572/393216   (107.5%) FULL!!!
LDR ambient table     4923/65536    ( 7.5%) 
HDR ambient table     4923/65536    ( 7.5%) 
LDR worldlights            0       
HDR worldlights            555     
LDR lightdata              0       
HDR lightdata              35669596
LDR leaf ambient           4923    
HDR leaf ambient           15813   
occluders                  0       
occluder polygons          0       
occluder vert ind          0       
detail props               1140    
dtl prp lght               4       
HDR dtl prp lght           4       
static props               20768   
pakfile                    128476  
physics                    1405021 
physics terrain            1818    

Level flags = 0

Total triangle count: 49515
Writing w:\programs\steam\steamapps\common\garrysmod\garrysmod\addons\garrysmodmap\maps\gmm_garrymod_map_by_woowz_old_alpha_beta.bsp
9 seconds elapsed

==================================================================
Date: 2026-09-28 21:22:31
W:\Programs\Steam\steamapps\common\GarrysMod\bin\win64\vbspplusplus.exe -allowdynamicpropsasstatic -game W:\Programs\Steam\steamapps\common\GarrysMod\garrysmod w:\programs\steam\steamapps\common\garrysmod\garrysmod\addons\garrysmodmap\maps\gmm_garrymod_map_by_woowz_old_alpha_beta
==================================================================
16 threads
---------------
gamedir: W:\Programs\Steam\steamapps\common\GarrysMod\garrysmod\
---------------
Loading w:\programs\steam\steamapps\common\garrysmod\garrysmod\addons\garrysmodmap\maps\gmm_garrymod_map_by_woowz_old_alpha_beta.vmf
Locating GameData file 'garrysmod.fgd'...
Parsing GameData file w:\programs\steam\steamapps\common\garrysmod\bin\garrysmod.fgd
Parsing GameData file w:\programs\steam\steamapps\common\garrysmod\bin\base.fgd
Parsing GameData file w:\programs\steam\steamapps\common\garrysmod\bin\halflife2.fgd
Parsing GameData file w:\programs\steam\steamapps\common\garrysmod\bin\base.fgd
fixing up env_cubemap materials on brush sides...
FloodEntities...
FloodEntities...
Processing areas...done (0)
Building Faces...done (0)
Chop Details...done (0)
Find Visible Detail Sides...
Merged 1116 detail faces...done (1)
Merging details...done (0)
FixTjuncs...
PruneNodes...
WriteBSP...
done (0)
writing w:\programs\steam\steamapps\common\garrysmod\garrysmod\addons\garrysmodmap\maps\gmm_garrymod_map_by_woowz_old_alpha_beta.prt...
Building visibility clusters...
done (0)
Generating blank default cubemaps...
Generating blank default cubemaps...
Emitted 4302 brushes and 27171 brushsides
Finding displacement neighbors...
Finding lightmap sample positions...
Building Physics collision data...
done (0) (1405021 bytes)
Emitting static props...
Model "models/props_phx/construct/metal_wire1x2x2b.mdl" is missing $staticprop. Allowing due to -allowdynamicpropsasstatic
Model "models/props_phx/construct/metal_wire_angle360x2.mdl" is missing $staticprop. Allowing due to -allowdynamicpropsasstatic
Placing detail props : 0...1...2...3...4...5...6...7...8...9...10
Water found with no water_lod_control entity, creating a default one.
Compacting texture/material tables...
Reduced 2805 texinfos to 1651
Reduced 344 texdatas to 312 (10962 bytes to 8143)
Writing w:\programs\steam\steamapps\common\garrysmod\garrysmod\addons\garrysmodmap\maps\gmm_garrymod_map_by_woowz_old_alpha_beta.bsp
2 seconds elapsed

==================================================================
Date: 2026-09-28 21:22:33
W:\Programs\Steam\steamapps\common\GarrysMod\bin\win64\vvisplusplus.exe -game W:\Programs\Steam\steamapps\common\GarrysMod\garrysmod w:\programs\steam\steamapps\common\garrysmod\garrysmod\addons\garrysmodmap\maps\gmm_garrymod_map_by_woowz_old_alpha_beta
==================================================================
16 threads
CPU supports AVX2
reading w:\programs\steam\steamapps\common\garrysmod\garrysmod\addons\garrysmodmap\maps\gmm_garrymod_map_by_woowz_old_alpha_beta.bsp
reading w:\programs\steam\steamapps\common\garrysmod\garrysmod\addons\garrysmodmap\maps\gmm_garrymod_map_by_woowz_old_alpha_beta.prt
1462 portalclusters
2729 numportals
0...1...2...3...4...5...6...7...8...9...100...1...2...3...4...5...6...7...8...9...10Optimized: 209 visible clusters (0.28%)
Total clusters visible: 75037
Average clusters visible: 51
Building PAS...
Average clusters audible: 185
visdatasize:161451  compressed from 538016
writing w:\programs\steam\steamapps\common\garrysmod\garrysmod\addons\garrysmodmap\maps\gmm_garrymod_map_by_woowz_old_alpha_beta.bsp
Wrote ZIP buffer, estimated size 132710, actual size 128476
0 seconds elapsed

==================================================================
Date: 2026-09-28 21:22:34
W:\Programs\Steam\steamapps\common\GarrysMod\bin\win64\vradplusplus.exe -both -final -game W:\Programs\Steam\steamapps\common\GarrysMod\garrysmod w:\programs\steam\steamapps\common\garrysmod\garrysmod\addons\garrysmodmap\maps\gmm_garrymod_map_by_woowz_old_alpha_beta
==================================================================
---------------
gamedir: W:\Programs\Steam\steamapps\common\GarrysMod\garrysmod\
---------------
16 threads
Compiling in LDR+HDR mode
Reading texlights from 'lights.rad'...
53 texlights parsed
Loading w:\programs\steam\steamapps\common\garrysmod\garrysmod\addons\garrysmodmap\maps\gmm_garrymod_map_by_woowz_old_alpha_beta.bsp
159 props added to raytrace
17245 faces
1 degenerate faces
492 fake patch planes
1901066 square feet [273753568.00 square inches]
6 Displacements
4507 Square Feet [649081.00 Square Inches]
0...1...2...3...4...5...6...7...8...9...1017244 patches before subdivision
208678 patches after subdivision
CreateDirectLights...
0...1...2...3...4...5...6...7...8...9...10555 lights, 6 styled (0.01 seconds)
0...1...2...3...4...5...6...7...8...9...100...1...2...3...4...5...6...7...8...9...10transfers 23985647, max 1059
transfer lists: 183.0 megs
0...1...2...3...4...5...6...7...8...9...10	Bounce #1 added RGB(2073107, 1609406, 1125917)
0...1...2...3...4...5...6...7...8...9...10	Bounce #2 added RGB(602936, 446980, 304869)
0...1...2...3...4...5...6...7...8...9...10	Bounce #3 added RGB(206585, 148366, 101711)
0...1...2...3...4...5...6...7...8...9...10	Bounce #4 added RGB(77606, 53766, 36726)
0...1...2...3...4...5...6...7...8...9...10	Bounce #5 added RGB(30972, 20701, 14069)
0...1...2...3...4...5...6...7...8...9...10	Bounce #6 added RGB(12850, 8285, 5562)
0...1...2...3...4...5...6...7...8...9...10	Bounce #7 added RGB(5501, 3428, 2265)
0...1...2...3...4...5...6...7...8...9...10	Bounce #8 added RGB(2409, 1453, 938)
0...1...2...3...4...5...6...7...8...9...10	Bounce #9 added RGB(1076, 629, 395)
0...1...2...3...4...5...6...7...8...9...10	Bounce #10 added RGB(488, 276, 168)
0...1...2...3...4...5...6...7...8...9...10	Bounce #11 added RGB(224, 123, 72)
0...1...2...3...4...5...6...7...8...9...10	Bounce #12 added RGB(104, 55, 31)
0...1...2...3...4...5...6...7...8...9...10	Bounce #13 added RGB(48, 25, 14)
0...1...2...3...4...5...6...7...8...9...10	Bounce #14 added RGB(23, 11, 6)
0...1...2...3...4...5...6...7...8...9...10	Bounce #15 added RGB(11, 5, 3)
0...1...2...3...4...5...6...7...8...9...10	Bounce #16 added RGB(5, 2, 1)
0...1...2...3...4...5...6...7...8...9...10	Bounce #17 added RGB(2, 1, 0)
0...1...2...3...4...5...6...7...8...9...10	Bounce #18 added RGB(1, 1, 0)
0...1...2...3...4...5...6...7...8...9...10	Bounce #19 added RGB(1, 0, 0)
Build Patch/Sample Hash Table(s).....Done<0.0936 sec>
0...1...2...3...4...5...6...7...8...9...10FinalLightFace Done
0...1...2...3...4...5...6...7...8...9...10Setting up leaf ambient computation...
108 of 400 (27% of) surface lights went in leaf ambient cubes.
0...1...2...3...4...5...6...7...8...9...10Writing leaf ambient...done
Ready to Finish

Object names       Objects/Maxobjs  Fullness 
------------       ---------------  -------- 
entities              1164/65536    ( 1.8%) 
models                 149/4096     ( 3.6%) 
brushes               4302/65536    ( 6.6%) 
brushsides           27171/655350   ( 4.1%) 
planes                5466/65536    ( 8.3%) 
vertexes             30275/65536    (46.2%) 
nodes                 4773/65536    ( 7.3%) 
texinfos              1651/32768    ( 5.0%) 
texdata                312/8192     ( 3.8%) 
dispinfos                6/16384    ( 0.0%) 
faces                17245/65536    (26.3%) 
hdr faces            17245/65536    (26.3%) 
origfaces             8877/65536    (13.5%) 
leaves                4923/65536    ( 7.5%) 
leaffaces            20490/65536    (31.3%) 
leafbrushes           8823/65536    (13.5%) 
areas                   91/1024     ( 8.9%) 
surfedges            84148/512000   (16.4%) 
edges                47446/256000   (18.5%) 
leafwaterdata           15/32768    ( 0.0%) 
primitives            2569/32768    ( 7.8%) 
primverts                0/65536    ( 0.0%) 
primindices          40035/65536    (61.1%) 
cubemapsamples           0/1024     ( 0.0%) 
overlays                71/8192     ( 0.9%) 
vertnormalindices    84005/256000   (32.8%) 
visdata             161451/16777216 ( 1.0%) 
entdata             422578/393216   (107.5%) FULL!!!
LDR ambient table     4923/65536    ( 7.5%) 
HDR ambient table     4923/65536    ( 7.5%) 
LDR worldlights            0       
HDR worldlights            555     
LDR lightdata              0       
HDR lightdata              35669596
LDR leaf ambient           4923    
HDR leaf ambient           15902   
occluders                  0       
occluder polygons          0       
occluder vert ind          0       
detail props               1140    
dtl prp lght               4       
HDR dtl prp lght           4       
static props               20768   
pakfile                    128476  
physics                    1405021 
physics terrain            1818    

Level flags = 0

Total triangle count: 49515
Writing w:\programs\steam\steamapps\common\garrysmod\garrysmod\addons\garrysmodmap\maps\gmm_garrymod_map_by_woowz_old_alpha_beta.bsp
9 seconds elapsed

==================================================================
Date: 2026-09-28 21:24:16
W:\Programs\Steam\steamapps\common\GarrysMod\bin\win64\vbspplusplus.exe -allowdynamicpropsasstatic -game W:\Programs\Steam\steamapps\common\GarrysMod\garrysmod w:\programs\steam\steamapps\common\garrysmod\garrysmod\addons\garrysmodmap\maps\gmm_garrymod_map_by_woowz_old_alpha_beta
==================================================================
16 threads
---------------
gamedir: W:\Programs\Steam\steamapps\common\GarrysMod\garrysmod\
---------------
Loading w:\programs\steam\steamapps\common\garrysmod\garrysmod\addons\garrysmodmap\maps\gmm_garrymod_map_by_woowz_old_alpha_beta.vmf
Locating GameData file 'garrysmod.fgd'...
Parsing GameData file w:\programs\steam\steamapps\common\garrysmod\bin\garrysmod.fgd
Parsing GameData file w:\programs\steam\steamapps\common\garrysmod\bin\base.fgd
Parsing GameData file w:\programs\steam\steamapps\common\garrysmod\bin\halflife2.fgd
Parsing GameData file w:\programs\steam\steamapps\common\garrysmod\bin\base.fgd
fixing up env_cubemap materials on brush sides...
FloodEntities...
FloodEntities...
Processing areas...done (0)
Building Faces...done (0)
Chop Details...done (1)
Find Visible Detail Sides...
Merged 1116 detail faces...done (1)
Merging details...done (0)
FixTjuncs...
PruneNodes...
WriteBSP...
done (0)
writing w:\programs\steam\steamapps\common\garrysmod\garrysmod\addons\garrysmodmap\maps\gmm_garrymod_map_by_woowz_old_alpha_beta.prt...
Building visibility clusters...
done (0)
Generating blank default cubemaps...
Generating blank default cubemaps...
Emitted 4302 brushes and 27171 brushsides
Finding displacement neighbors...
Finding lightmap sample positions...
Building Physics collision data...
done (0) (1405021 bytes)
Emitting static props...
Model "models/props_phx/construct/metal_wire1x2x2b.mdl" is missing $staticprop. Allowing due to -allowdynamicpropsasstatic
Model "models/props_phx/construct/metal_wire_angle360x2.mdl" is missing $staticprop. Allowing due to -allowdynamicpropsasstatic
Placing detail props : 0...1...2...3...4...5...6...7...8...9...10
Water found with no water_lod_control entity, creating a default one.
Compacting texture/material tables...
Reduced 2805 texinfos to 1651
Reduced 344 texdatas to 312 (10962 bytes to 8143)
Writing w:\programs\steam\steamapps\common\garrysmod\garrysmod\addons\garrysmodmap\maps\gmm_garrymod_map_by_woowz_old_alpha_beta.bsp
2 seconds elapsed

==================================================================
Date: 2026-09-28 21:24:18
W:\Programs\Steam\steamapps\common\GarrysMod\bin\win64\vvisplusplus.exe -game W:\Programs\Steam\steamapps\common\GarrysMod\garrysmod w:\programs\steam\steamapps\common\garrysmod\garrysmod\addons\garrysmodmap\maps\gmm_garrymod_map_by_woowz_old_alpha_beta
==================================================================
16 threads
CPU supports AVX2
reading w:\programs\steam\steamapps\common\garrysmod\garrysmod\addons\garrysmodmap\maps\gmm_garrymod_map_by_woowz_old_alpha_beta.bsp
reading w:\programs\steam\steamapps\common\garrysmod\garrysmod\addons\garrysmodmap\maps\gmm_garrymod_map_by_woowz_old_alpha_beta.prt
1462 portalclusters
2729 numportals
0...1...2...3...4...5...6...7...8...9...100...1...2...3...4...5...6...7...8...9...10Optimized: 221 visible clusters (0.29%)
Total clusters visible: 75049
Average clusters visible: 51
Building PAS...
Average clusters audible: 185
visdatasize:161451  compressed from 538016
writing w:\programs\steam\steamapps\common\garrysmod\garrysmod\addons\garrysmodmap\maps\gmm_garrymod_map_by_woowz_old_alpha_beta.bsp
Wrote ZIP buffer, estimated size 132710, actual size 128476
0 seconds elapsed

==================================================================
Date: 2026-09-28 21:24:18
W:\Programs\Steam\steamapps\common\GarrysMod\bin\win64\vradplusplus.exe -both -final -game W:\Programs\Steam\steamapps\common\GarrysMod\garrysmod w:\programs\steam\steamapps\common\garrysmod\garrysmod\addons\garrysmodmap\maps\gmm_garrymod_map_by_woowz_old_alpha_beta
==================================================================
---------------
gamedir: W:\Programs\Steam\steamapps\common\GarrysMod\garrysmod\
---------------
16 threads
Compiling in LDR+HDR mode
Reading texlights from 'lights.rad'...
53 texlights parsed
Loading w:\programs\steam\steamapps\common\garrysmod\garrysmod\addons\garrysmodmap\maps\gmm_garrymod_map_by_woowz_old_alpha_beta.bsp
159 props added to raytrace
17001 faces
1 degenerate faces
492 fake patch planes
1901066 square feet [273753568.00 square inches]
6 Displacements
4507 Square Feet [649081.00 Square Inches]
0...1...2...3...4...5...6...7...8...9...1017000 patches before subdivision
201724 patches after subdivision
CreateDirectLights...
0...1...2...3...4...5...6...7...8...9...10555 lights, 6 styled (0.01 seconds)
0...1...2...3...4...5...6...7...8...9...100...1...2...3...4...5...6...7...8...9...10transfers 20800472, max 975
transfer lists: 158.7 megs
0...1...2...3...4...5...6...7...8...9...10	Bounce #1 added RGB(2025582, 1578018, 1110640)
0...1...2...3...4...5...6...7...8...9...10	Bounce #2 added RGB(587943, 439687, 302012)
0...1...2...3...4...5...6...7...8...9...10	Bounce #3 added RGB(200853, 146279, 101038)
0...1...2...3...4...5...6...7...8...9...10	Bounce #4 added RGB(75225, 53112, 36551)
0...1...2...3...4...5...6...7...8...9...10	Bounce #5 added RGB(29950, 20486, 14021)
0...1...2...3...4...5...6...7...8...9...10	Bounce #6 added RGB(12409, 8214, 5549)
0...1...2...3...4...5...6...7...8...9...10	Bounce #7 added RGB(5310, 3404, 2261)
0...1...2...3...4...5...6...7...8...9...10	Bounce #8 added RGB(2327, 1445, 937)
0...1...2...3...4...5...6...7...8...9...10	Bounce #9 added RGB(1040, 626, 395)
0...1...2...3...4...5...6...7...8...9...10	Bounce #10 added RGB(472, 275, 168)
0...1...2...3...4...5...6...7...8...9...10	Bounce #11 added RGB(217, 123, 72)
0...1...2...3...4...5...6...7...8...9...10	Bounce #12 added RGB(101, 55, 31)
0...1...2...3...4...5...6...7...8...9...10	Bounce #13 added RGB(47, 25, 14)
0...1...2...3...4...5...6...7...8...9...10	Bounce #14 added RGB(22, 11, 6)
0...1...2...3...4...5...6...7...8...9...10	Bounce #15 added RGB(11, 5, 3)
0...1...2...3...4...5...6...7...8...9...10	Bounce #16 added RGB(5, 2, 1)
0...1...2...3...4...5...6...7...8...9...10	Bounce #17 added RGB(2, 1, 0)
0...1...2...3...4...5...6...7...8...9...10	Bounce #18 added RGB(1, 1, 0)
0...1...2...3...4...5...6...7...8...9...10	Bounce #19 added RGB(1, 0, 0)
Build Patch/Sample Hash Table(s).....Done<0.0874 sec>
0...1...2...3...4...5...6...7...8...9...10FinalLightFace Done
0...1...2...3...4...5...6...7...8...9...10Setting up leaf ambient computation...
108 of 400 (27% of) surface lights went in leaf ambient cubes.
0...1...2...3...4...5...6...7...8...9...10Writing leaf ambient...done
Ready to Finish

Object names       Objects/Maxobjs  Fullness 
------------       ---------------  -------- 
entities              1164/65536    ( 1.8%) 
models                 149/4096     ( 3.6%) 
brushes               4302/65536    ( 6.6%) 
brushsides           27171/655350   ( 4.1%) 
planes                5466/65536    ( 8.3%) 
vertexes             29993/65536    (45.8%) 
nodes                 4773/65536    ( 7.3%) 
texinfos              1651/32768    ( 5.0%) 
texdata                312/8192     ( 3.8%) 
dispinfos                6/16384    ( 0.0%) 
faces                17001/65536    (25.9%) 
hdr faces            17001/65536    (25.9%) 
origfaces             8877/65536    (13.5%) 
leaves                4923/65536    ( 7.5%) 
leaffaces            20246/65536    (30.9%) 
leafbrushes           8823/65536    (13.5%) 
areas                   91/1024     ( 8.9%) 
surfedges            83102/512000   (16.2%) 
edges                46919/256000   (18.3%) 
leafwaterdata           15/32768    ( 0.0%) 
primitives            2556/32768    ( 7.8%) 
primverts                0/65536    ( 0.0%) 
primindices          39882/65536    (60.9%) 
cubemapsamples           0/1024     ( 0.0%) 
overlays                71/8192     ( 0.9%) 
vertnormalindices    82959/256000   (32.4%) 
visdata             161451/16777216 ( 1.0%) 
entdata             422578/393216   (107.5%) FULL!!!
LDR ambient table     4923/65536    ( 7.5%) 
HDR ambient table     4923/65536    ( 7.5%) 
LDR worldlights            0       
HDR worldlights            555     
LDR lightdata              0       
HDR lightdata              34843604
LDR leaf ambient           4923    
HDR leaf ambient           15892   
occluders                  0       
occluder polygons          0       
occluder vert ind          0       
detail props               1140    
dtl prp lght               4       
HDR dtl prp lght           4       
static props               20768   
pakfile                    128476  
physics                    1405021 
physics terrain            1818    

Level flags = 0

Total triangle count: 48957
Writing w:\programs\steam\steamapps\common\garrysmod\garrysmod\addons\garrysmodmap\maps\gmm_garrymod_map_by_woowz_old_alpha_beta.bsp
9 seconds elapsed

==================================================================
Date: 2026-09-28 21:29:57
W:\Programs\Steam\steamapps\common\GarrysMod\bin\win64\vbspplusplus.exe -allowdynamicpropsasstatic -game W:\Programs\Steam\steamapps\common\GarrysMod\garrysmod w:\programs\steam\steamapps\common\garrysmod\garrysmod\addons\garrysmodmap\maps\gmm_garrymod_map_by_woowz_old_alpha_beta
==================================================================
16 threads
---------------
gamedir: W:\Programs\Steam\steamapps\common\GarrysMod\garrysmod\
---------------
Loading w:\programs\steam\steamapps\common\garrysmod\garrysmod\addons\garrysmodmap\maps\gmm_garrymod_map_by_woowz_old_alpha_beta.vmf
Locating GameData file 'garrysmod.fgd'...
Parsing GameData file w:\programs\steam\steamapps\common\garrysmod\bin\garrysmod.fgd
Parsing GameData file w:\programs\steam\steamapps\common\garrysmod\bin\base.fgd
Parsing GameData file w:\programs\steam\steamapps\common\garrysmod\bin\halflife2.fgd
Parsing GameData file w:\programs\steam\steamapps\common\garrysmod\bin\base.fgd
fixing up env_cubemap materials on brush sides...
FloodEntities...
FloodEntities...
Processing areas...done (0)
Building Faces...done (0)
Chop Details...done (0)
Find Visible Detail Sides...
Merged 1114 detail faces...done (1)
Merging details...done (0)
FixTjuncs...
PruneNodes...
WriteBSP...
done (0)
writing w:\programs\steam\steamapps\common\garrysmod\garrysmod\addons\garrysmodmap\maps\gmm_garrymod_map_by_woowz_old_alpha_beta.prt...
Building visibility clusters...
done (0)
Generating blank default cubemaps...
Generating blank default cubemaps...
Emitted 4274 brushes and 26951 brushsides
Finding displacement neighbors...
Finding lightmap sample positions...
Building Physics collision data...
done (0) (1394239 bytes)
Emitting static props...
Model "models/props_phx/construct/metal_wire1x2x2b.mdl" is missing $staticprop. Allowing due to -allowdynamicpropsasstatic
Model "models/props_phx/construct/metal_wire_angle360x2.mdl" is missing $staticprop. Allowing due to -allowdynamicpropsasstatic
Placing detail props : 0...1...2...3...4...5...6...7...8...9...10
Water found with no water_lod_control entity, creating a default one.
Compacting texture/material tables...
Reduced 2775 texinfos to 1627
Reduced 343 texdatas to 312 (10837 bytes to 8143)
Writing w:\programs\steam\steamapps\common\garrysmod\garrysmod\addons\garrysmodmap\maps\gmm_garrymod_map_by_woowz_old_alpha_beta.bsp
2 seconds elapsed

==================================================================
Date: 2026-09-28 21:30:00
W:\Programs\Steam\steamapps\common\GarrysMod\bin\win64\vvisplusplus.exe -game W:\Programs\Steam\steamapps\common\GarrysMod\garrysmod w:\programs\steam\steamapps\common\garrysmod\garrysmod\addons\garrysmodmap\maps\gmm_garrymod_map_by_woowz_old_alpha_beta
==================================================================
16 threads
CPU supports AVX2
reading w:\programs\steam\steamapps\common\garrysmod\garrysmod\addons\garrysmodmap\maps\gmm_garrymod_map_by_woowz_old_alpha_beta.bsp
reading w:\programs\steam\steamapps\common\garrysmod\garrysmod\addons\garrysmodmap\maps\gmm_garrymod_map_by_woowz_old_alpha_beta.prt
1461 portalclusters
2730 numportals
0...1...2...3...4...5...6...7...8...9...100...1...2...3...4...5...6...7...8...9...10Optimized: 191 visible clusters (0.25%)
Total clusters visible: 75116
Average clusters visible: 51
Building PAS...
Average clusters audible: 186
visdatasize:161985  compressed from 537648
writing w:\programs\steam\steamapps\common\garrysmod\garrysmod\addons\garrysmodmap\maps\gmm_garrymod_map_by_woowz_old_alpha_beta.bsp
Wrote ZIP buffer, estimated size 132068, actual size 127968
0 seconds elapsed

==================================================================
Date: 2026-09-28 21:30:00
W:\Programs\Steam\steamapps\common\GarrysMod\bin\win64\vradplusplus.exe -both -final -game W:\Programs\Steam\steamapps\common\GarrysMod\garrysmod w:\programs\steam\steamapps\common\garrysmod\garrysmod\addons\garrysmodmap\maps\gmm_garrymod_map_by_woowz_old_alpha_beta
==================================================================
---------------
gamedir: W:\Programs\Steam\steamapps\common\GarrysMod\garrysmod\
---------------
16 threads
Compiling in LDR+HDR mode
Reading texlights from 'lights.rad'...
53 texlights parsed
Loading w:\programs\steam\steamapps\common\garrysmod\garrysmod\addons\garrysmodmap\maps\gmm_garrymod_map_by_woowz_old_alpha_beta.bsp
159 props added to raytrace
16845 faces
1 degenerate faces
480 fake patch planes
1892126 square feet [272466272.00 square inches]
6 Displacements
4507 Square Feet [649081.00 Square Inches]
0...1...2...3...4...5...6...7...8...9...1016844 patches before subdivision
198118 patches after subdivision
CreateDirectLights...
0...1...2...3...4...5...6...7...8...9...10554 lights, 6 styled (0.01 seconds)
0...1...2...3...4...5...6...7...8...9...100...1...2...3...4...5...6...7...8...9...10transfers 20234199, max 980
transfer lists: 154.4 megs
0...1...2...3...4...5...6...7...8...9...10	Bounce #1 added RGB(1919691, 1505344, 1074751)
0...1...2...3...4...5...6...7...8...9...10	Bounce #2 added RGB(547320, 419013, 293971)
0...1...2...3...4...5...6...7...8...9...10	Bounce #3 added RGB(184550, 139969, 98938)
0...1...2...3...4...5...6...7...8...9...10	Bounce #4 added RGB(68798, 51226, 36026)
0...1...2...3...4...5...6...7...8...9...10	Bounce #5 added RGB(27366, 19900, 13879)
0...1...2...3...4...5...6...7...8...9...10	Bounce #6 added RGB(11377, 8034, 5512)
0...1...2...3...4...5...6...7...8...9...10	Bounce #7 added RGB(4896, 3348, 2251)
0...1...2...3...4...5...6...7...8...9...10	Bounce #8 added RGB(2161, 1427, 935)
0...1...2...3...4...5...6...7...8...9...10	Bounce #9 added RGB(974, 621, 394)
0...1...2...3...4...5...6...7...8...9...10	Bounce #10 added RGB(446, 274, 168)
0...1...2...3...4...5...6...7...8...9...10	Bounce #11 added RGB(207, 122, 72)
0...1...2...3...4...5...6...7...8...9...10	Bounce #12 added RGB(97, 55, 31)
0...1...2...3...4...5...6...7...8...9...10	Bounce #13 added RGB(46, 25, 14)
0...1...2...3...4...5...6...7...8...9...10	Bounce #14 added RGB(22, 11, 6)
0...1...2...3...4...5...6...7...8...9...10	Bounce #15 added RGB(10, 5, 3)
0...1...2...3...4...5...6...7...8...9...10	Bounce #16 added RGB(5, 2, 1)
0...1...2...3...4...5...6...7...8...9...10	Bounce #17 added RGB(2, 1, 0)
0...1...2...3...4...5...6...7...8...9...10	Bounce #18 added RGB(1, 1, 0)
0...1...2...3...4...5...6...7...8...9...10	Bounce #19 added RGB(1, 0, 0)
Build Patch/Sample Hash Table(s).....Done<0.0845 sec>
0...1...2...3...4...5...6...7...8...9...10FinalLightFace Done
0...1...2...3...4...5...6...7...8...9...10Setting up leaf ambient computation...
108 of 400 (27% of) surface lights went in leaf ambient cubes.
0...1...2...3...4...5...6...7...8...9...10Writing leaf ambient...done
Ready to Finish

Object names       Objects/Maxobjs  Fullness 
------------       ---------------  -------- 
entities              1157/65536    ( 1.8%) 
models                 147/4096     ( 3.6%) 
brushes               4274/65536    ( 6.5%) 
brushsides           26951/655350   ( 4.1%) 
planes                5426/65536    ( 8.3%) 
vertexes             29656/65536    (45.3%) 
nodes                 4761/65536    ( 7.3%) 
texinfos              1627/32768    ( 5.0%) 
texdata                312/8192     ( 3.8%) 
dispinfos                6/16384    ( 0.0%) 
faces                16845/65536    (25.7%) 
hdr faces            16845/65536    (25.7%) 
origfaces             8768/65536    (13.4%) 
leaves                4909/65536    ( 7.5%) 
leaffaces            20080/65536    (30.6%) 
leafbrushes           8786/65536    (13.4%) 
areas                   91/1024     ( 8.9%) 
surfedges            82074/512000   (16.0%) 
edges                46321/256000   (18.1%) 
leafwaterdata           14/32768    ( 0.0%) 
primitives            2466/32768    ( 7.5%) 
primverts                0/65536    ( 0.0%) 
primindices          38328/65536    (58.5%) 
cubemapsamples           0/1024     ( 0.0%) 
overlays                71/8192     ( 0.9%) 
vertnormalindices    81933/256000   (32.0%) 
visdata             161985/16777216 ( 1.0%) 
entdata             418724/393216   (106.5%) FULL!!!
LDR ambient table     4909/65536    ( 7.5%) 
HDR ambient table     4909/65536    ( 7.5%) 
LDR worldlights            0       
HDR worldlights            554     
LDR lightdata              0       
HDR lightdata              34527756
LDR leaf ambient           4909    
HDR leaf ambient           15678   
occluders                  0       
occluder polygons          0       
occluder vert ind          0       
detail props               1140    
dtl prp lght               4       
HDR dtl prp lght           4       
static props               20768   
pakfile                    127968  
physics                    1394239 
physics terrain            1818    

Level flags = 0

Total triangle count: 48243
Writing w:\programs\steam\steamapps\common\garrysmod\garrysmod\addons\garrysmodmap\maps\gmm_garrymod_map_by_woowz_old_alpha_beta.bsp
9 seconds elapsed

==================================================================
Date: 2026-09-28 21:39:38
W:\Programs\Steam\steamapps\common\GarrysMod\bin\win64\vbspplusplus.exe -allowdynamicpropsasstatic -game W:\Programs\Steam\steamapps\common\GarrysMod\garrysmod w:\programs\steam\steamapps\common\garrysmod\garrysmod\addons\garrysmodmap\maps\gmm_garrymod_map_by_woowz_old_alpha_beta
==================================================================
16 threads
---------------
gamedir: W:\Programs\Steam\steamapps\common\GarrysMod\garrysmod\
---------------
Loading w:\programs\steam\steamapps\common\garrysmod\garrysmod\addons\garrysmodmap\maps\gmm_garrymod_map_by_woowz_old_alpha_beta.vmf
Locating GameData file 'garrysmod.fgd'...
Parsing GameData file w:\programs\steam\steamapps\common\garrysmod\bin\garrysmod.fgd
Parsing GameData file w:\programs\steam\steamapps\common\garrysmod\bin\base.fgd
Parsing GameData file w:\programs\steam\steamapps\common\garrysmod\bin\halflife2.fgd
Parsing GameData file w:\programs\steam\steamapps\common\garrysmod\bin\base.fgd
fixing up env_cubemap materials on brush sides...
FloodEntities...
FloodEntities...
Processing areas...done (0)
Building Faces...done (0)
Chop Details...done (0)
Find Visible Detail Sides...
Merged 1112 detail faces...done (0)
Merging details...done (0)
FixTjuncs...
PruneNodes...
WriteBSP...
done (0)
writing w:\programs\steam\steamapps\common\garrysmod\garrysmod\addons\garrysmodmap\maps\gmm_garrymod_map_by_woowz_old_alpha_beta.prt...
Building visibility clusters...
done (0)
Generating blank default cubemaps...
Generating blank default cubemaps...
Emitted 4265 brushes and 26897 brushsides
Finding displacement neighbors...
Finding lightmap sample positions...
Building Physics collision data...
done (0) (1392375 bytes)
Emitting static props...
Model "models/props_phx/construct/metal_wire1x2x2b.mdl" is missing $staticprop. Allowing due to -allowdynamicpropsasstatic
Model "models/props_phx/construct/metal_wire_angle360x2.mdl" is missing $staticprop. Allowing due to -allowdynamicpropsasstatic
Placing detail props : 0...1...2...3...4...5...6...7...8...9...10
Water found with no water_lod_control entity, creating a default one.
Compacting texture/material tables...
Reduced 2778 texinfos to 1632
Reduced 345 texdatas to 314 (10877 bytes to 8183)
Writing w:\programs\steam\steamapps\common\garrysmod\garrysmod\addons\garrysmodmap\maps\gmm_garrymod_map_by_woowz_old_alpha_beta.bsp
2 seconds elapsed

==================================================================
Date: 2026-09-28 21:39:40
W:\Programs\Steam\steamapps\common\GarrysMod\bin\win64\vvisplusplus.exe -game W:\Programs\Steam\steamapps\common\GarrysMod\garrysmod w:\programs\steam\steamapps\common\garrysmod\garrysmod\addons\garrysmodmap\maps\gmm_garrymod_map_by_woowz_old_alpha_beta
==================================================================
16 threads
CPU supports AVX2
reading w:\programs\steam\steamapps\common\garrysmod\garrysmod\addons\garrysmodmap\maps\gmm_garrymod_map_by_woowz_old_alpha_beta.bsp
reading w:\programs\steam\steamapps\common\garrysmod\garrysmod\addons\garrysmodmap\maps\gmm_garrymod_map_by_woowz_old_alpha_beta.prt
1451 portalclusters
2703 numportals
0...1...2...3...4...5...6...7...8...9...100...1...2...3...4...5...6...7...8...9...10Optimized: 166 visible clusters (0.22%)
Total clusters visible: 74361
Average clusters visible: 51
Building PAS...
Average clusters audible: 181
visdatasize:158863  compressed from 533968
writing w:\programs\steam\steamapps\common\garrysmod\garrysmod\addons\garrysmodmap\maps\gmm_garrymod_map_by_woowz_old_alpha_beta.bsp
Wrote ZIP buffer, estimated size 132068, actual size 127968
0 seconds elapsed

==================================================================
Date: 2026-09-28 21:39:41
W:\Programs\Steam\steamapps\common\GarrysMod\bin\win64\vradplusplus.exe -both -final -game W:\Programs\Steam\steamapps\common\GarrysMod\garrysmod w:\programs\steam\steamapps\common\garrysmod\garrysmod\addons\garrysmodmap\maps\gmm_garrymod_map_by_woowz_old_alpha_beta
==================================================================
---------------
gamedir: W:\Programs\Steam\steamapps\common\GarrysMod\garrysmod\
---------------
16 threads
Compiling in LDR+HDR mode
Reading texlights from 'lights.rad'...
53 texlights parsed
Loading w:\programs\steam\steamapps\common\garrysmod\garrysmod\addons\garrysmodmap\maps\gmm_garrymod_map_by_woowz_old_alpha_beta.bsp
159 props added to raytrace
16751 faces
1 degenerate faces
480 fake patch planes
1877042 square feet [270294176.00 square inches]
6 Displacements
4507 Square Feet [649081.00 Square Inches]
0...1...2...3...4...5...6...7...8...9...1016750 patches before subdivision
196592 patches after subdivision
CreateDirectLights...
0...1...2...3...4...5...6...7...8...9...10554 lights, 6 styled (0.01 seconds)
0...1...2...3...4...5...6...7...8...9...100...1...2...3...4...5...6...7...8...9...10transfers 19879062, max 961
transfer lists: 151.7 megs
0...1...2...3...4...5...6...7...8...9...10	Bounce #1 added RGB(1912224, 1505154, 1074952)
0...1...2...3...4...5...6...7...8...9...10	Bounce #2 added RGB(542649, 419040, 294010)
0...1...2...3...4...5...6...7...8...9...10	Bounce #3 added RGB(182704, 139970, 98941)
0...1...2...3...4...5...6...7...8...9...10	Bounce #4 added RGB(68156, 51222, 36024)
0...1...2...3...4...5...6...7...8...9...10	Bounce #5 added RGB(27154, 19896, 13877)
0...1...2...3...4...5...6...7...8...9...10	Bounce #6 added RGB(11310, 8031, 5511)
0...1...2...3...4...5...6...7...8...9...10	Bounce #7 added RGB(4874, 3346, 2251)
0...1...2...3...4...5...6...7...8...9...10	Bounce #8 added RGB(2154, 1426, 934)
0...1...2...3...4...5...6...7...8...9...10	Bounce #9 added RGB(971, 620, 394)
0...1...2...3...4...5...6...7...8...9...10	Bounce #10 added RGB(445, 273, 168)
0...1...2...3...4...5...6...7...8...9...10	Bounce #11 added RGB(206, 122, 72)
0...1...2...3...4...5...6...7...8...9...10	Bounce #12 added RGB(96, 55, 31)
0...1...2...3...4...5...6...7...8...9...10	Bounce #13 added RGB(46, 25, 14)
0...1...2...3...4...5...6...7...8...9...10	Bounce #14 added RGB(22, 11, 6)
0...1...2...3...4...5...6...7...8...9...10	Bounce #15 added RGB(10, 5, 3)
0...1...2...3...4...5...6...7...8...9...10	Bounce #16 added RGB(5, 2, 1)
0...1...2...3...4...5...6...7...8...9...10	Bounce #17 added RGB(2, 1, 0)
0...1...2...3...4...5...6...7...8...9...10	Bounce #18 added RGB(1, 1, 0)
0...1...2...3...4...5...6...7...8...9...10	Bounce #19 added RGB(1, 0, 0)
Build Patch/Sample Hash Table(s).....Done<0.0891 sec>
0...1...2...3...4...5...6...7...8...9...10FinalLightFace Done
0...1...2...3...4...5...6...7...8...9...10Setting up leaf ambient computation...
108 of 400 (27% of) surface lights went in leaf ambient cubes.
0...1...2...3...4...5...6...7...8...9...10Writing leaf ambient...done
Ready to Finish

Object names       Objects/Maxobjs  Fullness 
------------       ---------------  -------- 
entities              1152/65536    ( 1.8%) 
models                 147/4096     ( 3.6%) 
brushes               4265/65536    ( 6.5%) 
brushsides           26897/655350   ( 4.1%) 
planes                5424/65536    ( 8.3%) 
vertexes             29525/65536    (45.1%) 
nodes                 4738/65536    ( 7.2%) 
texinfos              1632/32768    ( 5.0%) 
texdata                314/8192     ( 3.8%) 
dispinfos                6/16384    ( 0.0%) 
faces                16751/65536    (25.6%) 
hdr faces            16751/65536    (25.6%) 
origfaces             8739/65536    (13.3%) 
leaves                4886/65536    ( 7.5%) 
leaffaces            19962/65536    (30.5%) 
leafbrushes           8770/65536    (13.4%) 
areas                   91/1024     ( 8.9%) 
surfedges            81627/512000   (15.9%) 
edges                46082/256000   (18.0%) 
leafwaterdata           14/32768    ( 0.0%) 
primitives            2477/32768    ( 7.6%) 
primverts                0/65536    ( 0.0%) 
primindices          38370/65536    (58.5%) 
cubemapsamples           0/1024     ( 0.0%) 
overlays                72/8192     ( 0.9%) 
vertnormalindices    81486/256000   (31.8%) 
visdata             158863/16777216 ( 0.9%) 
entdata             416898/393216   (106.0%) FULL!!!
LDR ambient table     4886/65536    ( 7.5%) 
HDR ambient table     4886/65536    ( 7.5%) 
LDR worldlights            0       
HDR worldlights            554     
LDR lightdata              0       
HDR lightdata              34381868
LDR leaf ambient           4886    
HDR leaf ambient           15625   
occluders                  0       
occluder polygons          0       
occluder vert ind          0       
detail props               1140    
dtl prp lght               4       
HDR dtl prp lght           4       
static props               20568   
pakfile                    127968  
physics                    1392375 
physics terrain            1818    

Level flags = 0

Total triangle count: 47984
Writing w:\programs\steam\steamapps\common\garrysmod\garrysmod\addons\garrysmodmap\maps\gmm_garrymod_map_by_woowz_old_alpha_beta.bsp
9 seconds elapsed

==================================================================
Date: 2026-09-28 21:44:13
W:\Programs\Steam\steamapps\common\GarrysMod\bin\win64\vbspplusplus.exe -allowdynamicpropsasstatic -game W:\Programs\Steam\steamapps\common\GarrysMod\garrysmod w:\programs\steam\steamapps\common\garrysmod\garrysmod\addons\garrysmodmap\maps\gmm_garrymod_map_by_woowz_old_alpha_beta
==================================================================
16 threads
---------------
gamedir: W:\Programs\Steam\steamapps\common\GarrysMod\garrysmod\
---------------
Loading w:\programs\steam\steamapps\common\garrysmod\garrysmod\addons\garrysmodmap\maps\gmm_garrymod_map_by_woowz_old_alpha_beta.vmf
Locating GameData file 'garrysmod.fgd'...
Parsing GameData file w:\programs\steam\steamapps\common\garrysmod\bin\garrysmod.fgd
Parsing GameData file w:\programs\steam\steamapps\common\garrysmod\bin\base.fgd
Parsing GameData file w:\programs\steam\steamapps\common\garrysmod\bin\halflife2.fgd
Parsing GameData file w:\programs\steam\steamapps\common\garrysmod\bin\base.fgd
fixing up env_cubemap materials on brush sides...
FloodEntities...
FloodEntities...
Processing areas...done (0)
Building Faces...done (0)
Chop Details...done (0)
Find Visible Detail Sides...
Merged 1112 detail faces...done (1)
Merging details...done (0)
FixTjuncs...
PruneNodes...
WriteBSP...
done (0)
writing w:\programs\steam\steamapps\common\garrysmod\garrysmod\addons\garrysmodmap\maps\gmm_garrymod_map_by_woowz_old_alpha_beta.prt...
Building visibility clusters...
done (0)
Generating blank default cubemaps...
Generating blank default cubemaps...
Emitted 4258 brushes and 26855 brushsides
Finding displacement neighbors...
Finding lightmap sample positions...
Building Physics collision data...
done (0) (1391138 bytes)
Emitting static props...
Model "models/props_phx/construct/metal_wire1x2x2b.mdl" is missing $staticprop. Allowing due to -allowdynamicpropsasstatic
Model "models/props_phx/construct/metal_wire_angle360x2.mdl" is missing $staticprop. Allowing due to -allowdynamicpropsasstatic
Placing detail props : 0...1...2...3...4...5...6...7...8...9...10
Water found with no water_lod_control entity, creating a default one.
Compacting texture/material tables...
Reduced 2765 texinfos to 1624
Reduced 343 texdatas to 312 (10837 bytes to 8143)
Writing w:\programs\steam\steamapps\common\garrysmod\garrysmod\addons\garrysmodmap\maps\gmm_garrymod_map_by_woowz_old_alpha_beta.bsp
2 seconds elapsed

==================================================================
Date: 2026-09-28 21:44:15
W:\Programs\Steam\steamapps\common\GarrysMod\bin\win64\vvisplusplus.exe -game W:\Programs\Steam\steamapps\common\GarrysMod\garrysmod w:\programs\steam\steamapps\common\garrysmod\garrysmod\addons\garrysmodmap\maps\gmm_garrymod_map_by_woowz_old_alpha_beta
==================================================================
16 threads
CPU supports AVX2
reading w:\programs\steam\steamapps\common\garrysmod\garrysmod\addons\garrysmodmap\maps\gmm_garrymod_map_by_woowz_old_alpha_beta.bsp
reading w:\programs\steam\steamapps\common\garrysmod\garrysmod\addons\garrysmodmap\maps\gmm_garrymod_map_by_woowz_old_alpha_beta.prt
1444 portalclusters
2687 numportals
0...1...2...3...4...5...6...7...8...9...100...1...2...3...4...5...6...7...8...9...10Optimized: 166 visible clusters (0.23%)
Total clusters visible: 73624
Average clusters visible: 50
Building PAS...
Average clusters audible: 176
visdatasize:153735  compressed from 531392
writing w:\programs\steam\steamapps\common\garrysmod\garrysmod\addons\garrysmodmap\maps\gmm_garrymod_map_by_woowz_old_alpha_beta.bsp
Wrote ZIP buffer, estimated size 132068, actual size 127968
0 seconds elapsed

==================================================================
Date: 2026-09-28 21:44:15
W:\Programs\Steam\steamapps\common\GarrysMod\bin\win64\vradplusplus.exe -both -final -game W:\Programs\Steam\steamapps\common\GarrysMod\garrysmod w:\programs\steam\steamapps\common\garrysmod\garrysmod\addons\garrysmodmap\maps\gmm_garrymod_map_by_woowz_old_alpha_beta
==================================================================
---------------
gamedir: W:\Programs\Steam\steamapps\common\GarrysMod\garrysmod\
---------------
16 threads
Compiling in LDR+HDR mode
Reading texlights from 'lights.rad'...
53 texlights parsed
Loading w:\programs\steam\steamapps\common\garrysmod\garrysmod\addons\garrysmodmap\maps\gmm_garrymod_map_by_woowz_old_alpha_beta.bsp
160 props added to raytrace
16724 faces
1 degenerate faces
474 fake patch planes
1876920 square feet [270276576.00 square inches]
6 Displacements
4507 Square Feet [649081.00 Square Inches]
0...1...2...3...4...5...6...7...8...9...1016723 patches before subdivision
196545 patches after subdivision
CreateDirectLights...
0...1...2...3...4...5...6...7...8...9...10556 lights, 6 styled (0.01 seconds)
0...1...2...3...4...5...6...7...8...9...100...1...2...3...4...5...6...7...8...9...10transfers 19870176, max 961
transfer lists: 151.6 megs
0...1...2...3...4...5...6...7...8...9...10	Bounce #1 added RGB(1883134, 1484520, 1065435)
0...1...2...3...4...5...6...7...8...9...10	Bounce #2 added RGB(531053, 413049, 291615)
0...1...2...3...4...5...6...7...8...9...10	Bounce #3 added RGB(177913, 138095, 98292)
0...1...2...3...4...5...6...7...8...9...10	Bounce #4 added RGB(66246, 50655, 35858)
0...1...2...3...4...5...6...7...8...9...10	Bounce #5 added RGB(26381, 19718, 13830)
0...1...2...3...4...5...6...7...8...9...10	Bounce #6 added RGB(11000, 7976, 5498)
0...1...2...3...4...5...6...7...8...9...10	Bounce #7 added RGB(4749, 3329, 2247)
0...1...2...3...4...5...6...7...8...9...10	Bounce #8 added RGB(2104, 1421, 933)
0...1...2...3...4...5...6...7...8...9...10	Bounce #9 added RGB(951, 618, 394)
0...1...2...3...4...5...6...7...8...9...10	Bounce #10 added RGB(437, 273, 168)
0...1...2...3...4...5...6...7...8...9...10	Bounce #11 added RGB(203, 122, 72)
0...1...2...3...4...5...6...7...8...9...10	Bounce #12 added RGB(95, 55, 31)
0...1...2...3...4...5...6...7...8...9...10	Bounce #13 added RGB(45, 25, 13)
0...1...2...3...4...5...6...7...8...9...10	Bounce #14 added RGB(21, 11, 6)
0...1...2...3...4...5...6...7...8...9...10	Bounce #15 added RGB(10, 5, 3)
0...1...2...3...4...5...6...7...8...9...10	Bounce #16 added RGB(5, 2, 1)
0...1...2...3...4...5...6...7...8...9...10	Bounce #17 added RGB(2, 1, 0)
0...1...2...3...4...5...6...7...8...9...10	Bounce #18 added RGB(1, 1, 0)
0...1...2...3...4...5...6...7...8...9...10	Bounce #19 added RGB(1, 0, 0)
Build Patch/Sample Hash Table(s).....Done<0.0830 sec>
0...1...2...3...4...5...6...7...8...9...10FinalLightFace Done
0...1...2...3...4...5...6...7...8...9...10Setting up leaf ambient computation...
108 of 401 (26% of) surface lights went in leaf ambient cubes.
0...1...2...3...4...5...6...7...8...9...10Writing leaf ambient...done
Ready to Finish

Object names       Objects/Maxobjs  Fullness 
------------       ---------------  -------- 
entities              1149/65536    ( 1.8%) 
models                 146/4096     ( 3.6%) 
brushes               4258/65536    ( 6.5%) 
brushsides           26855/655350   ( 4.1%) 
planes                5416/65536    ( 8.3%) 
vertexes             29487/65536    (45.0%) 
nodes                 4715/65536    ( 7.2%) 
texinfos              1624/32768    ( 5.0%) 
texdata                312/8192     ( 3.8%) 
dispinfos                6/16384    ( 0.0%) 
faces                16724/65536    (25.5%) 
hdr faces            16724/65536    (25.5%) 
origfaces             8722/65536    (13.3%) 
leaves                4862/65536    ( 7.4%) 
leaffaces            19945/65536    (30.4%) 
leafbrushes           8757/65536    (13.4%) 
areas                   91/1024     ( 8.9%) 
surfedges            81495/512000   (15.9%) 
edges                46003/256000   (18.0%) 
leafwaterdata           14/32768    ( 0.0%) 
primitives            2471/32768    ( 7.5%) 
primverts                0/65536    ( 0.0%) 
primindices          38295/65536    (58.4%) 
cubemapsamples           0/1024     ( 0.0%) 
overlays                72/8192     ( 0.9%) 
vertnormalindices    81355/256000   (31.8%) 
visdata             153735/16777216 ( 0.9%) 
entdata             416328/393216   (105.9%) FULL!!!
LDR ambient table     4862/65536    ( 7.4%) 
HDR ambient table     4862/65536    ( 7.4%) 
LDR worldlights            0       
HDR worldlights            556     
LDR lightdata              0       
HDR lightdata              34375688
LDR leaf ambient           4862    
HDR leaf ambient           15586   
occluders                  0       
occluder polygons          0       
occluder vert ind          0       
detail props               1140    
dtl prp lght               4       
HDR dtl prp lght           4       
static props               20642   
pakfile                    127968  
physics                    1391138 
physics terrain            1818    

Level flags = 0

Total triangle count: 47907
Writing w:\programs\steam\steamapps\common\garrysmod\garrysmod\addons\garrysmodmap\maps\gmm_garrymod_map_by_woowz_old_alpha_beta.bsp
9 seconds elapsed

==================================================================
Date: 2026-09-28 21:47:50
W:\Programs\Steam\steamapps\common\GarrysMod\bin\win64\vbspplusplus.exe -allowdynamicpropsasstatic -game W:\Programs\Steam\steamapps\common\GarrysMod\garrysmod w:\programs\steam\steamapps\common\garrysmod\garrysmod\addons\garrysmodmap\maps\gmm_garrymod_map_by_woowz_old_alpha_beta
==================================================================
16 threads
---------------
gamedir: W:\Programs\Steam\steamapps\common\GarrysMod\garrysmod\
---------------
Loading w:\programs\steam\steamapps\common\garrysmod\garrysmod\addons\garrysmodmap\maps\gmm_garrymod_map_by_woowz_old_alpha_beta.vmf
Locating GameData file 'garrysmod.fgd'...
Parsing GameData file w:\programs\steam\steamapps\common\garrysmod\bin\garrysmod.fgd
Parsing GameData file w:\programs\steam\steamapps\common\garrysmod\bin\base.fgd
Parsing GameData file w:\programs\steam\steamapps\common\garrysmod\bin\halflife2.fgd
Parsing GameData file w:\programs\steam\steamapps\common\garrysmod\bin\base.fgd
fixing up env_cubemap materials on brush sides...
FloodEntities...
FloodEntities...
Processing areas...done (0)
Building Faces...done (0)
Chop Details...done (0)
Find Visible Detail Sides...
Merged 1112 detail faces...done (1)
Merging details...done (0)
FixTjuncs...
PruneNodes...
WriteBSP...
done (0)
writing w:\programs\steam\steamapps\common\garrysmod\garrysmod\addons\garrysmodmap\maps\gmm_garrymod_map_by_woowz_old_alpha_beta.prt...
Building visibility clusters...
done (0)
Generating blank default cubemaps...
Generating blank default cubemaps...
Emitted 4248 brushes and 26794 brushsides
Finding displacement neighbors...
Finding lightmap sample positions...
Building Physics collision data...
done (0) (1388586 bytes)
Emitting static props...
Model "models/props_phx/construct/metal_wire1x2x2b.mdl" is missing $staticprop. Allowing due to -allowdynamicpropsasstatic
Model "models/props_phx/construct/metal_wire_angle360x2.mdl" is missing $staticprop. Allowing due to -allowdynamicpropsasstatic
Placing detail props : 0...1...2...3...4...5...6...7...8...9...10
Water found with no water_lod_control entity, creating a default one.
Compacting texture/material tables...
Reduced 2758 texinfos to 1616
Reduced 342 texdatas to 311 (10810 bytes to 8116)
Writing w:\programs\steam\steamapps\common\garrysmod\garrysmod\addons\garrysmodmap\maps\gmm_garrymod_map_by_woowz_old_alpha_beta.bsp
2 seconds elapsed

==================================================================
Date: 2026-09-28 21:47:53
W:\Programs\Steam\steamapps\common\GarrysMod\bin\win64\vvisplusplus.exe -game W:\Programs\Steam\steamapps\common\GarrysMod\garrysmod w:\programs\steam\steamapps\common\garrysmod\garrysmod\addons\garrysmodmap\maps\gmm_garrymod_map_by_woowz_old_alpha_beta
==================================================================
16 threads
CPU supports AVX2
reading w:\programs\steam\steamapps\common\garrysmod\garrysmod\addons\garrysmodmap\maps\gmm_garrymod_map_by_woowz_old_alpha_beta.bsp
reading w:\programs\steam\steamapps\common\garrysmod\garrysmod\addons\garrysmodmap\maps\gmm_garrymod_map_by_woowz_old_alpha_beta.prt
1439 portalclusters
2688 numportals
0...1...2...3...4...5...6...7...8...9...100...1...2...3...4...5...6...7...8...9...10Optimized: 172 visible clusters (0.23%)
Total clusters visible: 73553
Average clusters visible: 51
Building PAS...
Average clusters audible: 173
visdatasize:154981  compressed from 529552
writing w:\programs\steam\steamapps\common\garrysmod\garrysmod\addons\garrysmodmap\maps\gmm_garrymod_map_by_woowz_old_alpha_beta.bsp
Wrote ZIP buffer, estimated size 132068, actual size 127968
0 seconds elapsed

==================================================================
Date: 2026-09-28 21:47:53
W:\Programs\Steam\steamapps\common\GarrysMod\bin\win64\vradplusplus.exe -both -final -game W:\Programs\Steam\steamapps\common\GarrysMod\garrysmod w:\programs\steam\steamapps\common\garrysmod\garrysmod\addons\garrysmodmap\maps\gmm_garrymod_map_by_woowz_old_alpha_beta
==================================================================
---------------
gamedir: W:\Programs\Steam\steamapps\common\GarrysMod\garrysmod\
---------------
16 threads
Compiling in LDR+HDR mode
Reading texlights from 'lights.rad'...
53 texlights parsed
Loading w:\programs\steam\steamapps\common\garrysmod\garrysmod\addons\garrysmodmap\maps\gmm_garrymod_map_by_woowz_old_alpha_beta.bsp
160 props added to raytrace
16691 faces
1 degenerate faces
468 fake patch planes
1876557 square feet [270224288.00 square inches]
6 Displacements
4507 Square Feet [649081.00 Square Inches]
0...1...2...3...4...5...6...7...8...9...1016690 patches before subdivision
196598 patches after subdivision
CreateDirectLights...
0...1...2...3...4...5...6...7...8...9...10547 lights, 6 styled (0.01 seconds)
0...1...2...3...4...5...6...7...8...9...100...1...2...3...4...5...6...7...8...9...10transfers 19870416, max 961
transfer lists: 151.6 megs
0...1...2...3...4...5...6...7...8...9...10	Bounce #1 added RGB(1855414, 1460301, 1052077)
0...1...2...3...4...5...6...7...8...9...10	Bounce #2 added RGB(527086, 409761, 290179)
0...1...2...3...4...5...6...7...8...9...10	Bounce #3 added RGB(177276, 137572, 98113)
0...1...2...3...4...5...6...7...8...9...10	Bounce #4 added RGB(66138, 50571, 35838)
0...1...2...3...4...5...6...7...8...9...10	Bounce #5 added RGB(26363, 19704, 13829)
0...1...2...3...4...5...6...7...8...9...10	Bounce #6 added RGB(10997, 7974, 5499)
0...1...2...3...4...5...6...7...8...9...10	Bounce #7 added RGB(4749, 3329, 2247)
0...1...2...3...4...5...6...7...8...9...10	Bounce #8 added RGB(2104, 1421, 934)
0...1...2...3...4...5...6...7...8...9...10	Bounce #9 added RGB(952, 618, 394)
0...1...2...3...4...5...6...7...8...9...10	Bounce #10 added RGB(437, 273, 168)
0...1...2...3...4...5...6...7...8...9...10	Bounce #11 added RGB(203, 122, 72)
0...1...2...3...4...5...6...7...8...9...10	Bounce #12 added RGB(95, 55, 31)
0...1...2...3...4...5...6...7...8...9...10	Bounce #13 added RGB(45, 25, 13)
0...1...2...3...4...5...6...7...8...9...10	Bounce #14 added RGB(21, 11, 6)
0...1...2...3...4...5...6...7...8...9...10	Bounce #15 added RGB(10, 5, 3)
0...1...2...3...4...5...6...7...8...9...10	Bounce #16 added RGB(5, 2, 1)
0...1...2...3...4...5...6...7...8...9...10	Bounce #17 added RGB(2, 1, 0)
0...1...2...3...4...5...6...7...8...9...10	Bounce #18 added RGB(1, 1, 0)
0...1...2...3...4...5...6...7...8...9...10	Bounce #19 added RGB(1, 0, 0)
Build Patch/Sample Hash Table(s).....Done<0.0836 sec>
0...1...2...3...4...5...6...7...8...9...10FinalLightFace Done
0...1...2...3...4...5...6...7...8...9...10Setting up leaf ambient computation...
108 of 392 (27% of) surface lights went in leaf ambient cubes.
0...1...2...3...4...5...6...7...8...9...10Writing leaf ambient...done
Ready to Finish

Object names       Objects/Maxobjs  Fullness 
------------       ---------------  -------- 
entities              1142/65536    ( 1.7%) 
models                 144/4096     ( 3.5%) 
brushes               4248/65536    ( 6.5%) 
brushsides           26794/655350   ( 4.1%) 
planes                5406/65536    ( 8.2%) 
vertexes             29423/65536    (44.9%) 
nodes                 4686/65536    ( 7.2%) 
texinfos              1616/32768    ( 4.9%) 
texdata                311/8192     ( 3.8%) 
dispinfos                6/16384    ( 0.0%) 
faces                16691/65536    (25.5%) 
hdr faces            16691/65536    (25.5%) 
origfaces             8693/65536    (13.3%) 
leaves                4831/65536    ( 7.4%) 
leaffaces            19914/65536    (30.4%) 
leafbrushes           8732/65536    (13.3%) 
areas                   90/1024     ( 8.8%) 
surfedges            81299/512000   (15.9%) 
edges                45877/256000   (17.9%) 
leafwaterdata           14/32768    ( 0.0%) 
primitives            2450/32768    ( 7.5%) 
primverts                0/65536    ( 0.0%) 
primindices          37962/65536    (57.9%) 
cubemapsamples           0/1024     ( 0.0%) 
overlays                72/8192     ( 0.9%) 
vertnormalindices    81160/256000   (31.7%) 
visdata             154981/16777216 ( 0.9%) 
entdata             414460/393216   (105.4%) FULL!!!
LDR ambient table     4831/65536    ( 7.4%) 
HDR ambient table     4831/65536    ( 7.4%) 
LDR worldlights            0       
HDR worldlights            547     
LDR lightdata              0       
HDR lightdata              34375776
LDR leaf ambient           4831    
HDR leaf ambient           15437   
occluders                  0       
occluder polygons          0       
occluder vert ind          0       
detail props               1140    
dtl prp lght               4       
HDR dtl prp lght           4       
static props               20640   
pakfile                    127968  
physics                    1388586 
physics terrain            1818    

Level flags = 0

Total triangle count: 47778
Writing w:\programs\steam\steamapps\common\garrysmod\garrysmod\addons\garrysmodmap\maps\gmm_garrymod_map_by_woowz_old_alpha_beta.bsp
29 seconds elapsed

==================================================================
Date: 2026-09-28 22:04:44
W:\Programs\Steam\steamapps\common\GarrysMod\bin\win64\vbspplusplus.exe -allowdynamicpropsasstatic -game W:\Programs\Steam\steamapps\common\GarrysMod\garrysmod w:\programs\steam\steamapps\common\garrysmod\garrysmod\addons\garrysmodmap\maps\gmm_garrymod_map_by_woowz_old_alpha_beta
==================================================================
16 threads
---------------
gamedir: W:\Programs\Steam\steamapps\common\GarrysMod\garrysmod\
---------------
Loading w:\programs\steam\steamapps\common\garrysmod\garrysmod\addons\garrysmodmap\maps\gmm_garrymod_map_by_woowz_old_alpha_beta.vmf
Locating GameData file 'garrysmod.fgd'...
Parsing GameData file w:\programs\steam\steamapps\common\garrysmod\bin\garrysmod.fgd
Parsing GameData file w:\programs\steam\steamapps\common\garrysmod\bin\base.fgd
Parsing GameData file w:\programs\steam\steamapps\common\garrysmod\bin\halflife2.fgd
Parsing GameData file w:\programs\steam\steamapps\common\garrysmod\bin\base.fgd
fixing up env_cubemap materials on brush sides...
FloodEntities...
FloodEntities...
Processing areas...done (0)
Building Faces...done (0)
Chop Details...done (0)
Find Visible Detail Sides...
Merged 1048 detail faces...done (1)
Merging details...done (0)
FixTjuncs...
PruneNodes...
WriteBSP...
done (0)
writing w:\programs\steam\steamapps\common\garrysmod\garrysmod\addons\garrysmodmap\maps\gmm_garrymod_map_by_woowz_old_alpha_beta.prt...
Building visibility clusters...
done (0)
Generating blank default cubemaps...
Generating blank default cubemaps...
Emitted 4197 brushes and 26333 brushsides
Finding displacement neighbors...
Finding lightmap sample positions...
Building Physics collision data...
done (0) (1371324 bytes)
Emitting static props...
Model "models/props_phx/construct/metal_wire1x2x2b.mdl" is missing $staticprop. Allowing due to -allowdynamicpropsasstatic
Model "models/props_phx/construct/metal_wire_angle360x2.mdl" is missing $staticprop. Allowing due to -allowdynamicpropsasstatic
Placing detail props : 0...1...2...3...4...5...6...7...8...9...10
Water found with no water_lod_control entity, creating a default one.
Compacting texture/material tables...
Reduced 2698 texinfos to 1591
Reduced 338 texdatas to 308 (10674 bytes to 8055)
Writing w:\programs\steam\steamapps\common\garrysmod\garrysmod\addons\garrysmodmap\maps\gmm_garrymod_map_by_woowz_old_alpha_beta.bsp
2 seconds elapsed

==================================================================
Date: 2026-09-28 22:04:47
W:\Programs\Steam\steamapps\common\GarrysMod\bin\win64\vvisplusplus.exe -game W:\Programs\Steam\steamapps\common\GarrysMod\garrysmod w:\programs\steam\steamapps\common\garrysmod\garrysmod\addons\garrysmodmap\maps\gmm_garrymod_map_by_woowz_old_alpha_beta
==================================================================
16 threads
CPU supports AVX2
reading w:\programs\steam\steamapps\common\garrysmod\garrysmod\addons\garrysmodmap\maps\gmm_garrymod_map_by_woowz_old_alpha_beta.bsp
reading w:\programs\steam\steamapps\common\garrysmod\garrysmod\addons\garrysmodmap\maps\gmm_garrymod_map_by_woowz_old_alpha_beta.prt
1419 portalclusters
2650 numportals
0...1...2...3...4...5...6...7...8...9...100...1...2...3...4...5...6...7...8...9...10Optimized: 170 visible clusters (0.24%)
Total clusters visible: 71587
Average clusters visible: 50
Building PAS...
Average clusters audible: 171
visdatasize:146943  compressed from 522192
writing w:\programs\steam\steamapps\common\garrysmod\garrysmod\addons\garrysmodmap\maps\gmm_garrymod_map_by_woowz_old_alpha_beta.bsp
Wrote ZIP buffer, estimated size 131527, actual size 127561
0 seconds elapsed

==================================================================
Date: 2026-09-28 22:04:47
W:\Programs\Steam\steamapps\common\GarrysMod\bin\win64\vradplusplus.exe -both -final -game W:\Programs\Steam\steamapps\common\GarrysMod\garrysmod w:\programs\steam\steamapps\common\garrysmod\garrysmod\addons\garrysmodmap\maps\gmm_garrymod_map_by_woowz_old_alpha_beta
==================================================================
---------------
gamedir: W:\Programs\Steam\steamapps\common\GarrysMod\garrysmod\
---------------
16 threads
Compiling in LDR+HDR mode
Reading texlights from 'lights.rad'...
53 texlights parsed
Loading w:\programs\steam\steamapps\common\garrysmod\garrysmod\addons\garrysmodmap\maps\gmm_garrymod_map_by_woowz_old_alpha_beta.bsp
160 props added to raytrace
16265 faces
1 degenerate faces
366 fake patch planes
1804430 square feet [259837920.00 square inches]
6 Displacements
4507 Square Feet [649081.00 Square Inches]
0...1...2...3...4...5...6...7...8...9...1016264 patches before subdivision
189230 patches after subdivision
CreateDirectLights...
0...1...2...3...4...5...6...7...8...9...10535 lights, 6 styled (0.01 seconds)
0...1...2...3...4...5...6...7...8...9...100...1...2...3...4...5...6...7...8...9...10transfers 19229949, max 974
transfer lists: 146.7 megs
0...1...2...3...4...5...6...7...8...9...10	Bounce #1 added RGB(1768748, 1444366, 1065320)
0...1...2...3...4...5...6...7...8...9...10	Bounce #2 added RGB(516199, 409936, 294160)
0...1...2...3...4...5...6...7...8...9...10	Bounce #3 added RGB(176422, 138634, 99547)
0...1...2...3...4...5...6...7...8...9...10	Bounce #4 added RGB(66384, 51168, 36397)
0...1...2...3...4...5...6...7...8...9...10	Bounce #5 added RGB(26588, 19988, 14052)
0...1...2...3...4...5...6...7...8...9...10	Bounce #6 added RGB(11118, 8101, 5587)
0...1...2...3...4...5...6...7...8...9...10	Bounce #7 added RGB(4807, 3384, 2282)
0...1...2...3...4...5...6...7...8...9...10	Bounce #8 added RGB(2132, 1445, 947)
0...1...2...3...4...5...6...7...8...9...10	Bounce #9 added RGB(964, 629, 399)
0...1...2...3...4...5...6...7...8...9...10	Bounce #10 added RGB(443, 278, 170)
0...1...2...3...4...5...6...7...8...9...10	Bounce #11 added RGB(206, 124, 73)
0...1...2...3...4...5...6...7...8...9...10	Bounce #12 added RGB(97, 56, 31)
0...1...2...3...4...5...6...7...8...9...10	Bounce #13 added RGB(46, 25, 14)
0...1...2...3...4...5...6...7...8...9...10	Bounce #14 added RGB(22, 12, 6)
0...1...2...3...4...5...6...7...8...9...10	Bounce #15 added RGB(10, 5, 3)
0...1...2...3...4...5...6...7...8...9...10	Bounce #16 added RGB(5, 2, 1)
0...1...2...3...4...5...6...7...8...9...10	Bounce #17 added RGB(2, 1, 0)
0...1...2...3...4...5...6...7...8...9...10	Bounce #18 added RGB(1, 1, 0)
0...1...2...3...4...5...6...7...8...9...10	Bounce #19 added RGB(1, 0, 0)
Build Patch/Sample Hash Table(s).....Done<0.0822 sec>
0...1...2...3...4...5...6...7...8...9...10FinalLightFace Done
0...1...2...3...4...5...6...7...8...9...10Setting up leaf ambient computation...
104 of 381 (27% of) surface lights went in leaf ambient cubes.
0...1...2...3...4...5...6...7...8...9...10Writing leaf ambient...done
Ready to Finish

Object names       Objects/Maxobjs  Fullness 
------------       ---------------  -------- 
entities              1108/65536    ( 1.7%) 
models                 139/4096     ( 3.4%) 
brushes               4197/65536    ( 6.4%) 
brushsides           26333/655350   ( 4.0%) 
planes                5026/65536    ( 7.7%) 
vertexes             28664/65536    (43.7%) 
nodes                 4570/65536    ( 7.0%) 
texinfos              1591/32768    ( 4.9%) 
texdata                308/8192     ( 3.8%) 
dispinfos                6/16384    ( 0.0%) 
faces                16265/65536    (24.8%) 
hdr faces            16265/65536    (24.8%) 
origfaces             8513/65536    (13.0%) 
leaves                4710/65536    ( 7.2%) 
leaffaces            19361/65536    (29.5%) 
leafbrushes           8638/65536    (13.2%) 
areas                   90/1024     ( 8.8%) 
surfedges            79194/512000   (15.5%) 
edges                44710/256000   (17.5%) 
leafwaterdata           14/32768    ( 0.0%) 
primitives            2400/32768    ( 7.3%) 
primverts                0/65536    ( 0.0%) 
primindices          37287/65536    (56.9%) 
cubemapsamples           0/1024     ( 0.0%) 
overlays                71/8192     ( 0.9%) 
vertnormalindices    79060/256000   (30.9%) 
visdata             146943/16777216 ( 0.9%) 
entdata             396633/393216   (100.9%) FULL!!!
LDR ambient table     4710/65536    ( 7.2%) 
HDR ambient table     4710/65536    ( 7.2%) 
LDR worldlights            0       
HDR worldlights            535     
LDR lightdata              0       
HDR lightdata              32546880
LDR leaf ambient           4710    
HDR leaf ambient           14760   
occluders                  0       
occluder polygons          0       
occluder vert ind          0       
detail props               1140    
dtl prp lght               4       
HDR dtl prp lght           4       
static props               20640   
pakfile                    127561  
physics                    1371324 
physics terrain            1818    

Level flags = 0

Total triangle count: 46530
Writing w:\programs\steam\steamapps\common\garrysmod\garrysmod\addons\garrysmodmap\maps\gmm_garrymod_map_by_woowz_old_alpha_beta.bsp
9 seconds elapsed

==================================================================
Date: 2026-09-28 22:23:19
W:\Programs\Steam\steamapps\common\GarrysMod\bin\win64\vbspplusplus.exe -allowdynamicpropsasstatic -game W:\Programs\Steam\steamapps\common\GarrysMod\garrysmod w:\programs\steam\steamapps\common\garrysmod\garrysmod\addons\garrysmodmap\maps\gmm_garrymod_map_by_woowz_old_alpha_beta
==================================================================
16 threads
---------------
gamedir: W:\Programs\Steam\steamapps\common\GarrysMod\garrysmod\
---------------
Loading w:\programs\steam\steamapps\common\garrysmod\garrysmod\addons\garrysmodmap\maps\gmm_garrymod_map_by_woowz_old_alpha_beta.vmf
Locating GameData file 'garrysmod.fgd'...
Parsing GameData file w:\programs\steam\steamapps\common\garrysmod\bin\garrysmod.fgd
Parsing GameData file w:\programs\steam\steamapps\common\garrysmod\bin\base.fgd
Parsing GameData file w:\programs\steam\steamapps\common\garrysmod\bin\halflife2.fgd
Parsing GameData file w:\programs\steam\steamapps\common\garrysmod\bin\base.fgd
fixing up env_cubemap materials on brush sides...
FloodEntities...
FloodEntities...
Processing areas...done (0)
Building Faces...done (0)
Chop Details...done (0)
Find Visible Detail Sides...
Merged 1036 detail faces...done (0)
Merging details...done (1)
FixTjuncs...
PruneNodes...
WriteBSP...
done (0)
writing w:\programs\steam\steamapps\common\garrysmod\garrysmod\addons\garrysmodmap\maps\gmm_garrymod_map_by_woowz_old_alpha_beta.prt...
Building visibility clusters...
done (0)
Generating blank default cubemaps...
Generating blank default cubemaps...
Emitted 4166 brushes and 26071 brushsides
Finding displacement neighbors...
Finding lightmap sample positions...
Building Physics collision data...
done (0) (1363273 bytes)
Emitting static props...
Model "models/props_phx/construct/metal_wire1x2x2b.mdl" is missing $staticprop. Allowing due to -allowdynamicpropsasstatic
Model "models/props_phx/construct/metal_wire_angle360x2.mdl" is missing $staticprop. Allowing due to -allowdynamicpropsasstatic
Placing detail props : 0...1...2...3...4...5...6...7...8...9...10
Water found with no water_lod_control entity, creating a default one.
Compacting texture/material tables...
Reduced 2646 texinfos to 1562
Reduced 335 texdatas to 305 (10537 bytes to 7918)
Writing w:\programs\steam\steamapps\common\garrysmod\garrysmod\addons\garrysmodmap\maps\gmm_garrymod_map_by_woowz_old_alpha_beta.bsp
2 seconds elapsed

==================================================================
Date: 2026-09-28 22:23:21
W:\Programs\Steam\steamapps\common\GarrysMod\bin\win64\vvisplusplus.exe -game W:\Programs\Steam\steamapps\common\GarrysMod\garrysmod w:\programs\steam\steamapps\common\garrysmod\garrysmod\addons\garrysmodmap\maps\gmm_garrymod_map_by_woowz_old_alpha_beta
==================================================================
16 threads
CPU supports AVX2
reading w:\programs\steam\steamapps\common\garrysmod\garrysmod\addons\garrysmodmap\maps\gmm_garrymod_map_by_woowz_old_alpha_beta.bsp
reading w:\programs\steam\steamapps\common\garrysmod\garrysmod\addons\garrysmodmap\maps\gmm_garrymod_map_by_woowz_old_alpha_beta.prt
1393 portalclusters
2596 numportals
0...1...2...3...4...5...6...7...8...9...100...1...2...3...4...5...6...7...8...9...10Optimized: 136 visible clusters (0.20%)
Total clusters visible: 68483
Average clusters visible: 49
Building PAS...
Average clusters audible: 154
visdatasize:133718  compressed from 490336
writing w:\programs\steam\steamapps\common\garrysmod\garrysmod\addons\garrysmodmap\maps\gmm_garrymod_map_by_woowz_old_alpha_beta.bsp
Wrote ZIP buffer, estimated size 131527, actual size 127561
0 seconds elapsed

==================================================================
Date: 2026-09-28 22:23:21
W:\Programs\Steam\steamapps\common\GarrysMod\bin\win64\vradplusplus.exe -both -final -game W:\Programs\Steam\steamapps\common\GarrysMod\garrysmod w:\programs\steam\steamapps\common\garrysmod\garrysmod\addons\garrysmodmap\maps\gmm_garrymod_map_by_woowz_old_alpha_beta
==================================================================
---------------
gamedir: W:\Programs\Steam\steamapps\common\GarrysMod\garrysmod\
---------------
16 threads
Compiling in LDR+HDR mode
Reading texlights from 'lights.rad'...
53 texlights parsed
Loading w:\programs\steam\steamapps\common\garrysmod\garrysmod\addons\garrysmodmap\maps\gmm_garrymod_map_by_woowz_old_alpha_beta.bsp
163 props added to raytrace
16040 faces
1 degenerate faces
333 fake patch planes
1805270 square feet [259958880.00 square inches]
6 Displacements
4507 Square Feet [649081.00 Square Inches]
0...1...2...3...4...5...6...7...8...9...1016039 patches before subdivision
188699 patches after subdivision
CreateDirectLights...
0...1...2...3...4...5...6...7...8...9...10465 lights, 6 styled (0.01 seconds)
0...1...2...3...4...5...6...7...8...9...100...1...2...3...4...5...6...7...8...9...10transfers 19072028, max 980
transfer lists: 145.5 megs
0...1...2...3...4...5...6...7...8...9...10	Bounce #1 added RGB(1714121, 1399464, 1039846)
0...1...2...3...4...5...6...7...8...9...10	Bounce #2 added RGB(498513, 396114, 287355)
0...1...2...3...4...5...6...7...8...9...10	Bounce #3 added RGB(170328, 134237, 97721)
0...1...2...3...4...5...6...7...8...9...10	Bounce #4 added RGB(64115, 49644, 35818)
0...1...2...3...4...5...6...7...8...9...10	Bounce #5 added RGB(25748, 19476, 13882)
0...1...2...3...4...5...6...7...8...9...10	Bounce #6 added RGB(10788, 7918, 5532)
0...1...2...3...4...5...6...7...8...9...10	Bounce #7 added RGB(4677, 3320, 2265)
0...1...2...3...4...5...6...7...8...9...10	Bounce #8 added RGB(2077, 1422, 942)
0...1...2...3...4...5...6...7...8...9...10	Bounce #9 added RGB(942, 621, 397)
0...1...2...3...4...5...6...7...8...9...10	Bounce #10 added RGB(433, 275, 169)
0...1...2...3...4...5...6...7...8...9...10	Bounce #11 added RGB(202, 123, 73)
0...1...2...3...4...5...6...7...8...9...10	Bounce #12 added RGB(95, 55, 31)
0...1...2...3...4...5...6...7...8...9...10	Bounce #13 added RGB(45, 25, 14)
0...1...2...3...4...5...6...7...8...9...10	Bounce #14 added RGB(21, 12, 6)
0...1...2...3...4...5...6...7...8...9...10	Bounce #15 added RGB(10, 5, 3)
0...1...2...3...4...5...6...7...8...9...10	Bounce #16 added RGB(5, 2, 1)
0...1...2...3...4...5...6...7...8...9...10	Bounce #17 added RGB(2, 1, 0)
0...1...2...3...4...5...6...7...8...9...10	Bounce #18 added RGB(1, 1, 0)
0...1...2...3...4...5...6...7...8...9...10	Bounce #19 added RGB(1, 0, 0)
Build Patch/Sample Hash Table(s).....Done<0.0812 sec>
0...1...2...3...4...5...6...7...8...9...10FinalLightFace Done
0...1...2...3...4...5...6...7...8...9...10Setting up leaf ambient computation...
40 of 311 (12% of) surface lights went in leaf ambient cubes.
0...1...2...3...4...5...6...7...8...9...10Writing leaf ambient...done
Ready to Finish

Object names       Objects/Maxobjs  Fullness 
------------       ---------------  -------- 
entities              1083/65536    ( 1.7%) 
models                 133/4096     ( 3.2%) 
brushes               4166/65536    ( 6.4%) 
brushsides           26071/655350   ( 4.0%) 
planes                4730/65536    ( 7.2%) 
vertexes             28273/65536    (43.1%) 
nodes                 4458/65536    ( 6.8%) 
texinfos              1562/32768    ( 4.8%) 
texdata                305/8192     ( 3.7%) 
dispinfos                6/16384    ( 0.0%) 
faces                16040/65536    (24.5%) 
hdr faces            16040/65536    (24.5%) 
origfaces             8339/65536    (12.7%) 
leaves                4592/65536    ( 7.0%) 
leaffaces            19131/65536    (29.2%) 
leafbrushes           8579/65536    (13.1%) 
areas                   90/1024     ( 8.8%) 
surfedges            78022/512000   (15.2%) 
edges                44009/256000   (17.2%) 
leafwaterdata           14/32768    ( 0.0%) 
primitives            2375/32768    ( 7.2%) 
primverts                0/65536    ( 0.0%) 
primindices          36834/65536    (56.2%) 
cubemapsamples           0/1024     ( 0.0%) 
overlays                66/8192     ( 0.8%) 
vertnormalindices    77894/256000   (30.4%) 
visdata             133718/16777216 ( 0.8%) 
entdata             389760/393216   (99.1%) CLOSE TO FULL!
LDR ambient table     4592/65536    ( 7.0%) 
HDR ambient table     4592/65536    ( 7.0%) 
LDR worldlights            0       
HDR worldlights            465     
LDR lightdata              0       
HDR lightdata              32491632
LDR leaf ambient           4592    
HDR leaf ambient           14385   
occluders                  0       
occluder polygons          0       
occluder vert ind          0       
detail props               1140    
dtl prp lght               4       
HDR dtl prp lght           4       
static props               20760   
pakfile                    127561  
physics                    1363273 
physics terrain            1818    

Level flags = 0

Total triangle count: 45814
Writing w:\programs\steam\steamapps\common\garrysmod\garrysmod\addons\garrysmodmap\maps\gmm_garrymod_map_by_woowz_old_alpha_beta.bsp
9 seconds elapsed

==================================================================
Date: 2026-09-28 22:24:53
W:\Programs\Steam\steamapps\common\GarrysMod\bin\win64\vbspplusplus.exe -allowdynamicpropsasstatic -game W:\Programs\Steam\steamapps\common\GarrysMod\garrysmod w:\programs\steam\steamapps\common\garrysmod\garrysmod\addons\garrysmodmap\maps\gmm_garrymod_map_by_woowz_old_alpha_beta
==================================================================
16 threads
---------------
gamedir: W:\Programs\Steam\steamapps\common\GarrysMod\garrysmod\
---------------
Loading w:\programs\steam\steamapps\common\garrysmod\garrysmod\addons\garrysmodmap\maps\gmm_garrymod_map_by_woowz_old_alpha_beta.vmf
Locating GameData file 'garrysmod.fgd'...
Parsing GameData file w:\programs\steam\steamapps\common\garrysmod\bin\garrysmod.fgd
Parsing GameData file w:\programs\steam\steamapps\common\garrysmod\bin\base.fgd
Parsing GameData file w:\programs\steam\steamapps\common\garrysmod\bin\halflife2.fgd
Parsing GameData file w:\programs\steam\steamapps\common\garrysmod\bin\base.fgd
fixing up env_cubemap materials on brush sides...
FloodEntities...
FloodEntities...
Processing areas...done (0)
Building Faces...done (0)
Chop Details...done (0)
Find Visible Detail Sides...
Merged 1036 detail faces...done (0)
Merging details...done (1)
FixTjuncs...
PruneNodes...
WriteBSP...
done (0)
writing w:\programs\steam\steamapps\common\garrysmod\garrysmod\addons\garrysmodmap\maps\gmm_garrymod_map_by_woowz_old_alpha_beta.prt...
Building visibility clusters...
done (0)
Generating blank default cubemaps...
Generating blank default cubemaps...
Emitted 4165 brushes and 26065 brushsides
Finding displacement neighbors...
Finding lightmap sample positions...
Building Physics collision data...
done (0) (1362636 bytes)
Emitting static props...
Model "models/props_phx/construct/metal_wire1x2x2b.mdl" is missing $staticprop. Allowing due to -allowdynamicpropsasstatic
Model "models/props_phx/construct/metal_wire_angle360x2.mdl" is missing $staticprop. Allowing due to -allowdynamicpropsasstatic
Placing detail props : 0...1...2...3...4...5...6...7...8...9...10
Water found with no water_lod_control entity, creating a default one.
Compacting texture/material tables...
Reduced 2645 texinfos to 1562
Reduced 334 texdatas to 305 (10419 bytes to 7918)
Writing w:\programs\steam\steamapps\common\garrysmod\garrysmod\addons\garrysmodmap\maps\gmm_garrymod_map_by_woowz_old_alpha_beta.bsp
2 seconds elapsed

==================================================================
Date: 2026-09-28 22:24:56
W:\Programs\Steam\steamapps\common\GarrysMod\bin\win64\vvisplusplus.exe -game W:\Programs\Steam\steamapps\common\GarrysMod\garrysmod w:\programs\steam\steamapps\common\garrysmod\garrysmod\addons\garrysmodmap\maps\gmm_garrymod_map_by_woowz_old_alpha_beta
==================================================================
16 threads
CPU supports AVX2
reading w:\programs\steam\steamapps\common\garrysmod\garrysmod\addons\garrysmodmap\maps\gmm_garrymod_map_by_woowz_old_alpha_beta.bsp
reading w:\programs\steam\steamapps\common\garrysmod\garrysmod\addons\garrysmodmap\maps\gmm_garrymod_map_by_woowz_old_alpha_beta.prt
1400 portalclusters
2582 numportals
0...1...2...3...4...5...6...7...8...9...100...1...2...3...4...5...6...7...8...9...10Optimized: 132 visible clusters (0.19%)
Total clusters visible: 69186
Average clusters visible: 49
Building PAS...
Average clusters audible: 155
visdatasize:135381  compressed from 492800
writing w:\programs\steam\steamapps\common\garrysmod\garrysmod\addons\garrysmodmap\maps\gmm_garrymod_map_by_woowz_old_alpha_beta.bsp
Wrote ZIP buffer, estimated size 130906, actual size 127074
0 seconds elapsed

==================================================================
Date: 2026-09-28 22:24:56
W:\Programs\Steam\steamapps\common\GarrysMod\bin\win64\vradplusplus.exe -both -final -game W:\Programs\Steam\steamapps\common\GarrysMod\garrysmod w:\programs\steam\steamapps\common\garrysmod\garrysmod\addons\garrysmodmap\maps\gmm_garrymod_map_by_woowz_old_alpha_beta
==================================================================
---------------
gamedir: W:\Programs\Steam\steamapps\common\GarrysMod\garrysmod\
---------------
16 threads
Compiling in LDR+HDR mode
Reading texlights from 'lights.rad'...
53 texlights parsed
Loading w:\programs\steam\steamapps\common\garrysmod\garrysmod\addons\garrysmodmap\maps\gmm_garrymod_map_by_woowz_old_alpha_beta.bsp
163 props added to raytrace
16068 faces
1 degenerate faces
333 fake patch planes
1803062 square feet [259640960.00 square inches]
6 Displacements
4507 Square Feet [649081.00 Square Inches]
0...1...2...3...4...5...6...7...8...9...1016067 patches before subdivision
188877 patches after subdivision
CreateDirectLights...
0...1...2...3...4...5...6...7...8...9...10465 lights, 6 styled (0.01 seconds)
0...1...2...3...4...5...6...7...8...9...100...1...2...3...4...5...6...7...8...9...10transfers 19149078, max 980
transfer lists: 146.1 megs
0...1...2...3...4...5...6...7...8...9...10	Bounce #1 added RGB(1718762, 1405140, 1043598)
0...1...2...3...4...5...6...7...8...9...10	Bounce #2 added RGB(499207, 396927, 287762)
0...1...2...3...4...5...6...7...8...9...10	Bounce #3 added RGB(170448, 134371, 97747)
0...1...2...3...4...5...6...7...8...9...10	Bounce #4 added RGB(64134, 49660, 35796)
0...1...2...3...4...5...6...7...8...9...10	Bounce #5 added RGB(25750, 19477, 13868)
0...1...2...3...4...5...6...7...8...9...10	Bounce #6 added RGB(10788, 7918, 5524)
0...1...2...3...4...5...6...7...8...9...10	Bounce #7 added RGB(4677, 3320, 2262)
0...1...2...3...4...5...6...7...8...9...10	Bounce #8 added RGB(2077, 1422, 940)
0...1...2...3...4...5...6...7...8...9...10	Bounce #9 added RGB(942, 621, 397)
0...1...2...3...4...5...6...7...8...9...10	Bounce #10 added RGB(433, 275, 169)
0...1...2...3...4...5...6...7...8...9...10	Bounce #11 added RGB(202, 123, 73)
0...1...2...3...4...5...6...7...8...9...10	Bounce #12 added RGB(95, 55, 31)
0...1...2...3...4...5...6...7...8...9...10	Bounce #13 added RGB(45, 25, 14)
0...1...2...3...4...5...6...7...8...9...10	Bounce #14 added RGB(21, 12, 6)
0...1...2...3...4...5...6...7...8...9...10	Bounce #15 added RGB(10, 5, 3)
0...1...2...3...4...5...6...7...8...9...10	Bounce #16 added RGB(5, 2, 1)
0...1...2...3...4...5...6...7...8...9...10	Bounce #17 added RGB(2, 1, 0)
0...1...2...3...4...5...6...7...8...9...10	Bounce #18 added RGB(1, 1, 0)
0...1...2...3...4...5...6...7...8...9...10	Bounce #19 added RGB(1, 0, 0)
Build Patch/Sample Hash Table(s).....Done<0.0794 sec>
0...1...2...3...4...5...6...7...8...9...10FinalLightFace Done
0...1...2...3...4...5...6...7...8...9...10Setting up leaf ambient computation...
40 of 311 (12% of) surface lights went in leaf ambient cubes.
0...1...2...3...4...5...6...7...8...9...10Writing leaf ambient...done
Ready to Finish

Object names       Objects/Maxobjs  Fullness 
------------       ---------------  -------- 
entities              1083/65536    ( 1.7%) 
models                 133/4096     ( 3.2%) 
brushes               4165/65536    ( 6.4%) 
brushsides           26065/655350   ( 4.0%) 
planes                4728/65536    ( 7.2%) 
vertexes             28316/65536    (43.2%) 
nodes                 4469/65536    ( 6.8%) 
texinfos              1562/32768    ( 4.8%) 
texdata                305/8192     ( 3.7%) 
dispinfos                6/16384    ( 0.0%) 
faces                16068/65536    (24.5%) 
hdr faces            16068/65536    (24.5%) 
origfaces             8334/65536    (12.7%) 
leaves                4603/65536    ( 7.0%) 
leaffaces            19175/65536    (29.3%) 
leafbrushes           8610/65536    (13.1%) 
areas                   90/1024     ( 8.8%) 
surfedges            78144/512000   (15.3%) 
edges                44056/256000   (17.2%) 
leafwaterdata           13/32768    ( 0.0%) 
primitives            2384/32768    ( 7.3%) 
primverts                0/65536    ( 0.0%) 
primindices          36909/65536    (56.3%) 
cubemapsamples           0/1024     ( 0.0%) 
overlays                66/8192     ( 0.8%) 
vertnormalindices    78016/256000   (30.5%) 
visdata             135381/16777216 ( 0.8%) 
entdata             389760/393216   (99.1%) CLOSE TO FULL!
LDR ambient table     4603/65536    ( 7.0%) 
HDR ambient table     4603/65536    ( 7.0%) 
LDR worldlights            0       
HDR worldlights            465     
LDR lightdata              0       
HDR lightdata              32501644
LDR leaf ambient           4603    
HDR leaf ambient           14290   
occluders                  0       
occluder polygons          0       
occluder vert ind          0       
detail props               1140    
dtl prp lght               4       
HDR dtl prp lght           4       
static props               20688   
pakfile                    127074  
physics                    1362636 
physics terrain            1818    

Level flags = 0

Total triangle count: 45880
Writing w:\programs\steam\steamapps\common\garrysmod\garrysmod\addons\garrysmodmap\maps\gmm_garrymod_map_by_woowz_old_alpha_beta.bsp
9 seconds elapsed

==================================================================
Date: 2026-09-28 22:25:51
W:\Programs\Steam\steamapps\common\GarrysMod\bin\win64\vbspplusplus.exe -allowdynamicpropsasstatic -game W:\Programs\Steam\steamapps\common\GarrysMod\garrysmod w:\programs\steam\steamapps\common\garrysmod\garrysmod\addons\garrysmodmap\maps\gmm_garrymod_map_by_woowz_old_alpha_beta
==================================================================
16 threads
---------------
gamedir: W:\Programs\Steam\steamapps\common\GarrysMod\garrysmod\
---------------
Loading w:\programs\steam\steamapps\common\garrysmod\garrysmod\addons\garrysmodmap\maps\gmm_garrymod_map_by_woowz_old_alpha_beta.vmf
Locating GameData file 'garrysmod.fgd'...
Parsing GameData file w:\programs\steam\steamapps\common\garrysmod\bin\garrysmod.fgd
Parsing GameData file w:\programs\steam\steamapps\common\garrysmod\bin\base.fgd
Parsing GameData file w:\programs\steam\steamapps\common\garrysmod\bin\halflife2.fgd
Parsing GameData file w:\programs\steam\steamapps\common\garrysmod\bin\base.fgd
fixing up env_cubemap materials on brush sides...
FloodEntities...
FloodEntities...
Processing areas...done (0)
Building Faces...done (0)
Chop Details...done (0)
Find Visible Detail Sides...
Merged 1036 detail faces...done (0)
Merging details...done (1)
FixTjuncs...
PruneNodes...
WriteBSP...
done (0)
writing w:\programs\steam\steamapps\common\garrysmod\garrysmod\addons\garrysmodmap\maps\gmm_garrymod_map_by_woowz_old_alpha_beta.prt...
Building visibility clusters...
done (0)
Generating blank default cubemaps...
Generating blank default cubemaps...
Emitted 4164 brushes and 26059 brushsides
Finding displacement neighbors...
Finding lightmap sample positions...
Building Physics collision data...
done (0) (1363273 bytes)
Emitting static props...
Model "models/props_phx/construct/metal_wire1x2x2b.mdl" is missing $staticprop. Allowing due to -allowdynamicpropsasstatic
Model "models/props_phx/construct/metal_wire_angle360x2.mdl" is missing $staticprop. Allowing due to -allowdynamicpropsasstatic
Placing detail props : 0...1...2...3...4...5...6...7...8...9...10
Water found with no water_lod_control entity, creating a default one.
Compacting texture/material tables...
Reduced 2640 texinfos to 1562
Reduced 335 texdatas to 305 (10537 bytes to 7918)
Writing w:\programs\steam\steamapps\common\garrysmod\garrysmod\addons\garrysmodmap\maps\gmm_garrymod_map_by_woowz_old_alpha_beta.bsp
2 seconds elapsed

==================================================================
Date: 2026-09-28 22:25:53
W:\Programs\Steam\steamapps\common\GarrysMod\bin\win64\vvisplusplus.exe -game W:\Programs\Steam\steamapps\common\GarrysMod\garrysmod w:\programs\steam\steamapps\common\garrysmod\garrysmod\addons\garrysmodmap\maps\gmm_garrymod_map_by_woowz_old_alpha_beta
==================================================================
16 threads
CPU supports AVX2
reading w:\programs\steam\steamapps\common\garrysmod\garrysmod\addons\garrysmodmap\maps\gmm_garrymod_map_by_woowz_old_alpha_beta.bsp
reading w:\programs\steam\steamapps\common\garrysmod\garrysmod\addons\garrysmodmap\maps\gmm_garrymod_map_by_woowz_old_alpha_beta.prt
1392 portalclusters
2593 numportals
0...1...2...3...4...5...6...7...8...9...100...1...2...3...4...5...6...7...8...9...10Optimized: 134 visible clusters (0.20%)
Total clusters visible: 68120
Average clusters visible: 48
Building PAS...
Average clusters audible: 154
visdatasize:133778  compressed from 489984
writing w:\programs\steam\steamapps\common\garrysmod\garrysmod\addons\garrysmodmap\maps\gmm_garrymod_map_by_woowz_old_alpha_beta.bsp
Wrote ZIP buffer, estimated size 131527, actual size 127561
0 seconds elapsed

==================================================================
Date: 2026-09-28 22:25:53
W:\Programs\Steam\steamapps\common\GarrysMod\bin\win64\vradplusplus.exe -both -final -game W:\Programs\Steam\steamapps\common\GarrysMod\garrysmod w:\programs\steam\steamapps\common\garrysmod\garrysmod\addons\garrysmodmap\maps\gmm_garrymod_map_by_woowz_old_alpha_beta
==================================================================
---------------
gamedir: W:\Programs\Steam\steamapps\common\GarrysMod\garrysmod\
---------------
16 threads
Compiling in LDR+HDR mode
Reading texlights from 'lights.rad'...
53 texlights parsed
Loading w:\programs\steam\steamapps\common\garrysmod\garrysmod\addons\garrysmodmap\maps\gmm_garrymod_map_by_woowz_old_alpha_beta.bsp
163 props added to raytrace
16037 faces
1 degenerate faces
333 fake patch planes
1805270 square feet [259958880.00 square inches]
6 Displacements
4507 Square Feet [649081.00 Square Inches]
0...1...2...3...4...5...6...7...8...9...1016036 patches before subdivision
188706 patches after subdivision
CreateDirectLights...
0...1...2...3...4...5...6...7...8...9...10465 lights, 6 styled (0.01 seconds)
0...1...2...3...4...5...6...7...8...9...100...1...2...3...4...5...6...7...8...9...10transfers 19066145, max 974
transfer lists: 145.5 megs
0...1...2...3...4...5...6...7...8...9...10	Bounce #1 added RGB(1714241, 1399581, 1039963)
0...1...2...3...4...5...6...7...8...9...10	Bounce #2 added RGB(498542, 396142, 287378)
0...1...2...3...4...5...6...7...8...9...10	Bounce #3 added RGB(170335, 134244, 97728)
0...1...2...3...4...5...6...7...8...9...10	Bounce #4 added RGB(64115, 49645, 35819)
0...1...2...3...4...5...6...7...8...9...10	Bounce #5 added RGB(25747, 19477, 13882)
0...1...2...3...4...5...6...7...8...9...10	Bounce #6 added RGB(10788, 7918, 5532)
0...1...2...3...4...5...6...7...8...9...10	Bounce #7 added RGB(4677, 3320, 2265)
0...1...2...3...4...5...6...7...8...9...10	Bounce #8 added RGB(2077, 1422, 942)
0...1...2...3...4...5...6...7...8...9...10	Bounce #9 added RGB(942, 621, 397)
0...1...2...3...4...5...6...7...8...9...10	Bounce #10 added RGB(433, 275, 169)
0...1...2...3...4...5...6...7...8...9...10	Bounce #11 added RGB(202, 123, 73)
0...1...2...3...4...5...6...7...8...9...10	Bounce #12 added RGB(95, 55, 31)
0...1...2...3...4...5...6...7...8...9...10	Bounce #13 added RGB(45, 25, 14)
0...1...2...3...4...5...6...7...8...9...10	Bounce #14 added RGB(21, 12, 6)
0...1...2...3...4...5...6...7...8...9...10	Bounce #15 added RGB(10, 5, 3)
0...1...2...3...4...5...6...7...8...9...10	Bounce #16 added RGB(5, 2, 1)
0...1...2...3...4...5...6...7...8...9...10	Bounce #17 added RGB(2, 1, 0)
0...1...2...3...4...5...6...7...8...9...10	Bounce #18 added RGB(1, 1, 0)
0...1...2...3...4...5...6...7...8...9...10	Bounce #19 added RGB(1, 0, 0)
Build Patch/Sample Hash Table(s).....Done<0.0812 sec>
0...1...2...3...4...5...6...7...8...9...10FinalLightFace Done
0...1...2...3...4...5...6...7...8...9...10Setting up leaf ambient computation...
40 of 311 (12% of) surface lights went in leaf ambient cubes.
0...1...2...3...4...5...6...7...8...9...10Writing leaf ambient...done
Ready to Finish

Object names       Objects/Maxobjs  Fullness 
------------       ---------------  -------- 
entities              1082/65536    ( 1.7%) 
models                 133/4096     ( 3.2%) 
brushes               4164/65536    ( 6.4%) 
brushsides           26059/655350   ( 4.0%) 
planes                4730/65536    ( 7.2%) 
vertexes             28274/65536    (43.1%) 
nodes                 4455/65536    ( 6.8%) 
texinfos              1562/32768    ( 4.8%) 
texdata                305/8192     ( 3.7%) 
dispinfos                6/16384    ( 0.0%) 
faces                16037/65536    (24.5%) 
hdr faces            16037/65536    (24.5%) 
origfaces             8339/65536    (12.7%) 
leaves                4589/65536    ( 7.0%) 
leaffaces            19129/65536    (29.2%) 
leafbrushes           8567/65536    (13.1%) 
areas                   89/1024     ( 8.7%) 
surfedges            78016/512000   (15.2%) 
edges                43998/256000   (17.2%) 
leafwaterdata           14/32768    ( 0.0%) 
primitives            2376/32768    ( 7.3%) 
primverts                0/65536    ( 0.0%) 
primindices          36837/65536    (56.2%) 
cubemapsamples           0/1024     ( 0.0%) 
overlays                66/8192     ( 0.8%) 
vertnormalindices    77888/256000   (30.4%) 
visdata             133778/16777216 ( 0.8%) 
entdata             389649/393216   (99.1%) CLOSE TO FULL!
LDR ambient table     4589/65536    ( 7.0%) 
HDR ambient table     4589/65536    ( 7.0%) 
LDR worldlights            0       
HDR worldlights            465     
LDR lightdata              0       
HDR lightdata              32490100
LDR leaf ambient           4589    
HDR leaf ambient           14354   
occluders                  0       
occluder polygons          0       
occluder vert ind          0       
detail props               1140    
dtl prp lght               4       
HDR dtl prp lght           4       
static props               20760   
pakfile                    127561  
physics                    1363273 
physics terrain            1818    

Level flags = 0

Total triangle count: 45814
Writing w:\programs\steam\steamapps\common\garrysmod\garrysmod\addons\garrysmodmap\maps\gmm_garrymod_map_by_woowz_old_alpha_beta.bsp
9 seconds elapsed

==================================================================
Date: 2026-09-28 22:27:57
W:\Programs\Steam\steamapps\common\GarrysMod\bin\win64\vbspplusplus.exe -allowdynamicpropsasstatic -game W:\Programs\Steam\steamapps\common\GarrysMod\garrysmod w:\programs\steam\steamapps\common\garrysmod\garrysmod\addons\garrysmodmap\maps\gmm_garrymod_map_by_woowz_old_alpha_beta
==================================================================
16 threads
---------------
gamedir: W:\Programs\Steam\steamapps\common\GarrysMod\garrysmod\
---------------
Loading w:\programs\steam\steamapps\common\garrysmod\garrysmod\addons\garrysmodmap\maps\gmm_garrymod_map_by_woowz_old_alpha_beta.vmf
Locating GameData file 'garrysmod.fgd'...
Parsing GameData file w:\programs\steam\steamapps\common\garrysmod\bin\garrysmod.fgd
Parsing GameData file w:\programs\steam\steamapps\common\garrysmod\bin\base.fgd
Parsing GameData file w:\programs\steam\steamapps\common\garrysmod\bin\halflife2.fgd
Parsing GameData file w:\programs\steam\steamapps\common\garrysmod\bin\base.fgd
fixing up env_cubemap materials on brush sides...
FloodEntities...
FloodEntities...
Processing areas...done (0)
Building Faces...done (0)
Chop Details...done (0)
Find Visible Detail Sides...
Merged 1036 detail faces...done (0)
Merging details...done (1)
FixTjuncs...
PruneNodes...
WriteBSP...
done (0)
writing w:\programs\steam\steamapps\common\garrysmod\garrysmod\addons\garrysmodmap\maps\gmm_garrymod_map_by_woowz_old_alpha_beta.prt...
Building visibility clusters...
done (0)
Generating blank default cubemaps...
Generating blank default cubemaps...
Emitted 4166 brushes and 26071 brushsides
Finding displacement neighbors...
Finding lightmap sample positions...
Building Physics collision data...
done (0) (1363273 bytes)
Emitting static props...
Model "models/props_phx/construct/metal_wire1x2x2b.mdl" is missing $staticprop. Allowing due to -allowdynamicpropsasstatic
Model "models/props_phx/construct/metal_wire_angle360x2.mdl" is missing $staticprop. Allowing due to -allowdynamicpropsasstatic
Placing detail props : 0...1...2...3...4...5...6...7...8...9...10
Water found with no water_lod_control entity, creating a default one.
Compacting texture/material tables...
Reduced 2646 texinfos to 1562
Reduced 335 texdatas to 305 (10537 bytes to 7918)
Writing w:\programs\steam\steamapps\common\garrysmod\garrysmod\addons\garrysmodmap\maps\gmm_garrymod_map_by_woowz_old_alpha_beta.bsp
2 seconds elapsed

==================================================================
Date: 2026-09-28 22:27:59
W:\Programs\Steam\steamapps\common\GarrysMod\bin\win64\vvisplusplus.exe -game W:\Programs\Steam\steamapps\common\GarrysMod\garrysmod w:\programs\steam\steamapps\common\garrysmod\garrysmod\addons\garrysmodmap\maps\gmm_garrymod_map_by_woowz_old_alpha_beta
==================================================================
16 threads
CPU supports AVX2
reading w:\programs\steam\steamapps\common\garrysmod\garrysmod\addons\garrysmodmap\maps\gmm_garrymod_map_by_woowz_old_alpha_beta.bsp
reading w:\programs\steam\steamapps\common\garrysmod\garrysmod\addons\garrysmodmap\maps\gmm_garrymod_map_by_woowz_old_alpha_beta.prt
1393 portalclusters
2596 numportals
0...1...2...3...4...5...6...7...8...9...100...1...2...3...4...5...6...7...8...9...10Optimized: 136 visible clusters (0.20%)
Total clusters visible: 68483
Average clusters visible: 49
Building PAS...
Average clusters audible: 154
visdatasize:133718  compressed from 490336
writing w:\programs\steam\steamapps\common\garrysmod\garrysmod\addons\garrysmodmap\maps\gmm_garrymod_map_by_woowz_old_alpha_beta.bsp
Wrote ZIP buffer, estimated size 131527, actual size 127561
0 seconds elapsed

==================================================================
Date: 2026-09-28 22:28:00
W:\Programs\Steam\steamapps\common\GarrysMod\bin\win64\vradplusplus.exe -both -final -game W:\Programs\Steam\steamapps\common\GarrysMod\garrysmod w:\programs\steam\steamapps\common\garrysmod\garrysmod\addons\garrysmodmap\maps\gmm_garrymod_map_by_woowz_old_alpha_beta
==================================================================
---------------
gamedir: W:\Programs\Steam\steamapps\common\GarrysMod\garrysmod\
---------------
16 threads
Compiling in LDR+HDR mode
Reading texlights from 'lights.rad'...
53 texlights parsed
Loading w:\programs\steam\steamapps\common\garrysmod\garrysmod\addons\garrysmodmap\maps\gmm_garrymod_map_by_woowz_old_alpha_beta.bsp
163 props added to raytrace
16040 faces
1 degenerate faces
333 fake patch planes
1805270 square feet [259958880.00 square inches]
6 Displacements
4507 Square Feet [649081.00 Square Inches]
0...1...2...3...4...5...6...7...8...9...1016039 patches before subdivision
188699 patches after subdivision
CreateDirectLights...
0...1...2...3...4...5...6...7...8...9...10465 lights, 6 styled (0.01 seconds)
0...1...2...3...4...5...6...7...8...9...100...1...2...3...4...5...6...7...8...9...10transfers 19072028, max 980
transfer lists: 145.5 megs
0...1...2...3...4...5...6...7...8...9...10	Bounce #1 added RGB(1714054, 1399400, 1039785)
0...1...2...3...4...5...6...7...8...9...10	Bounce #2 added RGB(498474, 396078, 287323)
0...1...2...3...4...5...6...7...8...9...10	Bounce #3 added RGB(170310, 134221, 97708)
0...1...2...3...4...5...6...7...8...9...10	Bounce #4 added RGB(64106, 49637, 35811)
0...1...2...3...4...5...6...7...8...9...10	Bounce #5 added RGB(25743, 19473, 13879)
0...1...2...3...4...5...6...7...8...9...10	Bounce #6 added RGB(10786, 7917, 5530)
0...1...2...3...4...5...6...7...8...9...10	Bounce #7 added RGB(4676, 3320, 2264)
0...1...2...3...4...5...6...7...8...9...10	Bounce #8 added RGB(2077, 1422, 941)
0...1...2...3...4...5...6...7...8...9...10	Bounce #9 added RGB(941, 621, 397)
0...1...2...3...4...5...6...7...8...9...10	Bounce #10 added RGB(433, 275, 169)
0...1...2...3...4...5...6...7...8...9...10	Bounce #11 added RGB(202, 123, 73)
0...1...2...3...4...5...6...7...8...9...10	Bounce #12 added RGB(95, 55, 31)
0...1...2...3...4...5...6...7...8...9...10	Bounce #13 added RGB(45, 25, 14)
0...1...2...3...4...5...6...7...8...9...10	Bounce #14 added RGB(21, 12, 6)
0...1...2...3...4...5...6...7...8...9...10	Bounce #15 added RGB(10, 5, 3)
0...1...2...3...4...5...6...7...8...9...10	Bounce #16 added RGB(5, 2, 1)
0...1...2...3...4...5...6...7...8...9...10	Bounce #17 added RGB(2, 1, 0)
0...1...2...3...4...5...6...7...8...9...10	Bounce #18 added RGB(1, 1, 0)
0...1...2...3...4...5...6...7...8...9...10	Bounce #19 added RGB(1, 0, 0)
Build Patch/Sample Hash Table(s).....Done<0.0790 sec>
0...1...2...3...4...5...6...7...8...9...10FinalLightFace Done
0...1...2...3...4...5...6...7...8...9...10Setting up leaf ambient computation...
40 of 311 (12% of) surface lights went in leaf ambient cubes.
0...1...2...3...4...5...6...7...8...9...10Writing leaf ambient...done
Ready to Finish

Object names       Objects/Maxobjs  Fullness 
------------       ---------------  -------- 
entities              1084/65536    ( 1.7%) 
models                 133/4096     ( 3.2%) 
brushes               4166/65536    ( 6.4%) 
brushsides           26071/655350   ( 4.0%) 
planes                4730/65536    ( 7.2%) 
vertexes             28273/65536    (43.1%) 
nodes                 4458/65536    ( 6.8%) 
texinfos              1562/32768    ( 4.8%) 
texdata                305/8192     ( 3.7%) 
dispinfos                6/16384    ( 0.0%) 
faces                16040/65536    (24.5%) 
hdr faces            16040/65536    (24.5%) 
origfaces             8339/65536    (12.7%) 
leaves                4592/65536    ( 7.0%) 
leaffaces            19131/65536    (29.2%) 
leafbrushes           8579/65536    (13.1%) 
areas                   90/1024     ( 8.8%) 
surfedges            78022/512000   (15.2%) 
edges                44009/256000   (17.2%) 
leafwaterdata           14/32768    ( 0.0%) 
primitives            2375/32768    ( 7.2%) 
primverts                0/65536    ( 0.0%) 
primindices          36834/65536    (56.2%) 
cubemapsamples           0/1024     ( 0.0%) 
overlays                66/8192     ( 0.8%) 
vertnormalindices    77894/256000   (30.4%) 
visdata             133718/16777216 ( 0.8%) 
entdata             389986/393216   (99.2%) CLOSE TO FULL!
LDR ambient table     4592/65536    ( 7.0%) 
HDR ambient table     4592/65536    ( 7.0%) 
LDR worldlights            0       
HDR worldlights            465     
LDR lightdata              0       
HDR lightdata              32491632
LDR leaf ambient           4592    
HDR leaf ambient           14385   
occluders                  0       
occluder polygons          0       
occluder vert ind          0       
detail props               1140    
dtl prp lght               4       
HDR dtl prp lght           4       
static props               20760   
pakfile                    127561  
physics                    1363273 
physics terrain            1818    

Level flags = 0

Total triangle count: 45814
Writing w:\programs\steam\steamapps\common\garrysmod\garrysmod\addons\garrysmodmap\maps\gmm_garrymod_map_by_woowz_old_alpha_beta.bsp
9 seconds elapsed

==================================================================
Date: 2026-09-28 22:30:27
W:\Programs\Steam\steamapps\common\GarrysMod\bin\win64\vbspplusplus.exe -allowdynamicpropsasstatic -game W:\Programs\Steam\steamapps\common\GarrysMod\garrysmod w:\programs\steam\steamapps\common\garrysmod\garrysmod\addons\garrysmodmap\maps\gmm_garrymod_map_by_woowz_old_alpha_beta
==================================================================
16 threads
---------------
gamedir: W:\Programs\Steam\steamapps\common\GarrysMod\garrysmod\
---------------
Loading w:\programs\steam\steamapps\common\garrysmod\garrysmod\addons\garrysmodmap\maps\gmm_garrymod_map_by_woowz_old_alpha_beta.vmf
Locating GameData file 'garrysmod.fgd'...
Parsing GameData file w:\programs\steam\steamapps\common\garrysmod\bin\garrysmod.fgd
Parsing GameData file w:\programs\steam\steamapps\common\garrysmod\bin\base.fgd
Parsing GameData file w:\programs\steam\steamapps\common\garrysmod\bin\halflife2.fgd
Parsing GameData file w:\programs\steam\steamapps\common\garrysmod\bin\base.fgd
fixing up env_cubemap materials on brush sides...
FloodEntities...
FloodEntities...
Processing areas...done (0)
Building Faces...done (0)
Chop Details...done (0)
Find Visible Detail Sides...
Merged 1036 detail faces...done (1)
Merging details...done (0)
FixTjuncs...
PruneNodes...
WriteBSP...
done (0)
writing w:\programs\steam\steamapps\common\garrysmod\garrysmod\addons\garrysmodmap\maps\gmm_garrymod_map_by_woowz_old_alpha_beta.prt...
Building visibility clusters...
done (0)
Generating blank default cubemaps...
Generating blank default cubemaps...
Emitted 4166 brushes and 26071 brushsides
Finding displacement neighbors...
Finding lightmap sample positions...
Building Physics collision data...
done (0) (1363273 bytes)
Emitting static props...
Model "models/props_phx/construct/metal_wire1x2x2b.mdl" is missing $staticprop. Allowing due to -allowdynamicpropsasstatic
Model "models/props_phx/construct/metal_wire_angle360x2.mdl" is missing $staticprop. Allowing due to -allowdynamicpropsasstatic
Placing detail props : 0...1...2...3...4...5...6...7...8...9...10
Water found with no water_lod_control entity, creating a default one.
Compacting texture/material tables...
Reduced 2646 texinfos to 1562
Reduced 335 texdatas to 305 (10537 bytes to 7918)
Writing w:\programs\steam\steamapps\common\garrysmod\garrysmod\addons\garrysmodmap\maps\gmm_garrymod_map_by_woowz_old_alpha_beta.bsp
2 seconds elapsed

==================================================================
Date: 2026-09-28 22:30:30
W:\Programs\Steam\steamapps\common\GarrysMod\bin\win64\vvisplusplus.exe -game W:\Programs\Steam\steamapps\common\GarrysMod\garrysmod w:\programs\steam\steamapps\common\garrysmod\garrysmod\addons\garrysmodmap\maps\gmm_garrymod_map_by_woowz_old_alpha_beta
==================================================================
16 threads
CPU supports AVX2
reading w:\programs\steam\steamapps\common\garrysmod\garrysmod\addons\garrysmodmap\maps\gmm_garrymod_map_by_woowz_old_alpha_beta.bsp
reading w:\programs\steam\steamapps\common\garrysmod\garrysmod\addons\garrysmodmap\maps\gmm_garrymod_map_by_woowz_old_alpha_beta.prt
1393 portalclusters
2596 numportals
0...1...2...3...4...5...6...7...8...9...100...1...2...3...4...5...6...7...8...9...10Optimized: 136 visible clusters (0.20%)
Total clusters visible: 68483
Average clusters visible: 49
Building PAS...
Average clusters audible: 154
visdatasize:133718  compressed from 490336
writing w:\programs\steam\steamapps\common\garrysmod\garrysmod\addons\garrysmodmap\maps\gmm_garrymod_map_by_woowz_old_alpha_beta.bsp
Wrote ZIP buffer, estimated size 131527, actual size 127561
0 seconds elapsed

==================================================================
Date: 2026-09-28 22:30:30
W:\Programs\Steam\steamapps\common\GarrysMod\bin\win64\vradplusplus.exe -both -final -game W:\Programs\Steam\steamapps\common\GarrysMod\garrysmod w:\programs\steam\steamapps\common\garrysmod\garrysmod\addons\garrysmodmap\maps\gmm_garrymod_map_by_woowz_old_alpha_beta
==================================================================
---------------
gamedir: W:\Programs\Steam\steamapps\common\GarrysMod\garrysmod\
---------------
16 threads
Compiling in LDR+HDR mode
Reading texlights from 'lights.rad'...
53 texlights parsed
Loading w:\programs\steam\steamapps\common\garrysmod\garrysmod\addons\garrysmodmap\maps\gmm_garrymod_map_by_woowz_old_alpha_beta.bsp
163 props added to raytrace
16040 faces
1 degenerate faces
333 fake patch planes
1805270 square feet [259958880.00 square inches]
6 Displacements
4507 Square Feet [649081.00 Square Inches]
0...1...2...3...4...5...6...7...8...9...1016039 patches before subdivision
188699 patches after subdivision
CreateDirectLights...
0...1...2...3...4...5...6...7...8...9...10465 lights, 6 styled (0.01 seconds)
0...1...2...3...4...5...6...7...8...9...100...1...2...3...4...5...6...7...8...9...10transfers 19072028, max 980
transfer lists: 145.5 megs
0...1...2...3...4...5...6...7...8...9...10	Bounce #1 added RGB(1714118, 1399463, 1039845)
0...1...2...3...4...5...6...7...8...9...10	Bounce #2 added RGB(498511, 396113, 287354)
0...1...2...3...4...5...6...7...8...9...10	Bounce #3 added RGB(170328, 134237, 97721)
0...1...2...3...4...5...6...7...8...9...10	Bounce #4 added RGB(64115, 49644, 35818)
0...1...2...3...4...5...6...7...8...9...10	Bounce #5 added RGB(25748, 19476, 13882)
0...1...2...3...4...5...6...7...8...9...10	Bounce #6 added RGB(10788, 7918, 5532)
0...1...2...3...4...5...6...7...8...9...10	Bounce #7 added RGB(4677, 3320, 2265)
0...1...2...3...4...5...6...7...8...9...10	Bounce #8 added RGB(2077, 1422, 942)
0...1...2...3...4...5...6...7...8...9...10	Bounce #9 added RGB(942, 621, 397)
0...1...2...3...4...5...6...7...8...9...10	Bounce #10 added RGB(433, 275, 169)
0...1...2...3...4...5...6...7...8...9...10	Bounce #11 added RGB(202, 123, 73)
0...1...2...3...4...5...6...7...8...9...10	Bounce #12 added RGB(95, 55, 31)
0...1...2...3...4...5...6...7...8...9...10	Bounce #13 added RGB(45, 25, 14)
0...1...2...3...4...5...6...7...8...9...10	Bounce #14 added RGB(21, 12, 6)
0...1...2...3...4...5...6...7...8...9...10	Bounce #15 added RGB(10, 5, 3)
0...1...2...3...4...5...6...7...8...9...10	Bounce #16 added RGB(5, 2, 1)
0...1...2...3...4...5...6...7...8...9...10	Bounce #17 added RGB(2, 1, 0)
0...1...2...3...4...5...6...7...8...9...10	Bounce #18 added RGB(1, 1, 0)
0...1...2...3...4...5...6...7...8...9...10	Bounce #19 added RGB(1, 0, 0)
Build Patch/Sample Hash Table(s).....Done<0.0806 sec>
0...1...2...3...4...5...6...7...8...9...10FinalLightFace Done
0...1...2...3...4...5...6...7...8...9...10Setting up leaf ambient computation...
40 of 311 (12% of) surface lights went in leaf ambient cubes.
0...1...2...3...4...5...6...7...8...9...10Writing leaf ambient...done
Ready to Finish

Object names       Objects/Maxobjs  Fullness 
------------       ---------------  -------- 
entities              1084/65536    ( 1.7%) 
models                 133/4096     ( 3.2%) 
brushes               4166/65536    ( 6.4%) 
brushsides           26071/655350   ( 4.0%) 
planes                4730/65536    ( 7.2%) 
vertexes             28273/65536    (43.1%) 
nodes                 4458/65536    ( 6.8%) 
texinfos              1562/32768    ( 4.8%) 
texdata                305/8192     ( 3.7%) 
dispinfos                6/16384    ( 0.0%) 
faces                16040/65536    (24.5%) 
hdr faces            16040/65536    (24.5%) 
origfaces             8339/65536    (12.7%) 
leaves                4592/65536    ( 7.0%) 
leaffaces            19131/65536    (29.2%) 
leafbrushes           8579/65536    (13.1%) 
areas                   90/1024     ( 8.8%) 
surfedges            78022/512000   (15.2%) 
edges                44009/256000   (17.2%) 
leafwaterdata           14/32768    ( 0.0%) 
primitives            2375/32768    ( 7.2%) 
primverts                0/65536    ( 0.0%) 
primindices          36834/65536    (56.2%) 
cubemapsamples           0/1024     ( 0.0%) 
overlays                66/8192     ( 0.8%) 
vertnormalindices    77894/256000   (30.4%) 
visdata             133718/16777216 ( 0.8%) 
entdata             390037/393216   (99.2%) CLOSE TO FULL!
LDR ambient table     4592/65536    ( 7.0%) 
HDR ambient table     4592/65536    ( 7.0%) 
LDR worldlights            0       
HDR worldlights            465     
LDR lightdata              0       
HDR lightdata              32491632
LDR leaf ambient           4592    
HDR leaf ambient           14385   
occluders                  0       
occluder polygons          0       
occluder vert ind          0       
detail props               1140    
dtl prp lght               4       
HDR dtl prp lght           4       
static props               20760   
pakfile                    127561  
physics                    1363273 
physics terrain            1818    

Level flags = 0

Total triangle count: 45814
Writing w:\programs\steam\steamapps\common\garrysmod\garrysmod\addons\garrysmodmap\maps\gmm_garrymod_map_by_woowz_old_alpha_beta.bsp
9 seconds elapsed

==================================================================
Date: 2026-09-28 22:36:12
W:\Programs\Steam\steamapps\common\GarrysMod\bin\win64\vbspplusplus.exe -allowdynamicpropsasstatic -game W:\Programs\Steam\steamapps\common\GarrysMod\garrysmod w:\programs\steam\steamapps\common\garrysmod\garrysmod\addons\garrysmodmap\maps\gmm_garrymod_map_by_woowz_old_alpha_beta
==================================================================
16 threads
---------------
gamedir: W:\Programs\Steam\steamapps\common\GarrysMod\garrysmod\
---------------
Loading w:\programs\steam\steamapps\common\garrysmod\garrysmod\addons\garrysmodmap\maps\gmm_garrymod_map_by_woowz_old_alpha_beta.vmf
Locating GameData file 'garrysmod.fgd'...
Parsing GameData file w:\programs\steam\steamapps\common\garrysmod\bin\garrysmod.fgd
Parsing GameData file w:\programs\steam\steamapps\common\garrysmod\bin\base.fgd
Parsing GameData file w:\programs\steam\steamapps\common\garrysmod\bin\halflife2.fgd
Parsing GameData file w:\programs\steam\steamapps\common\garrysmod\bin\base.fgd
fixing up env_cubemap materials on brush sides...
FloodEntities...
FloodEntities...
Processing areas...done (0)
Building Faces...done (1)
Chop Details...done (0)
Find Visible Detail Sides...
Merged 1036 detail faces...done (0)
Merging details...done (0)
FixTjuncs...
PruneNodes...
WriteBSP...
done (0)
writing w:\programs\steam\steamapps\common\garrysmod\garrysmod\addons\garrysmodmap\maps\gmm_garrymod_map_by_woowz_old_alpha_beta.prt...
Building visibility clusters...
done (0)
Generating blank default cubemaps...
Generating blank default cubemaps...
Emitted 4166 brushes and 26071 brushsides
Finding displacement neighbors...
Finding lightmap sample positions...
Building Physics collision data...
done (0) (1363273 bytes)
Emitting static props...
Model "models/props_phx/construct/metal_wire1x2x2b.mdl" is missing $staticprop. Allowing due to -allowdynamicpropsasstatic
Model "models/props_phx/construct/metal_wire_angle360x2.mdl" is missing $staticprop. Allowing due to -allowdynamicpropsasstatic
Placing detail props : 0...1...2...3...4...5...6...7...8...9...10
Water found with no water_lod_control entity, creating a default one.
Compacting texture/material tables...
Reduced 2647 texinfos to 1563
Reduced 335 texdatas to 305 (10537 bytes to 7918)
Writing w:\programs\steam\steamapps\common\garrysmod\garrysmod\addons\garrysmodmap\maps\gmm_garrymod_map_by_woowz_old_alpha_beta.bsp
2 seconds elapsed

==================================================================
Date: 2026-09-28 22:36:14
W:\Programs\Steam\steamapps\common\GarrysMod\bin\win64\vvisplusplus.exe -game W:\Programs\Steam\steamapps\common\GarrysMod\garrysmod w:\programs\steam\steamapps\common\garrysmod\garrysmod\addons\garrysmodmap\maps\gmm_garrymod_map_by_woowz_old_alpha_beta
==================================================================
16 threads
CPU supports AVX2
reading w:\programs\steam\steamapps\common\garrysmod\garrysmod\addons\garrysmodmap\maps\gmm_garrymod_map_by_woowz_old_alpha_beta.bsp
reading w:\programs\steam\steamapps\common\garrysmod\garrysmod\addons\garrysmodmap\maps\gmm_garrymod_map_by_woowz_old_alpha_beta.prt
1393 portalclusters
2596 numportals
0...1...2...3...4...5...6...7...8...9...100...1...2...3...4...5...6...7...8...9...10Optimized: 136 visible clusters (0.20%)
Total clusters visible: 68483
Average clusters visible: 49
Building PAS...
Average clusters audible: 154
visdatasize:133718  compressed from 490336
writing w:\programs\steam\steamapps\common\garrysmod\garrysmod\addons\garrysmodmap\maps\gmm_garrymod_map_by_woowz_old_alpha_beta.bsp
Wrote ZIP buffer, estimated size 131527, actual size 127561
0 seconds elapsed

==================================================================
Date: 2026-09-28 22:36:15
W:\Programs\Steam\steamapps\common\GarrysMod\bin\win64\vradplusplus.exe -both -final -game W:\Programs\Steam\steamapps\common\GarrysMod\garrysmod w:\programs\steam\steamapps\common\garrysmod\garrysmod\addons\garrysmodmap\maps\gmm_garrymod_map_by_woowz_old_alpha_beta
==================================================================
---------------
gamedir: W:\Programs\Steam\steamapps\common\GarrysMod\garrysmod\
---------------
16 threads
Compiling in LDR+HDR mode
Reading texlights from 'lights.rad'...
53 texlights parsed
Loading w:\programs\steam\steamapps\common\garrysmod\garrysmod\addons\garrysmodmap\maps\gmm_garrymod_map_by_woowz_old_alpha_beta.bsp
163 props added to raytrace
16040 faces
1 degenerate faces
333 fake patch planes
1805270 square feet [259958880.00 square inches]
6 Displacements
4507 Square Feet [649081.00 Square Inches]
0...1...2...3...4...5...6...7...8...9...1016039 patches before subdivision
188699 patches after subdivision
CreateDirectLights...
0...1...2...3...4...5...6...7...8...9...10465 lights, 6 styled (0.01 seconds)
0...1...2...3...4...5...6...7...8...9...100...1...2...3...4...5...6...7...8...9...10transfers 19072028, max 980
transfer lists: 145.5 megs
0...1...2...3...4...5...6...7...8...9...10	Bounce #1 added RGB(1714369, 1399453, 1039801)
0...1...2...3...4...5...6...7...8...9...10	Bounce #2 added RGB(498565, 396094, 287329)
0...1...2...3...4...5...6...7...8...9...10	Bounce #3 added RGB(170332, 134226, 97710)
0...1...2...3...4...5...6...7...8...9...10	Bounce #4 added RGB(64112, 49638, 35812)
0...1...2...3...4...5...6...7...8...9...10	Bounce #5 added RGB(25745, 19474, 13879)
0...1...2...3...4...5...6...7...8...9...10	Bounce #6 added RGB(10786, 7917, 5530)
0...1...2...3...4...5...6...7...8...9...10	Bounce #7 added RGB(4676, 3320, 2264)
0...1...2...3...4...5...6...7...8...9...10	Bounce #8 added RGB(2077, 1422, 941)
0...1...2...3...4...5...6...7...8...9...10	Bounce #9 added RGB(941, 621, 397)
0...1...2...3...4...5...6...7...8...9...10	Bounce #10 added RGB(433, 275, 169)
0...1...2...3...4...5...6...7...8...9...10	Bounce #11 added RGB(202, 123, 73)
0...1...2...3...4...5...6...7...8...9...10	Bounce #12 added RGB(95, 55, 31)
0...1...2...3...4...5...6...7...8...9...10	Bounce #13 added RGB(45, 25, 14)
0...1...2...3...4...5...6...7...8...9...10	Bounce #14 added RGB(21, 12, 6)
0...1...2...3...4...5...6...7...8...9...10	Bounce #15 added RGB(10, 5, 3)
0...1...2...3...4...5...6...7...8...9...10	Bounce #16 added RGB(5, 2, 1)
0...1...2...3...4...5...6...7...8...9...10	Bounce #17 added RGB(2, 1, 0)
0...1...2...3...4...5...6...7...8...9...10	Bounce #18 added RGB(1, 1, 0)
0...1...2...3...4...5...6...7...8...9...10	Bounce #19 added RGB(1, 0, 0)
Build Patch/Sample Hash Table(s).....Done<0.0810 sec>
0...1...2...3...4...5...6...7...8...9...10FinalLightFace Done
0...1...2...3...4...5...6...7...8...9...10Setting up leaf ambient computation...
40 of 311 (12% of) surface lights went in leaf ambient cubes.
0...1...2...3...4...5...6...7...8...9...10Writing leaf ambient...done
Ready to Finish

Object names       Objects/Maxobjs  Fullness 
------------       ---------------  -------- 
entities              1075/65536    ( 1.6%) 
models                 133/4096     ( 3.2%) 
brushes               4166/65536    ( 6.4%) 
brushsides           26071/655350   ( 4.0%) 
planes                4730/65536    ( 7.2%) 
vertexes             28273/65536    (43.1%) 
nodes                 4458/65536    ( 6.8%) 
texinfos              1563/32768    ( 4.8%) 
texdata                305/8192     ( 3.7%) 
dispinfos                6/16384    ( 0.0%) 
faces                16040/65536    (24.5%) 
hdr faces            16040/65536    (24.5%) 
origfaces             8339/65536    (12.7%) 
leaves                4592/65536    ( 7.0%) 
leaffaces            19131/65536    (29.2%) 
leafbrushes           8579/65536    (13.1%) 
areas                   90/1024     ( 8.8%) 
surfedges            78022/512000   (15.2%) 
edges                44009/256000   (17.2%) 
leafwaterdata           14/32768    ( 0.0%) 
primitives            2375/32768    ( 7.2%) 
primverts                0/65536    ( 0.0%) 
primindices          36834/65536    (56.2%) 
cubemapsamples           0/1024     ( 0.0%) 
overlays                66/8192     ( 0.8%) 
vertnormalindices    77894/256000   (30.4%) 
visdata             133718/16777216 ( 0.8%) 
entdata             385891/393216   (98.1%) CLOSE TO FULL!
LDR ambient table     4592/65536    ( 7.0%) 
HDR ambient table     4592/65536    ( 7.0%) 
LDR worldlights            0       
HDR worldlights            465     
LDR lightdata              0       
HDR lightdata              32489312
LDR leaf ambient           4592    
HDR leaf ambient           14382   
occluders                  0       
occluder polygons          0       
occluder vert ind          0       
detail props               1140    
dtl prp lght               4       
HDR dtl prp lght           4       
static props               20760   
pakfile                    127561  
physics                    1363273 
physics terrain            1818    

Level flags = 0

Total triangle count: 45814
Writing w:\programs\steam\steamapps\common\garrysmod\garrysmod\addons\garrysmodmap\maps\gmm_garrymod_map_by_woowz_old_alpha_beta.bsp
9 seconds elapsed

==================================================================
Date: 2026-09-28 22:45:15
W:\Programs\Steam\steamapps\common\GarrysMod\bin\win64\vbspplusplus.exe -allowdynamicpropsasstatic -game W:\Programs\Steam\steamapps\common\GarrysMod\garrysmod w:\programs\steam\steamapps\common\garrysmod\garrysmod\addons\garrysmodmap\maps\gmm_garrymod_map_by_woowz_old_alpha_beta
==================================================================
16 threads
---------------
gamedir: W:\Programs\Steam\steamapps\common\GarrysMod\garrysmod\
---------------
Loading w:\programs\steam\steamapps\common\garrysmod\garrysmod\addons\garrysmodmap\maps\gmm_garrymod_map_by_woowz_old_alpha_beta.vmf
Locating GameData file 'garrysmod.fgd'...
Parsing GameData file w:\programs\steam\steamapps\common\garrysmod\bin\garrysmod.fgd
Parsing GameData file w:\programs\steam\steamapps\common\garrysmod\bin\base.fgd
Parsing GameData file w:\programs\steam\steamapps\common\garrysmod\bin\halflife2.fgd
Parsing GameData file w:\programs\steam\steamapps\common\garrysmod\bin\base.fgd
fixing up env_cubemap materials on brush sides...
FloodEntities...
FloodEntities...
Processing areas...done (0)
Building Faces...done (0)
Chop Details...done (0)
Find Visible Detail Sides...
Merged 1048 detail faces...done (0)
Merging details...done (1)
FixTjuncs...
PruneNodes...
WriteBSP...
done (0)
writing w:\programs\steam\steamapps\common\garrysmod\garrysmod\addons\garrysmodmap\maps\gmm_garrymod_map_by_woowz_old_alpha_beta.prt...
Building visibility clusters...
done (0)
Generating blank default cubemaps...
Generating blank default cubemaps...
Emitted 4162 brushes and 26044 brushsides
Finding displacement neighbors...
Finding lightmap sample positions...
Building Physics collision data...
done (0) (1360971 bytes)
Emitting static props...
Model "models/props_phx/construct/metal_wire1x2x2b.mdl" is missing $staticprop. Allowing due to -allowdynamicpropsasstatic
Model "models/props_phx/construct/metal_wire_angle360x2.mdl" is missing $staticprop. Allowing due to -allowdynamicpropsasstatic
Placing detail props : 0...1...2...3...4...5...6...7...8...9...10
Water found with no water_lod_control entity, creating a default one.
Compacting texture/material tables...
Reduced 2617 texinfos to 1546
Reduced 329 texdatas to 300 (10253 bytes to 7759)
Writing w:\programs\steam\steamapps\common\garrysmod\garrysmod\addons\garrysmodmap\maps\gmm_garrymod_map_by_woowz_old_alpha_beta.bsp
2 seconds elapsed

==================================================================
Date: 2026-09-28 22:45:18
W:\Programs\Steam\steamapps\common\GarrysMod\bin\win64\vvisplusplus.exe -game W:\Programs\Steam\steamapps\common\GarrysMod\garrysmod w:\programs\steam\steamapps\common\garrysmod\garrysmod\addons\garrysmodmap\maps\gmm_garrymod_map_by_woowz_old_alpha_beta
==================================================================
16 threads
CPU supports AVX2
reading w:\programs\steam\steamapps\common\garrysmod\garrysmod\addons\garrysmodmap\maps\gmm_garrymod_map_by_woowz_old_alpha_beta.bsp
reading w:\programs\steam\steamapps\common\garrysmod\garrysmod\addons\garrysmodmap\maps\gmm_garrymod_map_by_woowz_old_alpha_beta.prt
1352 portalclusters
2436 numportals
0...1...2...3...4...5...6...7...8...9...100...1...2...3...4...5...6...7...8...9...10Optimized: 140 visible clusters (0.21%)
Total clusters visible: 65404
Average clusters visible: 48
Building PAS...
Average clusters audible: 156
visdatasize:128397  compressed from 475904
writing w:\programs\steam\steamapps\common\garrysmod\garrysmod\addons\garrysmodmap\maps\gmm_garrymod_map_by_woowz_old_alpha_beta.bsp
Wrote ZIP buffer, estimated size 130885, actual size 127053
0 seconds elapsed

==================================================================
Date: 2026-09-28 22:45:18
W:\Programs\Steam\steamapps\common\GarrysMod\bin\win64\vradplusplus.exe -both -final -game W:\Programs\Steam\steamapps\common\GarrysMod\garrysmod w:\programs\steam\steamapps\common\garrysmod\garrysmod\addons\garrysmodmap\maps\gmm_garrymod_map_by_woowz_old_alpha_beta
==================================================================
---------------
gamedir: W:\Programs\Steam\steamapps\common\GarrysMod\garrysmod\
---------------
16 threads
Compiling in LDR+HDR mode
Reading texlights from 'lights.rad'...
53 texlights parsed
Loading w:\programs\steam\steamapps\common\garrysmod\garrysmod\addons\garrysmodmap\maps\gmm_garrymod_map_by_woowz_old_alpha_beta.bsp
159 props added to raytrace
15927 faces
1 degenerate faces
326 fake patch planes
1800505 square feet [259272800.00 square inches]
6 Displacements
4507 Square Feet [649081.00 Square Inches]
0...1...2...3...4...5...6...7...8...9...1015926 patches before subdivision
188120 patches after subdivision
CreateDirectLights...
0...1...2...3...4...5...6...7...8...9...10464 lights, 6 styled (0.01 seconds)
0...1...2...3...4...5...6...7...8...9...100...1...2...3...4...5...6...7...8...9...10transfers 19016345, max 980
transfer lists: 145.1 megs
0...1...2...3...4...5...6...7...8...9...10	Bounce #1 added RGB(1707503, 1390962, 1033394)
0...1...2...3...4...5...6...7...8...9...10	Bounce #2 added RGB(497862, 395044, 286497)
0...1...2...3...4...5...6...7...8...9...10	Bounce #3 added RGB(170221, 134042, 97547)
0...1...2...3...4...5...6...7...8...9...10	Bounce #4 added RGB(64098, 49608, 35776)
0...1...2...3...4...5...6...7...8...9...10	Bounce #5 added RGB(25741, 19467, 13869)
0...1...2...3...4...5...6...7...8...9...10	Bounce #6 added RGB(10785, 7915, 5527)
0...1...2...3...4...5...6...7...8...9...10	Bounce #7 added RGB(4675, 3319, 2264)
0...1...2...3...4...5...6...7...8...9...10	Bounce #8 added RGB(2077, 1422, 941)
0...1...2...3...4...5...6...7...8...9...10	Bounce #9 added RGB(941, 621, 397)
0...1...2...3...4...5...6...7...8...9...10	Bounce #10 added RGB(433, 275, 169)
0...1...2...3...4...5...6...7...8...9...10	Bounce #11 added RGB(202, 123, 73)
0...1...2...3...4...5...6...7...8...9...10	Bounce #12 added RGB(95, 55, 31)
0...1...2...3...4...5...6...7...8...9...10	Bounce #13 added RGB(45, 25, 14)
0...1...2...3...4...5...6...7...8...9...10	Bounce #14 added RGB(21, 12, 6)
0...1...2...3...4...5...6...7...8...9...10	Bounce #15 added RGB(10, 5, 3)
0...1...2...3...4...5...6...7...8...9...10	Bounce #16 added RGB(5, 2, 1)
0...1...2...3...4...5...6...7...8...9...10	Bounce #17 added RGB(2, 1, 0)
0...1...2...3...4...5...6...7...8...9...10	Bounce #18 added RGB(1, 1, 0)
0...1...2...3...4...5...6...7...8...9...10	Bounce #19 added RGB(1, 0, 0)
Build Patch/Sample Hash Table(s).....Done<0.0803 sec>
0...1...2...3...4...5...6...7...8...9...10FinalLightFace Done
0...1...2...3...4...5...6...7...8...9...10Setting up leaf ambient computation...
40 of 310 (12% of) surface lights went in leaf ambient cubes.
0...1...2...3...4...5...6...7...8...9...10Writing leaf ambient...done
Ready to Finish

Object names       Objects/Maxobjs  Fullness 
------------       ---------------  -------- 
entities              1056/65536    ( 1.6%) 
models                 132/4096     ( 3.2%) 
brushes               4162/65536    ( 6.4%) 
brushsides           26044/655350   ( 4.0%) 
planes                4682/65536    ( 7.1%) 
vertexes             28160/65536    (43.0%) 
nodes                 4381/65536    ( 6.7%) 
texinfos              1546/32768    ( 4.7%) 
texdata                300/8192     ( 3.7%) 
dispinfos                6/16384    ( 0.0%) 
faces                15927/65536    (24.3%) 
hdr faces            15927/65536    (24.3%) 
origfaces             8316/65536    (12.7%) 
leaves                4514/65536    ( 6.9%) 
leaffaces            18997/65536    (29.0%) 
leafbrushes           8540/65536    (13.0%) 
areas                   90/1024     ( 8.8%) 
surfedges            77545/512000   (15.1%) 
edges                43749/256000   (17.1%) 
leafwaterdata           13/32768    ( 0.0%) 
primitives            2399/32768    ( 7.3%) 
primverts                0/65536    ( 0.0%) 
primindices          37152/65536    (56.7%) 
cubemapsamples           0/1024     ( 0.0%) 
overlays                62/8192     ( 0.8%) 
vertnormalindices    77418/256000   (30.2%) 
visdata             128397/16777216 ( 0.8%) 
entdata             375302/393216   (95.4%) CLOSE TO FULL!
LDR ambient table     4514/65536    ( 6.9%) 
HDR ambient table     4514/65536    ( 6.9%) 
LDR worldlights            0       
HDR worldlights            464     
LDR lightdata              0       
HDR lightdata              32493496
LDR leaf ambient           4514    
HDR leaf ambient           13970   
occluders                  0       
occluder polygons          0       
occluder vert ind          0       
detail props               1140    
dtl prp lght               4       
HDR dtl prp lght           4       
static props               20202   
pakfile                    127053  
physics                    1360971 
physics terrain            1818    

Level flags = 0

Total triangle count: 45564
Writing w:\programs\steam\steamapps\common\garrysmod\garrysmod\addons\garrysmodmap\maps\gmm_garrymod_map_by_woowz_old_alpha_beta.bsp
8 seconds elapsed

==================================================================
Date: 2026-09-28 22:48:01
W:\Programs\Steam\steamapps\common\GarrysMod\bin\win64\vbspplusplus.exe -allowdynamicpropsasstatic -game W:\Programs\Steam\steamapps\common\GarrysMod\garrysmod w:\programs\steam\steamapps\common\garrysmod\garrysmod\addons\garrysmodmap\maps\gmm_garrymod_map_by_woowz_old_alpha_beta
==================================================================
16 threads
---------------
gamedir: W:\Programs\Steam\steamapps\common\GarrysMod\garrysmod\
---------------
Loading w:\programs\steam\steamapps\common\garrysmod\garrysmod\addons\garrysmodmap\maps\gmm_garrymod_map_by_woowz_old_alpha_beta.vmf
Locating GameData file 'garrysmod.fgd'...
Parsing GameData file w:\programs\steam\steamapps\common\garrysmod\bin\garrysmod.fgd
Parsing GameData file w:\programs\steam\steamapps\common\garrysmod\bin\base.fgd
Parsing GameData file w:\programs\steam\steamapps\common\garrysmod\bin\halflife2.fgd
Parsing GameData file w:\programs\steam\steamapps\common\garrysmod\bin\base.fgd
fixing up env_cubemap materials on brush sides...
FloodEntities...
FloodEntities...
Processing areas...done (0)
Building Faces...done (0)
Chop Details...done (0)
Find Visible Detail Sides...
Merged 1048 detail faces...done (0)
Merging details...done (1)
FixTjuncs...
PruneNodes...
WriteBSP...
done (0)
writing w:\programs\steam\steamapps\common\garrysmod\garrysmod\addons\garrysmodmap\maps\gmm_garrymod_map_by_woowz_old_alpha_beta.prt...
Building visibility clusters...
done (0)
Generating blank default cubemaps...
Generating blank default cubemaps...
Emitted 4161 brushes and 26038 brushsides
Finding displacement neighbors...
Finding lightmap sample positions...
Building Physics collision data...
done (0) (1360332 bytes)
Emitting static props...
Model "models/props_phx/construct/metal_wire1x2x2b.mdl" is missing $staticprop. Allowing due to -allowdynamicpropsasstatic
Model "models/props_phx/construct/metal_wire_angle360x2.mdl" is missing $staticprop. Allowing due to -allowdynamicpropsasstatic
Placing detail props : 0...1...2...3...4...5...6...7...8...9...10
Water found with no water_lod_control entity, creating a default one.
Compacting texture/material tables...
Reduced 2614 texinfos to 1544
Reduced 328 texdatas to 300 (10130 bytes to 7759)
Writing w:\programs\steam\steamapps\common\garrysmod\garrysmod\addons\garrysmodmap\maps\gmm_garrymod_map_by_woowz_old_alpha_beta.bsp
2 seconds elapsed

==================================================================
Date: 2026-09-28 22:48:03
W:\Programs\Steam\steamapps\common\GarrysMod\bin\win64\vvisplusplus.exe -game W:\Programs\Steam\steamapps\common\GarrysMod\garrysmod w:\programs\steam\steamapps\common\garrysmod\garrysmod\addons\garrysmodmap\maps\gmm_garrymod_map_by_woowz_old_alpha_beta
==================================================================
16 threads
CPU supports AVX2
reading w:\programs\steam\steamapps\common\garrysmod\garrysmod\addons\garrysmodmap\maps\gmm_garrymod_map_by_woowz_old_alpha_beta.bsp
reading w:\programs\steam\steamapps\common\garrysmod\garrysmod\addons\garrysmodmap\maps\gmm_garrymod_map_by_woowz_old_alpha_beta.prt
1349 portalclusters
2430 numportals
0...1...2...3...4...5...6...7...8...9...100...1...2...3...4...5...6...7...8...9...10Optimized: 139 visible clusters (0.21%)
Total clusters visible: 65342
Average clusters visible: 48
Building PAS...
Average clusters audible: 156
visdatasize:127818  compressed from 474848
writing w:\programs\steam\steamapps\common\garrysmod\garrysmod\addons\garrysmodmap\maps\gmm_garrymod_map_by_woowz_old_alpha_beta.bsp
Wrote ZIP buffer, estimated size 130249, actual size 126551
0 seconds elapsed

==================================================================
Date: 2026-09-28 22:48:04
W:\Programs\Steam\steamapps\common\GarrysMod\bin\win64\vradplusplus.exe -both -final -game W:\Programs\Steam\steamapps\common\GarrysMod\garrysmod w:\programs\steam\steamapps\common\garrysmod\garrysmod\addons\garrysmodmap\maps\gmm_garrymod_map_by_woowz_old_alpha_beta
==================================================================
---------------
gamedir: W:\Programs\Steam\steamapps\common\GarrysMod\garrysmod\
---------------
16 threads
Compiling in LDR+HDR mode
Reading texlights from 'lights.rad'...
53 texlights parsed
Loading w:\programs\steam\steamapps\common\garrysmod\garrysmod\addons\garrysmodmap\maps\gmm_garrymod_map_by_woowz_old_alpha_beta.bsp
158 props added to raytrace
15934 faces
1 degenerate faces
326 fake patch planes
1800318 square feet [259245920.00 square inches]
6 Displacements
4507 Square Feet [649081.00 Square Inches]
0...1...2...3...4...5...6...7...8...9...1015933 patches before subdivision
188149 patches after subdivision
CreateDirectLights...
0...1...2...3...4...5...6...7...8...9...10458 lights, 6 styled (0.01 seconds)
0...1...2...3...4...5...6...7...8...9...100...1...2...3...4...5...6...7...8...9...10transfers 19017934, max 980
transfer lists: 145.1 megs
0...1...2...3...4...5...6...7...8...9...10	Bounce #1 added RGB(1693223, 1375802, 1022231)
0...1...2...3...4...5...6...7...8...9...10	Bounce #2 added RGB(493991, 390840, 283593)
0...1...2...3...4...5...6...7...8...9...10	Bounce #3 added RGB(169163, 132861, 96784)
0...1...2...3...4...5...6...7...8...9...10	Bounce #4 added RGB(63802, 49269, 35572)
0...1...2...3...4...5...6...7...8...9...10	Bounce #5 added RGB(25655, 19367, 13813)
0...1...2...3...4...5...6...7...8...9...10	Bounce #6 added RGB(10757, 7885, 5512)
0...1...2...3...4...5...6...7...8...9...10	Bounce #7 added RGB(4664, 3310, 2259)
0...1...2...3...4...5...6...7...8...9...10	Bounce #8 added RGB(2072, 1418, 940)
0...1...2...3...4...5...6...7...8...9...10	Bounce #9 added RGB(938, 619, 397)
0...1...2...3...4...5...6...7...8...9...10	Bounce #10 added RGB(431, 274, 169)
0...1...2...3...4...5...6...7...8...9...10	Bounce #11 added RGB(201, 123, 73)
0...1...2...3...4...5...6...7...8...9...10	Bounce #12 added RGB(94, 55, 31)
0...1...2...3...4...5...6...7...8...9...10	Bounce #13 added RGB(45, 25, 14)
0...1...2...3...4...5...6...7...8...9...10	Bounce #14 added RGB(21, 12, 6)
0...1...2...3...4...5...6...7...8...9...10	Bounce #15 added RGB(10, 5, 3)
0...1...2...3...4...5...6...7...8...9...10	Bounce #16 added RGB(5, 2, 1)
0...1...2...3...4...5...6...7...8...9...10	Bounce #17 added RGB(2, 1, 0)
0...1...2...3...4...5...6...7...8...9...10	Bounce #18 added RGB(1, 1, 0)
0...1...2...3...4...5...6...7...8...9...10	Bounce #19 added RGB(1, 0, 0)
Build Patch/Sample Hash Table(s).....Done<0.0796 sec>
0...1...2...3...4...5...6...7...8...9...10FinalLightFace Done
0...1...2...3...4...5...6...7...8...9...10Setting up leaf ambient computation...
40 of 310 (12% of) surface lights went in leaf ambient cubes.
0...1...2...3...4...5...6...7...8...9...10Writing leaf ambient...done
Ready to Finish

Object names       Objects/Maxobjs  Fullness 
------------       ---------------  -------- 
entities              1050/65536    ( 1.6%) 
models                 132/4096     ( 3.2%) 
brushes               4161/65536    ( 6.3%) 
brushsides           26038/655350   ( 4.0%) 
planes                4680/65536    ( 7.1%) 
vertexes             28171/65536    (43.0%) 
nodes                 4374/65536    ( 6.7%) 
texinfos              1544/32768    ( 4.7%) 
texdata                300/8192     ( 3.7%) 
dispinfos                6/16384    ( 0.0%) 
faces                15934/65536    (24.3%) 
hdr faces            15934/65536    (24.3%) 
origfaces             8315/65536    (12.7%) 
leaves                4507/65536    ( 6.9%) 
leaffaces            18987/65536    (29.0%) 
leafbrushes           8531/65536    (13.0%) 
areas                   90/1024     ( 8.8%) 
surfedges            77613/512000   (15.2%) 
edges                43784/256000   (17.1%) 
leafwaterdata           12/32768    ( 0.0%) 
primitives            2405/32768    ( 7.3%) 
primverts                0/65536    ( 0.0%) 
primindices          37308/65536    (56.9%) 
cubemapsamples           0/1024     ( 0.0%) 
overlays                62/8192     ( 0.8%) 
vertnormalindices    77486/256000   (30.3%) 
visdata             127818/16777216 ( 0.8%) 
entdata             373199/393216   (94.9%) VERY FULL!
LDR ambient table     4507/65536    ( 6.9%) 
HDR ambient table     4507/65536    ( 6.9%) 
LDR worldlights            0       
HDR worldlights            458     
LDR lightdata              0       
HDR lightdata              32492188
LDR leaf ambient           4507    
HDR leaf ambient           13791   
occluders                  0       
occluder polygons          0       
occluder vert ind          0       
detail props               1140    
dtl prp lght               4       
HDR dtl prp lght           4       
static props               20128   
pakfile                    126551  
physics                    1360332 
physics terrain            1818    

Level flags = 0

Total triangle count: 45618
Writing w:\programs\steam\steamapps\common\garrysmod\garrysmod\addons\garrysmodmap\maps\gmm_garrymod_map_by_woowz_old_alpha_beta.bsp
8 seconds elapsed

==================================================================
Date: 2026-09-28 23:01:41
W:\Programs\Steam\steamapps\common\GarrysMod\bin\win64\vbspplusplus.exe -allowdynamicpropsasstatic -game W:\Programs\Steam\steamapps\common\GarrysMod\garrysmod w:\programs\steam\steamapps\common\garrysmod\garrysmod\addons\garrysmodmap\maps\gmm_garrymod_map_by_woowz_old_alpha_beta
==================================================================
16 threads
---------------
gamedir: W:\Programs\Steam\steamapps\common\GarrysMod\garrysmod\
---------------
Loading w:\programs\steam\steamapps\common\garrysmod\garrysmod\addons\garrysmodmap\maps\gmm_garrymod_map_by_woowz_old_alpha_beta.vmf
Locating GameData file 'garrysmod.fgd'...
Parsing GameData file w:\programs\steam\steamapps\common\garrysmod\bin\garrysmod.fgd
Parsing GameData file w:\programs\steam\steamapps\common\garrysmod\bin\base.fgd
Parsing GameData file w:\programs\steam\steamapps\common\garrysmod\bin\halflife2.fgd
Parsing GameData file w:\programs\steam\steamapps\common\garrysmod\bin\base.fgd
fixing up env_cubemap materials on brush sides...
FloodEntities...
FloodEntities...
Processing areas...done (0)
Building Faces...done (1)
Chop Details...done (0)
Find Visible Detail Sides...
Merged 1048 detail faces...done (0)
Merging details...done (0)
FixTjuncs...
PruneNodes...
WriteBSP...
done (0)
writing w:\programs\steam\steamapps\common\garrysmod\garrysmod\addons\garrysmodmap\maps\gmm_garrymod_map_by_woowz_old_alpha_beta.prt...
Building visibility clusters...
done (0)
Generating blank default cubemaps...
Generating blank default cubemaps...
Emitted 4161 brushes and 26038 brushsides
Finding displacement neighbors...
Finding lightmap sample positions...
Building Physics collision data...
done (0) (1360332 bytes)
Emitting static props...
Model "models/props_phx/construct/metal_wire1x2x2b.mdl" is missing $staticprop. Allowing due to -allowdynamicpropsasstatic
Model "models/props_phx/construct/metal_wire_angle360x2.mdl" is missing $staticprop. Allowing due to -allowdynamicpropsasstatic
Placing detail props : 0...1...2...3...4...5...6...7...8...9...10
Water found with no water_lod_control entity, creating a default one.
Compacting texture/material tables...
Reduced 2613 texinfos to 1543
Reduced 327 texdatas to 299 (10057 bytes to 7691)
Writing w:\programs\steam\steamapps\common\garrysmod\garrysmod\addons\garrysmodmap\maps\gmm_garrymod_map_by_woowz_old_alpha_beta.bsp
2 seconds elapsed

==================================================================
Date: 2026-09-28 23:01:44
W:\Programs\Steam\steamapps\common\GarrysMod\bin\win64\vvisplusplus.exe -game W:\Programs\Steam\steamapps\common\GarrysMod\garrysmod w:\programs\steam\steamapps\common\garrysmod\garrysmod\addons\garrysmodmap\maps\gmm_garrymod_map_by_woowz_old_alpha_beta
==================================================================
16 threads
CPU supports AVX2
reading w:\programs\steam\steamapps\common\garrysmod\garrysmod\addons\garrysmodmap\maps\gmm_garrymod_map_by_woowz_old_alpha_beta.bsp
reading w:\programs\steam\steamapps\common\garrysmod\garrysmod\addons\garrysmodmap\maps\gmm_garrymod_map_by_woowz_old_alpha_beta.prt
1349 portalclusters
2430 numportals
0...1...2...3...4...5...6...7...8...9...100...1...2...3...4...5...6...7...8...9...10Optimized: 139 visible clusters (0.21%)
Total clusters visible: 65342
Average clusters visible: 48
Building PAS...
Average clusters audible: 156
visdatasize:127818  compressed from 474848
writing w:\programs\steam\steamapps\common\garrysmod\garrysmod\addons\garrysmodmap\maps\gmm_garrymod_map_by_woowz_old_alpha_beta.bsp
Wrote ZIP buffer, estimated size 130234, actual size 126536
0 seconds elapsed

==================================================================
Date: 2026-09-28 23:01:44
W:\Programs\Steam\steamapps\common\GarrysMod\bin\win64\vradplusplus.exe -both -final -game W:\Programs\Steam\steamapps\common\GarrysMod\garrysmod w:\programs\steam\steamapps\common\garrysmod\garrysmod\addons\garrysmodmap\maps\gmm_garrymod_map_by_woowz_old_alpha_beta
==================================================================
---------------
gamedir: W:\Programs\Steam\steamapps\common\GarrysMod\garrysmod\
---------------
16 threads
Compiling in LDR+HDR mode
Reading texlights from 'lights.rad'...
53 texlights parsed
Loading w:\programs\steam\steamapps\common\garrysmod\garrysmod\addons\garrysmodmap\maps\gmm_garrymod_map_by_woowz_old_alpha_beta.bsp
158 props added to raytrace
15928 faces
1 degenerate faces
326 fake patch planes
1800318 square feet [259245920.00 square inches]
6 Displacements
4507 Square Feet [649081.00 Square Inches]
0...1...2...3...4...5...6...7...8...9...1015927 patches before subdivision
187827 patches after subdivision
CreateDirectLights...
0...1...2...3...4...5...6...7...8...9...10458 lights, 6 styled (0.01 seconds)
0...1...2...3...4...5...6...7...8...9...100...1...2...3...4...5...6...7...8...9...10transfers 18944771, max 980
transfer lists: 144.5 megs
0...1...2...3...4...5...6...7...8...9...10	Bounce #1 added RGB(1714511, 1390325, 1030813)
0...1...2...3...4...5...6...7...8...9...10	Bounce #2 added RGB(496260, 391571, 283826)
0...1...2...3...4...5...6...7...8...9...10	Bounce #3 added RGB(169401, 132909, 96794)
0...1...2...3...4...5...6...7...8...9...10	Bounce #4 added RGB(63828, 49272, 35572)
0...1...2...3...4...5...6...7...8...9...10	Bounce #5 added RGB(25657, 19367, 13813)
0...1...2...3...4...5...6...7...8...9...10	Bounce #6 added RGB(10757, 7885, 5512)
0...1...2...3...4...5...6...7...8...9...10	Bounce #7 added RGB(4664, 3310, 2259)
0...1...2...3...4...5...6...7...8...9...10	Bounce #8 added RGB(2072, 1418, 940)
0...1...2...3...4...5...6...7...8...9...10	Bounce #9 added RGB(938, 619, 397)
0...1...2...3...4...5...6...7...8...9...10	Bounce #10 added RGB(431, 274, 169)
0...1...2...3...4...5...6...7...8...9...10	Bounce #11 added RGB(201, 123, 73)
0...1...2...3...4...5...6...7...8...9...10	Bounce #12 added RGB(94, 55, 31)
0...1...2...3...4...5...6...7...8...9...10	Bounce #13 added RGB(45, 25, 14)
0...1...2...3...4...5...6...7...8...9...10	Bounce #14 added RGB(21, 12, 6)
0...1...2...3...4...5...6...7...8...9...10	Bounce #15 added RGB(10, 5, 3)
0...1...2...3...4...5...6...7...8...9...10	Bounce #16 added RGB(5, 2, 1)
0...1...2...3...4...5...6...7...8...9...10	Bounce #17 added RGB(2, 1, 0)
0...1...2...3...4...5...6...7...8...9...10	Bounce #18 added RGB(1, 1, 0)
0...1...2...3...4...5...6...7...8...9...10	Bounce #19 added RGB(1, 0, 0)
Build Patch/Sample Hash Table(s).....Done<0.0788 sec>
0...1...2...3...4...5...6...7...8...9...10FinalLightFace Done
0...1...2...3...4...5...6...7...8...9...10Setting up leaf ambient computation...
40 of 310 (12% of) surface lights went in leaf ambient cubes.
0...1...2...3...4...5...6...7...8...9...10Writing leaf ambient...done
Ready to Finish

Object names       Objects/Maxobjs  Fullness 
------------       ---------------  -------- 
entities              1036/65536    ( 1.6%) 
models                 132/4096     ( 3.2%) 
brushes               4161/65536    ( 6.3%) 
brushsides           26038/655350   ( 4.0%) 
planes                4680/65536    ( 7.1%) 
vertexes             28162/65536    (43.0%) 
nodes                 4374/65536    ( 6.7%) 
texinfos              1543/32768    ( 4.7%) 
texdata                299/8192     ( 3.6%) 
dispinfos                6/16384    ( 0.0%) 
faces                15928/65536    (24.3%) 
hdr faces            15928/65536    (24.3%) 
origfaces             8315/65536    (12.7%) 
leaves                4507/65536    ( 6.9%) 
leaffaces            18981/65536    (29.0%) 
leafbrushes           8531/65536    (13.0%) 
areas                   90/1024     ( 8.8%) 
surfedges            77583/512000   (15.2%) 
edges                43763/256000   (17.1%) 
leafwaterdata           12/32768    ( 0.0%) 
primitives            2402/32768    ( 7.3%) 
primverts                0/65536    ( 0.0%) 
primindices          37272/65536    (56.9%) 
cubemapsamples           0/1024     ( 0.0%) 
overlays                62/8192     ( 0.8%) 
vertnormalindices    77456/256000   (30.3%) 
visdata             127818/16777216 ( 0.8%) 
entdata             370377/393216   (94.2%) VERY FULL!
LDR ambient table     4507/65536    ( 6.9%) 
HDR ambient table     4507/65536    ( 6.9%) 
LDR worldlights            0       
HDR worldlights            458     
LDR lightdata              0       
HDR lightdata              32465144
LDR leaf ambient           4507    
HDR leaf ambient           13804   
occluders                  0       
occluder polygons          0       
occluder vert ind          0       
detail props               1140    
dtl prp lght               4       
HDR dtl prp lght           4       
static props               20128   
pakfile                    126536  
physics                    1360332 
physics terrain            1818    

Level flags = 0

Total triangle count: 45600
Writing w:\programs\steam\steamapps\common\garrysmod\garrysmod\addons\garrysmodmap\maps\gmm_garrymod_map_by_woowz_old_alpha_beta.bsp
10 seconds elapsed

==================================================================
Date: 2026-09-28 23:06:35
W:\Programs\Steam\steamapps\common\GarrysMod\bin\win64\vbspplusplus.exe -allowdynamicpropsasstatic -game W:\Programs\Steam\steamapps\common\GarrysMod\garrysmod w:\programs\steam\steamapps\common\garrysmod\garrysmod\addons\garrysmodmap\maps\gmm_garrymod_map_by_woowz_old_alpha_beta
==================================================================
16 threads
---------------
gamedir: W:\Programs\Steam\steamapps\common\GarrysMod\garrysmod\
---------------
Loading w:\programs\steam\steamapps\common\garrysmod\garrysmod\addons\garrysmodmap\maps\gmm_garrymod_map_by_woowz_old_alpha_beta.vmf
Locating GameData file 'garrysmod.fgd'...
Parsing GameData file w:\programs\steam\steamapps\common\garrysmod\bin\garrysmod.fgd
Parsing GameData file w:\programs\steam\steamapps\common\garrysmod\bin\base.fgd
Parsing GameData file w:\programs\steam\steamapps\common\garrysmod\bin\halflife2.fgd
Parsing GameData file w:\programs\steam\steamapps\common\garrysmod\bin\base.fgd
fixing up env_cubemap materials on brush sides...
FloodEntities...
FloodEntities...
Processing areas...done (0)
Building Faces...done (0)
Chop Details...done (0)
Find Visible Detail Sides...
Merged 1048 detail faces...done (1)
Merging details...done (0)
FixTjuncs...
PruneNodes...
WriteBSP...
done (0)
writing w:\programs\steam\steamapps\common\garrysmod\garrysmod\addons\garrysmodmap\maps\gmm_garrymod_map_by_woowz_old_alpha_beta.prt...
Building visibility clusters...
done (0)
Generating blank default cubemaps...
Generating blank default cubemaps...
Emitted 4161 brushes and 26038 brushsides
Finding displacement neighbors...
Finding lightmap sample positions...
Building Physics collision data...
done (0) (1360332 bytes)
Emitting static props...
Model "models/props_phx/construct/metal_wire1x2x2b.mdl" is missing $staticprop. Allowing due to -allowdynamicpropsasstatic
Model "models/props_phx/construct/metal_wire_angle360x2.mdl" is missing $staticprop. Allowing due to -allowdynamicpropsasstatic
Placing detail props : 0...1...2...3...4...5...6...7...8...9...10
Water found with no water_lod_control entity, creating a default one.
Compacting texture/material tables...
Reduced 2611 texinfos to 1541
Reduced 325 texdatas to 297 (10005 bytes to 7639)
Writing w:\programs\steam\steamapps\common\garrysmod\garrysmod\addons\garrysmodmap\maps\gmm_garrymod_map_by_woowz_old_alpha_beta.bsp
2 seconds elapsed

==================================================================
Date: 2026-09-28 23:06:37
W:\Programs\Steam\steamapps\common\GarrysMod\bin\win64\vvisplusplus.exe -game W:\Programs\Steam\steamapps\common\GarrysMod\garrysmod w:\programs\steam\steamapps\common\garrysmod\garrysmod\addons\garrysmodmap\maps\gmm_garrymod_map_by_woowz_old_alpha_beta
==================================================================
16 threads
CPU supports AVX2
reading w:\programs\steam\steamapps\common\garrysmod\garrysmod\addons\garrysmodmap\maps\gmm_garrymod_map_by_woowz_old_alpha_beta.bsp
reading w:\programs\steam\steamapps\common\garrysmod\garrysmod\addons\garrysmodmap\maps\gmm_garrymod_map_by_woowz_old_alpha_beta.prt
1349 portalclusters
2430 numportals
0...1...2...3...4...5...6...7...8...9...100...1...2...3...4...5...6...7...8...9...10Optimized: 139 visible clusters (0.21%)
Total clusters visible: 65342
Average clusters visible: 48
Building PAS...
Average clusters audible: 156
visdatasize:127818  compressed from 474848
writing w:\programs\steam\steamapps\common\garrysmod\garrysmod\addons\garrysmodmap\maps\gmm_garrymod_map_by_woowz_old_alpha_beta.bsp
Wrote ZIP buffer, estimated size 130234, actual size 126536
0 seconds elapsed

==================================================================
Date: 2026-09-28 23:06:37
W:\Programs\Steam\steamapps\common\GarrysMod\bin\win64\vradplusplus.exe -both -final -game W:\Programs\Steam\steamapps\common\GarrysMod\garrysmod w:\programs\steam\steamapps\common\garrysmod\garrysmod\addons\garrysmodmap\maps\gmm_garrymod_map_by_woowz_old_alpha_beta
==================================================================
---------------
gamedir: W:\Programs\Steam\steamapps\common\GarrysMod\garrysmod\
---------------
16 threads
Compiling in LDR+HDR mode
Reading texlights from 'lights.rad'...
53 texlights parsed
Loading w:\programs\steam\steamapps\common\garrysmod\garrysmod\addons\garrysmodmap\maps\gmm_garrymod_map_by_woowz_old_alpha_beta.bsp
158 props added to raytrace
15928 faces
1 degenerate faces
326 fake patch planes
1800318 square feet [259245920.00 square inches]
6 Displacements
4507 Square Feet [649081.00 Square Inches]
0...1...2...3...4...5...6...7...8...9...1015927 patches before subdivision
187827 patches after subdivision
CreateDirectLights...
0...1...2...3...4...5...6...7...8...9...10458 lights, 6 styled (0.01 seconds)
0...1...2...3...4...5...6...7...8...9...100...1...2...3...4...5...6...7...8...9...10transfers 18944771, max 980
transfer lists: 144.5 megs
0...1...2...3...4...5...6...7...8...9...10	Bounce #1 added RGB(1714567, 1390379, 1030864)
0...1...2...3...4...5...6...7...8...9...10	Bounce #2 added RGB(496294, 391602, 283853)
0...1...2...3...4...5...6...7...8...9...10	Bounce #3 added RGB(169417, 132923, 96806)
0...1...2...3...4...5...6...7...8...9...10	Bounce #4 added RGB(63836, 49278, 35577)
0...1...2...3...4...5...6...7...8...9...10	Bounce #5 added RGB(25661, 19370, 13816)
0...1...2...3...4...5...6...7...8...9...10	Bounce #6 added RGB(10759, 7887, 5513)
0...1...2...3...4...5...6...7...8...9...10	Bounce #7 added RGB(4665, 3310, 2260)
0...1...2...3...4...5...6...7...8...9...10	Bounce #8 added RGB(2072, 1419, 940)
0...1...2...3...4...5...6...7...8...9...10	Bounce #9 added RGB(939, 620, 397)
0...1...2...3...4...5...6...7...8...9...10	Bounce #10 added RGB(432, 274, 169)
0...1...2...3...4...5...6...7...8...9...10	Bounce #11 added RGB(201, 123, 73)
0...1...2...3...4...5...6...7...8...9...10	Bounce #12 added RGB(94, 55, 31)
0...1...2...3...4...5...6...7...8...9...10	Bounce #13 added RGB(45, 25, 14)
0...1...2...3...4...5...6...7...8...9...10	Bounce #14 added RGB(21, 12, 6)
0...1...2...3...4...5...6...7...8...9...10	Bounce #15 added RGB(10, 5, 3)
0...1...2...3...4...5...6...7...8...9...10	Bounce #16 added RGB(5, 2, 1)
0...1...2...3...4...5...6...7...8...9...10	Bounce #17 added RGB(2, 1, 0)
0...1...2...3...4...5...6...7...8...9...10	Bounce #18 added RGB(1, 1, 0)
0...1...2...3...4...5...6...7...8...9...10	Bounce #19 added RGB(1, 0, 0)
Build Patch/Sample Hash Table(s).....Done<0.0775 sec>
0...1...2...3...4...5...6...7...8...9...10FinalLightFace Done
0...1...2...3...4...5...6...7...8...9...10Setting up leaf ambient computation...
40 of 310 (12% of) surface lights went in leaf ambient cubes.
0...1...2...3...4...5...6...7...8...9...10Writing leaf ambient...done
Ready to Finish

Object names       Objects/Maxobjs  Fullness 
------------       ---------------  -------- 
entities              1036/65536    ( 1.6%) 
models                 132/4096     ( 3.2%) 
brushes               4161/65536    ( 6.3%) 
brushsides           26038/655350   ( 4.0%) 
planes                4680/65536    ( 7.1%) 
vertexes             28162/65536    (43.0%) 
nodes                 4374/65536    ( 6.7%) 
texinfos              1541/32768    ( 4.7%) 
texdata                297/8192     ( 3.6%) 
dispinfos                6/16384    ( 0.0%) 
faces                15928/65536    (24.3%) 
hdr faces            15928/65536    (24.3%) 
origfaces             8315/65536    (12.7%) 
leaves                4507/65536    ( 6.9%) 
leaffaces            18981/65536    (29.0%) 
leafbrushes           8531/65536    (13.0%) 
areas                   90/1024     ( 8.8%) 
surfedges            77583/512000   (15.2%) 
edges                43763/256000   (17.1%) 
leafwaterdata           12/32768    ( 0.0%) 
primitives            2402/32768    ( 7.3%) 
primverts                0/65536    ( 0.0%) 
primindices          37272/65536    (56.9%) 
cubemapsamples           0/1024     ( 0.0%) 
overlays                60/8192     ( 0.7%) 
vertnormalindices    77456/256000   (30.3%) 
visdata             127818/16777216 ( 0.8%) 
entdata             370377/393216   (94.2%) VERY FULL!
LDR ambient table     4507/65536    ( 6.9%) 
HDR ambient table     4507/65536    ( 6.9%) 
LDR worldlights            0       
HDR worldlights            458     
LDR lightdata              0       
HDR lightdata              32465144
LDR leaf ambient           4507    
HDR leaf ambient           13803   
occluders                  0       
occluder polygons          0       
occluder vert ind          0       
detail props               1140    
dtl prp lght               4       
HDR dtl prp lght           4       
static props               20128   
pakfile                    126536  
physics                    1360332 
physics terrain            1818    

Level flags = 0

Total triangle count: 45600
Writing w:\programs\steam\steamapps\common\garrysmod\garrysmod\addons\garrysmodmap\maps\gmm_garrymod_map_by_woowz_old_alpha_beta.bsp
10 seconds elapsed

==================================================================
Date: 2026-09-28 23:27:34
W:\Programs\Steam\steamapps\common\GarrysMod\bin\win64\vbspplusplus.exe -allowdynamicpropsasstatic -game W:\Programs\Steam\steamapps\common\GarrysMod\garrysmod w:\programs\steam\steamapps\common\garrysmod\garrysmod\addons\garrysmodmap\maps\gmm_garrymod_map_by_woowz_old_alpha_beta
==================================================================
16 threads
---------------
gamedir: W:\Programs\Steam\steamapps\common\GarrysMod\garrysmod\
---------------
Loading w:\programs\steam\steamapps\common\garrysmod\garrysmod\addons\garrysmodmap\maps\gmm_garrymod_map_by_woowz_old_alpha_beta.vmf
Locating GameData file 'garrysmod.fgd'...
Parsing GameData file w:\programs\steam\steamapps\common\garrysmod\bin\garrysmod.fgd
Parsing GameData file w:\programs\steam\steamapps\common\garrysmod\bin\base.fgd
Parsing GameData file w:\programs\steam\steamapps\common\garrysmod\bin\halflife2.fgd
Parsing GameData file w:\programs\steam\steamapps\common\garrysmod\bin\base.fgd
fixing up env_cubemap materials on brush sides...
FloodEntities...
FloodEntities...
Processing areas...done (0)
Building Faces...done (0)
Chop Details...done (0)
Find Visible Detail Sides...
Merged 1048 detail faces...done (0)
Merging details...done (1)
FixTjuncs...
PruneNodes...
WriteBSP...
done (0)
writing w:\programs\steam\steamapps\common\garrysmod\garrysmod\addons\garrysmodmap\maps\gmm_garrymod_map_by_woowz_old_alpha_beta.prt...
Building visibility clusters...
done (0)
Generating blank default cubemaps...
Generating blank default cubemaps...
Emitted 4164 brushes and 26056 brushsides
Finding displacement neighbors...
Finding lightmap sample positions...
Building Physics collision data...
done (0) (1360332 bytes)
Emitting static props...
Model "models/props_phx/construct/metal_wire1x2x2b.mdl" is missing $staticprop. Allowing due to -allowdynamicpropsasstatic
Model "models/props_phx/construct/metal_wire_angle360x2.mdl" is missing $staticprop. Allowing due to -allowdynamicpropsasstatic
Placing detail props : 0...1...2...3...4...5...6...7...8...9...10
Water found with no water_lod_control entity, creating a default one.
Compacting texture/material tables...
Reduced 2611 texinfos to 1541
Reduced 325 texdatas to 297 (10005 bytes to 7639)
Writing w:\programs\steam\steamapps\common\garrysmod\garrysmod\addons\garrysmodmap\maps\gmm_garrymod_map_by_woowz_old_alpha_beta.bsp
2 seconds elapsed

==================================================================
Date: 2026-09-28 23:27:37
W:\Programs\Steam\steamapps\common\GarrysMod\bin\win64\vvisplusplus.exe -game W:\Programs\Steam\steamapps\common\GarrysMod\garrysmod w:\programs\steam\steamapps\common\garrysmod\garrysmod\addons\garrysmodmap\maps\gmm_garrymod_map_by_woowz_old_alpha_beta
==================================================================
16 threads
CPU supports AVX2
reading w:\programs\steam\steamapps\common\garrysmod\garrysmod\addons\garrysmodmap\maps\gmm_garrymod_map_by_woowz_old_alpha_beta.bsp
reading w:\programs\steam\steamapps\common\garrysmod\garrysmod\addons\garrysmodmap\maps\gmm_garrymod_map_by_woowz_old_alpha_beta.prt
1351 portalclusters
2433 numportals
0...1...2...3...4...5...6...7...8...9...100...1...2...3...4...5...6...7...8...9...10Optimized: 139 visible clusters (0.21%)
Total clusters visible: 65374
Average clusters visible: 48
Building PAS...
Average clusters audible: 156
visdatasize:129690  compressed from 475552
writing w:\programs\steam\steamapps\common\garrysmod\garrysmod\addons\garrysmodmap\maps\gmm_garrymod_map_by_woowz_old_alpha_beta.bsp
Wrote ZIP buffer, estimated size 130234, actual size 126536
0 seconds elapsed

==================================================================
Date: 2026-09-28 23:27:37
W:\Programs\Steam\steamapps\common\GarrysMod\bin\win64\vradplusplus.exe -both -final -game W:\Programs\Steam\steamapps\common\GarrysMod\garrysmod w:\programs\steam\steamapps\common\garrysmod\garrysmod\addons\garrysmodmap\maps\gmm_garrymod_map_by_woowz_old_alpha_beta
==================================================================
---------------
gamedir: W:\Programs\Steam\steamapps\common\GarrysMod\garrysmod\
---------------
16 threads
Compiling in LDR+HDR mode
Reading texlights from 'lights.rad'...
53 texlights parsed
Loading w:\programs\steam\steamapps\common\garrysmod\garrysmod\addons\garrysmodmap\maps\gmm_garrymod_map_by_woowz_old_alpha_beta.bsp
158 props added to raytrace
15928 faces
1 degenerate faces
326 fake patch planes
1800318 square feet [259245920.00 square inches]
6 Displacements
4507 Square Feet [649081.00 Square Inches]
0...1...2...3...4...5...6...7...8...9...1015927 patches before subdivision
187827 patches after subdivision
CreateDirectLights...
0...1...2...3...4...5...6...7...8...9...10458 lights, 6 styled (0.01 seconds)
0...1...2...3...4...5...6...7...8...9...100...1...2...3...4...5...6...7...8...9...10transfers 18944771, max 980
transfer lists: 144.5 megs
0...1...2...3...4...5...6...7...8...9...10	Bounce #1 added RGB(1714572, 1390384, 1030868)
0...1...2...3...4...5...6...7...8...9...10	Bounce #2 added RGB(496295, 391603, 283855)
0...1...2...3...4...5...6...7...8...9...10	Bounce #3 added RGB(169417, 132924, 96806)
0...1...2...3...4...5...6...7...8...9...10	Bounce #4 added RGB(63837, 49279, 35578)
0...1...2...3...4...5...6...7...8...9...10	Bounce #5 added RGB(25662, 19370, 13816)
0...1...2...3...4...5...6...7...8...9...10	Bounce #6 added RGB(10759, 7887, 5513)
0...1...2...3...4...5...6...7...8...9...10	Bounce #7 added RGB(4665, 3310, 2260)
0...1...2...3...4...5...6...7...8...9...10	Bounce #8 added RGB(2072, 1419, 940)
0...1...2...3...4...5...6...7...8...9...10	Bounce #9 added RGB(939, 620, 397)
0...1...2...3...4...5...6...7...8...9...10	Bounce #10 added RGB(432, 274, 169)
0...1...2...3...4...5...6...7...8...9...10	Bounce #11 added RGB(201, 123, 73)
0...1...2...3...4...5...6...7...8...9...10	Bounce #12 added RGB(94, 55, 31)
0...1...2...3...4...5...6...7...8...9...10	Bounce #13 added RGB(45, 25, 14)
0...1...2...3...4...5...6...7...8...9...10	Bounce #14 added RGB(21, 12, 6)
0...1...2...3...4...5...6...7...8...9...10	Bounce #15 added RGB(10, 5, 3)
0...1...2...3...4...5...6...7...8...9...10	Bounce #16 added RGB(5, 2, 1)
0...1...2...3...4...5...6...7...8...9...10	Bounce #17 added RGB(2, 1, 0)
0...1...2...3...4...5...6...7...8...9...10	Bounce #18 added RGB(1, 1, 0)
0...1...2...3...4...5...6...7...8...9...10	Bounce #19 added RGB(1, 0, 0)
Build Patch/Sample Hash Table(s).....Done<0.0810 sec>
0...1...2...3...4...5...6...7...8...9...10FinalLightFace Done
0...1...2...3...4...5...6...7...8...9...10Setting up leaf ambient computation...
40 of 310 (12% of) surface lights went in leaf ambient cubes.
0...1...2...3...4...5...6...7...8...9...10Writing leaf ambient...done
Ready to Finish

Object names       Objects/Maxobjs  Fullness 
------------       ---------------  -------- 
entities              1036/65536    ( 1.6%) 
models                 132/4096     ( 3.2%) 
brushes               4164/65536    ( 6.4%) 
brushsides           26056/655350   ( 4.0%) 
planes                4680/65536    ( 7.1%) 
vertexes             28163/65536    (43.0%) 
nodes                 4376/65536    ( 6.7%) 
texinfos              1541/32768    ( 4.7%) 
texdata                297/8192     ( 3.6%) 
dispinfos                6/16384    ( 0.0%) 
faces                15928/65536    (24.3%) 
hdr faces            15928/65536    (24.3%) 
origfaces             8315/65536    (12.7%) 
leaves                4509/65536    ( 6.9%) 
leaffaces            19003/65536    (29.0%) 
leafbrushes           8535/65536    (13.0%) 
areas                   90/1024     ( 8.8%) 
surfedges            77583/512000   (15.2%) 
edges                43763/256000   (17.1%) 
leafwaterdata           12/32768    ( 0.0%) 
primitives            2402/32768    ( 7.3%) 
primverts                0/65536    ( 0.0%) 
primindices          37272/65536    (56.9%) 
cubemapsamples           0/1024     ( 0.0%) 
overlays                60/8192     ( 0.7%) 
vertnormalindices    77456/256000   (30.3%) 
visdata             129690/16777216 ( 0.8%) 
entdata             370377/393216   (94.2%) VERY FULL!
LDR ambient table     4509/65536    ( 6.9%) 
HDR ambient table     4509/65536    ( 6.9%) 
LDR worldlights            0       
HDR worldlights            458     
LDR lightdata              0       
HDR lightdata              32465144
LDR leaf ambient           4509    
HDR leaf ambient           13836   
occluders                  0       
occluder polygons          0       
occluder vert ind          0       
detail props               1140    
dtl prp lght               4       
HDR dtl prp lght           4       
static props               20128   
pakfile                    126536  
physics                    1360332 
physics terrain            1818    

Level flags = 0

Total triangle count: 45600
Writing w:\programs\steam\steamapps\common\garrysmod\garrysmod\addons\garrysmodmap\maps\gmm_garrymod_map_by_woowz_old_alpha_beta.bsp
10 seconds elapsed

==================================================================
Date: 2026-09-28 23:28:35
W:\Programs\Steam\steamapps\common\GarrysMod\bin\win64\vbspplusplus.exe -allowdynamicpropsasstatic -game W:\Programs\Steam\steamapps\common\GarrysMod\garrysmod w:\programs\steam\steamapps\common\garrysmod\garrysmod\addons\garrysmodmap\maps\gmm_garrymod_map_by_woowz_old_alpha_beta
==================================================================
16 threads
---------------
gamedir: W:\Programs\Steam\steamapps\common\GarrysMod\garrysmod\
---------------
Loading w:\programs\steam\steamapps\common\garrysmod\garrysmod\addons\garrysmodmap\maps\gmm_garrymod_map_by_woowz_old_alpha_beta.vmf
Locating GameData file 'garrysmod.fgd'...
Parsing GameData file w:\programs\steam\steamapps\common\garrysmod\bin\garrysmod.fgd
Parsing GameData file w:\programs\steam\steamapps\common\garrysmod\bin\base.fgd
Parsing GameData file w:\programs\steam\steamapps\common\garrysmod\bin\halflife2.fgd
Parsing GameData file w:\programs\steam\steamapps\common\garrysmod\bin\base.fgd
fixing up env_cubemap materials on brush sides...
FloodEntities...
FloodEntities...
Processing areas...done (0)
Building Faces...done (0)
Chop Details...done (0)
Find Visible Detail Sides...
Merged 1048 detail faces...done (0)
Merging details...done (1)
FixTjuncs...
PruneNodes...
WriteBSP...
done (0)
writing w:\programs\steam\steamapps\common\garrysmod\garrysmod\addons\garrysmodmap\maps\gmm_garrymod_map_by_woowz_old_alpha_beta.prt...
Building visibility clusters...
done (0)
Generating blank default cubemaps...
Generating blank default cubemaps...
Emitted 4192 brushes and 26224 brushsides
Finding displacement neighbors...
Finding lightmap sample positions...
Building Physics collision data...
done (0) (1360332 bytes)
Emitting static props...
Model "models/props_phx/construct/metal_wire1x2x2b.mdl" is missing $staticprop. Allowing due to -allowdynamicpropsasstatic
Model "models/props_phx/construct/metal_wire_angle360x2.mdl" is missing $staticprop. Allowing due to -allowdynamicpropsasstatic
Placing detail props : 0...1...2...3...4...5...6...7...8...9...10
Water found with no water_lod_control entity, creating a default one.
Compacting texture/material tables...
Reduced 2611 texinfos to 1541
Reduced 325 texdatas to 297 (10005 bytes to 7639)
Writing w:\programs\steam\steamapps\common\garrysmod\garrysmod\addons\garrysmodmap\maps\gmm_garrymod_map_by_woowz_old_alpha_beta.bsp
2 seconds elapsed

==================================================================
Date: 2026-09-28 23:28:38
W:\Programs\Steam\steamapps\common\GarrysMod\bin\win64\vvisplusplus.exe -game W:\Programs\Steam\steamapps\common\GarrysMod\garrysmod w:\programs\steam\steamapps\common\garrysmod\garrysmod\addons\garrysmodmap\maps\gmm_garrymod_map_by_woowz_old_alpha_beta
==================================================================
16 threads
CPU supports AVX2
reading w:\programs\steam\steamapps\common\garrysmod\garrysmod\addons\garrysmodmap\maps\gmm_garrymod_map_by_woowz_old_alpha_beta.bsp
reading w:\programs\steam\steamapps\common\garrysmod\garrysmod\addons\garrysmodmap\maps\gmm_garrymod_map_by_woowz_old_alpha_beta.prt
1385 portalclusters
2514 numportals
0...1...2...3...4...5...6...7...8...9...100...1...2...3...4...5...6...7...8...9...10Optimized: 145 visible clusters (0.21%)
Total clusters visible: 67784
Average clusters visible: 48
Building PAS...
Average clusters audible: 158
visdatasize:135239  compressed from 487520
writing w:\programs\steam\steamapps\common\garrysmod\garrysmod\addons\garrysmodmap\maps\gmm_garrymod_map_by_woowz_old_alpha_beta.bsp
Wrote ZIP buffer, estimated size 130234, actual size 126536
0 seconds elapsed

==================================================================
Date: 2026-09-28 23:28:38
W:\Programs\Steam\steamapps\common\GarrysMod\bin\win64\vradplusplus.exe -both -final -game W:\Programs\Steam\steamapps\common\GarrysMod\garrysmod w:\programs\steam\steamapps\common\garrysmod\garrysmod\addons\garrysmodmap\maps\gmm_garrymod_map_by_woowz_old_alpha_beta
==================================================================
---------------
gamedir: W:\Programs\Steam\steamapps\common\GarrysMod\garrysmod\
---------------
16 threads
Compiling in LDR+HDR mode
Reading texlights from 'lights.rad'...
53 texlights parsed
Loading w:\programs\steam\steamapps\common\garrysmod\garrysmod\addons\garrysmodmap\maps\gmm_garrymod_map_by_woowz_old_alpha_beta.bsp
158 props added to raytrace
15939 faces
1 degenerate faces
326 fake patch planes
1800319 square feet [259245984.00 square inches]
6 Displacements
4507 Square Feet [649081.00 Square Inches]
0...1...2...3...4...5...6...7...8...9...1015938 patches before subdivision
187768 patches after subdivision
CreateDirectLights...
0...1...2...3...4...5...6...7...8...9...10458 lights, 6 styled (0.01 seconds)
0...1...2...3...4...5...6...7...8...9...100...1...2...3...4...5...6...7...8...9...10transfers 18950044, max 983
transfer lists: 144.6 megs
0...1...2...3...4...5...6...7...8...9...10	Bounce #1 added RGB(1714334, 1390085, 1030672)
0...1...2...3...4...5...6...7...8...9...10	Bounce #2 added RGB(496288, 391578, 283843)
0...1...2...3...4...5...6...7...8...9...10	Bounce #3 added RGB(169426, 132924, 96806)
0...1...2...3...4...5...6...7...8...9...10	Bounce #4 added RGB(63842, 49280, 35578)
0...1...2...3...4...5...6...7...8...9...10	Bounce #5 added RGB(25664, 19371, 13816)
0...1...2...3...4...5...6...7...8...9...10	Bounce #6 added RGB(10760, 7887, 5513)
0...1...2...3...4...5...6...7...8...9...10	Bounce #7 added RGB(4666, 3310, 2260)
0...1...2...3...4...5...6...7...8...9...10	Bounce #8 added RGB(2072, 1419, 940)
0...1...2...3...4...5...6...7...8...9...10	Bounce #9 added RGB(939, 620, 397)
0...1...2...3...4...5...6...7...8...9...10	Bounce #10 added RGB(432, 274, 169)
0...1...2...3...4...5...6...7...8...9...10	Bounce #11 added RGB(201, 123, 73)
0...1...2...3...4...5...6...7...8...9...10	Bounce #12 added RGB(94, 55, 31)
0...1...2...3...4...5...6...7...8...9...10	Bounce #13 added RGB(45, 25, 14)
0...1...2...3...4...5...6...7...8...9...10	Bounce #14 added RGB(21, 12, 6)
0...1...2...3...4...5...6...7...8...9...10	Bounce #15 added RGB(10, 5, 3)
0...1...2...3...4...5...6...7...8...9...10	Bounce #16 added RGB(5, 2, 1)
0...1...2...3...4...5...6...7...8...9...10	Bounce #17 added RGB(2, 1, 0)
0...1...2...3...4...5...6...7...8...9...10	Bounce #18 added RGB(1, 1, 0)
0...1...2...3...4...5...6...7...8...9...10	Bounce #19 added RGB(1, 0, 0)
Build Patch/Sample Hash Table(s).....Done<0.0809 sec>
0...1...2...3...4...5...6...7...8...9...10FinalLightFace Done
0...1...2...3...4...5...6...7...8...9...10Setting up leaf ambient computation...
40 of 310 (12% of) surface lights went in leaf ambient cubes.
0...1...2...3...4...5...6...7...8...9...10Writing leaf ambient...done
Ready to Finish

Object names       Objects/Maxobjs  Fullness 
------------       ---------------  -------- 
entities              1036/65536    ( 1.6%) 
models                 132/4096     ( 3.2%) 
brushes               4192/65536    ( 6.4%) 
brushsides           26224/655350   ( 4.0%) 
planes                4680/65536    ( 7.1%) 
vertexes             28183/65536    (43.0%) 
nodes                 4410/65536    ( 6.7%) 
texinfos              1541/32768    ( 4.7%) 
texdata                297/8192     ( 3.6%) 
dispinfos                6/16384    ( 0.0%) 
faces                15939/65536    (24.3%) 
hdr faces            15939/65536    (24.3%) 
origfaces             8316/65536    (12.7%) 
leaves                4543/65536    ( 6.9%) 
leaffaces            19168/65536    (29.2%) 
leafbrushes           8606/65536    (13.1%) 
areas                   90/1024     ( 8.8%) 
surfedges            77645/512000   (15.2%) 
edges                43793/256000   (17.1%) 
leafwaterdata           12/32768    ( 0.0%) 
primitives            2403/32768    ( 7.3%) 
primverts                0/65536    ( 0.0%) 
primindices          37311/65536    (56.9%) 
cubemapsamples           0/1024     ( 0.0%) 
overlays                60/8192     ( 0.7%) 
vertnormalindices    77518/256000   (30.3%) 
visdata             135239/16777216 ( 0.8%) 
entdata             370377/393216   (94.2%) VERY FULL!
LDR ambient table     4543/65536    ( 6.9%) 
HDR ambient table     4543/65536    ( 6.9%) 
LDR worldlights            0       
HDR worldlights            458     
LDR lightdata              0       
HDR lightdata              32467328
LDR leaf ambient           4543    
HDR leaf ambient           14353   
occluders                  0       
occluder polygons          0       
occluder vert ind          0       
detail props               1140    
dtl prp lght               4       
HDR dtl prp lght           4       
static props               20128   
pakfile                    126536  
physics                    1360332 
physics terrain            1818    

Level flags = 0

Total triangle count: 45640
Writing w:\programs\steam\steamapps\common\garrysmod\garrysmod\addons\garrysmodmap\maps\gmm_garrymod_map_by_woowz_old_alpha_beta.bsp
10 seconds elapsed

==================================================================
Date: 2026-09-28 23:29:25
W:\Programs\Steam\steamapps\common\GarrysMod\bin\win64\vbspplusplus.exe -allowdynamicpropsasstatic -game W:\Programs\Steam\steamapps\common\GarrysMod\garrysmod w:\programs\steam\steamapps\common\garrysmod\garrysmod\addons\garrysmodmap\maps\gmm_garrymod_map_by_woowz_old_alpha_beta
==================================================================
16 threads
---------------
gamedir: W:\Programs\Steam\steamapps\common\GarrysMod\garrysmod\
---------------
Loading w:\programs\steam\steamapps\common\garrysmod\garrysmod\addons\garrysmodmap\maps\gmm_garrymod_map_by_woowz_old_alpha_beta.vmf
Locating GameData file 'garrysmod.fgd'...
Parsing GameData file w:\programs\steam\steamapps\common\garrysmod\bin\garrysmod.fgd
Parsing GameData file w:\programs\steam\steamapps\common\garrysmod\bin\base.fgd
Parsing GameData file w:\programs\steam\steamapps\common\garrysmod\bin\halflife2.fgd
Parsing GameData file w:\programs\steam\steamapps\common\garrysmod\bin\base.fgd
fixing up env_cubemap materials on brush sides...
FloodEntities...
FloodEntities...
Processing areas...done (0)
Building Faces...done (0)
Chop Details...done (0)
Find Visible Detail Sides...
Merged 1048 detail faces...done (0)
Merging details...done (1)
FixTjuncs...
PruneNodes...
WriteBSP...
done (0)
writing w:\programs\steam\steamapps\common\garrysmod\garrysmod\addons\garrysmodmap\maps\gmm_garrymod_map_by_woowz_old_alpha_beta.prt...
Building visibility clusters...
done (0)
Generating blank default cubemaps...
Generating blank default cubemaps...
Emitted 4161 brushes and 26038 brushsides
Finding displacement neighbors...
Finding lightmap sample positions...
Building Physics collision data...
done (0) (1360332 bytes)
Emitting static props...
Model "models/props_phx/construct/metal_wire1x2x2b.mdl" is missing $staticprop. Allowing due to -allowdynamicpropsasstatic
Model "models/props_phx/construct/metal_wire_angle360x2.mdl" is missing $staticprop. Allowing due to -allowdynamicpropsasstatic
Placing detail props : 0...1...2...3...4...5...6...7...8...9...10
Water found with no water_lod_control entity, creating a default one.
Compacting texture/material tables...
Reduced 2611 texinfos to 1541
Reduced 325 texdatas to 297 (10005 bytes to 7639)
Writing w:\programs\steam\steamapps\common\garrysmod\garrysmod\addons\garrysmodmap\maps\gmm_garrymod_map_by_woowz_old_alpha_beta.bsp
2 seconds elapsed

==================================================================
Date: 2026-09-28 23:29:27
W:\Programs\Steam\steamapps\common\GarrysMod\bin\win64\vvisplusplus.exe -game W:\Programs\Steam\steamapps\common\GarrysMod\garrysmod w:\programs\steam\steamapps\common\garrysmod\garrysmod\addons\garrysmodmap\maps\gmm_garrymod_map_by_woowz_old_alpha_beta
==================================================================
16 threads
CPU supports AVX2
reading w:\programs\steam\steamapps\common\garrysmod\garrysmod\addons\garrysmodmap\maps\gmm_garrymod_map_by_woowz_old_alpha_beta.bsp
reading w:\programs\steam\steamapps\common\garrysmod\garrysmod\addons\garrysmodmap\maps\gmm_garrymod_map_by_woowz_old_alpha_beta.prt
1349 portalclusters
2430 numportals
0...1...2...3...4...5...6...7...8...9...100...1...2...3...4...5...6...7...8...9...10Optimized: 139 visible clusters (0.21%)
Total clusters visible: 65342
Average clusters visible: 48
Building PAS...
Average clusters audible: 156
visdatasize:127818  compressed from 474848
writing w:\programs\steam\steamapps\common\garrysmod\garrysmod\addons\garrysmodmap\maps\gmm_garrymod_map_by_woowz_old_alpha_beta.bsp
Wrote ZIP buffer, estimated size 130234, actual size 126536
0 seconds elapsed

==================================================================
Date: 2026-09-28 23:29:27
W:\Programs\Steam\steamapps\common\GarrysMod\bin\win64\vradplusplus.exe -both -final -game W:\Programs\Steam\steamapps\common\GarrysMod\garrysmod w:\programs\steam\steamapps\common\garrysmod\garrysmod\addons\garrysmodmap\maps\gmm_garrymod_map_by_woowz_old_alpha_beta
==================================================================
---------------
gamedir: W:\Programs\Steam\steamapps\common\GarrysMod\garrysmod\
---------------
16 threads
Compiling in LDR+HDR mode
Reading texlights from 'lights.rad'...
53 texlights parsed
Loading w:\programs\steam\steamapps\common\garrysmod\garrysmod\addons\garrysmodmap\maps\gmm_garrymod_map_by_woowz_old_alpha_beta.bsp
158 props added to raytrace
15928 faces
1 degenerate faces
326 fake patch planes
1800318 square feet [259245920.00 square inches]
6 Displacements
4507 Square Feet [649081.00 Square Inches]
0...1...2...3...4...5...6...7...8...9...1015927 patches before subdivision
187827 patches after subdivision
CreateDirectLights...
0...1...2...3...4...5...6...7...8...9...10458 lights, 6 styled (0.01 seconds)
0...1...2...3...4...5...6...7...8...9...100...1...2...3...4...5...6...7...8...9...10transfers 18944771, max 980
transfer lists: 144.5 megs
0...1...2...3...4...5...6...7...8...9...10	Bounce #1 added RGB(1714570, 1390381, 1030865)
0...1...2...3...4...5...6...7...8...9...10	Bounce #2 added RGB(496294, 391602, 283854)
0...1...2...3...4...5...6...7...8...9...10	Bounce #3 added RGB(169417, 132923, 96806)
0...1...2...3...4...5...6...7...8...9...10	Bounce #4 added RGB(63836, 49278, 35577)
0...1...2...3...4...5...6...7...8...9...10	Bounce #5 added RGB(25661, 19370, 13816)
0...1...2...3...4...5...6...7...8...9...10	Bounce #6 added RGB(10759, 7887, 5513)
0...1...2...3...4...5...6...7...8...9...10	Bounce #7 added RGB(4665, 3310, 2260)
0...1...2...3...4...5...6...7...8...9...10	Bounce #8 added RGB(2072, 1419, 940)
0...1...2...3...4...5...6...7...8...9...10	Bounce #9 added RGB(939, 620, 397)
0...1...2...3...4...5...6...7...8...9...10	Bounce #10 added RGB(432, 274, 169)
0...1...2...3...4...5...6...7...8...9...10	Bounce #11 added RGB(201, 123, 73)
0...1...2...3...4...5...6...7...8...9...10	Bounce #12 added RGB(94, 55, 31)
0...1...2...3...4...5...6...7...8...9...10	Bounce #13 added RGB(45, 25, 14)
0...1...2...3...4...5...6...7...8...9...10	Bounce #14 added RGB(21, 12, 6)
0...1...2...3...4...5...6...7...8...9...10	Bounce #15 added RGB(10, 5, 3)
0...1...2...3...4...5...6...7...8...9...10	Bounce #16 added RGB(5, 2, 1)
0...1...2...3...4...5...6...7...8...9...10	Bounce #17 added RGB(2, 1, 0)
0...1...2...3...4...5...6...7...8...9...10	Bounce #18 added RGB(1, 1, 0)
0...1...2...3...4...5...6...7...8...9...10	Bounce #19 added RGB(1, 0, 0)
Build Patch/Sample Hash Table(s).....Done<0.0822 sec>
0...1...2...3...4...5...6...7...8...9...10FinalLightFace Done
0...1...2...3...4...5...6...7...8...9...10Setting up leaf ambient computation...
40 of 310 (12% of) surface lights went in leaf ambient cubes.
0...1...2...3...4...5...6...7...8...9...10Writing leaf ambient...done
Ready to Finish

Object names       Objects/Maxobjs  Fullness 
------------       ---------------  -------- 
entities              1036/65536    ( 1.6%) 
models                 132/4096     ( 3.2%) 
brushes               4161/65536    ( 6.3%) 
brushsides           26038/655350   ( 4.0%) 
planes                4680/65536    ( 7.1%) 
vertexes             28162/65536    (43.0%) 
nodes                 4374/65536    ( 6.7%) 
texinfos              1541/32768    ( 4.7%) 
texdata                297/8192     ( 3.6%) 
dispinfos                6/16384    ( 0.0%) 
faces                15928/65536    (24.3%) 
hdr faces            15928/65536    (24.3%) 
origfaces             8315/65536    (12.7%) 
leaves                4507/65536    ( 6.9%) 
leaffaces            18981/65536    (29.0%) 
leafbrushes           8531/65536    (13.0%) 
areas                   90/1024     ( 8.8%) 
surfedges            77583/512000   (15.2%) 
edges                43763/256000   (17.1%) 
leafwaterdata           12/32768    ( 0.0%) 
primitives            2402/32768    ( 7.3%) 
primverts                0/65536    ( 0.0%) 
primindices          37272/65536    (56.9%) 
cubemapsamples           0/1024     ( 0.0%) 
overlays                60/8192     ( 0.7%) 
vertnormalindices    77456/256000   (30.3%) 
visdata             127818/16777216 ( 0.8%) 
entdata             370377/393216   (94.2%) VERY FULL!
LDR ambient table     4507/65536    ( 6.9%) 
HDR ambient table     4507/65536    ( 6.9%) 
LDR worldlights            0       
HDR worldlights            458     
LDR lightdata              0       
HDR lightdata              32465144
LDR leaf ambient           4507    
HDR leaf ambient           13803   
occluders                  0       
occluder polygons          0       
occluder vert ind          0       
detail props               1140    
dtl prp lght               4       
HDR dtl prp lght           4       
static props               20128   
pakfile                    126536  
physics                    1360332 
physics terrain            1818    

Level flags = 0

Total triangle count: 45600
Writing w:\programs\steam\steamapps\common\garrysmod\garrysmod\addons\garrysmodmap\maps\gmm_garrymod_map_by_woowz_old_alpha_beta.bsp
10 seconds elapsed
