PRT1
1351
2432
4 0 1 (7168 1216 240 ) (7168 1216 400 ) (7168 1392 400 ) (7168 1392 240 ) 
4 1 3 (6144 1216 240 ) (6144 1216 400 ) (6144 1392 400 ) (6144 1392 240 ) 
4 2 9 (6344 1024 544 ) (6344 1024 624 ) (6296 1024 624 ) (6296 1024 544 ) 
4 3 4 (5120 1216 240 ) (5120 1216 400 ) (5120 1392 400 ) (5120 1392 240 ) 
4 4 5 (4096 1216 240 ) (4096 1216 400 ) (4096 1392 400 ) (4096 1392 240 ) 
4 5 18 (3072 1216 240 ) (3072 1216 400 ) (3072 1392 400 ) (3072 1392 240 ) 
4 6 8 (6496 960 656 ) (6496 960 544 ) (6496 896 544 ) (6496 896 656 ) 
4 6 7 (6736 848 544 ) (6864 848 544 ) (6864 848 752 ) (6736 848 752 ) 
4 8 14 (6480 896 544 ) (6480 896 656 ) (6480 960 656 ) (6480 960 544 ) 
4 9 14 (6344 1008 544 ) (6344 1008 624 ) (6296 1008 624 ) (6296 1008 544 ) 
4 10 13 (6160 1008 976 ) (6280 1008 976 ) (6280 512 976 ) (6160 512 976 ) 
4 10 12 (6280 1008 976 ) (6360 1008 976 ) (6360 512 976 ) (6280 512 976 ) 
4 10 11 (6360 1008 976 ) (6480 1008 976 ) (6480 512 976 ) (6360 512 976 ) 
4 11 14 (6360 1008 728 ) (6480 1008 728 ) (6480 512 728 ) (6360 512 728 ) 
4 11 12 (6360 1008 728 ) (6360 512 728 ) (6360 512 976 ) (6360 1008 976 ) 
4 12 14 (6280 1008 728 ) (6360 1008 728 ) (6360 512 728 ) (6280 512 728 ) 
4 12 13 (6280 1008 728 ) (6280 512 728 ) (6280 512 976 ) (6280 1008 976 ) 
4 13 14 (6160 1008 728 ) (6280 1008 728 ) (6280 512 728 ) (6160 512 728 ) 
4 16 465 (3056 1024 912 ) (2192 1024 912 ) (2192 1024 816 ) (3056 1024 816 ) 
4 16 17 (2192 1152 816 ) (2192 1024 816 ) (2192 1024 912 ) (2192 1152 912 ) 
4 17 465 (2192 1024 912 ) (2048 1024 912 ) (2048 1024 816 ) (2192 1024 816 ) 
4 18 47 (2048 1216 240 ) (2048 1216 400 ) (2048 1392 400 ) (2048 1392 240 ) 
4 19 20 (1344 2032 1960 ) (1344 1296 1960 ) (1104 1296 1960 ) (1104 2032 1960 ) 
4 20 24 (1344 2032 1840 ) (1344 1296 1840 ) (1104 1296 1840 ) (1104 2032 1840 ) 
4 20 21 (1152 1296 1840 ) (1280 1296 1840 ) (1280 1296 1960 ) (1152 1296 1960 ) 
4 21 22 (1152 1267 1960 ) (1152 1267 1840 ) (1280 1267 1840 ) (1280 1267 1960 ) 
4 22 23 (1152 1265 1960 ) (1152 1265 1840 ) (1280 1265 1840 ) (1280 1265 1960 ) 
4 23 26 (1152 1264 1840 ) (1280 1264 1840 ) (1280 1264 1960 ) (1152 1264 1960 ) 
4 24 27 (1344 2032 800 ) (1344 1296 800 ) (1104 1296 800 ) (1104 2032 800 ) 
4 25 63 (1024 1288 864 ) (1024 1288 984 ) (1024 1296 984 ) (1024 1296 864 ) 
4 25 62 (1024 1296 984 ) (1024 1936 984 ) (1024 1936 864 ) (1024 1296 864 ) 
4 25 68 (1024 1288 808 ) (1024 1288 864 ) (1024 1936 864 ) (1024 1936 808 ) 
4 25 61 (1024 1288 984 ) (1024 1288 1016 ) (1024 1488 1016 ) (1024 1488 984 ) 
4 25 60 (1024 1488 1016 ) (1024 1616 1016 ) (1024 1616 984 ) (1024 1488 984 ) 
4 25 59 (1024 1616 1016 ) (1024 1936 1016 ) (1024 1936 984 ) (1024 1616 984 ) 
4 26 617 (1024 1024 3056 ) (1024 1024 816 ) (1056 1024 816 ) (1056 1024 3056 ) 
4 26 593 (1056 1024 816 ) (1072 1024 816 ) (1072 1024 3056 ) (1056 1024 3056 ) 
4 26 534 (1072 1024 816 ) (1088 1024 816 ) (1088 1024 3056 ) (1072 1024 3056 ) 
4 26 524 (1088 1024 816 ) (1680 1024 816 ) (1680 1024 3056 ) (1088 1024 3056 ) 
4 26 476 (1680 1024 816 ) (2032 1024 816 ) (2032 1024 3056 ) (1680 1024 3056 ) 
4 26 72 (1024 1024 816 ) (1024 1024 3056 ) (1024 1264 3056 ) (1024 1264 816 ) 
4 27 39 (1344 1392 560 ) (1344 1296 560 ) (1104 1296 560 ) (1104 1392 560 ) 
4 27 37 (1344 2032 560 ) (1344 1392 560 ) (1104 1392 560 ) (1104 2032 560 ) 
4 27 28 (1104 1664 576 ) (1104 1664 752 ) (1104 1824 752 ) (1104 1824 576 ) 
4 28 33 (1088 1664 576 ) (1088 1664 752 ) (1088 1824 752 ) (1088 1824 576 ) 
4 29 31 (1088 1160 768 ) (1088 1160 800 ) (1088 1272 800 ) (1088 1272 768 ) 
4 30 526 (1088 1024 752 ) (1088 1024 592 ) (1680 1024 592 ) (1680 1024 752 ) 
4 30 35 (1088 1024 592 ) (1088 1024 752 ) (1088 1136 752 ) (1088 1136 592 ) 
4 31 32 (1072 1272 800 ) (1072 1272 768 ) (1072 1160 768 ) (1072 1160 800 ) 
4 32 618 (1056 1024 800 ) (1024 1024 800 ) (1024 1024 768 ) (1056 1024 768 ) 
4 32 594 (1072 1024 800 ) (1056 1024 800 ) (1056 1024 768 ) (1072 1024 768 ) 
4 32 81 (1024 1024 768 ) (1024 1024 800 ) (1024 1040 800 ) (1024 1040 768 ) 
4 32 76 (1024 1040 800 ) (1024 1272 800 ) (1024 1272 768 ) (1024 1040 768 ) 
4 33 83 (1024 1824 752 ) (1024 1824 576 ) (1024 1664 576 ) (1024 1664 752 ) 
4 34 84 (1024 1632 752 ) (1024 1632 592 ) (1024 1168 592 ) (1024 1168 752 ) 
4 35 619 (1024 1024 752 ) (1024 1024 592 ) (1056 1024 592 ) (1056 1024 752 ) 
4 35 595 (1056 1024 592 ) (1072 1024 592 ) (1072 1024 752 ) (1056 1024 752 ) 
4 35 545 (1072 1024 592 ) (1088 1024 592 ) (1088 1024 656 ) (1072 1024 656 ) 
4 35 535 (1088 1024 656 ) (1088 1024 752 ) (1072 1024 752 ) (1072 1024 656 ) 
4 35 87 (1024 1024 592 ) (1024 1024 752 ) (1024 1136 752 ) (1024 1136 592 ) 
4 36 40 (1368 1392 424 ) (2040 1392 424 ) (2040 1392 544 ) (1368 1392 544 ) 
4 37 41 (1104 1392 544 ) (1104 1392 432 ) (1344 1392 432 ) (1344 1392 544 ) 
4 37 39 (1344 1392 560 ) (1104 1392 560 ) (1104 1392 544 ) (1344 1392 544 ) 
4 38 97 (1024 1392 432 ) (1024 1392 544 ) (1024 1552 544 ) (1024 1552 432 ) 
4 38 95 (1024 1552 544 ) (1024 1632 544 ) (1024 1632 432 ) (1024 1552 432 ) 
4 38 92 (1024 1392 544 ) (1024 1392 560 ) (1024 1552 560 ) (1024 1552 544 ) 
4 38 91 (1024 1552 560 ) (1024 1616 560 ) (1024 1616 544 ) (1024 1552 544 ) 
4 38 90 (1024 1616 560 ) (1024 1632 560 ) (1024 1632 544 ) (1024 1616 544 ) 
4 38 46 (1072 1392 560 ) (1024 1392 560 ) (1024 1392 432 ) (1072 1392 432 ) 
4 39 44 (1104 1392 560 ) (1104 1392 544 ) (1104 1312 544 ) (1104 1312 560 ) 
4 39 41 (1104 1296 544 ) (1104 1392 544 ) (1344 1392 544 ) (1344 1296 544 ) 
4 40 42 (2040 1296 544 ) (1368 1296 544 ) (1368 1296 424 ) (2040 1296 424 ) 
4 41 44 (1104 1392 544 ) (1104 1392 432 ) (1104 1312 432 ) (1104 1312 544 ) 
4 42 43 (2040 1272 424 ) (2040 1272 544 ) (1368 1272 544 ) (1368 1272 424 ) 
4 43 52 (1856 1184 544 ) (1104 1184 544 ) (1104 1184 424 ) (1856 1184 424 ) 
4 43 50 (1936 1184 544 ) (1856 1184 544 ) (1856 1184 424 ) (1936 1184 424 ) 
4 43 49 (2040 1184 544 ) (1936 1184 544 ) (1936 1184 424 ) (2040 1184 424 ) 
4 43 45 (1104 1272 424 ) (1104 1184 424 ) (1104 1184 544 ) (1104 1272 544 ) 
4 44 46 (1072 1392 560 ) (1072 1392 432 ) (1072 1312 432 ) (1072 1312 560 ) 
4 45 52 (1096 1184 424 ) (1104 1184 424 ) (1104 1184 544 ) (1096 1184 544 ) 
4 46 107 (1024 1184 432 ) (1024 1184 544 ) (1024 1376 544 ) (1024 1376 432 ) 
4 46 98 (1024 1376 544 ) (1024 1392 544 ) (1024 1392 432 ) (1024 1376 432 ) 
4 46 92 (1024 1184 544 ) (1024 1184 560 ) (1024 1392 560 ) (1024 1392 544 ) 
4 46 53 (1024 1184 544 ) (1024 1184 432 ) (1072 1184 432 ) (1072 1184 544 ) 
4 46 48 (1072 1184 560 ) (1024 1184 560 ) (1024 1184 544 ) (1072 1184 544 ) 
4 47 119 (1024 1216 240 ) (1024 1216 400 ) (1024 1376 400 ) (1024 1376 240 ) 
4 47 99 (1024 1376 400 ) (1024 1392 400 ) (1024 1392 240 ) (1024 1376 240 ) 
4 48 627 (1056 1024 560 ) (1024 1024 560 ) (1024 1024 544 ) (1056 1024 544 ) 
4 48 602 (1072 1024 560 ) (1056 1024 560 ) (1056 1024 544 ) (1072 1024 544 ) 
4 48 92 (1024 1024 544 ) (1024 1024 560 ) (1024 1184 560 ) (1024 1184 544 ) 
4 48 53 (1024 1184 544 ) (1072 1184 544 ) (1072 1024 544 ) (1024 1024 544 ) 
4 49 50 (1936 1184 424 ) (1936 1032 424 ) (1936 1032 544 ) (1936 1184 544 ) 
4 50 52 (1856 1184 424 ) (1856 1032 424 ) (1856 1032 544 ) (1856 1184 544 ) 
4 50 51 (1856 1032 544 ) (1856 1032 424 ) (1936 1032 424 ) (1936 1032 544 ) 
4 51 499 (1856 1024 480 ) (1856 1024 424 ) (1936 1024 424 ) (1936 1024 480 ) 
4 51 479 (1936 1024 544 ) (1856 1024 544 ) (1856 1024 480 ) (1936 1024 480 ) 
4 53 632 (1024 1024 480 ) (1024 1024 432 ) (1056 1024 432 ) (1056 1024 480 ) 
4 53 627 (1056 1024 544 ) (1024 1024 544 ) (1024 1024 480 ) (1056 1024 480 ) 
4 53 602 (1072 1024 544 ) (1056 1024 544 ) (1056 1024 432 ) (1072 1024 432 ) 
4 53 107 (1024 1024 432 ) (1024 1024 544 ) (1024 1184 544 ) (1024 1184 432 ) 
4 54 55 (1056 1184 16 ) (1056 1024 16 ) (1056 1024 400 ) (1056 1184 400 ) 
4 55 633 (1056 1024 400 ) (1024 1024 400 ) (1024 1024 16 ) (1056 1024 16 ) 
4 55 120 (1024 1024 16 ) (1024 1024 400 ) (1024 1184 400 ) (1024 1184 16 ) 
4 56 188 (0 2032 10224 ) (0 2032 9232 ) (0 1288 9232 ) (0 1288 10224 ) 
4 56 70 (720 1288 10224 ) (0 1288 10224 ) (0 1288 9232 ) (720 1288 9232 ) 
4 56 69 (1008 1288 10224 ) (720 1288 10224 ) (720 1288 9232 ) (1008 1288 9232 ) 
4 57 58 (144 2040 808 ) (256 2040 808 ) (256 2040 928 ) (144 2040 928 ) 
4 58 67 (24 1936 984 ) (24 1936 864 ) (384 1936 864 ) (384 1936 984 ) 
4 58 68 (24 1936 864 ) (24 1936 808 ) (384 1936 808 ) (384 1936 864 ) 
4 58 59 (24 1936 1016 ) (24 1936 984 ) (384 1936 984 ) (384 1936 1016 ) 
4 59 65 (504 1936 984 ) (608 1936 984 ) (608 1616 984 ) (504 1616 984 ) 
4 59 67 (24 1616 984 ) (24 1936 984 ) (504 1936 984 ) (504 1616 984 ) 
4 59 62 (920 1936 984 ) (1024 1936 984 ) (1024 1616 984 ) (920 1616 984 ) 
4 59 64 (608 1936 984 ) (920 1936 984 ) (920 1616 984 ) (608 1616 984 ) 
4 59 60 (24 1616 1016 ) (24 1616 984 ) (1024 1616 984 ) (1024 1616 1016 ) 
4 60 65 (504 1616 984 ) (608 1616 984 ) (608 1488 984 ) (504 1488 984 ) 
4 60 67 (24 1488 984 ) (24 1616 984 ) (504 1616 984 ) (504 1488 984 ) 
4 60 62 (920 1616 984 ) (1024 1616 984 ) (1024 1488 984 ) (920 1488 984 ) 
4 60 64 (608 1616 984 ) (920 1616 984 ) (920 1488 984 ) (608 1488 984 ) 
4 60 61 (24 1488 1016 ) (24 1488 984 ) (1024 1488 984 ) (1024 1488 1016 ) 
4 61 66 (608 1288 984 ) (504 1288 984 ) (504 1296 984 ) (608 1296 984 ) 
4 61 65 (504 1296 984 ) (504 1488 984 ) (608 1488 984 ) (608 1296 984 ) 
4 61 67 (504 1288 984 ) (24 1288 984 ) (24 1488 984 ) (504 1488 984 ) 
4 61 63 (1024 1288 984 ) (920 1288 984 ) (920 1296 984 ) (1024 1296 984 ) 
4 61 62 (920 1296 984 ) (920 1488 984 ) (1024 1488 984 ) (1024 1296 984 ) 
4 61 64 (920 1288 984 ) (608 1288 984 ) (608 1488 984 ) (920 1488 984 ) 
4 62 64 (920 1936 864 ) (920 1296 864 ) (920 1296 984 ) (920 1936 984 ) 
4 62 68 (920 1296 864 ) (920 1936 864 ) (1024 1936 864 ) (1024 1296 864 ) 
4 62 63 (920 1296 984 ) (920 1296 864 ) (1024 1296 864 ) (1024 1296 984 ) 
4 63 64 (920 1296 864 ) (920 1288 864 ) (920 1288 984 ) (920 1296 984 ) 
4 63 68 (1024 1288 864 ) (920 1288 864 ) (920 1296 864 ) (1024 1296 864 ) 
4 64 66 (608 1296 864 ) (608 1288 864 ) (608 1288 984 ) (608 1296 984 ) 
4 64 65 (608 1936 864 ) (608 1296 864 ) (608 1296 984 ) (608 1936 984 ) 
4 64 68 (920 1288 864 ) (608 1288 864 ) (608 1936 864 ) (920 1936 864 ) 
4 65 67 (504 1936 864 ) (504 1296 864 ) (504 1296 984 ) (504 1936 984 ) 
4 65 68 (504 1296 864 ) (504 1936 864 ) (608 1936 864 ) (608 1296 864 ) 
4 65 66 (504 1296 984 ) (504 1296 864 ) (608 1296 864 ) (608 1296 984 ) 
4 66 67 (504 1296 864 ) (504 1288 864 ) (504 1288 984 ) (504 1296 984 ) 
4 66 68 (608 1288 864 ) (504 1288 864 ) (504 1296 864 ) (608 1296 864 ) 
4 67 68 (504 1288 864 ) (24 1288 864 ) (24 1936 864 ) (504 1936 864 ) 
4 69 73 (736 1264 10224 ) (720 1264 10224 ) (720 1264 9232 ) (736 1264 9232 ) 
4 69 71 (1008 1264 10224 ) (736 1264 10224 ) (736 1264 9232 ) (1008 1264 9232 ) 
4 69 70 (720 1288 10224 ) (720 1288 9232 ) (720 1264 9232 ) (720 1264 10224 ) 
4 70 188 (0 1288 10224 ) (0 1288 9232 ) (0 1264 9232 ) (0 1264 10224 ) 
4 70 74 (0 1264 10224 ) (0 1264 9232 ) (720 1264 9232 ) (720 1264 10224 ) 
4 71 73 (736 1264 10224 ) (736 1264 9232 ) (736 1040 9232 ) (736 1040 10224 ) 
4 72 672 (1024 1024 816 ) (1024 1024 1024 ) (736 1024 1024 ) (736 1024 816 ) 
4 72 647 (1024 1024 1024 ) (1024 1024 3056 ) (736 1024 3056 ) (736 1024 1024 ) 
4 73 74 (720 1264 10224 ) (720 1264 9232 ) (720 1040 9232 ) (720 1040 10224 ) 
4 74 188 (0 1040 10224 ) (0 1264 10224 ) (0 1264 9232 ) (0 1040 9232 ) 
4 75 673 (704 1024 816 ) (704 1024 1008 ) (32 1024 1008 ) (32 1024 816 ) 
4 76 81 (1008 1040 768 ) (1024 1040 768 ) (1024 1040 800 ) (1008 1040 800 ) 
4 76 78 (1008 1272 768 ) (1008 1040 768 ) (1008 1040 800 ) (1008 1272 800 ) 
4 77 79 (896 1320 768 ) (976 1320 768 ) (976 1320 800 ) (896 1320 800 ) 
4 77 80 (40 1320 768 ) (896 1320 768 ) (896 1320 800 ) (40 1320 800 ) 
4 77 78 (976 1320 768 ) (1008 1320 768 ) (1008 1320 800 ) (976 1320 800 ) 
4 78 81 (976 1040 768 ) (1008 1040 768 ) (1008 1040 800 ) (976 1040 800 ) 
4 78 79 (976 1320 800 ) (976 1320 768 ) (976 1120 768 ) (976 1120 800 ) 
4 79 80 (896 1320 800 ) (896 1320 768 ) (896 1120 768 ) (896 1120 800 ) 
4 80 236 (0 1040 800 ) (0 1320 800 ) (0 1320 768 ) (0 1040 768 ) 
4 80 82 (0 1040 768 ) (32 1040 768 ) (32 1040 800 ) (0 1040 800 ) 
4 80 81 (720 1040 768 ) (896 1040 768 ) (896 1040 800 ) (720 1040 800 ) 
4 81 707 (736 1024 800 ) (720 1024 800 ) (720 1024 768 ) (736 1024 768 ) 
4 81 701 (1024 1024 768 ) (1024 1024 800 ) (736 1024 800 ) (736 1024 768 ) 
4 82 726 (32 1024 800 ) (0 1024 800 ) (0 1024 768 ) (32 1024 768 ) 
4 82 236 (0 1024 768 ) (0 1024 800 ) (0 1040 800 ) (0 1040 768 ) 
4 83 240 (0 1824 752 ) (0 1824 576 ) (0 1664 576 ) (0 1664 752 ) 
4 83 86 (16 1664 576 ) (32 1664 576 ) (32 1664 752 ) (16 1664 752 ) 
4 83 85 (32 1664 576 ) (112 1664 576 ) (112 1664 752 ) (32 1664 752 ) 
4 85 88 (32 1136 576 ) (112 1136 576 ) (112 1136 752 ) (32 1136 752 ) 
4 85 86 (32 1664 752 ) (32 1664 576 ) (32 1344 576 ) (32 1344 752 ) 
4 87 738 (1024 1024 592 ) (1024 1024 608 ) (848 1024 608 ) (848 1024 592 ) 
4 87 702 (1024 1024 608 ) (1024 1024 752 ) (848 1024 752 ) (848 1024 608 ) 
4 88 89 (736 1056 576 ) (816 1056 576 ) (816 1056 752 ) (736 1056 752 ) 
4 89 739 (736 1024 608 ) (736 1024 576 ) (816 1024 576 ) (816 1024 608 ) 
4 89 703 (736 1024 752 ) (736 1024 608 ) (816 1024 608 ) (816 1024 752 ) 
4 90 95 (1024 1632 544 ) (1024 1616 544 ) (912 1616 544 ) (912 1632 544 ) 
4 90 91 (1024 1616 560 ) (912 1616 560 ) (912 1616 544 ) (1024 1616 544 ) 
4 91 95 (1024 1616 544 ) (1024 1552 544 ) (912 1552 544 ) (912 1616 544 ) 
4 91 92 (1024 1552 560 ) (912 1552 560 ) (912 1552 544 ) (1024 1552 544 ) 
4 92 740 (1024 1024 544 ) (1024 1024 560 ) (912 1024 560 ) (912 1024 544 ) 
4 92 107 (1024 1376 544 ) (1024 1024 544 ) (912 1024 544 ) (912 1376 544 ) 
4 92 98 (1024 1392 544 ) (1024 1376 544 ) (912 1376 544 ) (912 1392 544 ) 
4 92 97 (1024 1552 544 ) (1024 1392 544 ) (912 1392 544 ) (912 1552 544 ) 
4 93 102 (784 1424 544 ) (400 1424 544 ) (400 1632 544 ) (784 1632 544 ) 
4 93 101 (848 1424 544 ) (784 1424 544 ) (784 1632 544 ) (848 1632 544 ) 
4 93 100 (880 1632 544 ) (880 1424 544 ) (848 1424 544 ) (848 1632 544 ) 
4 94 104 (368 1632 544 ) (368 1424 544 ) (144 1424 544 ) (144 1632 544 ) 
4 95 97 (1024 1552 432 ) (1024 1552 544 ) (912 1552 544 ) (912 1552 432 ) 
4 95 96 (912 1552 432 ) (912 1552 544 ) (912 1616 544 ) (912 1616 432 ) 
4 96 100 (880 1552 432 ) (880 1552 544 ) (880 1616 544 ) (880 1616 432 ) 
4 97 98 (1024 1392 432 ) (1024 1392 544 ) (912 1392 544 ) (912 1392 432 ) 
4 98 107 (1024 1376 432 ) (1024 1376 544 ) (912 1376 544 ) (912 1376 432 ) 
4 99 119 (1024 1376 240 ) (1024 1376 400 ) (880 1376 400 ) (880 1376 240 ) 
4 99 106 (880 1376 240 ) (880 1376 400 ) (880 1392 400 ) (880 1392 240 ) 
4 100 101 (848 1632 544 ) (848 1632 240 ) (848 1424 240 ) (848 1424 544 ) 
4 101 102 (784 1632 544 ) (784 1632 240 ) (784 1424 240 ) (784 1424 544 ) 
4 102 103 (400 1632 400 ) (400 1632 240 ) (400 1424 240 ) (400 1424 400 ) 
4 103 105 (368 1632 400 ) (368 1632 240 ) (368 1424 240 ) (368 1424 400 ) 
4 104 259 (0 1504 544 ) (0 1600 544 ) (0 1600 432 ) (0 1504 432 ) 
4 105 261 (0 1504 240 ) (0 1424 240 ) (0 1424 400 ) (0 1504 400 ) 
4 105 260 (0 1632 400 ) (0 1632 240 ) (0 1504 240 ) (0 1504 400 ) 
4 106 278 (0 1392 400 ) (0 1392 240 ) (0 1376 240 ) (0 1376 400 ) 
4 106 119 (880 1376 240 ) (880 1376 400 ) (0 1376 400 ) (0 1376 240 ) 
4 107 740 (1024 1024 432 ) (1024 1024 544 ) (912 1024 544 ) (912 1024 432 ) 
4 108 112 (832 1088 432 ) (832 1056 432 ) (768 1056 432 ) (768 1088 432 ) 
4 108 111 (752 1056 432 ) (880 1056 432 ) (880 1056 528 ) (752 1056 528 ) 
4 108 109 (752 1376 432 ) (752 1072 432 ) (752 1072 528 ) (752 1376 528 ) 
4 109 110 (704 1376 432 ) (704 1072 432 ) (704 1072 528 ) (704 1376 528 ) 
4 110 115 (128 1248 432 ) (128 1184 432 ) (128 1184 528 ) (128 1248 528 ) 
4 111 741 (752 1024 528 ) (752 1024 432 ) (880 1024 432 ) (880 1024 528 ) 
4 111 112 (768 1056 432 ) (832 1056 432 ) (832 1024 432 ) (768 1024 432 ) 
4 112 113 (768 1024 420 ) (768 1088 420 ) (832 1088 420 ) (832 1024 420 ) 
4 113 114 (768 1024 412 ) (768 1088 412 ) (832 1088 412 ) (832 1024 412 ) 
4 114 127 (784 1024 400 ) (768 1024 400 ) (768 1088 400 ) (784 1088 400 ) 
4 114 126 (832 1056 400 ) (832 1024 400 ) (784 1024 400 ) (784 1056 400 ) 
4 114 122 (832 1088 400 ) (832 1056 400 ) (784 1056 400 ) (784 1088 400 ) 
4 115 117 (112 1184 432 ) (112 1184 528 ) (112 1216 528 ) (112 1216 432 ) 
4 115 116 (112 1216 528 ) (112 1248 528 ) (112 1248 432 ) (112 1216 432 ) 
4 116 271 (0 1376 528 ) (0 1376 432 ) (0 1216 432 ) (0 1216 528 ) 
4 116 117 (112 1216 432 ) (112 1216 528 ) (0 1216 528 ) (0 1216 432 ) 
4 117 272 (0 1184 432 ) (0 1184 528 ) (0 1216 528 ) (0 1216 432 ) 
4 117 118 (112 1184 432 ) (112 1184 528 ) (0 1184 528 ) (0 1184 432 ) 
4 118 276 (0 1072 432 ) (0 1072 528 ) (0 1088 528 ) (0 1088 432 ) 
4 118 274 (0 1088 528 ) (0 1168 528 ) (0 1168 432 ) (0 1088 432 ) 
4 118 273 (0 1168 528 ) (0 1184 528 ) (0 1184 432 ) (0 1168 432 ) 
4 119 278 (0 1216 400 ) (0 1376 400 ) (0 1376 240 ) (0 1216 240 ) 
4 120 814 (1024 1024 16 ) (1024 1024 236 ) (848 1024 236 ) (848 1024 16 ) 
4 120 743 (1024 1024 236 ) (1024 1024 400 ) (848 1024 400 ) (848 1024 236 ) 
4 120 126 (848 1056 16 ) (848 1024 16 ) (848 1024 400 ) (848 1056 400 ) 
4 120 122 (848 1120 16 ) (848 1056 16 ) (848 1056 400 ) (848 1120 400 ) 
4 120 121 (848 1184 400 ) (848 1184 16 ) (848 1120 16 ) (848 1120 400 ) 
4 121 127 (784 1184 400 ) (784 1184 16 ) (784 1120 16 ) (784 1120 400 ) 
4 121 122 (784 1120 400 ) (784 1120 16 ) (848 1120 16 ) (848 1120 400 ) 
4 122 127 (784 1056 16 ) (784 1056 400 ) (784 1120 400 ) (784 1120 16 ) 
4 122 126 (784 1056 400 ) (784 1056 16 ) (848 1056 16 ) (848 1056 400 ) 
4 122 123 (848 1056 16 ) (784 1056 16 ) (784 1120 16 ) (848 1120 16 ) 
4 123 124 (848 1056 4 ) (784 1056 4 ) (784 1120 4 ) (848 1120 4 ) 
4 124 125 (848 1056 -4 ) (784 1056 -4 ) (784 1120 -4 ) (848 1120 -4 ) 
4 125 168 (784 1056 -16 ) (784 1120 -16 ) (848 1120 -16 ) (848 1056 -16 ) 
4 126 814 (784 1024 236 ) (784 1024 16 ) (848 1024 16 ) (848 1024 236 ) 
4 126 743 (848 1024 400 ) (784 1024 400 ) (784 1024 236 ) (848 1024 236 ) 
4 126 127 (784 1024 16 ) (784 1024 400 ) (784 1056 400 ) (784 1056 16 ) 
4 127 814 (624 1024 236 ) (624 1024 16 ) (784 1024 16 ) (784 1024 236 ) 
4 127 754 (736 1024 400 ) (624 1024 400 ) (624 1024 236 ) (736 1024 236 ) 
4 127 743 (784 1024 400 ) (736 1024 400 ) (736 1024 236 ) (784 1024 236 ) 
4 127 129 (624 1184 368 ) (624 1184 272 ) (624 1104 272 ) (624 1104 368 ) 
4 128 758 (592 1024 400 ) (0 1024 400 ) (0 1024 368 ) (592 1024 368 ) 
4 128 281 (0 1024 368 ) (0 1024 400 ) (0 1184 400 ) (0 1184 368 ) 
4 128 130 (0 1184 368 ) (592 1184 368 ) (592 1024 368 ) (0 1024 368 ) 
4 129 130 (592 1184 272 ) (592 1104 272 ) (592 1104 368 ) (592 1184 368 ) 
4 130 758 (0 1024 368 ) (0 1024 272 ) (592 1024 272 ) (592 1024 368 ) 
4 130 281 (0 1024 272 ) (0 1024 368 ) (0 1184 368 ) (0 1184 272 ) 
4 130 133 (0 1024 272 ) (0 1040 272 ) (208 1040 272 ) (208 1024 272 ) 
4 130 132 (208 1040 272 ) (592 1040 272 ) (592 1024 272 ) (208 1024 272 ) 
4 130 131 (0 1040 272 ) (0 1184 272 ) (592 1184 272 ) (592 1040 272 ) 
4 131 282 (0 1040 272 ) (0 1184 272 ) (0 1184 240 ) (0 1040 240 ) 
4 131 133 (208 1040 272 ) (0 1040 272 ) (0 1040 240 ) (208 1040 240 ) 
4 131 132 (592 1040 240 ) (592 1040 272 ) (208 1040 272 ) (208 1040 240 ) 
4 132 759 (592 1024 240 ) (592 1024 272 ) (208 1024 272 ) (208 1024 240 ) 
4 132 133 (208 1040 272 ) (208 1040 240 ) (208 1024 240 ) (208 1024 272 ) 
4 133 759 (0 1024 272 ) (0 1024 240 ) (208 1024 240 ) (208 1024 272 ) 
4 133 286 (0 1024 240 ) (0 1024 272 ) (0 1032 272 ) (0 1032 240 ) 
4 133 282 (0 1032 272 ) (0 1040 272 ) (0 1040 240 ) (0 1032 240 ) 
4 134 138 (768 1600 -224 ) (1024 1600 -224 ) (1024 1600 -16 ) (768 1600 -16 ) 
4 134 135 (768 2032 -16 ) (768 2032 -224 ) (768 1744 -224 ) (768 1744 -16 ) 
4 135 136 (752 2032 -16 ) (752 2032 -224 ) (752 1744 -224 ) (752 1744 -16 ) 
4 136 148 (656 1744 -224 ) (656 1680 -224 ) (656 1680 -16 ) (656 1744 -16 ) 
4 136 145 (656 2032 -16 ) (656 2032 -224 ) (656 1760 -224 ) (656 1760 -16 ) 
4 137 149 (656 1664 -224 ) (656 1600 -224 ) (656 1600 -16 ) (656 1664 -16 ) 
4 137 138 (672 1600 -224 ) (752 1600 -224 ) (752 1600 -16 ) (672 1600 -16 ) 
4 139 141 (896 1520 -16 ) (896 1520 -224 ) (896 1424 -224 ) (896 1424 -16 ) 
4 140 167 (960 1168 -224 ) (1024 1168 -224 ) (1024 1168 -16 ) (960 1168 -16 ) 
4 140 141 (896 1328 -224 ) (896 1168 -224 ) (896 1168 -16 ) (896 1328 -16 ) 
4 141 142 (752 1520 -16 ) (752 1520 -224 ) (752 1360 -224 ) (752 1360 -16 ) 
4 142 143 (736 1520 -16 ) (736 1520 -224 ) (736 1360 -224 ) (736 1360 -16 ) 
4 143 144 (672 1360 -224 ) (672 1168 -224 ) (672 1168 -16 ) (672 1360 -16 ) 
4 144 153 (656 1344 -224 ) (656 1168 -224 ) (656 1168 -16 ) (656 1344 -16 ) 
4 144 150 (656 1360 -224 ) (656 1344 -224 ) (656 1344 -16 ) (656 1360 -16 ) 
4 146 148 (384 1744 -224 ) (400 1744 -224 ) (400 1744 -16 ) (384 1744 -16 ) 
4 146 147 (384 1968 -16 ) (384 1968 -224 ) (384 1824 -224 ) (384 1824 -16 ) 
4 147 156 (368 1968 -224 ) (368 1824 -224 ) (368 1824 -16 ) (368 1968 -16 ) 
4 149 150 (512 1584 -224 ) (656 1584 -224 ) (656 1584 -16 ) (512 1584 -16 ) 
4 149 151 (384 1584 -16 ) (384 1584 -224 ) (496 1584 -224 ) (496 1584 -16 ) 
4 150 154 (512 1344 -224 ) (608 1344 -224 ) (608 1344 -16 ) (512 1344 -16 ) 
4 150 153 (608 1344 -224 ) (656 1344 -224 ) (656 1344 -16 ) (608 1344 -16 ) 
4 151 154 (384 1344 -224 ) (496 1344 -224 ) (496 1344 -16 ) (384 1344 -16 ) 
4 151 152 (384 1520 -224 ) (384 1344 -224 ) (384 1344 -16 ) (384 1520 -16 ) 
4 152 159 (368 1520 -224 ) (368 1344 -224 ) (368 1344 -16 ) (368 1520 -16 ) 
4 152 154 (368 1344 -16 ) (368 1344 -224 ) (384 1344 -224 ) (384 1344 -16 ) 
4 153 154 (608 1344 -16 ) (608 1344 -224 ) (608 1248 -224 ) (608 1248 -16 ) 
4 153 155 (608 1232 -224 ) (608 1168 -224 ) (608 1168 -16 ) (608 1232 -16 ) 
4 154 159 (368 1344 -224 ) (368 1248 -224 ) (368 1248 -16 ) (368 1344 -16 ) 
4 155 170 (368 1168 -224 ) (592 1168 -224 ) (592 1168 -16 ) (368 1168 -16 ) 
4 155 160 (368 1232 -224 ) (368 1168 -224 ) (368 1168 -16 ) (368 1232 -16 ) 
4 156 157 (320 1968 -224 ) (320 1824 -224 ) (320 1824 -16 ) (320 1968 -16 ) 
4 157 158 (208 2032 -16 ) (208 2032 -224 ) (208 1824 -224 ) (208 1824 -16 ) 
4 158 164 (16 1824 -224 ) (64 1824 -224 ) (64 1824 -16 ) (16 1824 -16 ) 
4 158 163 (64 1824 -224 ) (144 1824 -224 ) (144 1824 -16 ) (64 1824 -16 ) 
4 159 161 (208 1808 -224 ) (208 1248 -224 ) (208 1248 -16 ) (208 1808 -16 ) 
4 160 170 (208 1168 -224 ) (368 1168 -224 ) (368 1168 -16 ) (208 1168 -16 ) 
4 160 162 (208 1232 -224 ) (208 1168 -224 ) (208 1168 -16 ) (208 1232 -16 ) 
4 161 163 (144 1808 -224 ) (144 1248 -224 ) (144 1248 -16 ) (144 1808 -16 ) 
4 162 171 (144 1168 -224 ) (208 1168 -224 ) (208 1168 -16 ) (144 1168 -16 ) 
4 162 166 (144 1232 -224 ) (144 1168 -224 ) (144 1168 -16 ) (144 1232 -16 ) 
4 163 164 (64 1824 -16 ) (64 1824 -224 ) (64 1568 -224 ) (64 1568 -16 ) 
4 163 165 (64 1552 -224 ) (64 1248 -224 ) (64 1248 -16 ) (64 1552 -16 ) 
4 164 339 (0 1568 -16 ) (0 1664 -16 ) (0 1664 -224 ) (0 1568 -224 ) 
4 164 327 (0 1664 -16 ) (0 1824 -16 ) (0 1824 -224 ) (0 1664 -224 ) 
4 165 341 (0 1248 -16 ) (0 1552 -16 ) (0 1552 -224 ) (0 1248 -224 ) 
4 166 350 (0 1168 -16 ) (0 1232 -16 ) (0 1232 -224 ) (0 1168 -224 ) 
4 166 171 (0 1168 -224 ) (144 1168 -224 ) (144 1168 -16 ) (0 1168 -16 ) 
4 167 172 (960 1040 -224 ) (1024 1040 -224 ) (1024 1040 -16 ) (960 1040 -16 ) 
4 168 169 (608 1104 -224 ) (608 1040 -224 ) (608 1040 -16 ) (608 1104 -16 ) 
4 169 170 (592 1104 -224 ) (592 1040 -224 ) (592 1040 -16 ) (592 1104 -16 ) 
4 170 173 (448 1040 -224 ) (464 1040 -224 ) (464 1040 -16 ) (448 1040 -16 ) 
4 170 171 (208 1168 -16 ) (208 1168 -224 ) (208 1040 -224 ) (208 1040 -16 ) 
4 171 350 (0 1040 -16 ) (0 1168 -16 ) (0 1168 -224 ) (0 1040 -224 ) 
4 172 815 (1024 1024 -224 ) (1024 1024 -16 ) (960 1024 -16 ) (960 1024 -224 ) 
4 173 817 (464 1024 -16 ) (448 1024 -16 ) (448 1024 -224 ) (464 1024 -224 ) 
4 174 180 (-256 3064 -480 ) (-8 3064 -480 ) (-8 2816 -480 ) (-256 2816 -480 ) 
4 174 176 (-256 2816 -480 ) (-8 2816 -480 ) (-8 2816 216 ) (-256 2816 216 ) 
4 174 175 (-256 3064 216 ) (-256 3064 -480 ) (-256 2816 -480 ) (-256 2816 216 ) 
4 175 181 (-1024 3064 216 ) (-1024 3064 -480 ) (-1024 2816 -480 ) (-1024 2816 216 ) 
4 175 180 (-1024 2816 -480 ) (-1024 3064 -480 ) (-256 3064 -480 ) (-256 2816 -480 ) 
4 175 177 (-1024 2816 216 ) (-1024 2816 -480 ) (-256 2816 -480 ) (-256 2816 216 ) 
4 176 180 (-256 2816 -480 ) (-8 2816 -480 ) (-8 2304 -480 ) (-256 2304 -480 ) 
4 176 178 (-256 2304 -480 ) (-8 2304 -480 ) (-8 2304 216 ) (-256 2304 216 ) 
4 176 177 (-256 2816 216 ) (-256 2816 -480 ) (-256 2304 -480 ) (-256 2304 216 ) 
4 177 183 (-1024 2816 1016 ) (-1024 2816 -480 ) (-1024 2304 -480 ) (-1024 2304 1016 ) 
4 177 180 (-1024 2304 -480 ) (-1024 2816 -480 ) (-256 2816 -480 ) (-256 2304 -480 ) 
4 177 179 (-1024 2304 216 ) (-1024 2304 -480 ) (-256 2304 -480 ) (-256 2304 216 ) 
4 178 318 (-256 2048 120 ) (-256 2048 32 ) (-8 2048 32 ) (-8 2048 120 ) 
4 178 252 (-256 2048 216 ) (-256 2048 120 ) (-8 2048 120 ) (-8 2048 216 ) 
4 178 180 (-8 2048 -480 ) (-256 2048 -480 ) (-256 2304 -480 ) (-8 2304 -480 ) 
4 178 179 (-256 2304 216 ) (-256 2304 -480 ) (-256 2048 -480 ) (-256 2048 216 ) 
4 179 319 (-1024 2048 120 ) (-1024 2048 32 ) (-640 2048 32 ) (-640 2048 120 ) 
4 179 318 (-640 2048 32 ) (-256 2048 32 ) (-256 2048 120 ) (-640 2048 120 ) 
4 179 292 (-1024 2048 216 ) (-1024 2048 120 ) (-736 2048 120 ) (-736 2048 216 ) 
4 179 253 (-736 2048 120 ) (-640 2048 120 ) (-640 2048 216 ) (-736 2048 216 ) 
4 179 252 (-640 2048 120 ) (-256 2048 120 ) (-256 2048 216 ) (-640 2048 216 ) 
4 179 185 (-1024 2048 -480 ) (-1024 2048 216 ) (-1024 2304 216 ) (-1024 2304 -480 ) 
4 179 180 (-256 2048 -480 ) (-1024 2048 -480 ) (-1024 2304 -480 ) (-256 2304 -480 ) 
4 180 187 (-1024 2048 -1016 ) (-1024 2048 -480 ) (-1024 3064 -480 ) (-1024 3064 -1016 ) 
4 181 187 (-1024 3064 -480 ) (-1024 2816 -480 ) (-1792 2816 -480 ) (-1792 3064 -480 ) 
4 181 183 (-1792 2816 -480 ) (-1024 2816 -480 ) (-1024 2816 216 ) (-1792 2816 216 ) 
4 181 182 (-1792 3064 216 ) (-1792 3064 -480 ) (-1792 2816 -480 ) (-1792 2816 216 ) 
4 182 187 (-1792 2816 -480 ) (-2040 2816 -480 ) (-2040 3064 -480 ) (-1792 3064 -480 ) 
4 182 184 (-2040 2816 -480 ) (-1792 2816 -480 ) (-1792 2816 216 ) (-2040 2816 216 ) 
4 183 187 (-1024 2816 -480 ) (-1024 2304 -480 ) (-1792 2304 -480 ) (-1792 2816 -480 ) 
4 183 185 (-1792 2304 -480 ) (-1024 2304 -480 ) (-1024 2304 216 ) (-1792 2304 216 ) 
4 183 184 (-1792 2816 216 ) (-1792 2816 -480 ) (-1792 2304 -480 ) (-1792 2304 216 ) 
4 184 187 (-1792 2304 -480 ) (-2040 2304 -480 ) (-2040 2816 -480 ) (-1792 2816 -480 ) 
4 184 186 (-2040 2304 216 ) (-2040 2304 -480 ) (-1792 2304 -480 ) (-1792 2304 216 ) 
4 185 458 (-1024 2048 32 ) (-1024 2048 120 ) (-1144 2048 120 ) (-1144 2048 32 ) 
4 185 460 (-1144 2048 120 ) (-1792 2048 120 ) (-1792 2048 32 ) (-1144 2048 32 ) 
4 185 374 (-1504 2048 216 ) (-1792 2048 216 ) (-1792 2048 120 ) (-1504 2048 120 ) 
4 185 371 (-1024 2048 120 ) (-1024 2048 216 ) (-1504 2048 216 ) (-1504 2048 120 ) 
4 185 187 (-1024 2304 -480 ) (-1024 2048 -480 ) (-1792 2048 -480 ) (-1792 2304 -480 ) 
4 185 186 (-1792 2304 216 ) (-1792 2304 -480 ) (-1792 2048 -480 ) (-1792 2048 216 ) 
4 186 460 (-2040 2048 120 ) (-2040 2048 32 ) (-1792 2048 32 ) (-1792 2048 120 ) 
4 186 391 (-2040 2048 216 ) (-2040 2048 120 ) (-2032 2048 120 ) (-2032 2048 216 ) 
4 186 390 (-2032 2048 120 ) (-1856 2048 120 ) (-1856 2048 216 ) (-2032 2048 216 ) 
4 186 374 (-1856 2048 120 ) (-1792 2048 120 ) (-1792 2048 216 ) (-1856 2048 216 ) 
4 186 187 (-1792 2048 -480 ) (-2040 2048 -480 ) (-2040 2304 -480 ) (-1792 2304 -480 ) 
4 188 189 (-16 1488 9232 ) (-496 1488 9232 ) (-496 1616 9232 ) (-16 1616 9232 ) 
4 189 190 (-496 1616 3064 ) (-16 1616 3064 ) (-16 1488 3064 ) (-496 1488 3064 ) 
4 190 194 (-496 1488 2752 ) (-496 1616 2752 ) (-480 1616 2752 ) (-480 1488 2752 ) 
4 190 192 (-480 1616 2752 ) (-384 1616 2752 ) (-384 1488 2752 ) (-480 1488 2752 ) 
4 190 191 (-384 1616 2752 ) (-16 1616 2752 ) (-16 1488 2752 ) (-384 1488 2752 ) 
4 191 196 (-384 1488 2616 ) (-384 1616 2616 ) (-128 1616 2616 ) (-128 1488 2616 ) 
4 191 195 (-128 1616 2616 ) (-16 1616 2616 ) (-16 1488 2616 ) (-128 1488 2616 ) 
4 191 192 (-384 1616 2616 ) (-384 1488 2616 ) (-384 1488 2752 ) (-384 1616 2752 ) 
4 192 196 (-480 1488 2616 ) (-480 1616 2616 ) (-384 1616 2616 ) (-384 1488 2616 ) 
4 192 194 (-480 1616 2616 ) (-480 1488 2616 ) (-480 1488 2752 ) (-480 1616 2752 ) 
4 192 193 (-480 1488 2752 ) (-480 1488 2616 ) (-384 1488 2616 ) (-384 1488 2752 ) 
4 193 200 (-384 1464 2752 ) (-480 1464 2752 ) (-480 1464 2616 ) (-384 1464 2616 ) 
4 194 196 (-496 1488 2616 ) (-496 1616 2616 ) (-480 1616 2616 ) (-480 1488 2616 ) 
4 195 202 (-16 1616 2584 ) (-16 1488 2584 ) (-128 1488 2584 ) (-128 1616 2584 ) 
4 195 196 (-128 1616 2616 ) (-128 1616 2584 ) (-128 1488 2584 ) (-128 1488 2616 ) 
4 196 206 (-496 1488 2584 ) (-496 1616 2584 ) (-384 1616 2584 ) (-384 1488 2584 ) 
4 196 205 (-384 1616 2584 ) (-352 1616 2584 ) (-352 1488 2584 ) (-384 1488 2584 ) 
4 196 203 (-352 1616 2584 ) (-128 1616 2584 ) (-128 1488 2584 ) (-352 1488 2584 ) 
4 197 199 (-8 1360 2616 ) (-8 1360 3064 ) (-128 1360 3064 ) (-128 1360 2616 ) 
4 197 198 (-128 1464 3064 ) (-128 1464 2616 ) (-128 1360 2616 ) (-128 1360 3064 ) 
4 198 204 (-128 1360 2584 ) (-352 1360 2584 ) (-352 1464 2584 ) (-128 1464 2584 ) 
4 198 199 (-352 1360 3064 ) (-352 1360 2616 ) (-128 1360 2616 ) (-128 1360 3064 ) 
4 199 1087 (-8 1024 3064 ) (-352 1024 3064 ) (-352 1024 2616 ) (-8 1024 2616 ) 
4 200 208 (-504 1360 2584 ) (-504 1464 2584 ) (-496 1464 2584 ) (-496 1360 2584 ) 
4 200 207 (-496 1464 2584 ) (-384 1464 2584 ) (-384 1360 2584 ) (-496 1360 2584 ) 
4 200 201 (-504 1360 2784 ) (-504 1360 2584 ) (-384 1360 2584 ) (-384 1360 2784 ) 
4 201 1088 (-504 1024 2784 ) (-504 1024 2616 ) (-384 1024 2616 ) (-384 1024 2784 ) 
4 201 208 (-496 1024 2584 ) (-504 1024 2584 ) (-504 1360 2584 ) (-496 1360 2584 ) 
4 201 207 (-384 1024 2584 ) (-496 1024 2584 ) (-496 1360 2584 ) (-384 1360 2584 ) 
4 202 209 (-16 1616 2544 ) (-16 1488 2544 ) (-128 1488 2544 ) (-128 1616 2544 ) 
4 202 203 (-128 1616 2544 ) (-128 1488 2544 ) (-128 1488 2584 ) (-128 1616 2584 ) 
4 203 209 (-128 1616 2544 ) (-128 1488 2544 ) (-352 1488 2544 ) (-352 1616 2544 ) 
4 203 205 (-352 1616 2544 ) (-352 1488 2544 ) (-352 1488 2584 ) (-352 1616 2584 ) 
4 204 214 (-128 1456 2544 ) (-128 1360 2544 ) (-352 1360 2544 ) (-352 1456 2544 ) 
4 204 211 (-128 1464 2544 ) (-128 1456 2544 ) (-352 1456 2544 ) (-352 1464 2544 ) 
4 205 209 (-352 1616 2544 ) (-352 1488 2544 ) (-384 1488 2544 ) (-384 1616 2544 ) 
4 205 206 (-384 1616 2544 ) (-384 1488 2544 ) (-384 1488 2584 ) (-384 1616 2584 ) 
4 206 209 (-384 1616 2544 ) (-384 1488 2544 ) (-496 1488 2544 ) (-496 1616 2544 ) 
4 207 226 (-384 1040 2544 ) (-384 1024 2544 ) (-496 1024 2544 ) (-496 1040 2544 ) 
4 207 221 (-384 1248 2544 ) (-384 1040 2544 ) (-496 1040 2544 ) (-496 1248 2544 ) 
4 207 218 (-384 1456 2544 ) (-384 1248 2544 ) (-496 1248 2544 ) (-496 1456 2544 ) 
4 207 212 (-384 1464 2544 ) (-384 1456 2544 ) (-496 1456 2544 ) (-496 1464 2544 ) 
4 207 208 (-496 1464 2544 ) (-496 1024 2544 ) (-496 1024 2584 ) (-496 1464 2584 ) 
4 208 226 (-496 1040 2544 ) (-496 1024 2544 ) (-504 1024 2544 ) (-504 1040 2544 ) 
4 208 221 (-496 1248 2544 ) (-496 1040 2544 ) (-504 1040 2544 ) (-504 1248 2544 ) 
4 208 218 (-496 1456 2544 ) (-496 1248 2544 ) (-504 1248 2544 ) (-504 1456 2544 ) 
4 208 212 (-496 1464 2544 ) (-496 1456 2544 ) (-504 1456 2544 ) (-504 1464 2544 ) 
4 209 227 (-16 1616 836 ) (-16 1488 836 ) (-496 1488 836 ) (-496 1616 836 ) 
4 210 384 (-1024 1640 836 ) (-1024 1472 836 ) (-1024 1472 1008 ) (-1024 1640 1008 ) 
4 210 381 (-1024 1648 836 ) (-1024 1640 836 ) (-1024 1640 1008 ) (-1024 1648 1008 ) 
4 210 378 (-1024 1656 836 ) (-1024 1648 836 ) (-1024 1648 1008 ) (-1024 1656 1008 ) 
4 210 375 (-1024 1712 836 ) (-1024 1656 836 ) (-1024 1656 1008 ) (-1024 1712 1008 ) 
4 210 228 (-1024 1472 836 ) (-1024 1712 836 ) (-752 1712 836 ) (-752 1472 836 ) 
4 211 214 (-128 1456 2496 ) (-128 1456 2544 ) (-352 1456 2544 ) (-352 1456 2496 ) 
4 212 218 (-384 1456 2056 ) (-384 1456 2544 ) (-504 1456 2544 ) (-504 1456 2056 ) 
4 213 230 (0 1440 836 ) (0 1248 836 ) (-128 1248 836 ) (-128 1440 836 ) 
4 213 229 (-128 1456 836 ) (0 1456 836 ) (0 1440 836 ) (-128 1440 836 ) 
4 213 220 (-128 1248 836 ) (0 1248 836 ) (0 1248 1008 ) (-128 1248 1008 ) 
4 213 216 (-128 1360 836 ) (-128 1248 836 ) (-128 1248 1008 ) (-128 1360 1008 ) 
4 213 215 (-128 1456 1008 ) (-128 1456 836 ) (-128 1360 836 ) (-128 1360 1008 ) 
4 215 230 (-128 1440 836 ) (-128 1360 836 ) (-352 1360 836 ) (-352 1440 836 ) 
4 215 229 (-352 1456 836 ) (-128 1456 836 ) (-128 1440 836 ) (-352 1440 836 ) 
4 215 217 (-352 1456 1008 ) (-352 1456 836 ) (-352 1360 836 ) (-352 1360 1008 ) 
4 215 216 (-352 1360 1008 ) (-352 1360 836 ) (-128 1360 836 ) (-128 1360 1008 ) 
4 216 230 (-128 1360 836 ) (-128 1248 836 ) (-352 1248 836 ) (-352 1360 836 ) 
4 216 220 (-352 1248 836 ) (-128 1248 836 ) (-128 1248 1008 ) (-352 1248 1008 ) 
4 216 217 (-352 1360 836 ) (-352 1248 836 ) (-352 1248 1008 ) (-352 1360 1008 ) 
4 217 230 (-352 1440 836 ) (-352 1248 836 ) (-368 1248 836 ) (-368 1440 836 ) 
4 217 229 (-368 1456 836 ) (-352 1456 836 ) (-352 1440 836 ) (-368 1440 836 ) 
4 217 220 (-368 1248 836 ) (-352 1248 836 ) (-352 1248 1008 ) (-368 1248 1008 ) 
4 218 221 (-384 1248 2056 ) (-384 1248 2544 ) (-504 1248 2544 ) (-504 1248 2056 ) 
4 219 417 (-1024 1264 836 ) (-1024 1248 836 ) (-1024 1248 1008 ) (-1024 1264 1008 ) 
4 219 395 (-1024 1440 836 ) (-1024 1264 836 ) (-1024 1264 1008 ) (-1024 1440 1008 ) 
4 219 231 (-1024 1248 836 ) (-1024 1440 836 ) (-752 1440 836 ) (-752 1248 836 ) 
4 219 222 (-1024 1248 836 ) (-752 1248 836 ) (-752 1248 1008 ) (-1024 1248 1008 ) 
4 220 230 (-368 1248 836 ) (0 1248 836 ) (0 1040 836 ) (-368 1040 836 ) 
4 220 225 (-368 1040 836 ) (-352 1040 836 ) (-352 1040 1008 ) (-368 1040 1008 ) 
4 220 224 (-352 1040 836 ) (-8 1040 836 ) (-8 1040 1008 ) (-352 1040 1008 ) 
4 220 223 (-8 1040 836 ) (0 1040 836 ) (0 1040 1008 ) (-8 1040 1008 ) 
4 221 226 (-384 1040 2056 ) (-384 1040 2544 ) (-504 1040 2544 ) (-504 1040 2056 ) 
4 222 428 (-1024 1248 836 ) (-1024 1040 836 ) (-1024 1040 1544 ) (-1024 1248 1544 ) 
4 222 231 (-1024 1040 836 ) (-1024 1248 836 ) (-752 1248 836 ) (-752 1040 836 ) 
4 223 1097 (0 1024 836 ) (0 1024 1008 ) (-8 1024 1008 ) (-8 1024 836 ) 
4 223 230 (0 1024 836 ) (-8 1024 836 ) (-8 1040 836 ) (0 1040 836 ) 
4 223 224 (-8 1040 1008 ) (-8 1040 836 ) (-8 1024 836 ) (-8 1024 1008 ) 
4 224 1097 (-352 1024 1008 ) (-352 1024 836 ) (-8 1024 836 ) (-8 1024 1008 ) 
4 224 230 (-8 1024 836 ) (-352 1024 836 ) (-352 1040 836 ) (-8 1040 836 ) 
4 224 225 (-352 1040 1008 ) (-352 1040 836 ) (-352 1024 836 ) (-352 1024 1008 ) 
4 225 1097 (-368 1024 1008 ) (-368 1024 836 ) (-352 1024 836 ) (-352 1024 1008 ) 
4 225 230 (-352 1024 836 ) (-368 1024 836 ) (-368 1040 836 ) (-352 1040 836 ) 
4 227 233 (-16 1616 800 ) (-16 1488 800 ) (-496 1488 800 ) (-496 1616 800 ) 
4 228 384 (-1024 1640 800 ) (-1024 1472 800 ) (-1024 1472 836 ) (-1024 1640 836 ) 
4 228 381 (-1024 1648 800 ) (-1024 1640 800 ) (-1024 1640 836 ) (-1024 1648 836 ) 
4 228 378 (-1024 1656 800 ) (-1024 1648 800 ) (-1024 1648 836 ) (-1024 1656 836 ) 
4 228 375 (-1024 1712 800 ) (-1024 1656 800 ) (-1024 1656 836 ) (-1024 1712 836 ) 
4 228 234 (-1024 1472 800 ) (-1024 1712 800 ) (-752 1712 800 ) (-752 1472 800 ) 
4 229 230 (-368 1440 816 ) (0 1440 816 ) (0 1440 836 ) (-368 1440 836 ) 
4 230 1097 (0 1024 816 ) (0 1024 836 ) (-368 1024 836 ) (-368 1024 816 ) 
4 231 428 (-1024 1040 836 ) (-1024 1248 836 ) (-1024 1248 816 ) (-1024 1040 816 ) 
4 231 417 (-1024 1248 836 ) (-1024 1264 836 ) (-1024 1264 816 ) (-1024 1248 816 ) 
4 231 395 (-1024 1264 836 ) (-1024 1440 836 ) (-1024 1440 816 ) (-1024 1264 816 ) 
4 231 232 (-1024 1040 816 ) (-1024 1440 816 ) (-752 1440 816 ) (-752 1040 816 ) 
4 232 428 (-1024 1248 800 ) (-1024 1040 800 ) (-1024 1040 816 ) (-1024 1248 816 ) 
4 232 417 (-1024 1264 800 ) (-1024 1248 800 ) (-1024 1248 816 ) (-1024 1264 816 ) 
4 232 395 (-1024 1440 800 ) (-1024 1264 800 ) (-1024 1264 816 ) (-1024 1440 816 ) 
4 232 239 (-1024 1040 800 ) (-1024 1440 800 ) (-752 1440 800 ) (-752 1040 800 ) 
4 233 242 (-16 1616 768 ) (-16 1488 768 ) (-496 1488 768 ) (-496 1616 768 ) 
4 234 384 (-1024 1640 768 ) (-1024 1472 768 ) (-1024 1472 800 ) (-1024 1640 800 ) 
4 234 381 (-1024 1648 768 ) (-1024 1640 768 ) (-1024 1640 800 ) (-1024 1648 800 ) 
4 234 378 (-1024 1656 768 ) (-1024 1648 768 ) (-1024 1648 800 ) (-1024 1656 800 ) 
4 234 375 (-1024 1712 768 ) (-1024 1656 768 ) (-1024 1656 800 ) (-1024 1712 800 ) 
4 234 246 (-752 1712 768 ) (-752 1472 768 ) (-1024 1472 768 ) (-1024 1712 768 ) 
4 235 237 (-288 1440 768 ) (-56 1440 768 ) (-56 1440 800 ) (-288 1440 800 ) 
4 236 1101 (0 1024 768 ) (0 1024 800 ) (-56 1024 800 ) (-56 1024 768 ) 
4 236 238 (-56 1040 768 ) (-56 1024 768 ) (-56 1024 800 ) (-56 1040 800 ) 
4 236 237 (-56 1320 768 ) (-56 1040 768 ) (-56 1040 800 ) (-56 1320 800 ) 
4 237 238 (-288 1040 768 ) (-56 1040 768 ) (-56 1040 800 ) (-288 1040 800 ) 
4 238 1101 (-56 1024 800 ) (-288 1024 800 ) (-288 1024 768 ) (-56 1024 768 ) 
4 239 428 (-1024 1040 800 ) (-1024 1248 800 ) (-1024 1248 784 ) (-1024 1040 784 ) 
4 239 417 (-1024 1248 800 ) (-1024 1264 800 ) (-1024 1264 784 ) (-1024 1248 784 ) 
4 239 395 (-1024 1264 800 ) (-1024 1440 800 ) (-1024 1440 784 ) (-1024 1264 784 ) 
4 241 244 (-544 1664 576 ) (-544 1664 672 ) (-544 1824 672 ) (-544 1824 576 ) 
4 242 264 (-496 1488 544 ) (-496 1616 544 ) (-16 1616 544 ) (-16 1488 544 ) 
4 243 248 (-64 1312 576 ) (-64 1312 736 ) (-352 1312 736 ) (-352 1312 576 ) 
4 243 245 (-544 1312 576 ) (-544 1312 736 ) (-544 1440 736 ) (-544 1440 576 ) 
4 244 245 (-704 1440 672 ) (-704 1440 576 ) (-544 1440 576 ) (-544 1440 672 ) 
4 246 384 (-1024 1640 544 ) (-1024 1472 544 ) (-1024 1472 768 ) (-1024 1640 768 ) 
4 246 381 (-1024 1648 544 ) (-1024 1640 544 ) (-1024 1640 768 ) (-1024 1648 768 ) 
4 246 378 (-1024 1656 544 ) (-1024 1648 544 ) (-1024 1648 768 ) (-1024 1656 768 ) 
4 246 375 (-1024 1712 544 ) (-1024 1656 544 ) (-1024 1656 768 ) (-1024 1712 768 ) 
4 246 308 (-1024 1472 544 ) (-1024 1632 544 ) (-1008 1632 544 ) (-1008 1472 544 ) 
4 246 295 (-1008 1632 544 ) (-752 1632 544 ) (-752 1472 544 ) (-1008 1472 544 ) 
4 246 291 (-1024 1632 544 ) (-1024 1640 544 ) (-752 1640 544 ) (-752 1632 544 ) 
4 246 290 (-1024 1640 544 ) (-1024 1656 544 ) (-752 1656 544 ) (-752 1640 544 ) 
4 246 289 (-1024 1656 544 ) (-1024 1712 544 ) (-752 1712 544 ) (-752 1656 544 ) 
4 247 396 (-1024 1440 544 ) (-1024 1312 544 ) (-1024 1312 752 ) (-1024 1440 752 ) 
4 247 311 (-1024 1312 544 ) (-1024 1440 544 ) (-1008 1440 544 ) (-1008 1312 544 ) 
4 247 300 (-736 1424 544 ) (-736 1312 544 ) (-1008 1312 544 ) (-1008 1424 544 ) 
4 247 296 (-1008 1440 544 ) (-736 1440 544 ) (-736 1424 544 ) (-1008 1424 544 ) 
4 247 249 (-1024 1312 544 ) (-736 1312 544 ) (-736 1312 752 ) (-1024 1312 752 ) 
4 248 1153 (0 1024 576 ) (0 1024 608 ) (-352 1024 608 ) (-352 1024 576 ) 
4 248 1138 (0 1024 608 ) (0 1024 648 ) (-352 1024 648 ) (-352 1024 608 ) 
4 248 1109 (0 1024 648 ) (0 1024 736 ) (-352 1024 736 ) (-352 1024 648 ) 
4 249 396 (-1024 1312 544 ) (-1024 1296 544 ) (-1024 1296 752 ) (-1024 1312 752 ) 
4 249 311 (-1024 1296 544 ) (-1024 1312 544 ) (-1008 1312 544 ) (-1008 1296 544 ) 
4 249 300 (-1008 1312 544 ) (-736 1312 544 ) (-736 1296 544 ) (-1008 1296 544 ) 
4 250 434 (-1024 1040 560 ) (-1024 1040 752 ) (-1024 1184 752 ) (-1024 1184 560 ) 
4 250 429 (-1024 1184 752 ) (-1024 1248 752 ) (-1024 1248 560 ) (-1024 1184 560 ) 
4 250 418 (-1024 1248 752 ) (-1024 1264 752 ) (-1024 1264 560 ) (-1024 1248 560 ) 
4 250 251 (-432 1040 608 ) (-1024 1040 608 ) (-1024 1040 560 ) (-432 1040 560 ) 
4 251 1172 (-1024 1024 608 ) (-1024 1024 560 ) (-1008 1024 560 ) (-1008 1024 608 ) 
4 251 1169 (-1008 1024 560 ) (-464 1024 560 ) (-464 1024 608 ) (-1008 1024 608 ) 
4 251 1166 (-464 1024 560 ) (-432 1024 560 ) (-432 1024 608 ) (-464 1024 608 ) 
4 252 318 (-640 2048 120 ) (-8 2048 120 ) (-8 1656 120 ) (-640 1656 120 ) 
4 252 256 (-640 1968 120 ) (-640 1888 120 ) (-640 1888 160 ) (-640 1968 160 ) 
4 252 253 (-640 2048 120 ) (-640 2016 120 ) (-640 2016 216 ) (-640 2048 216 ) 
4 253 319 (-736 2048 120 ) (-640 2048 120 ) (-640 2016 120 ) (-736 2016 120 ) 
4 253 292 (-736 2048 120 ) (-736 2016 120 ) (-736 2016 216 ) (-736 2048 216 ) 
4 254 320 (-648 1968 120 ) (-736 1968 120 ) (-736 2008 120 ) (-648 2008 120 ) 
4 254 293 (-736 2008 120 ) (-736 1968 120 ) (-736 1968 216 ) (-736 2008 216 ) 
4 254 257 (-736 1968 160 ) (-736 1968 120 ) (-648 1968 120 ) (-648 1968 160 ) 
4 254 255 (-648 1968 216 ) (-736 1968 216 ) (-736 1968 160 ) (-648 1968 160 ) 
4 255 293 (-736 1888 160 ) (-736 1888 216 ) (-736 1968 216 ) (-736 1968 160 ) 
4 255 258 (-648 1888 216 ) (-736 1888 216 ) (-736 1888 160 ) (-648 1888 160 ) 
4 255 257 (-648 1888 160 ) (-736 1888 160 ) (-736 1968 160 ) (-648 1968 160 ) 
4 256 321 (-640 1968 120 ) (-640 1888 120 ) (-648 1888 120 ) (-648 1968 120 ) 
4 256 257 (-648 1888 120 ) (-648 1888 160 ) (-648 1968 160 ) (-648 1968 120 ) 
4 257 322 (-648 1888 120 ) (-736 1888 120 ) (-736 1968 120 ) (-648 1968 120 ) 
4 257 293 (-736 1968 120 ) (-736 1888 120 ) (-736 1888 160 ) (-736 1968 160 ) 
4 257 258 (-648 1888 160 ) (-736 1888 160 ) (-736 1888 120 ) (-648 1888 120 ) 
4 258 323 (-648 1656 120 ) (-736 1656 120 ) (-736 1888 120 ) (-648 1888 120 ) 
4 258 293 (-736 1888 120 ) (-736 1656 120 ) (-736 1656 216 ) (-736 1888 216 ) 
4 259 264 (-16 1504 432 ) (-16 1504 544 ) (-16 1600 544 ) (-16 1600 432 ) 
4 260 265 (-16 1504 240 ) (-16 1504 400 ) (-16 1616 400 ) (-16 1616 240 ) 
4 260 263 (-16 1616 400 ) (-16 1632 400 ) (-16 1632 240 ) (-16 1616 240 ) 
4 260 261 (-16 1504 400 ) (-16 1504 240 ) (0 1504 240 ) (0 1504 400 ) 
4 261 266 (-16 1424 240 ) (-16 1424 400 ) (-16 1488 400 ) (-16 1488 240 ) 
4 261 265 (-16 1488 400 ) (-16 1504 400 ) (-16 1504 240 ) (-16 1488 240 ) 
4 262 324 (-736 1632 120 ) (-736 1640 120 ) (-392 1640 120 ) (-392 1632 120 ) 
4 262 294 (-736 1640 120 ) (-736 1632 120 ) (-736 1632 216 ) (-736 1640 216 ) 
4 262 269 (-736 1632 216 ) (-736 1632 120 ) (-496 1632 120 ) (-496 1632 216 ) 
4 262 267 (-496 1632 120 ) (-392 1632 120 ) (-392 1632 216 ) (-496 1632 216 ) 
4 263 268 (-496 1632 400 ) (-496 1632 240 ) (-496 1616 240 ) (-496 1616 400 ) 
4 263 265 (-496 1616 400 ) (-496 1616 240 ) (-16 1616 240 ) (-16 1616 400 ) 
4 265 268 (-496 1616 240 ) (-496 1488 240 ) (-496 1488 400 ) (-496 1616 400 ) 
4 265 266 (-496 1488 400 ) (-496 1488 240 ) (-16 1488 240 ) (-16 1488 400 ) 
4 266 268 (-496 1488 240 ) (-496 1424 240 ) (-496 1424 400 ) (-496 1488 400 ) 
4 267 324 (-496 1632 120 ) (-392 1632 120 ) (-392 1424 120 ) (-496 1424 120 ) 
4 267 270 (-496 1424 120 ) (-392 1424 120 ) (-392 1424 216 ) (-496 1424 216 ) 
4 267 269 (-496 1632 216 ) (-496 1632 120 ) (-496 1424 120 ) (-496 1424 216 ) 
4 268 297 (-736 1424 240 ) (-736 1424 400 ) (-736 1632 400 ) (-736 1632 240 ) 
4 269 324 (-736 1424 120 ) (-736 1632 120 ) (-496 1632 120 ) (-496 1424 120 ) 
4 269 299 (-736 1632 120 ) (-736 1424 120 ) (-736 1424 216 ) (-736 1632 216 ) 
4 269 270 (-736 1424 216 ) (-736 1424 120 ) (-496 1424 120 ) (-496 1424 216 ) 
4 270 324 (-392 1392 120 ) (-736 1392 120 ) (-736 1424 120 ) (-392 1424 120 ) 
4 270 303 (-736 1424 120 ) (-736 1392 120 ) (-736 1392 216 ) (-736 1424 216 ) 
4 270 288 (-736 1392 216 ) (-736 1392 120 ) (-560 1392 120 ) (-560 1392 216 ) 
4 270 279 (-560 1392 120 ) (-392 1392 120 ) (-392 1392 216 ) (-560 1392 216 ) 
4 271 272 (0 1216 528 ) (-368 1216 528 ) (-368 1216 432 ) (0 1216 432 ) 
4 272 273 (0 1184 528 ) (-368 1184 528 ) (-368 1184 432 ) (0 1184 432 ) 
4 273 274 (0 1168 432 ) (0 1168 528 ) (-368 1168 528 ) (-368 1168 432 ) 
4 274 276 (0 1088 432 ) (0 1088 528 ) (-368 1088 528 ) (-368 1088 432 ) 
4 274 275 (-368 1168 528 ) (-368 1168 432 ) (-368 1088 432 ) (-368 1088 528 ) 
4 275 277 (-400 1088 432 ) (-400 1088 528 ) (-400 1168 528 ) (-400 1168 432 ) 
4 277 1170 (-736 1024 528 ) (-736 1024 432 ) (-464 1024 432 ) (-464 1024 528 ) 
4 277 1167 (-464 1024 432 ) (-432 1024 432 ) (-432 1024 528 ) (-464 1024 528 ) 
4 277 1165 (-432 1024 432 ) (-400 1024 432 ) (-400 1024 528 ) (-432 1024 528 ) 
4 277 301 (-736 1024 432 ) (-736 1024 528 ) (-736 1184 528 ) (-736 1184 432 ) 
4 278 287 (-560 1216 400 ) (-560 1392 400 ) (-560 1392 240 ) (-560 1216 240 ) 
4 279 324 (-392 1216 120 ) (-560 1216 120 ) (-560 1392 120 ) (-392 1392 120 ) 
4 279 288 (-560 1392 216 ) (-560 1392 120 ) (-560 1216 120 ) (-560 1216 216 ) 
4 279 280 (-560 1216 216 ) (-560 1216 120 ) (-392 1216 120 ) (-392 1216 216 ) 
4 280 324 (-392 1184 120 ) (-560 1184 120 ) (-560 1216 120 ) (-392 1216 120 ) 
4 280 288 (-560 1216 216 ) (-560 1216 120 ) (-560 1184 120 ) (-560 1184 216 ) 
4 280 285 (-560 1184 216 ) (-560 1184 120 ) (-528 1184 120 ) (-528 1184 216 ) 
4 280 284 (-528 1184 120 ) (-392 1184 120 ) (-392 1184 216 ) (-528 1184 216 ) 
4 281 1188 (-384 1024 400 ) (-528 1024 400 ) (-528 1024 272 ) (-384 1024 272 ) 
4 281 1186 (-352 1024 400 ) (-384 1024 400 ) (-384 1024 272 ) (-352 1024 272 ) 
4 281 1182 (0 1024 272 ) (0 1024 400 ) (-352 1024 400 ) (-352 1024 272 ) 
4 281 286 (0 1024 272 ) (-528 1024 272 ) (-528 1032 272 ) (0 1032 272 ) 
4 281 283 (-528 1032 272 ) (-528 1184 272 ) (-392 1184 272 ) (-392 1032 272 ) 
4 281 282 (-392 1184 272 ) (0 1184 272 ) (0 1032 272 ) (-392 1032 272 ) 
4 282 286 (0 1032 272 ) (-392 1032 272 ) (-392 1032 240 ) (0 1032 240 ) 
4 282 283 (-392 1032 240 ) (-392 1032 272 ) (-392 1184 272 ) (-392 1184 240 ) 
4 283 286 (-392 1032 272 ) (-528 1032 272 ) (-528 1032 240 ) (-392 1032 240 ) 
4 284 325 (-392 1032 120 ) (-528 1032 120 ) (-528 1040 120 ) (-392 1040 120 ) 
4 284 324 (-528 1040 120 ) (-528 1184 120 ) (-392 1184 120 ) (-392 1040 120 ) 
4 284 285 (-528 1032 120 ) (-528 1032 216 ) (-528 1184 216 ) (-528 1184 120 ) 
4 285 325 (-528 1032 120 ) (-560 1032 120 ) (-560 1040 120 ) (-528 1040 120 ) 
4 285 324 (-560 1040 120 ) (-560 1184 120 ) (-528 1184 120 ) (-528 1040 120 ) 
4 285 288 (-560 1184 216 ) (-560 1184 120 ) (-560 1032 120 ) (-560 1032 216 ) 
4 286 1189 (-384 1024 272 ) (-528 1024 272 ) (-528 1024 240 ) (-384 1024 240 ) 
4 286 1187 (-352 1024 272 ) (-384 1024 272 ) (-384 1024 240 ) (-352 1024 240 ) 
4 286 1183 (0 1024 240 ) (0 1024 272 ) (-352 1024 272 ) (-352 1024 240 ) 
4 287 1191 (-560 1024 400 ) (-736 1024 400 ) (-736 1024 240 ) (-560 1024 240 ) 
4 288 325 (-736 1032 120 ) (-736 1040 120 ) (-560 1040 120 ) (-560 1032 120 ) 
4 288 324 (-736 1040 120 ) (-736 1392 120 ) (-560 1392 120 ) (-560 1040 120 ) 
4 288 303 (-736 1392 120 ) (-736 1032 120 ) (-736 1032 216 ) (-736 1392 216 ) 
4 289 375 (-1024 1656 432 ) (-1024 1656 544 ) (-1024 1712 544 ) (-1024 1712 432 ) 
4 289 290 (-752 1656 432 ) (-752 1656 544 ) (-1024 1656 544 ) (-1024 1656 432 ) 
4 290 381 (-1024 1640 432 ) (-1024 1640 544 ) (-1024 1648 544 ) (-1024 1648 432 ) 
4 290 378 (-1024 1648 544 ) (-1024 1656 544 ) (-1024 1656 432 ) (-1024 1648 432 ) 
4 290 291 (-752 1640 432 ) (-752 1640 544 ) (-1024 1640 544 ) (-1024 1640 432 ) 
4 291 384 (-1024 1632 432 ) (-1024 1632 544 ) (-1024 1640 544 ) (-1024 1640 432 ) 
4 291 308 (-1008 1632 544 ) (-1024 1632 544 ) (-1024 1632 432 ) (-1008 1632 432 ) 
4 291 295 (-752 1632 544 ) (-1008 1632 544 ) (-1008 1632 432 ) (-752 1632 432 ) 
4 292 371 (-1024 2048 216 ) (-1024 2048 120 ) (-1024 2016 120 ) (-1024 2016 216 ) 
4 292 319 (-1024 2048 120 ) (-736 2048 120 ) (-736 2016 120 ) (-1024 2016 120 ) 
4 293 376 (-1024 1712 120 ) (-1024 1656 120 ) (-1024 1656 216 ) (-1024 1712 216 ) 
4 293 372 (-1024 2008 120 ) (-1024 1712 120 ) (-1024 1712 216 ) (-1024 2008 216 ) 
4 293 323 (-736 1888 120 ) (-736 1656 120 ) (-1024 1656 120 ) (-1024 1888 120 ) 
4 293 322 (-736 1968 120 ) (-736 1888 120 ) (-1024 1888 120 ) (-1024 1968 120 ) 
4 293 320 (-736 2008 120 ) (-736 1968 120 ) (-1024 1968 120 ) (-1024 2008 120 ) 
4 294 385 (-1024 1640 120 ) (-1024 1632 120 ) (-1024 1632 216 ) (-1024 1640 216 ) 
4 294 324 (-736 1640 120 ) (-736 1632 120 ) (-1024 1632 120 ) (-1024 1640 120 ) 
4 294 309 (-1024 1632 120 ) (-1008 1632 120 ) (-1008 1632 216 ) (-1024 1632 216 ) 
4 294 299 (-1008 1632 120 ) (-736 1632 120 ) (-736 1632 216 ) (-1008 1632 216 ) 
4 295 308 (-1008 1632 544 ) (-1008 1632 432 ) (-1008 1472 432 ) (-1008 1472 544 ) 
4 296 311 (-1008 1424 432 ) (-1008 1424 544 ) (-1008 1440 544 ) (-1008 1440 432 ) 
4 296 300 (-1008 1424 544 ) (-1008 1424 432 ) (-736 1424 432 ) (-736 1424 544 ) 
4 297 298 (-768 1632 240 ) (-768 1424 240 ) (-768 1424 400 ) (-768 1632 400 ) 
4 298 304 (-1008 1424 400 ) (-1008 1424 240 ) (-768 1424 240 ) (-768 1424 400 ) 
4 299 324 (-736 1632 120 ) (-736 1424 120 ) (-1008 1424 120 ) (-1008 1632 120 ) 
4 299 312 (-1008 1440 120 ) (-1008 1424 120 ) (-1008 1424 216 ) (-1008 1440 216 ) 
4 299 310 (-1008 1472 120 ) (-1008 1440 120 ) (-1008 1440 216 ) (-1008 1472 216 ) 
4 299 309 (-1008 1632 216 ) (-1008 1632 120 ) (-1008 1472 120 ) (-1008 1472 216 ) 
4 299 305 (-1008 1424 216 ) (-1008 1424 120 ) (-768 1424 120 ) (-768 1424 216 ) 
4 299 303 (-768 1424 120 ) (-736 1424 120 ) (-736 1424 216 ) (-768 1424 216 ) 
4 300 311 (-1008 1296 544 ) (-1008 1424 544 ) (-1008 1424 432 ) (-1008 1296 432 ) 
4 301 1171 (-736 1024 432 ) (-736 1024 528 ) (-768 1024 528 ) (-768 1024 432 ) 
4 301 302 (-768 1024 528 ) (-768 1184 528 ) (-768 1184 432 ) (-768 1024 432 ) 
4 302 1171 (-1008 1024 528 ) (-1008 1024 432 ) (-768 1024 432 ) (-768 1024 528 ) 
4 302 314 (-1008 1088 528 ) (-1008 1152 528 ) (-1008 1152 432 ) (-1008 1088 432 ) 
4 303 325 (-736 1040 120 ) (-736 1032 120 ) (-768 1032 120 ) (-768 1040 120 ) 
4 303 324 (-736 1424 120 ) (-736 1040 120 ) (-768 1040 120 ) (-768 1424 120 ) 
4 303 305 (-768 1424 216 ) (-768 1424 120 ) (-768 1032 120 ) (-768 1032 216 ) 
4 304 306 (-768 1032 240 ) (-768 1032 400 ) (-1008 1032 400 ) (-1008 1032 240 ) 
4 305 325 (-1008 1032 120 ) (-1008 1040 120 ) (-768 1040 120 ) (-768 1032 120 ) 
4 305 324 (-1008 1040 120 ) (-1008 1424 120 ) (-768 1424 120 ) (-768 1040 120 ) 
4 305 316 (-1008 1088 120 ) (-1008 1032 120 ) (-1008 1032 216 ) (-1008 1088 216 ) 
4 305 315 (-1008 1152 120 ) (-1008 1088 120 ) (-1008 1088 216 ) (-1008 1152 216 ) 
4 305 313 (-1008 1296 120 ) (-1008 1152 120 ) (-1008 1152 216 ) (-1008 1296 216 ) 
4 305 312 (-1008 1424 120 ) (-1008 1296 120 ) (-1008 1296 216 ) (-1008 1424 216 ) 
4 305 307 (-944 1032 216 ) (-1008 1032 216 ) (-1008 1032 128 ) (-944 1032 128 ) 
4 306 1193 (-1008 1024 400 ) (-1008 1024 240 ) (-768 1024 240 ) (-768 1024 400 ) 
4 307 1199 (-1008 1024 216 ) (-1008 1024 128 ) (-944 1024 128 ) (-944 1024 216 ) 
4 307 317 (-1008 1024 128 ) (-1008 1024 216 ) (-1008 1032 216 ) (-1008 1032 128 ) 
4 308 384 (-1024 1472 432 ) (-1024 1472 544 ) (-1024 1632 544 ) (-1024 1632 432 ) 
4 309 385 (-1024 1632 120 ) (-1024 1472 120 ) (-1024 1472 216 ) (-1024 1632 216 ) 
4 309 324 (-1024 1472 120 ) (-1024 1632 120 ) (-1008 1632 120 ) (-1008 1472 120 ) 
4 309 310 (-1024 1472 120 ) (-1008 1472 120 ) (-1008 1472 216 ) (-1024 1472 216 ) 
4 310 386 (-1024 1472 120 ) (-1024 1440 120 ) (-1024 1440 216 ) (-1024 1472 216 ) 
4 310 324 (-1024 1440 120 ) (-1024 1472 120 ) (-1008 1472 120 ) (-1008 1440 120 ) 
4 310 312 (-1024 1440 120 ) (-1008 1440 120 ) (-1008 1440 216 ) (-1024 1440 216 ) 
4 311 396 (-1024 1296 544 ) (-1024 1440 544 ) (-1024 1440 432 ) (-1024 1296 432 ) 
4 312 401 (-1024 1440 120 ) (-1024 1296 120 ) (-1024 1296 216 ) (-1024 1440 216 ) 
4 312 324 (-1024 1296 120 ) (-1024 1440 120 ) (-1008 1440 120 ) (-1008 1296 120 ) 
4 312 313 (-1024 1296 120 ) (-1008 1296 120 ) (-1008 1296 216 ) (-1024 1296 216 ) 
4 313 436 (-1024 1184 120 ) (-1024 1152 120 ) (-1024 1152 216 ) (-1024 1184 216 ) 
4 313 430 (-1024 1248 120 ) (-1024 1184 120 ) (-1024 1184 216 ) (-1024 1248 216 ) 
4 313 419 (-1024 1264 120 ) (-1024 1248 120 ) (-1024 1248 216 ) (-1024 1264 216 ) 
4 313 402 (-1024 1296 120 ) (-1024 1264 120 ) (-1024 1264 216 ) (-1024 1296 216 ) 
4 313 324 (-1024 1152 120 ) (-1024 1296 120 ) (-1008 1296 120 ) (-1008 1152 120 ) 
4 313 315 (-1024 1152 120 ) (-1008 1152 120 ) (-1008 1152 216 ) (-1024 1152 216 ) 
4 314 435 (-1024 1088 432 ) (-1024 1088 528 ) (-1024 1152 528 ) (-1024 1152 432 ) 
4 315 436 (-1024 1152 120 ) (-1024 1088 120 ) (-1024 1088 216 ) (-1024 1152 216 ) 
4 315 324 (-1024 1088 120 ) (-1024 1152 120 ) (-1008 1152 120 ) (-1008 1088 120 ) 
4 315 316 (-1024 1088 120 ) (-1008 1088 120 ) (-1008 1088 216 ) (-1024 1088 216 ) 
4 316 456 (-1024 1040 120 ) (-1024 1032 120 ) (-1024 1032 216 ) (-1024 1040 216 ) 
4 316 436 (-1024 1088 120 ) (-1024 1040 120 ) (-1024 1040 216 ) (-1024 1088 216 ) 
4 316 325 (-1024 1032 120 ) (-1024 1040 120 ) (-1008 1040 120 ) (-1008 1032 120 ) 
4 316 324 (-1024 1040 120 ) (-1024 1088 120 ) (-1008 1088 120 ) (-1008 1040 120 ) 
4 316 317 (-1008 1032 128 ) (-1008 1032 216 ) (-1016 1032 216 ) (-1016 1032 128 ) 
4 317 1199 (-1016 1024 216 ) (-1016 1024 128 ) (-1008 1024 128 ) (-1008 1024 216 ) 
4 318 321 (-640 1968 32 ) (-640 1888 32 ) (-640 1888 120 ) (-640 1968 120 ) 
4 318 319 (-640 2048 32 ) (-640 2016 32 ) (-640 2016 120 ) (-640 2048 120 ) 
4 319 458 (-1024 2048 120 ) (-1024 2048 32 ) (-1024 2016 32 ) (-1024 2016 120 ) 
4 320 459 (-1024 2008 32 ) (-1024 1968 32 ) (-1024 1968 120 ) (-1024 2008 120 ) 
4 320 322 (-1024 1968 32 ) (-648 1968 32 ) (-648 1968 120 ) (-1024 1968 120 ) 
4 321 322 (-648 1968 120 ) (-648 1968 32 ) (-648 1888 32 ) (-648 1888 120 ) 
4 322 459 (-1024 1968 32 ) (-1024 1888 32 ) (-1024 1888 120 ) (-1024 1968 120 ) 
4 322 323 (-1024 1888 32 ) (-648 1888 32 ) (-648 1888 120 ) (-1024 1888 120 ) 
4 323 459 (-1024 1888 32 ) (-1024 1656 32 ) (-1024 1656 120 ) (-1024 1888 120 ) 
4 324 461 (-1024 1040 32 ) (-1024 1040 120 ) (-1024 1640 120 ) (-1024 1640 32 ) 
4 324 325 (-392 1040 32 ) (-392 1040 120 ) (-1024 1040 120 ) (-1024 1040 32 ) 
4 325 461 (-1024 1032 32 ) (-1024 1032 120 ) (-1024 1040 120 ) (-1024 1040 32 ) 
4 326 328 (-160 1984 -224 ) (-160 1840 -224 ) (-160 1840 -16 ) (-160 1984 -16 ) 
4 327 339 (-160 1664 -224 ) (0 1664 -224 ) (0 1664 -16 ) (-160 1664 -16 ) 
4 327 328 (-160 1824 -224 ) (-160 1664 -224 ) (-160 1664 -16 ) (-160 1824 -16 ) 
4 328 339 (-240 1664 -224 ) (-160 1664 -224 ) (-160 1664 -16 ) (-240 1664 -16 ) 
4 328 329 (-240 1984 -224 ) (-240 1840 -224 ) (-240 1840 -16 ) (-240 1984 -16 ) 
4 328 330 (-240 1824 -224 ) (-240 1664 -224 ) (-240 1664 -16 ) (-240 1824 -16 ) 
4 330 339 (-256 1664 -224 ) (-240 1664 -224 ) (-240 1664 -16 ) (-256 1664 -16 ) 
4 330 344 (-384 1664 -224 ) (-256 1664 -224 ) (-256 1664 -16 ) (-384 1664 -16 ) 
4 330 331 (-384 1824 -224 ) (-384 1664 -224 ) (-384 1664 -16 ) (-384 1824 -16 ) 
4 331 344 (-400 1664 -224 ) (-384 1664 -224 ) (-384 1664 -16 ) (-400 1664 -16 ) 
4 331 332 (-400 1824 -224 ) (-400 1664 -224 ) (-400 1664 -16 ) (-400 1824 -16 ) 
4 332 335 (-512 1872 -224 ) (-512 1664 -224 ) (-512 1664 -16 ) (-512 1872 -16 ) 
4 332 333 (-512 2032 -16 ) (-512 2032 -224 ) (-512 1952 -224 ) (-512 1952 -16 ) 
4 332 334 (-512 1936 -224 ) (-512 1872 -224 ) (-512 1872 -16 ) (-512 1936 -16 ) 
4 333 353 (-752 2032 -16 ) (-752 2032 -224 ) (-752 1952 -224 ) (-752 1952 -16 ) 
4 334 337 (-752 1872 -16 ) (-752 1872 -224 ) (-688 1872 -224 ) (-688 1872 -16 ) 
4 334 335 (-560 1872 -224 ) (-512 1872 -224 ) (-512 1872 -16 ) (-560 1872 -16 ) 
4 334 336 (-688 1872 -224 ) (-576 1872 -224 ) (-576 1872 -16 ) (-688 1872 -16 ) 
4 336 346 (-688 1664 -224 ) (-576 1664 -224 ) (-576 1664 -16 ) (-688 1664 -16 ) 
4 336 337 (-688 1872 -16 ) (-688 1872 -224 ) (-688 1776 -224 ) (-688 1776 -16 ) 
4 336 338 (-688 1760 -224 ) (-688 1664 -224 ) (-688 1664 -16 ) (-688 1760 -16 ) 
4 338 361 (-752 1696 -224 ) (-752 1664 -224 ) (-752 1664 -16 ) (-752 1696 -16 ) 
4 338 359 (-752 1760 -224 ) (-752 1696 -224 ) (-752 1696 -16 ) (-752 1760 -16 ) 
4 338 348 (-752 1664 -16 ) (-752 1664 -224 ) (-704 1664 -224 ) (-704 1664 -16 ) 
4 339 343 (-256 1568 -16 ) (-256 1568 -224 ) (-240 1568 -224 ) (-240 1568 -16 ) 
4 339 340 (-240 1568 -224 ) (-160 1568 -224 ) (-160 1568 -16 ) (-240 1568 -16 ) 
4 339 344 (-256 1664 -16 ) (-256 1664 -224 ) (-256 1568 -224 ) (-256 1568 -16 ) 
4 340 343 (-240 1568 -16 ) (-240 1568 -224 ) (-240 1552 -224 ) (-240 1552 -16 ) 
4 340 342 (-240 1552 -16 ) (-240 1552 -224 ) (-172 1552 -224 ) (-172 1552 -16 ) 
4 342 343 (-240 1552 -224 ) (-240 1461.333374 -224 ) (-240 1461.333374 -16 ) (-240 1552 -16 ) 
4 343 344 (-256 1568 -224 ) (-256 1440 -224 ) (-256 1440 -16 ) (-256 1568 -16 ) 
4 344 345 (-400 1648 -224 ) (-400 1552 -224 ) (-400 1552 -160 ) (-400 1648 -160 ) 
4 344 349 (-400 1392 -224 ) (-400 1248 -224 ) (-400 1248 -16 ) (-400 1392 -16 ) 
4 345 347 (-416 1648 -224 ) (-416 1552 -224 ) (-416 1552 -160 ) (-416 1648 -160 ) 
4 346 347 (-688 1648 -16 ) (-688 1648 -224 ) (-576 1648 -224 ) (-576 1648 -16 ) 
4 348 363 (-752 1488 -224 ) (-752 1392 -224 ) (-752 1392 -16 ) (-752 1488 -16 ) 
4 348 361 (-752 1664 -224 ) (-752 1488 -224 ) (-752 1488 -16 ) (-752 1664 -16 ) 
4 348 349 (-752 1392 -16 ) (-752 1392 -224 ) (-704 1392 -224 ) (-704 1392 -16 ) 
4 349 363 (-752 1392 -224 ) (-752 1376 -224 ) (-752 1376 -16 ) (-752 1392 -16 ) 
4 350 351 (-720 1120 -224 ) (-720 1040 -224 ) (-720 1040 -16 ) (-720 1120 -16 ) 
4 351 352 (-736 1120 -224 ) (-736 1040 -224 ) (-736 1040 -16 ) (-736 1120 -16 ) 
4 352 365 (-752 1232 -224 ) (-752 1040 -224 ) (-752 1040 -16 ) (-752 1232 -16 ) 
4 353 354 (-768 2032 -16 ) (-768 2032 -224 ) (-768 1952 -224 ) (-768 1952 -16 ) 
4 354 355 (-832 2032 -16 ) (-832 2032 -224 ) (-832 1856 -224 ) (-832 1856 -16 ) 
4 354 356 (-832 1840 -224 ) (-832 1776 -224 ) (-832 1776 -16 ) (-832 1840 -16 ) 
4 356 357 (-912 1840 -224 ) (-912 1776 -224 ) (-912 1776 -16 ) (-912 1840 -16 ) 
4 357 358 (-928 1840 -224 ) (-928 1776 -224 ) (-928 1776 -16 ) (-928 1840 -16 ) 
4 358 360 (-1008 1776 -16 ) (-1008 1776 -224 ) (-928 1776 -224 ) (-928 1776 -16 ) 
4 359 361 (-816 1696 -224 ) (-752 1696 -224 ) (-752 1696 -16 ) (-816 1696 -16 ) 
4 359 362 (-928 1696 -224 ) (-864 1696 -224 ) (-864 1696 -16 ) (-928 1696 -16 ) 
4 359 360 (-928 1760 -224 ) (-928 1696 -224 ) (-928 1696 -16 ) (-928 1760 -16 ) 
4 360 362 (-960 1696 -224 ) (-928 1696 -224 ) (-928 1696 -16 ) (-960 1696 -16 ) 
4 361 363 (-816 1488 -224 ) (-752 1488 -224 ) (-752 1488 -16 ) (-816 1488 -16 ) 
4 362 363 (-960 1488 -224 ) (-864 1488 -224 ) (-864 1488 -16 ) (-960 1488 -16 ) 
4 364 367 (-928 1232 -224 ) (-848 1232 -224 ) (-848 1232 -16 ) (-928 1232 -16 ) 
4 364 366 (-848 1232 -224 ) (-832 1232 -224 ) (-832 1232 -16 ) (-848 1232 -16 ) 
4 364 365 (-832 1232 -224 ) (-768 1232 -224 ) (-768 1232 -16 ) (-832 1232 -16 ) 
4 365 366 (-832 1232 -16 ) (-832 1232 -224 ) (-832 1200 -224 ) (-832 1200 -16 ) 
4 366 367 (-848 1232 -16 ) (-848 1232 -224 ) (-848 1200 -224 ) (-848 1200 -16 ) 
4 367 369 (-928 1040 -224 ) (-864 1040 -224 ) (-864 1040 -112 ) (-928 1040 -112 ) 
4 367 368 (-928 1136 -224 ) (-928 1040 -224 ) (-928 1040 -16 ) (-928 1136 -16 ) 
4 368 369 (-944 1040 -224 ) (-928 1040 -224 ) (-928 1040 -112 ) (-944 1040 -112 ) 
4 369 1204 (-944 1024 -112 ) (-944 1024 -224 ) (-864 1024 -224 ) (-864 1024 -112 ) 
4 370 375 (-1504 1712 1008 ) (-1504 1712 432 ) (-1104 1712 432 ) (-1104 1712 1008 ) 
4 371 458 (-1024 2048 120 ) (-1024 2016 120 ) (-1144 2016 120 ) (-1144 2048 120 ) 
4 371 460 (-1144 2016 120 ) (-1504 2016 120 ) (-1504 2048 120 ) (-1144 2048 120 ) 
4 371 374 (-1504 2048 216 ) (-1504 2048 120 ) (-1504 2016 120 ) (-1504 2016 216 ) 
4 371 373 (-1144 2016 216 ) (-1504 2016 216 ) (-1504 2016 120 ) (-1144 2016 120 ) 
4 372 459 (-1024 2008 120 ) (-1024 1712 120 ) (-1136 1712 120 ) (-1136 2008 120 ) 
4 372 376 (-1136 1712 120 ) (-1024 1712 120 ) (-1024 1712 216 ) (-1136 1712 216 ) 
4 373 460 (-1144 1712 120 ) (-1504 1712 120 ) (-1504 2016 120 ) (-1144 2016 120 ) 
4 373 377 (-1504 1712 120 ) (-1144 1712 120 ) (-1144 1712 216 ) (-1504 1712 216 ) 
4 373 374 (-1504 2016 120 ) (-1504 1712 120 ) (-1504 1712 216 ) (-1504 2016 216 ) 
4 374 460 (-1504 1712 120 ) (-1856 1712 120 ) (-1856 2048 120 ) (-1504 2048 120 ) 
4 374 390 (-1856 2048 120 ) (-1856 1712 120 ) (-1856 1712 216 ) (-1856 2048 216 ) 
4 374 377 (-1856 1712 216 ) (-1856 1712 120 ) (-1504 1712 120 ) (-1504 1712 216 ) 
4 375 380 (-1856 1656 1008 ) (-1856 1656 432 ) (-1088 1656 432 ) (-1088 1656 1008 ) 
4 375 378 (-1088 1656 432 ) (-1024 1656 432 ) (-1024 1656 1008 ) (-1088 1656 1008 ) 
4 376 459 (-1024 1712 120 ) (-1024 1656 120 ) (-1136 1656 120 ) (-1136 1712 120 ) 
4 376 379 (-1024 1656 136 ) (-1024 1656 216 ) (-1088 1656 216 ) (-1088 1656 136 ) 
4 377 460 (-1144 1656 120 ) (-1856 1656 120 ) (-1856 1712 120 ) (-1144 1712 120 ) 
4 377 390 (-1856 1712 120 ) (-1856 1656 120 ) (-1856 1656 216 ) (-1856 1712 216 ) 
4 378 381 (-1024 1648 432 ) (-1024 1648 1008 ) (-1088 1648 1008 ) (-1088 1648 432 ) 
4 378 380 (-1088 1656 1008 ) (-1088 1656 432 ) (-1088 1648 432 ) (-1088 1648 1008 ) 
4 379 382 (-1024 1648 136 ) (-1024 1648 216 ) (-1088 1648 216 ) (-1088 1648 136 ) 
4 380 383 (-1856 1648 1008 ) (-1856 1648 432 ) (-1088 1648 432 ) (-1088 1648 1008 ) 
4 381 384 (-1024 1640 432 ) (-1024 1640 1008 ) (-1088 1640 1008 ) (-1088 1640 432 ) 
4 381 383 (-1088 1648 1008 ) (-1088 1648 432 ) (-1088 1640 432 ) (-1088 1640 1008 ) 
4 382 385 (-1024 1640 136 ) (-1024 1640 216 ) (-1088 1640 216 ) (-1088 1640 136 ) 
4 383 384 (-1856 1640 1008 ) (-1856 1640 432 ) (-1088 1640 432 ) (-1088 1640 1008 ) 
4 384 388 (-1856 1568 520 ) (-1856 1640 520 ) (-1856 1640 432 ) (-1856 1568 432 ) 
4 385 461 (-1024 1640 120 ) (-1024 1472 120 ) (-1856 1472 120 ) (-1856 1640 120 ) 
4 385 392 (-1856 1640 120 ) (-1856 1472 120 ) (-1856 1472 216 ) (-1856 1640 216 ) 
4 385 387 (-1856 1472 216 ) (-1856 1472 120 ) (-1120 1472 120 ) (-1120 1472 216 ) 
4 385 386 (-1120 1472 120 ) (-1024 1472 120 ) (-1024 1472 216 ) (-1120 1472 216 ) 
4 386 461 (-1024 1472 120 ) (-1024 1440 120 ) (-1120 1440 120 ) (-1120 1472 120 ) 
4 386 401 (-1120 1440 120 ) (-1024 1440 120 ) (-1024 1440 216 ) (-1120 1440 216 ) 
4 386 387 (-1120 1472 216 ) (-1120 1472 120 ) (-1120 1440 120 ) (-1120 1440 216 ) 
4 387 461 (-1120 1440 120 ) (-1856 1440 120 ) (-1856 1472 120 ) (-1120 1472 120 ) 
4 387 401 (-1856 1440 120 ) (-1120 1440 120 ) (-1120 1440 216 ) (-1856 1440 216 ) 
4 387 392 (-1856 1472 120 ) (-1856 1440 120 ) (-1856 1440 216 ) (-1856 1472 216 ) 
4 388 389 (-1888 1640 432 ) (-1888 1568 432 ) (-1888 1568 520 ) (-1888 1640 520 ) 
4 389 412 (-2032 1440 432 ) (-1976 1440 432 ) (-1976 1440 528 ) (-2032 1440 528 ) 
4 389 411 (-1976 1440 432 ) (-1888 1440 432 ) (-1888 1440 528 ) (-1976 1440 528 ) 
4 390 460 (-2032 2048 120 ) (-1856 2048 120 ) (-1856 1656 120 ) (-2032 1656 120 ) 
4 390 391 (-2032 2048 120 ) (-2032 1656 120 ) (-2032 1656 216 ) (-2032 2048 216 ) 
4 391 460 (-2040 2048 120 ) (-2032 2048 120 ) (-2032 1656 120 ) (-2040 1656 120 ) 
4 392 461 (-1856 1440 120 ) (-1976 1440 120 ) (-1976 1640 120 ) (-1856 1640 120 ) 
4 392 413 (-1976 1440 120 ) (-1888 1440 120 ) (-1888 1440 216 ) (-1976 1440 216 ) 
4 392 404 (-1888 1440 120 ) (-1872 1440 120 ) (-1872 1440 216 ) (-1888 1440 216 ) 
4 392 401 (-1872 1440 120 ) (-1856 1440 120 ) (-1856 1440 216 ) (-1872 1440 216 ) 
4 392 393 (-1976 1640 216 ) (-1976 1640 120 ) (-1976 1440 120 ) (-1976 1440 216 ) 
4 393 461 (-1976 1440 120 ) (-2032 1440 120 ) (-2032 1640 120 ) (-1976 1640 120 ) 
4 393 413 (-2032 1440 120 ) (-1976 1440 120 ) (-1976 1440 216 ) (-2032 1440 216 ) 
4 393 394 (-2032 1640 216 ) (-2032 1640 120 ) (-2032 1440 120 ) (-2032 1440 216 ) 
4 394 461 (-2032 1440 120 ) (-2040 1440 120 ) (-2040 1640 120 ) (-2032 1640 120 ) 
4 394 415 (-2040 1440 120 ) (-2032 1440 120 ) (-2032 1440 216 ) (-2040 1440 216 ) 
4 395 417 (-1024 1264 784 ) (-1024 1264 1008 ) (-1776 1264 1008 ) (-1776 1264 784 ) 
4 396 397 (-1120 1440 432 ) (-1120 1296 432 ) (-1120 1296 528 ) (-1120 1440 528 ) 
4 397 400 (-1152 1440 432 ) (-1152 1296 432 ) (-1152 1296 528 ) (-1152 1440 528 ) 
4 398 421 (-1776 1264 752 ) (-1776 1264 560 ) (-1152 1264 560 ) (-1152 1264 752 ) 
4 398 399 (-1776 1440 560 ) (-1776 1264 560 ) (-1776 1264 752 ) (-1776 1440 752 ) 
4 399 421 (-1872 1264 752 ) (-1872 1264 560 ) (-1776 1264 560 ) (-1776 1264 752 ) 
4 399 406 (-1872 1312 560 ) (-1872 1264 560 ) (-1872 1264 752 ) (-1872 1312 752 ) 
4 399 405 (-1872 1424 560 ) (-1872 1312 560 ) (-1872 1312 752 ) (-1872 1424 752 ) 
4 399 403 (-1872 1440 752 ) (-1872 1440 560 ) (-1872 1424 560 ) (-1872 1424 752 ) 
4 400 407 (-1872 1424 432 ) (-1872 1312 432 ) (-1872 1312 528 ) (-1872 1424 528 ) 
4 401 461 (-1024 1440 120 ) (-1024 1296 120 ) (-1872 1296 120 ) (-1872 1440 120 ) 
4 401 409 (-1872 1312 120 ) (-1872 1296 120 ) (-1872 1296 216 ) (-1872 1312 216 ) 
4 401 408 (-1872 1424 120 ) (-1872 1312 120 ) (-1872 1312 216 ) (-1872 1424 216 ) 
4 401 404 (-1872 1440 216 ) (-1872 1440 120 ) (-1872 1424 120 ) (-1872 1424 216 ) 
4 401 402 (-1872 1296 216 ) (-1872 1296 120 ) (-1024 1296 120 ) (-1024 1296 216 ) 
4 402 461 (-1024 1296 120 ) (-1024 1264 120 ) (-1872 1264 120 ) (-1872 1296 120 ) 
4 402 424 (-1872 1264 120 ) (-1152 1264 120 ) (-1152 1264 216 ) (-1872 1264 216 ) 
4 402 420 (-1152 1264 120 ) (-1120 1264 120 ) (-1120 1264 216 ) (-1152 1264 216 ) 
4 402 419 (-1120 1264 120 ) (-1024 1264 120 ) (-1024 1264 216 ) (-1120 1264 216 ) 
4 402 409 (-1872 1296 120 ) (-1872 1264 120 ) (-1872 1264 216 ) (-1872 1296 216 ) 
4 403 410 (-1888 1440 752 ) (-1888 1440 560 ) (-1888 1424 560 ) (-1888 1424 752 ) 
4 403 405 (-1888 1424 752 ) (-1888 1424 560 ) (-1872 1424 560 ) (-1872 1424 752 ) 
4 404 461 (-1888 1424 120 ) (-1888 1440 120 ) (-1872 1440 120 ) (-1872 1424 120 ) 
4 404 413 (-1888 1440 216 ) (-1888 1440 120 ) (-1888 1424 120 ) (-1888 1424 216 ) 
4 404 408 (-1888 1424 216 ) (-1888 1424 120 ) (-1872 1424 120 ) (-1872 1424 216 ) 
4 405 410 (-1888 1312 752 ) (-1888 1424 752 ) (-1888 1424 560 ) (-1888 1312 560 ) 
4 405 406 (-1872 1312 560 ) (-1872 1312 752 ) (-1888 1312 752 ) (-1888 1312 560 ) 
4 406 421 (-1872 1264 560 ) (-1872 1264 752 ) (-1888 1264 752 ) (-1888 1264 560 ) 
4 406 410 (-1888 1264 560 ) (-1888 1264 752 ) (-1888 1312 752 ) (-1888 1312 560 ) 
4 407 411 (-1888 1312 432 ) (-1888 1312 528 ) (-1888 1424 528 ) (-1888 1424 432 ) 
4 408 461 (-1888 1312 120 ) (-1888 1424 120 ) (-1872 1424 120 ) (-1872 1312 120 ) 
4 408 413 (-1888 1424 120 ) (-1888 1312 120 ) (-1888 1312 216 ) (-1888 1424 216 ) 
4 408 409 (-1872 1312 120 ) (-1872 1312 216 ) (-1888 1312 216 ) (-1888 1312 120 ) 
4 409 461 (-1872 1264 120 ) (-1888 1264 120 ) (-1888 1312 120 ) (-1872 1312 120 ) 
4 409 424 (-1888 1264 120 ) (-1872 1264 120 ) (-1872 1264 216 ) (-1888 1264 216 ) 
4 409 413 (-1888 1312 120 ) (-1888 1264 120 ) (-1888 1264 216 ) (-1888 1312 216 ) 
4 410 422 (-1888 1264 560 ) (-1888 1264 752 ) (-2032 1264 752 ) (-2032 1264 560 ) 
4 410 414 (-2032 1264 560 ) (-2032 1264 752 ) (-2032 1440 752 ) (-2032 1440 560 ) 
4 411 423 (-1888 1264 432 ) (-1888 1264 528 ) (-1976 1264 528 ) (-1976 1264 432 ) 
4 411 412 (-1976 1264 432 ) (-1976 1264 528 ) (-1976 1440 528 ) (-1976 1440 432 ) 
4 412 423 (-1976 1264 528 ) (-2032 1264 528 ) (-2032 1264 432 ) (-1976 1264 432 ) 
4 413 461 (-1888 1264 120 ) (-2032 1264 120 ) (-2032 1440 120 ) (-1888 1440 120 ) 
4 413 424 (-2032 1264 120 ) (-1888 1264 120 ) (-1888 1264 216 ) (-2032 1264 216 ) 
4 413 415 (-2032 1264 120 ) (-2032 1264 216 ) (-2032 1440 216 ) (-2032 1440 120 ) 
4 414 425 (-2032 1264 560 ) (-2032 1264 752 ) (-2040 1264 752 ) (-2040 1264 560 ) 
4 414 416 (-2040 1264 560 ) (-2040 1264 752 ) (-2040 1440 752 ) (-2040 1440 560 ) 
4 415 461 (-2032 1264 120 ) (-2040 1264 120 ) (-2040 1440 120 ) (-2032 1440 120 ) 
4 415 426 (-2040 1264 120 ) (-2032 1264 120 ) (-2032 1264 216 ) (-2040 1264 216 ) 
4 416 462 (-2048 1440 752 ) (-2048 1440 560 ) (-2048 1264 560 ) (-2048 1264 752 ) 
4 416 427 (-2040 1264 560 ) (-2040 1264 752 ) (-2048 1264 752 ) (-2048 1264 560 ) 
4 417 428 (-1776 1248 784 ) (-1024 1248 784 ) (-1024 1248 1008 ) (-1776 1248 1008 ) 
4 418 429 (-1024 1248 560 ) (-1024 1248 752 ) (-1120 1248 752 ) (-1120 1248 560 ) 
4 419 461 (-1024 1264 120 ) (-1024 1248 120 ) (-1120 1248 120 ) (-1120 1264 120 ) 
4 419 430 (-1120 1248 120 ) (-1024 1248 120 ) (-1024 1248 216 ) (-1120 1248 216 ) 
4 419 420 (-1120 1248 120 ) (-1120 1248 216 ) (-1120 1264 216 ) (-1120 1264 120 ) 
4 420 461 (-1120 1248 120 ) (-1152 1248 120 ) (-1152 1264 120 ) (-1120 1264 120 ) 
4 420 431 (-1152 1248 120 ) (-1120 1248 120 ) (-1120 1248 216 ) (-1152 1248 216 ) 
4 420 424 (-1152 1248 120 ) (-1152 1248 216 ) (-1152 1264 216 ) (-1152 1264 120 ) 
4 421 446 (-1776 1248 752 ) (-1888 1248 752 ) (-1888 1248 560 ) (-1776 1248 560 ) 
4 421 432 (-1152 1248 560 ) (-1152 1248 752 ) (-1776 1248 752 ) (-1776 1248 560 ) 
4 421 422 (-1888 1248 560 ) (-1888 1248 752 ) (-1888 1264 752 ) (-1888 1264 560 ) 
4 422 446 (-1888 1248 752 ) (-2032 1248 752 ) (-2032 1248 560 ) (-1888 1248 560 ) 
4 422 425 (-2032 1248 560 ) (-2032 1248 752 ) (-2032 1264 752 ) (-2032 1264 560 ) 
4 423 448 (-2032 1248 528 ) (-2032 1248 432 ) (-1888 1248 432 ) (-1888 1248 528 ) 
4 424 461 (-1152 1248 120 ) (-2032 1248 120 ) (-2032 1264 120 ) (-1152 1264 120 ) 
4 424 452 (-2032 1248 120 ) (-1976 1248 120 ) (-1976 1248 216 ) (-2032 1248 216 ) 
4 424 450 (-1976 1248 120 ) (-1776 1248 120 ) (-1776 1248 216 ) (-1976 1248 216 ) 
4 424 433 (-1776 1248 120 ) (-1152 1248 120 ) (-1152 1248 216 ) (-1776 1248 216 ) 
4 424 426 (-2032 1248 120 ) (-2032 1248 216 ) (-2032 1264 216 ) (-2032 1264 120 ) 
4 425 446 (-2032 1248 560 ) (-2032 1248 752 ) (-2040 1248 752 ) (-2040 1248 560 ) 
4 425 427 (-2040 1248 560 ) (-2040 1248 752 ) (-2040 1264 752 ) (-2040 1264 560 ) 
4 426 461 (-2032 1248 120 ) (-2040 1248 120 ) (-2040 1264 120 ) (-2032 1264 120 ) 
4 426 452 (-2040 1248 120 ) (-2032 1248 120 ) (-2032 1248 216 ) (-2040 1248 216 ) 
4 427 462 (-2048 1264 752 ) (-2048 1264 560 ) (-2048 1248 560 ) (-2048 1248 752 ) 
4 427 446 (-2048 1248 752 ) (-2048 1248 560 ) (-2040 1248 560 ) (-2040 1248 752 ) 
4 428 454 (-1088 1040 896 ) (-1488 1040 896 ) (-1488 1040 784 ) (-1088 1040 784 ) 
4 429 434 (-1120 1184 752 ) (-1120 1184 560 ) (-1024 1184 560 ) (-1024 1184 752 ) 
4 430 461 (-1024 1248 120 ) (-1024 1184 120 ) (-1120 1184 120 ) (-1120 1248 120 ) 
4 430 436 (-1120 1184 216 ) (-1120 1184 120 ) (-1024 1184 120 ) (-1024 1184 216 ) 
4 430 431 (-1120 1184 120 ) (-1120 1184 216 ) (-1120 1248 216 ) (-1120 1248 120 ) 
4 431 461 (-1120 1184 120 ) (-1152 1184 120 ) (-1152 1248 120 ) (-1120 1248 120 ) 
4 431 439 (-1152 1184 216 ) (-1152 1184 120 ) (-1120 1184 120 ) (-1120 1184 216 ) 
4 431 433 (-1152 1184 120 ) (-1152 1184 216 ) (-1152 1248 216 ) (-1152 1248 120 ) 
4 432 446 (-1776 1248 752 ) (-1776 1248 560 ) (-1776 1184 560 ) (-1776 1184 752 ) 
4 432 443 (-1776 1184 752 ) (-1776 1184 560 ) (-1152 1184 560 ) (-1152 1184 752 ) 
4 433 461 (-1152 1184 120 ) (-1776 1184 120 ) (-1776 1248 120 ) (-1152 1248 120 ) 
4 433 451 (-1776 1224 120 ) (-1776 1184 120 ) (-1776 1184 216 ) (-1776 1224 216 ) 
4 433 450 (-1776 1248 216 ) (-1776 1248 120 ) (-1776 1224 120 ) (-1776 1224 216 ) 
4 433 445 (-1776 1184 216 ) (-1776 1184 120 ) (-1152 1184 120 ) (-1152 1184 216 ) 
4 434 437 (-1120 1184 624 ) (-1120 1184 560 ) (-1120 1104 560 ) (-1120 1104 624 ) 
4 435 441 (-1120 1056 432 ) (-1120 1040 432 ) (-1120 1040 528 ) (-1120 1056 528 ) 
4 435 440 (-1120 1104 432 ) (-1120 1056 432 ) (-1120 1056 528 ) (-1120 1104 528 ) 
4 435 438 (-1120 1184 528 ) (-1120 1184 432 ) (-1120 1104 432 ) (-1120 1104 528 ) 
4 436 461 (-1024 1184 120 ) (-1024 1040 120 ) (-1120 1040 120 ) (-1120 1184 120 ) 
4 436 456 (-1120 1040 120 ) (-1024 1040 120 ) (-1024 1040 216 ) (-1120 1040 216 ) 
4 436 442 (-1120 1104 120 ) (-1120 1040 120 ) (-1120 1040 216 ) (-1120 1104 216 ) 
4 436 439 (-1120 1184 216 ) (-1120 1184 120 ) (-1120 1104 120 ) (-1120 1104 216 ) 
4 437 443 (-1152 1184 624 ) (-1152 1184 560 ) (-1152 1104 560 ) (-1152 1104 624 ) 
4 438 444 (-1152 1184 528 ) (-1152 1184 432 ) (-1152 1104 432 ) (-1152 1104 528 ) 
4 438 440 (-1152 1104 528 ) (-1152 1104 432 ) (-1120 1104 432 ) (-1120 1104 528 ) 
4 439 461 (-1152 1104 120 ) (-1152 1184 120 ) (-1120 1184 120 ) (-1120 1104 120 ) 
4 439 445 (-1152 1184 216 ) (-1152 1184 120 ) (-1152 1104 120 ) (-1152 1104 216 ) 
4 439 442 (-1152 1104 216 ) (-1152 1104 120 ) (-1120 1104 120 ) (-1120 1104 216 ) 
4 440 444 (-1152 1104 528 ) (-1152 1104 432 ) (-1152 1056 432 ) (-1152 1056 528 ) 
4 440 441 (-1152 1056 528 ) (-1152 1056 432 ) (-1120 1056 432 ) (-1120 1056 528 ) 
4 441 444 (-1152 1040 432 ) (-1152 1040 528 ) (-1152 1056 528 ) (-1152 1056 432 ) 
4 442 461 (-1120 1040 120 ) (-1152 1040 120 ) (-1152 1104 120 ) (-1120 1104 120 ) 
4 442 456 (-1152 1040 120 ) (-1120 1040 120 ) (-1120 1040 216 ) (-1152 1040 216 ) 
4 442 445 (-1152 1104 120 ) (-1152 1040 120 ) (-1152 1040 216 ) (-1152 1104 216 ) 
4 443 446 (-1776 1184 752 ) (-1776 1184 560 ) (-1776 1056 560 ) (-1776 1056 752 ) 
4 444 455 (-1760 1040 520 ) (-1776 1040 520 ) (-1776 1040 456 ) (-1760 1040 456 ) 
4 444 449 (-1776 1040 432 ) (-1776 1040 528 ) (-1776 1056 528 ) (-1776 1056 432 ) 
4 444 447 (-1776 1056 528 ) (-1776 1184 528 ) (-1776 1184 432 ) (-1776 1056 432 ) 
4 445 461 (-1152 1040 120 ) (-1776 1040 120 ) (-1776 1184 120 ) (-1152 1184 120 ) 
4 445 456 (-1776 1040 120 ) (-1152 1040 120 ) (-1152 1040 216 ) (-1776 1040 216 ) 
4 445 451 (-1776 1184 120 ) (-1776 1040 120 ) (-1776 1040 216 ) (-1776 1184 216 ) 
4 446 462 (-2048 1248 752 ) (-2048 1248 560 ) (-2048 1056 560 ) (-2048 1056 752 ) 
4 447 449 (-1888 1056 432 ) (-1776 1056 432 ) (-1776 1056 528 ) (-1888 1056 528 ) 
4 447 448 (-1888 1184 432 ) (-1888 1056 432 ) (-1888 1056 528 ) (-1888 1184 528 ) 
4 448 449 (-2032 1056 528 ) (-2032 1056 432 ) (-1888 1056 432 ) (-1888 1056 528 ) 
4 449 455 (-1776 1040 456 ) (-1776 1040 520 ) (-2000 1040 520 ) (-2000 1040 456 ) 
4 450 461 (-1976 1224 120 ) (-1976 1248 120 ) (-1776 1248 120 ) (-1776 1224 120 ) 
4 450 452 (-1976 1248 216 ) (-1976 1248 120 ) (-1976 1224 120 ) (-1976 1224 216 ) 
4 450 451 (-1976 1224 216 ) (-1976 1224 120 ) (-1776 1224 120 ) (-1776 1224 216 ) 
4 451 461 (-1776 1040 120 ) (-1976 1040 120 ) (-1976 1224 120 ) (-1776 1224 120 ) 
4 451 456 (-1976 1040 120 ) (-1776 1040 120 ) (-1776 1040 216 ) (-1976 1040 216 ) 
4 451 453 (-1976 1040 120 ) (-1976 1040 216 ) (-1976 1224 216 ) (-1976 1224 120 ) 
4 452 461 (-2040 1224 120 ) (-2040 1248 120 ) (-1976 1248 120 ) (-1976 1224 120 ) 
4 452 453 (-1976 1224 120 ) (-1976 1224 216 ) (-2040 1224 216 ) (-2040 1224 120 ) 
4 453 461 (-1976 1040 120 ) (-2040 1040 120 ) (-2040 1224 120 ) (-1976 1224 120 ) 
4 453 457 (-2040 1040 120 ) (-1976 1040 120 ) (-1976 1040 408 ) (-2040 1040 408 ) 
4 454 1279 (-1088 1024 896 ) (-1488 1024 896 ) (-1488 1024 784 ) (-1088 1024 784 ) 
4 455 1280 (-1760 1024 520 ) (-2000 1024 520 ) (-2000 1024 456 ) (-1760 1024 456 ) 
4 456 461 (-1024 1040 120 ) (-1024 1032 120 ) (-1976 1032 120 ) (-1976 1040 120 ) 
4 456 457 (-1976 1032 120 ) (-1976 1032 216 ) (-1976 1040 216 ) (-1976 1040 120 ) 
4 457 461 (-1976 1032 120 ) (-2040 1032 120 ) (-2040 1040 120 ) (-1976 1040 120 ) 
4 458 460 (-1144 2048 32 ) (-1144 2016 32 ) (-1144 2016 120 ) (-1144 2048 120 ) 
4 462 463 (-2920 1056 624 ) (-2920 1056 560 ) (-2872 1056 560 ) (-2872 1056 624 ) 
4 463 464 (-2872 1040 560 ) (-2872 1040 624 ) (-2920 1040 624 ) (-2920 1040 560 ) 
4 464 1345 (-2872 1024 544 ) (-2872 1024 624 ) (-2920 1024 624 ) (-2920 1024 544 ) 
4 466 473 (2496 688 72 ) (2496 592 72 ) (2384 592 72 ) (2384 688 72 ) 
4 466 472 (2384 976 72 ) (2496 976 72 ) (2496 688 72 ) (2384 688 72 ) 
4 466 474 (2496 592 72 ) (2496 352 72 ) (2384 352 72 ) (2384 592 72 ) 
4 466 471 (2496 976 72 ) (3056 976 72 ) (3056 352 72 ) (2496 352 72 ) 
4 466 475 (2160 976 72 ) (2384 976 72 ) (2384 352 72 ) (2160 352 72 ) 
4 466 469 (2160 968 72 ) (2160 352 72 ) (2160 352 400 ) (2160 968 400 ) 
4 466 467 (2160 976 400 ) (2160 976 72 ) (2160 968 72 ) (2160 968 400 ) 
4 467 511 (2048 976 72 ) (2048 968 72 ) (2048 968 384 ) (2048 976 384 ) 
4 467 501 (2048 968 384 ) (2048 968 400 ) (2048 976 400 ) (2048 976 384 ) 
4 467 475 (2048 968 72 ) (2048 976 72 ) (2160 976 72 ) (2160 968 72 ) 
4 467 469 (2048 968 72 ) (2160 968 72 ) (2160 968 400 ) (2048 968 400 ) 
4 468 500 (2048 352 424 ) (2048 352 480 ) (2048 968 480 ) (2048 968 424 ) 
4 468 480 (2048 352 480 ) (2048 352 544 ) (2048 968 544 ) (2048 968 480 ) 
4 468 478 (2048 352 544 ) (2048 352 576 ) (2048 968 576 ) (2048 968 544 ) 
4 468 477 (2048 352 576 ) (2048 352 608 ) (2048 968 608 ) (2048 968 576 ) 
4 468 470 (2160 352 424 ) (2160 352 608 ) (2048 352 608 ) (2048 352 424 ) 
4 469 511 (2048 968 72 ) (2048 352 72 ) (2048 352 384 ) (2048 968 384 ) 
4 469 501 (2048 352 384 ) (2048 352 400 ) (2048 968 400 ) (2048 968 384 ) 
4 469 475 (2048 352 72 ) (2048 968 72 ) (2160 968 72 ) (2160 352 72 ) 
4 470 500 (2048 24 424 ) (2048 24 480 ) (2048 352 480 ) (2048 352 424 ) 
4 470 480 (2048 24 480 ) (2048 24 544 ) (2048 352 544 ) (2048 352 480 ) 
4 470 478 (2048 24 544 ) (2048 24 576 ) (2048 352 576 ) (2048 352 544 ) 
4 470 477 (2048 24 576 ) (2048 24 608 ) (2048 352 608 ) (2048 352 576 ) 
4 471 473 (2496 688 16 ) (2496 592 16 ) (2496 592 72 ) (2496 688 72 ) 
4 471 472 (2496 976 72 ) (2496 976 16 ) (2496 688 16 ) (2496 688 72 ) 
4 471 474 (2496 592 16 ) (2496 352 16 ) (2496 352 72 ) (2496 592 72 ) 
4 472 475 (2384 976 72 ) (2384 976 16 ) (2384 688 16 ) (2384 688 72 ) 
4 472 473 (2384 688 72 ) (2384 688 16 ) (2496 688 16 ) (2496 688 72 ) 
4 473 474 (2384 592 72 ) (2384 592 16 ) (2496 592 16 ) (2496 592 72 ) 
4 473 475 (2384 688 16 ) (2384 592 16 ) (2384 592 72 ) (2384 688 72 ) 
4 474 475 (2384 592 16 ) (2384 352 16 ) (2384 352 72 ) (2384 592 72 ) 
4 475 511 (2048 352 16 ) (2048 352 72 ) (2048 976 72 ) (2048 976 16 ) 
4 476 963 (1680 0 1176 ) (1680 0 816 ) (2032 0 816 ) (2032 0 1176 ) 
4 476 946 (1680 0 1232 ) (1680 0 1176 ) (2032 0 1176 ) (2032 0 1232 ) 
4 476 945 (1680 0 3056 ) (1680 0 1232 ) (2032 0 1232 ) (2032 0 3056 ) 
4 476 524 (1680 1024 3056 ) (1680 1024 816 ) (1680 0 816 ) (1680 0 3056 ) 
4 477 478 (2048 968 576 ) (2048 24 576 ) (1704 24 576 ) (1704 968 576 ) 
4 478 496 (1704 80 576 ) (1704 144 576 ) (1704 144 544 ) (1704 80 544 ) 
4 478 493 (1704 240 576 ) (1704 304 576 ) (1704 304 544 ) (1704 240 544 ) 
4 478 490 (1704 384 576 ) (1704 448 576 ) (1704 448 544 ) (1704 384 544 ) 
4 478 487 (1704 560 576 ) (1704 624 576 ) (1704 624 544 ) (1704 560 544 ) 
4 478 484 (1704 704 576 ) (1704 768 576 ) (1704 768 544 ) (1704 704 544 ) 
4 478 481 (1704 864 576 ) (1704 928 576 ) (1704 928 544 ) (1704 864 544 ) 
4 478 480 (1704 24 544 ) (1704 968 544 ) (2048 968 544 ) (2048 24 544 ) 
4 479 499 (1856 1024 480 ) (1936 1024 480 ) (1936 968 480 ) (1856 968 480 ) 
4 479 480 (1936 968 544 ) (1856 968 544 ) (1856 968 480 ) (1936 968 480 ) 
4 480 510 (1704 24 480 ) (1704 384 480 ) (1712 384 480 ) (1712 24 480 ) 
4 480 509 (1704 384 480 ) (1704 448 480 ) (1712 448 480 ) (1712 384 480 ) 
4 480 508 (1704 448 480 ) (1704 560 480 ) (1712 560 480 ) (1712 448 480 ) 
4 480 507 (1704 560 480 ) (1704 624 480 ) (1712 624 480 ) (1712 560 480 ) 
4 480 506 (1704 624 480 ) (1704 704 480 ) (1712 704 480 ) (1712 624 480 ) 
4 480 505 (1704 704 480 ) (1704 768 480 ) (1712 768 480 ) (1712 704 480 ) 
4 480 504 (1704 768 480 ) (1704 864 480 ) (1712 864 480 ) (1712 768 480 ) 
4 480 503 (1704 864 480 ) (1704 928 480 ) (1712 928 480 ) (1712 864 480 ) 
4 480 502 (1704 928 480 ) (1704 968 480 ) (1712 968 480 ) (1712 928 480 ) 
4 480 500 (1712 968 480 ) (2048 968 480 ) (2048 24 480 ) (1712 24 480 ) 
4 480 496 (1704 144 480 ) (1704 80 480 ) (1704 80 544 ) (1704 144 544 ) 
4 480 493 (1704 304 480 ) (1704 240 480 ) (1704 240 544 ) (1704 304 544 ) 
4 480 490 (1704 448 480 ) (1704 384 480 ) (1704 384 544 ) (1704 448 544 ) 
4 480 487 (1704 624 480 ) (1704 560 480 ) (1704 560 544 ) (1704 624 544 ) 
4 480 484 (1704 768 480 ) (1704 704 480 ) (1704 704 544 ) (1704 768 544 ) 
4 480 481 (1704 928 480 ) (1704 864 480 ) (1704 864 544 ) (1704 928 544 ) 
4 481 482 (1683 928 576 ) (1683 928 480 ) (1683 864 480 ) (1683 864 576 ) 
4 482 483 (1681 928 576 ) (1681 928 480 ) (1681 864 480 ) (1681 864 576 ) 
4 483 527 (1680 928 480 ) (1680 864 480 ) (1680 864 576 ) (1680 928 576 ) 
4 484 485 (1683 768 576 ) (1683 768 480 ) (1683 704 480 ) (1683 704 576 ) 
4 485 486 (1681 768 576 ) (1681 768 480 ) (1681 704 480 ) (1681 704 576 ) 
4 486 527 (1680 768 480 ) (1680 704 480 ) (1680 704 576 ) (1680 768 576 ) 
4 487 488 (1683 624 576 ) (1683 624 480 ) (1683 560 480 ) (1683 560 576 ) 
4 488 489 (1681 624 576 ) (1681 624 480 ) (1681 560 480 ) (1681 560 576 ) 
4 489 527 (1680 624 480 ) (1680 560 480 ) (1680 560 576 ) (1680 624 576 ) 
4 490 491 (1683 448 576 ) (1683 448 480 ) (1683 384 480 ) (1683 384 576 ) 
4 491 492 (1681 448 576 ) (1681 448 480 ) (1681 384 480 ) (1681 384 576 ) 
4 492 527 (1680 448 480 ) (1680 384 480 ) (1680 384 576 ) (1680 448 576 ) 
4 493 494 (1683 304 576 ) (1683 304 480 ) (1683 240 480 ) (1683 240 576 ) 
4 494 495 (1681 304 576 ) (1681 304 480 ) (1681 240 480 ) (1681 240 576 ) 
4 495 527 (1680 304 480 ) (1680 240 480 ) (1680 240 576 ) (1680 304 576 ) 
4 496 497 (1683 144 576 ) (1683 144 480 ) (1683 80 480 ) (1683 80 576 ) 
4 497 498 (1681 144 576 ) (1681 144 480 ) (1681 80 480 ) (1681 80 576 ) 
4 498 527 (1680 144 480 ) (1680 80 480 ) (1680 80 576 ) (1680 144 576 ) 
4 499 500 (1856 968 424 ) (1936 968 424 ) (1936 968 480 ) (1856 968 480 ) 
4 500 510 (1712 24 480 ) (1712 384 480 ) (1712 384 424 ) (1712 24 424 ) 
4 500 509 (1712 384 480 ) (1712 448 480 ) (1712 448 424 ) (1712 384 424 ) 
4 500 508 (1712 448 480 ) (1712 560 480 ) (1712 560 424 ) (1712 448 424 ) 
4 500 507 (1712 560 480 ) (1712 624 480 ) (1712 624 424 ) (1712 560 424 ) 
4 500 506 (1712 624 480 ) (1712 704 480 ) (1712 704 424 ) (1712 624 424 ) 
4 500 505 (1712 704 480 ) (1712 768 480 ) (1712 768 424 ) (1712 704 424 ) 
4 500 504 (1712 768 480 ) (1712 864 480 ) (1712 864 424 ) (1712 768 424 ) 
4 500 503 (1712 864 480 ) (1712 928 480 ) (1712 928 424 ) (1712 864 424 ) 
4 500 502 (1712 928 480 ) (1712 968 480 ) (1712 968 424 ) (1712 928 424 ) 
4 501 511 (2048 976 384 ) (2048 352 384 ) (1712 352 384 ) (1712 976 384 ) 
4 502 503 (1704 928 480 ) (1704 928 424 ) (1712 928 424 ) (1712 928 480 ) 
4 503 504 (1712 864 424 ) (1712 864 480 ) (1704 864 480 ) (1704 864 424 ) 
4 504 505 (1712 768 424 ) (1712 768 480 ) (1704 768 480 ) (1704 768 424 ) 
4 505 506 (1712 704 424 ) (1712 704 480 ) (1704 704 480 ) (1704 704 424 ) 
4 506 507 (1712 624 424 ) (1712 624 480 ) (1704 624 480 ) (1704 624 424 ) 
4 507 508 (1712 560 424 ) (1712 560 480 ) (1704 560 480 ) (1704 560 424 ) 
4 508 509 (1712 448 424 ) (1712 448 480 ) (1704 448 480 ) (1704 448 424 ) 
4 509 510 (1712 384 424 ) (1712 384 480 ) (1704 384 480 ) (1704 384 424 ) 
4 511 522 (1712 864 288 ) (1712 928 288 ) (1712 928 240 ) (1712 864 240 ) 
4 511 519 (1712 384 384 ) (1712 448 384 ) (1712 448 288 ) (1712 384 288 ) 
4 511 516 (1712 560 384 ) (1712 624 384 ) (1712 624 288 ) (1712 560 288 ) 
4 511 513 (1712 704 384 ) (1712 768 384 ) (1712 768 288 ) (1712 704 288 ) 
4 511 512 (1712 864 384 ) (1712 928 384 ) (1712 928 288 ) (1712 864 288 ) 
4 512 527 (1680 928 288 ) (1680 864 288 ) (1680 864 384 ) (1680 928 384 ) 
4 512 522 (1680 864 288 ) (1680 928 288 ) (1712 928 288 ) (1712 864 288 ) 
4 513 514 (1683 768 384 ) (1683 768 288 ) (1683 704 288 ) (1683 704 384 ) 
4 514 515 (1681 768 384 ) (1681 768 288 ) (1681 704 288 ) (1681 704 384 ) 
4 515 527 (1680 768 288 ) (1680 704 288 ) (1680 704 384 ) (1680 768 384 ) 
4 516 517 (1683 624 384 ) (1683 624 288 ) (1683 560 288 ) (1683 560 384 ) 
4 517 518 (1681 624 384 ) (1681 624 288 ) (1681 560 288 ) (1681 560 384 ) 
4 518 527 (1680 624 288 ) (1680 560 288 ) (1680 560 384 ) (1680 624 384 ) 
4 519 520 (1683 448 384 ) (1683 448 288 ) (1683 384 288 ) (1683 384 384 ) 
4 520 521 (1681 448 384 ) (1681 448 288 ) (1681 384 288 ) (1681 384 384 ) 
4 521 527 (1680 448 288 ) (1680 384 288 ) (1680 384 384 ) (1680 448 384 ) 
4 522 527 (1680 928 240 ) (1680 864 240 ) (1680 864 288 ) (1680 928 288 ) 
4 523 533 (1680 968 -4096 ) (1680 512 -4096 ) (1680 512 -2048 ) (1680 968 -2048 ) 
4 524 963 (1680 0 816 ) (1680 0 1176 ) (1088 0 1176 ) (1088 0 816 ) 
4 524 946 (1680 0 1176 ) (1680 0 1232 ) (1088 0 1232 ) (1088 0 1176 ) 
4 524 945 (1680 0 1232 ) (1680 0 3056 ) (1088 0 3056 ) (1088 0 1232 ) 
4 524 534 (1088 0 816 ) (1088 0 3056 ) (1088 1024 3056 ) (1088 1024 816 ) 
4 524 525 (1088 32 816 ) (1088 976 816 ) (1680 976 816 ) (1680 32 816 ) 
4 525 527 (1088 32 800 ) (1088 976 800 ) (1680 976 800 ) (1680 32 800 ) 
4 526 545 (1088 1024 656 ) (1088 1024 592 ) (1088 1008 592 ) (1088 1008 656 ) 
4 526 535 (1088 1024 752 ) (1088 1024 656 ) (1088 1008 656 ) (1088 1008 752 ) 
4 527 589 (1088 144 240 ) (1088 80 240 ) (1088 80 288 ) (1088 144 288 ) 
4 527 588 (1088 144 288 ) (1088 80 288 ) (1088 80 384 ) (1088 144 384 ) 
4 527 585 (1088 304 288 ) (1088 240 288 ) (1088 240 384 ) (1088 304 384 ) 
4 527 582 (1088 448 288 ) (1088 384 288 ) (1088 384 384 ) (1088 448 384 ) 
4 527 579 (1088 624 288 ) (1088 560 288 ) (1088 560 384 ) (1088 624 384 ) 
4 527 576 (1088 768 288 ) (1088 704 288 ) (1088 704 384 ) (1088 768 384 ) 
4 527 573 (1088 928 288 ) (1088 864 288 ) (1088 864 384 ) (1088 928 384 ) 
4 527 570 (1088 144 480 ) (1088 80 480 ) (1088 80 576 ) (1088 144 576 ) 
4 527 567 (1088 304 480 ) (1088 240 480 ) (1088 240 576 ) (1088 304 576 ) 
4 527 564 (1088 448 480 ) (1088 384 480 ) (1088 384 576 ) (1088 448 576 ) 
4 527 561 (1088 624 480 ) (1088 560 480 ) (1088 560 576 ) (1088 624 576 ) 
4 527 558 (1088 768 480 ) (1088 704 480 ) (1088 704 576 ) (1088 768 576 ) 
4 527 555 (1088 928 480 ) (1088 864 480 ) (1088 864 576 ) (1088 928 576 ) 
4 527 552 (1088 80 752 ) (1088 144 752 ) (1088 144 656 ) (1088 80 656 ) 
4 527 549 (1088 240 752 ) (1088 304 752 ) (1088 304 656 ) (1088 240 656 ) 
4 527 546 (1088 384 752 ) (1088 448 752 ) (1088 448 656 ) (1088 384 656 ) 
4 527 542 (1088 624 656 ) (1088 560 656 ) (1088 560 752 ) (1088 624 752 ) 
4 527 539 (1088 768 656 ) (1088 704 656 ) (1088 704 752 ) (1088 768 752 ) 
4 527 536 (1088 928 656 ) (1088 864 656 ) (1088 864 752 ) (1088 928 752 ) 
4 527 532 (1088 560 240 ) (1088 624 240 ) (1128 624 240 ) (1128 560 240 ) 
4 527 531 (1088 864 240 ) (1088 928 240 ) (1128 928 240 ) (1128 864 240 ) 
4 527 530 (1515.880005 744 240 ) (1384 608 240 ) (1252.120117 744 240 ) (1384 880 240 ) 
4 527 529 (1680 624 240 ) (1680 560 240 ) (1640 560 240 ) (1640 624 240 ) 
4 527 528 (1680 928 240 ) (1680 864 240 ) (1640 864 240 ) (1640 928 240 ) 
4 528 533 (1680 928 -2048 ) (1680 864 -2048 ) (1640 864 -2048 ) (1640 928 -2048 ) 
4 529 533 (1680 624 -2048 ) (1680 560 -2048 ) (1640 560 -2048 ) (1640 624 -2048 ) 
4 530 533 (1515.880005 744 -2048 ) (1384 608 -2048 ) (1252.120117 744 -2048 ) (1384 880 -2048 ) 
4 531 590 (1088 928 144 ) (1088 928 80 ) (1088 864 80 ) (1088 864 144 ) 
4 531 533 (1088 864 -2048 ) (1088 928 -2048 ) (1128 928 -2048 ) (1128 864 -2048 ) 
4 532 533 (1088 560 -2048 ) (1088 624 -2048 ) (1128 624 -2048 ) (1128 560 -2048 ) 
4 533 591 (1088 512 -2048 ) (1088 968 -2048 ) (1088 968 -4096 ) (1088 512 -4096 ) 
4 534 963 (1088 0 816 ) (1088 0 1176 ) (1072 0 1176 ) (1072 0 816 ) 
4 534 946 (1088 0 1176 ) (1088 0 1232 ) (1072 0 1232 ) (1072 0 1176 ) 
4 534 945 (1088 0 1232 ) (1088 0 3056 ) (1072 0 3056 ) (1072 0 1232 ) 
4 534 593 (1072 1024 3056 ) (1072 1024 816 ) (1072 0 816 ) (1072 0 3056 ) 
4 535 595 (1072 1024 752 ) (1072 1024 656 ) (1072 1008 656 ) (1072 1008 752 ) 
4 535 545 (1072 1008 656 ) (1072 1024 656 ) (1088 1024 656 ) (1088 1008 656 ) 
4 536 537 (1087 928 752 ) (1087 928 656 ) (1087 864 656 ) (1087 864 752 ) 
4 537 538 (1085 928 752 ) (1085 928 656 ) (1085 864 656 ) (1085 864 752 ) 
4 538 596 (1072 928 656 ) (1072 864 656 ) (1072 864 752 ) (1072 928 752 ) 
4 539 540 (1087 768 752 ) (1087 768 656 ) (1087 704 656 ) (1087 704 752 ) 
4 540 541 (1085 768 752 ) (1085 768 656 ) (1085 704 656 ) (1085 704 752 ) 
4 541 596 (1072 768 656 ) (1072 704 656 ) (1072 704 752 ) (1072 768 752 ) 
4 542 543 (1087 624 752 ) (1087 624 656 ) (1087 560 656 ) (1087 560 752 ) 
4 543 544 (1085 624 752 ) (1085 624 656 ) (1085 560 656 ) (1085 560 752 ) 
4 544 597 (1072 624 656 ) (1072 560 656 ) (1072 560 752 ) (1072 624 752 ) 
4 545 595 (1072 1024 656 ) (1072 1024 592 ) (1072 1008 592 ) (1072 1008 656 ) 
4 546 547 (1087 448 752 ) (1087 448 656 ) (1087 384 656 ) (1087 384 752 ) 
4 547 548 (1085 448 752 ) (1085 448 656 ) (1085 384 656 ) (1085 384 752 ) 
4 548 598 (1072 384 752 ) (1072 448 752 ) (1072 448 656 ) (1072 384 656 ) 
4 549 550 (1087 304 752 ) (1087 304 656 ) (1087 240 656 ) (1087 240 752 ) 
4 550 551 (1085 304 752 ) (1085 304 656 ) (1085 240 656 ) (1085 240 752 ) 
4 551 599 (1072 240 752 ) (1072 304 752 ) (1072 304 656 ) (1072 240 656 ) 
4 552 553 (1087 144 752 ) (1087 144 656 ) (1087 80 656 ) (1087 80 752 ) 
4 553 554 (1085 144 752 ) (1085 144 656 ) (1085 80 656 ) (1085 80 752 ) 
4 554 600 (1072 80 752 ) (1072 144 752 ) (1072 144 656 ) (1072 80 656 ) 
4 555 556 (1087 928 576 ) (1087 928 480 ) (1087 864 480 ) (1087 864 576 ) 
4 556 557 (1085 928 576 ) (1085 928 480 ) (1085 864 480 ) (1085 864 576 ) 
4 557 602 (1072 928 480 ) (1072 864 480 ) (1072 864 560 ) (1072 928 560 ) 
4 558 559 (1087 768 576 ) (1087 768 480 ) (1087 704 480 ) (1087 704 576 ) 
4 559 560 (1085 768 576 ) (1085 768 480 ) (1085 704 480 ) (1085 704 576 ) 
4 560 602 (1072 768 480 ) (1072 704 480 ) (1072 704 560 ) (1072 768 560 ) 
4 561 562 (1087 624 576 ) (1087 624 480 ) (1087 560 480 ) (1087 560 576 ) 
4 562 563 (1085 624 576 ) (1085 624 480 ) (1085 560 480 ) (1085 560 576 ) 
4 563 603 (1072 624 480 ) (1072 560 480 ) (1072 560 576 ) (1072 624 576 ) 
4 564 565 (1087 448 576 ) (1087 448 480 ) (1087 384 480 ) (1087 384 576 ) 
4 565 566 (1085 448 576 ) (1085 448 480 ) (1085 384 480 ) (1085 384 576 ) 
4 566 604 (1072 448 480 ) (1072 384 480 ) (1072 384 576 ) (1072 448 576 ) 
4 567 568 (1087 304 576 ) (1087 304 480 ) (1087 240 480 ) (1087 240 576 ) 
4 568 569 (1085 304 576 ) (1085 304 480 ) (1085 240 480 ) (1085 240 576 ) 
4 569 605 (1072 304 480 ) (1072 240 480 ) (1072 240 576 ) (1072 304 576 ) 
4 570 571 (1087 144 576 ) (1087 144 480 ) (1087 80 480 ) (1087 80 576 ) 
4 571 572 (1085 144 576 ) (1085 144 480 ) (1085 80 480 ) (1085 80 576 ) 
4 572 606 (1072 144 480 ) (1072 80 480 ) (1072 80 576 ) (1072 144 576 ) 
4 573 574 (1087 928 384 ) (1087 928 288 ) (1087 864 288 ) (1087 864 384 ) 
4 574 575 (1085 928 384 ) (1085 928 288 ) (1085 864 288 ) (1085 864 384 ) 
4 575 608 (1072 928 288 ) (1072 864 288 ) (1072 864 384 ) (1072 928 384 ) 
4 576 577 (1087 768 384 ) (1087 768 288 ) (1087 704 288 ) (1087 704 384 ) 
4 577 578 (1085 768 384 ) (1085 768 288 ) (1085 704 288 ) (1085 704 384 ) 
4 578 609 (1072 768 288 ) (1072 704 288 ) (1072 704 384 ) (1072 768 384 ) 
4 579 580 (1087 624 384 ) (1087 624 288 ) (1087 560 288 ) (1087 560 384 ) 
4 580 581 (1085 624 384 ) (1085 624 288 ) (1085 560 288 ) (1085 560 384 ) 
4 581 610 (1072 624 288 ) (1072 560 288 ) (1072 560 384 ) (1072 624 384 ) 
4 582 583 (1087 448 384 ) (1087 448 288 ) (1087 384 288 ) (1087 384 384 ) 
4 583 584 (1085 448 384 ) (1085 448 288 ) (1085 384 288 ) (1085 384 384 ) 
4 584 611 (1072 448 288 ) (1072 384 288 ) (1072 384 384 ) (1072 448 384 ) 
4 585 586 (1087 304 384 ) (1087 304 288 ) (1087 240 288 ) (1087 240 384 ) 
4 586 587 (1085 304 384 ) (1085 304 288 ) (1085 240 288 ) (1085 240 384 ) 
4 587 612 (1072 304 288 ) (1072 240 288 ) (1072 240 384 ) (1072 304 384 ) 
4 588 613 (1072 144 288 ) (1072 80 288 ) (1072 80 384 ) (1072 144 384 ) 
4 588 589 (1072 80 288 ) (1072 144 288 ) (1088 144 288 ) (1088 80 288 ) 
4 589 614 (1072 80 240 ) (1072 80 288 ) (1072 144 288 ) (1072 144 240 ) 
4 590 615 (1072 864 80 ) (1072 864 144 ) (1072 928 144 ) (1072 928 80 ) 
4 591 592 (1080 808 -3728 ) (1080 680 -3728 ) (1080 680 -3608 ) (1080 808 -3608 ) 
4 592 616 (1072 808 -3728 ) (1072 680 -3728 ) (1072 680 -3608 ) (1072 808 -3608 ) 
4 593 963 (1072 0 816 ) (1072 0 1176 ) (1056 0 1176 ) (1056 0 816 ) 
4 593 946 (1072 0 1176 ) (1072 0 1232 ) (1056 0 1232 ) (1056 0 1176 ) 
4 593 945 (1072 0 1232 ) (1072 0 3056 ) (1056 0 3056 ) (1056 0 1232 ) 
4 593 617 (1056 0 816 ) (1056 0 3056 ) (1056 1024 3056 ) (1056 1024 816 ) 
4 594 623 (1056 656 800 ) (1056 672 800 ) (1056 672 768 ) (1056 656 768 ) 
4 594 621 (1056 672 800 ) (1056 976 800 ) (1056 976 768 ) (1056 672 768 ) 
4 594 620 (1056 976 800 ) (1056 1008 800 ) (1056 1008 768 ) (1056 976 768 ) 
4 594 618 (1056 1008 800 ) (1056 1024 800 ) (1056 1024 768 ) (1056 1008 768 ) 
4 595 619 (1056 1008 752 ) (1056 1024 752 ) (1056 1024 592 ) (1056 1008 592 ) 
4 596 622 (1056 672 752 ) (1056 976 752 ) (1056 976 576 ) (1056 672 576 ) 
4 597 624 (1056 560 752 ) (1056 624 752 ) (1056 624 656 ) (1056 560 656 ) 
4 598 624 (1056 384 752 ) (1056 448 752 ) (1056 448 656 ) (1056 384 656 ) 
4 599 625 (1056 240 752 ) (1056 304 752 ) (1056 304 656 ) (1056 240 656 ) 
4 600 625 (1056 80 752 ) (1056 144 752 ) (1056 144 656 ) (1056 80 656 ) 
4 601 626 (1056 224 592 ) (1056 224 576 ) (1056 32 576 ) (1056 32 592 ) 
4 601 606 (1056 32 576 ) (1056 224 576 ) (1072 224 576 ) (1072 32 576 ) 
4 602 636 (1056 800 432 ) (1056 704 432 ) (1056 704 480 ) (1056 800 480 ) 
4 602 635 (1056 808 432 ) (1056 800 432 ) (1056 800 480 ) (1056 808 480 ) 
4 602 634 (1056 832 432 ) (1056 808 432 ) (1056 808 480 ) (1056 832 480 ) 
4 602 632 (1056 1024 480 ) (1056 1024 432 ) (1056 832 432 ) (1056 832 480 ) 
4 602 627 (1056 1024 560 ) (1056 1024 480 ) (1056 704 480 ) (1056 704 560 ) 
4 603 628 (1056 560 576 ) (1056 624 576 ) (1056 624 480 ) (1056 560 480 ) 
4 604 629 (1056 384 576 ) (1056 448 576 ) (1056 448 480 ) (1056 384 480 ) 
4 605 630 (1056 240 576 ) (1056 304 576 ) (1056 304 480 ) (1056 240 480 ) 
4 606 631 (1056 32 576 ) (1056 224 576 ) (1056 224 480 ) (1056 32 480 ) 
4 606 607 (1056 32 480 ) (1056 224 480 ) (1072 224 480 ) (1072 32 480 ) 
4 607 641 (1056 32 480 ) (1056 224 480 ) (1056 224 448 ) (1056 32 448 ) 
4 608 633 (1056 864 384 ) (1056 928 384 ) (1056 928 288 ) (1056 864 288 ) 
4 609 637 (1056 704 384 ) (1056 768 384 ) (1056 768 288 ) (1056 704 288 ) 
4 610 642 (1056 560 384 ) (1056 624 384 ) (1056 624 288 ) (1056 560 288 ) 
4 611 643 (1056 384 384 ) (1056 448 384 ) (1056 448 288 ) (1056 384 288 ) 
4 612 643 (1056 240 384 ) (1056 304 384 ) (1056 304 288 ) (1056 240 288 ) 
4 613 646 (1056 80 384 ) (1056 144 384 ) (1056 144 288 ) (1056 80 288 ) 
4 613 614 (1056 80 288 ) (1056 144 288 ) (1072 144 288 ) (1072 80 288 ) 
4 614 646 (1056 80 288 ) (1056 144 288 ) (1056 144 240 ) (1056 80 240 ) 
4 615 633 (1056 864 144 ) (1056 928 144 ) (1056 928 80 ) (1056 864 80 ) 
4 616 640 (1056 680 -3608 ) (1056 808 -3608 ) (1056 808 -3728 ) (1056 680 -3728 ) 
4 617 963 (1056 0 816 ) (1056 0 1176 ) (1024 0 1176 ) (1024 0 816 ) 
4 617 946 (1056 0 1176 ) (1056 0 1232 ) (1024 0 1232 ) (1024 0 1176 ) 
4 617 945 (1056 0 1232 ) (1056 0 3056 ) (1024 0 3056 ) (1024 0 1232 ) 
4 617 677 (1024 720 816 ) (1024 0 816 ) (1024 0 1024 ) (1024 720 1024 ) 
4 617 675 (1024 736 816 ) (1024 720 816 ) (1024 720 1024 ) (1024 736 1024 ) 
4 617 672 (1024 1024 1024 ) (1024 1024 816 ) (1024 736 816 ) (1024 736 1024 ) 
4 617 647 (1024 1024 3056 ) (1024 1024 1024 ) (1024 0 1024 ) (1024 0 3056 ) 
4 618 701 (1024 1024 800 ) (1024 1024 768 ) (1024 1008 768 ) (1024 1008 800 ) 
4 618 620 (1056 1008 768 ) (1056 1008 800 ) (1024 1008 800 ) (1024 1008 768 ) 
4 619 738 (1024 1024 608 ) (1024 1024 592 ) (1024 1008 592 ) (1024 1008 608 ) 
4 619 702 (1024 1024 752 ) (1024 1024 608 ) (1024 1008 608 ) (1024 1008 752 ) 
4 620 701 (1024 976 768 ) (1024 976 800 ) (1024 1008 800 ) (1024 1008 768 ) 
4 620 621 (1056 976 768 ) (1056 976 800 ) (1024 976 800 ) (1024 976 768 ) 
4 621 701 (1024 672 768 ) (1024 672 800 ) (1024 976 800 ) (1024 976 768 ) 
4 621 623 (1056 672 768 ) (1056 672 800 ) (1024 672 800 ) (1024 672 768 ) 
4 622 745 (1024 976 576 ) (1024 672 576 ) (1024 672 608 ) (1024 976 608 ) 
4 622 704 (1024 672 608 ) (1024 672 752 ) (1024 976 752 ) (1024 976 608 ) 
4 623 701 (1024 656 768 ) (1024 656 800 ) (1024 672 800 ) (1024 672 768 ) 
4 624 705 (1024 336 624 ) (1024 336 784 ) (1024 640 784 ) (1024 640 624 ) 
4 625 965 (1056 0 624 ) (1056 0 784 ) (1024 0 784 ) (1024 0 624 ) 
4 625 706 (1024 0 624 ) (1024 0 784 ) (1024 304 784 ) (1024 304 624 ) 
4 626 783 (1024 224 576 ) (1024 32 576 ) (1024 32 592 ) (1024 224 592 ) 
4 626 631 (1056 224 576 ) (1056 32 576 ) (1024 32 576 ) (1024 224 576 ) 
4 627 746 (1024 976 480 ) (1024 704 480 ) (1024 704 560 ) (1024 976 560 ) 
4 627 742 (1024 992 480 ) (1024 976 480 ) (1024 976 560 ) (1024 992 560 ) 
4 627 740 (1024 1024 560 ) (1024 1024 480 ) (1024 992 480 ) (1024 992 560 ) 
4 627 636 (1024 704 480 ) (1024 800 480 ) (1056 800 480 ) (1056 704 480 ) 
4 627 635 (1024 800 480 ) (1024 808 480 ) (1056 808 480 ) (1056 800 480 ) 
4 627 634 (1024 808 480 ) (1024 832 480 ) (1056 832 480 ) (1056 808 480 ) 
4 627 632 (1024 832 480 ) (1024 1024 480 ) (1056 1024 480 ) (1056 832 480 ) 
4 628 766 (1024 624 480 ) (1024 560 480 ) (1024 560 576 ) (1024 624 576 ) 
4 629 774 (1024 448 480 ) (1024 384 480 ) (1024 384 576 ) (1024 448 576 ) 
4 630 779 (1024 304 480 ) (1024 240 480 ) (1024 240 576 ) (1024 304 576 ) 
4 631 783 (1024 224 480 ) (1024 32 480 ) (1024 32 576 ) (1024 224 576 ) 
4 631 641 (1024 32 480 ) (1024 224 480 ) (1056 224 480 ) (1056 32 480 ) 
4 632 746 (1024 976 432 ) (1024 832 432 ) (1024 832 480 ) (1024 976 480 ) 
4 632 742 (1024 992 432 ) (1024 976 432 ) (1024 976 480 ) (1024 992 480 ) 
4 632 740 (1024 1024 480 ) (1024 1024 432 ) (1024 992 432 ) (1024 992 480 ) 
4 632 634 (1056 832 432 ) (1056 832 480 ) (1024 832 480 ) (1024 832 432 ) 
4 633 814 (1024 1024 236 ) (1024 1024 16 ) (1024 832 16 ) (1024 832 236 ) 
4 633 748 (1024 976 236 ) (1024 832 236 ) (1024 832 400 ) (1024 976 400 ) 
4 633 744 (1024 992 236 ) (1024 976 236 ) (1024 976 400 ) (1024 992 400 ) 
4 633 743 (1024 1024 400 ) (1024 1024 236 ) (1024 992 236 ) (1024 992 400 ) 
4 634 746 (1024 808 432 ) (1024 808 480 ) (1024 832 480 ) (1024 832 432 ) 
4 634 635 (1056 808 432 ) (1056 808 480 ) (1024 808 480 ) (1024 808 432 ) 
4 635 746 (1024 800 480 ) (1024 808 480 ) (1024 808 432 ) (1024 800 432 ) 
4 635 636 (1056 800 432 ) (1056 800 480 ) (1024 800 480 ) (1024 800 432 ) 
4 636 746 (1024 704 480 ) (1024 800 480 ) (1024 800 432 ) (1024 704 432 ) 
4 637 750 (1024 704 288 ) (1024 688 288 ) (1024 688 400 ) (1024 704 400 ) 
4 637 749 (1024 800 400 ) (1024 800 288 ) (1024 704 288 ) (1024 704 400 ) 
4 638 818 (1024 808 216 ) (1024 808 8 ) (1024 688 8 ) (1024 688 216 ) 
4 638 639 (1048 688 8 ) (1048 688 216 ) (1024 688 216 ) (1024 688 8 ) 
4 639 818 (1024 656 8 ) (1024 656 216 ) (1024 688 216 ) (1024 688 8 ) 
4 639 644 (1024 656 216 ) (1024 656 8 ) (1048 656 8 ) (1048 656 216 ) 
4 640 942 (1024 680 -3608 ) (1024 808 -3608 ) (1024 808 -3728 ) (1024 680 -3728 ) 
4 641 783 (1024 32 480 ) (1024 224 480 ) (1024 224 448 ) (1024 32 448 ) 
4 642 768 (1024 528 400 ) (1024 656 400 ) (1024 656 240 ) (1024 528 240 ) 
4 643 789 (1024 208 400 ) (1024 240 400 ) (1024 240 240 ) (1024 208 240 ) 
4 643 781 (1024 240 400 ) (1024 496 400 ) (1024 496 240 ) (1024 240 240 ) 
4 644 821 (1024 496 8 ) (1024 496 216 ) (1024 528 216 ) (1024 528 8 ) 
4 644 818 (1024 528 216 ) (1024 656 216 ) (1024 656 8 ) (1024 528 8 ) 
4 644 645 (1048 496 8 ) (1048 496 216 ) (1024 496 216 ) (1024 496 8 ) 
4 645 824 (1024 184 8 ) (1024 184 216 ) (1024 208 216 ) (1024 208 8 ) 
4 645 823 (1024 208 216 ) (1024 496 216 ) (1024 496 8 ) (1024 208 8 ) 
4 646 966 (1056 0 240 ) (1056 0 400 ) (1024 0 400 ) (1024 0 240 ) 
4 646 790 (1024 0 240 ) (1024 0 400 ) (1024 176 400 ) (1024 176 240 ) 
4 647 967 (1024 0 1024 ) (1024 0 3056 ) (736 0 3056 ) (736 0 1024 ) 
4 647 677 (1024 0 1024 ) (736 0 1024 ) (736 720 1024 ) (1024 720 1024 ) 
4 647 675 (736 720 1024 ) (736 736 1024 ) (1024 736 1024 ) (1024 720 1024 ) 
4 647 672 (736 736 1024 ) (736 1024 1024 ) (1024 1024 1024 ) (1024 736 1024 ) 
4 647 649 (736 320 1312 ) (736 80 1312 ) (736 80 1400 ) (736 320 1400 ) 
4 647 648 (736 936 1312 ) (736 656 1312 ) (736 656 1400 ) (736 936 1400 ) 
4 648 650 (712 656 1400 ) (712 936 1400 ) (712 936 1312 ) (712 656 1312 ) 
4 649 650 (712 80 1400 ) (712 320 1400 ) (712 320 1312 ) (712 80 1312 ) 
4 651 655 (88 712 1248 ) (88 1024 1248 ) (88 1024 1032 ) (88 712 1032 ) 
4 651 656 (88 504 1248 ) (88 712 1248 ) (88 712 1032 ) (88 504 1032 ) 
4 651 654 (88 500 1032 ) (88 504 1032 ) (712 504 1032 ) (712 500 1032 ) 
4 651 653 (88 504 1032 ) (88 712 1032 ) (712 712 1032 ) (712 504 1032 ) 
4 651 652 (88 500 1032 ) (712 500 1032 ) (712 500 1248 ) (88 500 1248 ) 
4 652 657 (88 240 1200 ) (88 288 1200 ) (88 288 1152 ) (88 240 1152 ) 
4 652 654 (88 328 1032 ) (88 500 1032 ) (712 500 1032 ) (712 328 1032 ) 
4 653 682 (88 504 1024 ) (88 704 1024 ) (712 704 1024 ) (712 504 1024 ) 
4 653 679 (88 704 1024 ) (88 712 1024 ) (712 712 1024 ) (712 704 1024 ) 
4 653 656 (88 712 1024 ) (88 504 1024 ) (88 504 1032 ) (88 712 1032 ) 
4 653 654 (712 504 1024 ) (712 504 1032 ) (88 504 1032 ) (88 504 1024 ) 
4 654 683 (88 328 1024 ) (88 504 1024 ) (712 504 1024 ) (712 328 1024 ) 
4 655 662 (80 1024 1152 ) (80 1024 1032 ) (80 712 1032 ) (80 712 1152 ) 
4 655 659 (80 1024 1200 ) (80 1024 1152 ) (80 712 1152 ) (80 712 1200 ) 
4 655 658 (80 1024 1248 ) (80 1024 1200 ) (80 712 1200 ) (80 712 1248 ) 
4 655 656 (88 712 1032 ) (88 712 1248 ) (80 712 1248 ) (80 712 1032 ) 
4 656 684 (80 504 1024 ) (80 704 1024 ) (88 704 1024 ) (88 504 1024 ) 
4 656 679 (80 704 1024 ) (80 712 1024 ) (88 712 1024 ) (88 704 1024 ) 
4 656 663 (80 712 1024 ) (80 504 1024 ) (80 504 1152 ) (80 712 1152 ) 
4 656 659 (80 504 1152 ) (80 504 1200 ) (80 712 1200 ) (80 712 1152 ) 
4 656 658 (80 504 1200 ) (80 504 1248 ) (80 712 1248 ) (80 712 1200 ) 
4 657 660 (80 240 1200 ) (80 288 1200 ) (80 288 1152 ) (80 240 1152 ) 
4 658 668 (64 1024 1216 ) (64 1024 1200 ) (64 712 1200 ) (64 712 1216 ) 
4 658 669 (64 712 1200 ) (64 504 1200 ) (64 504 1216 ) (64 712 1216 ) 
4 658 667 (64 512 1216 ) (64 504 1216 ) (64 504 1248 ) (64 512 1248 ) 
4 658 666 (64 704 1216 ) (64 512 1216 ) (64 512 1248 ) (64 704 1248 ) 
4 658 665 (64 1024 1248 ) (64 1024 1216 ) (64 704 1216 ) (64 704 1248 ) 
4 658 659 (64 504 1200 ) (64 1024 1200 ) (80 1024 1200 ) (80 504 1200 ) 
4 659 668 (64 1024 1200 ) (64 1024 1152 ) (64 712 1152 ) (64 712 1200 ) 
4 659 669 (64 712 1152 ) (64 504 1152 ) (64 504 1200 ) (64 712 1200 ) 
4 659 662 (64 712 1152 ) (64 1024 1152 ) (80 1024 1152 ) (80 712 1152 ) 
4 659 663 (64 504 1152 ) (64 712 1152 ) (80 712 1152 ) (80 504 1152 ) 
4 660 670 (64 288 1152 ) (64 240 1152 ) (64 240 1200 ) (64 288 1200 ) 
4 661 980 (64 0 1200 ) (64 0 1152 ) (80 0 1152 ) (80 0 1200 ) 
4 661 671 (64 176 1152 ) (64 0 1152 ) (64 0 1200 ) (64 176 1200 ) 
4 661 664 (64 0 1152 ) (64 176 1152 ) (80 176 1152 ) (80 0 1152 ) 
4 662 668 (64 1024 1152 ) (64 1024 1032 ) (64 712 1032 ) (64 712 1152 ) 
4 662 663 (80 712 1032 ) (80 712 1152 ) (64 712 1152 ) (64 712 1032 ) 
4 663 690 (64 504 1024 ) (64 712 1024 ) (80 712 1024 ) (80 504 1024 ) 
4 663 669 (64 712 1024 ) (64 504 1024 ) (64 504 1152 ) (64 712 1152 ) 
4 664 980 (64 0 1152 ) (64 0 1024 ) (80 0 1024 ) (80 0 1152 ) 
4 664 671 (64 176 1024 ) (64 0 1024 ) (64 0 1152 ) (64 176 1152 ) 
4 665 668 (18 1024 1216 ) (64 1024 1216 ) (64 712 1216 ) (18 712 1216 ) 
4 665 669 (64 712 1216 ) (64 704 1216 ) (18 704 1216 ) (18 712 1216 ) 
4 665 666 (18 704 1216 ) (64 704 1216 ) (64 704 1248 ) (18 704 1248 ) 
4 666 669 (18 704 1216 ) (64 704 1216 ) (64 512 1216 ) (18 512 1216 ) 
4 666 667 (18 512 1216 ) (64 512 1216 ) (64 512 1248 ) (18 512 1248 ) 
4 667 669 (18 512 1216 ) (64 512 1216 ) (64 504 1216 ) (18 504 1216 ) 
4 668 669 (18 712 1216 ) (18 712 1032 ) (64 712 1032 ) (64 712 1216 ) 
4 669 690 (64 712 1024 ) (64 504 1024 ) (18 504 1024 ) (18 712 1024 ) 
4 670 1122 (0 336 1024 ) (0 192 1024 ) (0 192 1216 ) (0 336 1216 ) 
4 670 693 (0 192 1024 ) (0 336 1024 ) (64 336 1024 ) (64 192 1024 ) 
4 671 1123 (0 176 1024 ) (0 0 1024 ) (0 0 1200 ) (0 176 1200 ) 
4 671 985 (0 0 1200 ) (0 0 1024 ) (48 0 1024 ) (48 0 1200 ) 
4 671 982 (48 0 1024 ) (64 0 1024 ) (64 0 1200 ) (48 0 1200 ) 
4 672 675 (1024 736 816 ) (1024 736 1024 ) (736 736 1024 ) (736 736 816 ) 
4 673 676 (96 736 832 ) (144 736 832 ) (144 736 880 ) (96 736 880 ) 
4 673 674 (32 752 944 ) (32 832 944 ) (32 832 848 ) (32 752 848 ) 
4 674 1097 (0 832 848 ) (0 752 848 ) (0 752 944 ) (0 832 944 ) 
4 675 677 (1024 720 816 ) (1024 720 1024 ) (736 720 1024 ) (736 720 816 ) 
4 676 680 (144 720 832 ) (144 720 880 ) (96 720 880 ) (96 720 832 ) 
4 677 989 (1024 0 816 ) (1024 0 1024 ) (736 0 1024 ) (736 0 816 ) 
4 677 678 (736 384 832 ) (736 384 928 ) (736 480 928 ) (736 480 832 ) 
4 678 685 (720 384 832 ) (720 384 928 ) (720 480 928 ) (720 480 832 ) 
4 679 690 (80 712 952 ) (80 704 952 ) (80 704 1024 ) (80 712 1024 ) 
4 679 684 (80 704 1024 ) (80 704 952 ) (88 704 952 ) (88 704 1024 ) 
4 679 682 (88 704 952 ) (712 704 952 ) (712 704 1024 ) (88 704 1024 ) 
4 680 685 (144 704 832 ) (144 704 880 ) (96 704 880 ) (96 704 832 ) 
4 681 688 (80 704 816 ) (80 704 800 ) (96 704 800 ) (96 704 816 ) 
4 681 686 (96 704 800 ) (720 704 800 ) (720 704 816 ) (96 704 816 ) 
4 682 684 (88 704 1024 ) (88 704 952 ) (88 504 952 ) (88 504 1024 ) 
4 682 683 (88 504 1024 ) (88 504 952 ) (712 504 952 ) (712 504 1024 ) 
4 684 690 (80 504 1024 ) (80 704 1024 ) (80 704 952 ) (80 504 952 ) 
4 686 688 (96 704 816 ) (96 704 800 ) (96 336 800 ) (96 336 816 ) 
4 686 687 (96 336 816 ) (96 336 800 ) (720 336 800 ) (720 336 816 ) 
4 687 688 (96 320 800 ) (96 320 816 ) (96 336 816 ) (96 336 800 ) 
4 688 692 (80 480 800 ) (80 464 800 ) (80 464 816 ) (80 480 816 ) 
4 689 994 (96 0 1008 ) (96 0 800 ) (704 0 800 ) (704 0 1008 ) 
4 689 724 (704 0 800 ) (96 0 800 ) (96 304 800 ) (704 304 800 ) 
4 690 691 (18 712 952 ) (78 712 952 ) (78 504 952 ) (18 504 952 ) 
4 692 733 (64 464 800 ) (64 480 800 ) (80 480 800 ) (80 464 800 ) 
4 692 695 (64 480 816 ) (64 480 800 ) (64 464 800 ) (64 464 816 ) 
4 693 1124 (0 192 1024 ) (0 336 1024 ) (0 336 1008 ) (0 192 1008 ) 
4 693 694 (0 192 1008 ) (0 336 1008 ) (64 336 1008 ) (64 192 1008 ) 
4 694 1125 (0 48 848 ) (0 48 1008 ) (0 480 1008 ) (0 480 848 ) 
4 694 696 (64 48 944 ) (64 48 1008 ) (16 48 1008 ) (16 48 944 ) 
4 695 1128 (0 480 800 ) (0 48 800 ) (0 48 816 ) (0 480 816 ) 
4 695 735 (0 48 800 ) (0 480 800 ) (64 480 800 ) (64 48 800 ) 
4 695 698 (0 48 800 ) (16 48 800 ) (16 48 816 ) (0 48 816 ) 
4 695 697 (16 48 800 ) (64 48 800 ) (64 48 816 ) (16 48 816 ) 
4 696 699 (64 16 944 ) (64 16 1008 ) (16 16 1008 ) (16 16 944 ) 
4 697 735 (16 48 800 ) (64 48 800 ) (64 16 800 ) (16 16 800 ) 
4 697 700 (16 16 800 ) (64 16 800 ) (64 16 816 ) (16 16 816 ) 
4 697 698 (16 48 816 ) (16 48 800 ) (16 16 800 ) (16 16 816 ) 
4 698 1128 (0 48 800 ) (0 16 800 ) (0 16 816 ) (0 48 816 ) 
4 698 735 (0 16 800 ) (0 48 800 ) (16 48 800 ) (16 16 800 ) 
4 698 700 (0 16 800 ) (16 16 800 ) (16 16 816 ) (0 16 816 ) 
4 699 1126 (0 0 848 ) (0 0 1008 ) (0 16 1008 ) (0 16 848 ) 
4 699 999 (0 0 1008 ) (0 0 848 ) (64 0 848 ) (64 0 1008 ) 
4 700 1128 (0 16 800 ) (0 0 800 ) (0 0 816 ) (0 16 816 ) 
4 700 1000 (0 0 816 ) (0 0 800 ) (64 0 800 ) (64 0 816 ) 
4 700 735 (64 0 800 ) (0 0 800 ) (0 16 800 ) (64 16 800 ) 
4 701 707 (736 656 768 ) (736 656 800 ) (736 1024 800 ) (736 1024 768 ) 
4 702 738 (848 1024 608 ) (1024 1024 608 ) (1024 1008 608 ) (848 1008 608 ) 
4 703 739 (736 976 608 ) (736 1024 608 ) (816 1024 608 ) (816 976 608 ) 
4 703 704 (736 976 752 ) (736 976 608 ) (816 976 608 ) (816 976 752 ) 
4 704 745 (736 672 608 ) (736 976 608 ) (1024 976 608 ) (1024 672 608 ) 
4 705 709 (736 352 736 ) (736 432 736 ) (736 432 624 ) (736 352 624 ) 
4 706 1001 (1024 0 624 ) (1024 0 784 ) (736 0 784 ) (736 0 624 ) 
4 706 710 (736 0 624 ) (736 0 736 ) (736 304 736 ) (736 304 624 ) 
4 706 708 (736 0 736 ) (736 0 784 ) (736 304 784 ) (736 304 736 ) 
4 708 1001 (720 0 784 ) (720 0 736 ) (736 0 736 ) (736 0 784 ) 
4 708 712 (720 0 736 ) (720 0 784 ) (720 304 784 ) (720 304 736 ) 
4 708 710 (720 0 736 ) (720 304 736 ) (736 304 736 ) (736 0 736 ) 
4 709 711 (720 432 624 ) (720 352 624 ) (720 352 736 ) (720 432 736 ) 
4 710 1001 (720 0 736 ) (720 0 624 ) (736 0 624 ) (736 0 736 ) 
4 710 712 (720 304 624 ) (720 0 624 ) (720 0 736 ) (720 304 736 ) 
4 711 720 (704 432 624 ) (704 352 624 ) (704 352 736 ) (704 432 736 ) 
4 712 1001 (712 0 624 ) (720 0 624 ) (720 0 784 ) (712 0 784 ) 
4 712 713 (712 0 784 ) (712 144 784 ) (712 144 624 ) (712 0 624 ) 
4 713 1002 (704 0 784 ) (704 0 624 ) (712 0 624 ) (712 0 784 ) 
4 713 724 (704 0 624 ) (704 0 784 ) (704 144 784 ) (704 144 624 ) 
4 714 717 (704 896 624 ) (704 896 784 ) (256 896 784 ) (256 896 624 ) 
4 714 715 (256 896 624 ) (256 896 736 ) (256 976 736 ) (256 976 624 ) 
4 715 716 (224 896 624 ) (224 896 736 ) (224 976 736 ) (224 976 624 ) 
4 716 725 (96 896 624 ) (96 896 784 ) (96 1024 784 ) (96 1024 624 ) 
4 716 719 (96 896 784 ) (96 896 624 ) (224 896 624 ) (224 896 784 ) 
4 717 718 (608 704 624 ) (704 704 624 ) (704 704 784 ) (608 704 784 ) 
4 718 720 (704 672 624 ) (704 672 784 ) (608 672 784 ) (608 672 624 ) 
4 719 725 (96 672 624 ) (96 672 784 ) (96 896 784 ) (96 896 624 ) 
4 719 721 (96 672 784 ) (96 672 624 ) (224 672 624 ) (224 672 784 ) 
4 721 725 (96 512 624 ) (96 512 784 ) (96 672 784 ) (96 672 624 ) 
4 721 722 (96 512 784 ) (96 512 624 ) (576 512 624 ) (576 512 784 ) 
4 722 734 (96 448 768 ) (96 448 624 ) (96 352 624 ) (96 352 768 ) 
4 722 723 (464 336 624 ) (544 336 624 ) (544 336 736 ) (464 336 736 ) 
4 723 724 (464 304 624 ) (544 304 624 ) (544 304 736 ) (464 304 736 ) 
4 724 1003 (704 0 800 ) (96 0 800 ) (96 0 624 ) (704 0 624 ) 
4 725 728 (48 960 712 ) (48 960 624 ) (48 864 624 ) (48 864 712 ) 
4 726 1101 (0 1024 800 ) (0 1024 768 ) (0 960 768 ) (0 960 800 ) 
4 726 727 (32 960 768 ) (32 960 800 ) (0 960 800 ) (0 960 768 ) 
4 727 1101 (0 864 768 ) (0 864 800 ) (0 960 800 ) (0 960 768 ) 
4 727 730 (16 864 800 ) (0 864 800 ) (0 864 768 ) (16 864 768 ) 
4 727 729 (32 864 800 ) (16 864 800 ) (16 864 768 ) (32 864 768 ) 
4 728 1138 (0 864 624 ) (0 864 648 ) (0 960 648 ) (0 960 624 ) 
4 728 1109 (0 864 648 ) (0 864 712 ) (0 960 712 ) (0 960 648 ) 
4 729 731 (32 704 768 ) (32 704 800 ) (16 704 800 ) (16 704 768 ) 
4 729 730 (16 864 800 ) (16 864 768 ) (16 720 768 ) (16 720 800 ) 
4 730 1101 (0 720 800 ) (0 864 800 ) (0 864 768 ) (0 720 768 ) 
4 731 732 (16 512 608 ) (32 512 608 ) (32 512 800 ) (16 512 800 ) 
4 733 736 (64 464 624 ) (64 464 648 ) (64 480 648 ) (64 480 624 ) 
4 733 735 (64 464 648 ) (64 464 800 ) (64 480 800 ) (64 480 648 ) 
4 734 737 (64 352 624 ) (64 352 648 ) (64 448 648 ) (64 448 624 ) 
4 734 735 (64 352 648 ) (64 352 768 ) (64 448 768 ) (64 448 648 ) 
4 735 1128 (0 0 648 ) (0 0 800 ) (0 480 800 ) (0 480 648 ) 
4 735 1004 (64 0 800 ) (0 0 800 ) (0 0 648 ) (64 0 648 ) 
4 735 737 (64 464 648 ) (64 0 648 ) (0 0 648 ) (0 464 648 ) 
4 735 736 (0 480 648 ) (64 480 648 ) (64 464 648 ) (0 464 648 ) 
4 736 1146 (0 464 648 ) (0 480 648 ) (0 480 624 ) (0 464 624 ) 
4 736 737 (0 464 624 ) (64 464 624 ) (64 464 648 ) (0 464 648 ) 
4 737 1148 (0 0 624 ) (0 0 648 ) (0 464 648 ) (0 464 624 ) 
4 737 1005 (0 0 648 ) (0 0 624 ) (64 0 624 ) (64 0 648 ) 
4 739 745 (736 976 608 ) (736 976 576 ) (816 976 576 ) (816 976 608 ) 
4 740 742 (912 992 432 ) (1024 992 432 ) (1024 992 560 ) (912 992 560 ) 
4 742 746 (912 976 432 ) (1024 976 432 ) (1024 976 560 ) (912 976 560 ) 
4 743 814 (736 1024 236 ) (1024 1024 236 ) (1024 992 236 ) (736 992 236 ) 
4 743 754 (736 1024 236 ) (736 992 236 ) (736 992 400 ) (736 1024 400 ) 
4 743 744 (736 992 400 ) (736 992 236 ) (1024 992 236 ) (1024 992 400 ) 
4 744 814 (1024 992 236 ) (1024 976 236 ) (736 976 236 ) (736 992 236 ) 
4 744 754 (736 992 236 ) (736 976 236 ) (736 976 400 ) (736 992 400 ) 
4 744 748 (736 976 400 ) (736 976 236 ) (1024 976 236 ) (1024 976 400 ) 
4 745 751 (736 704 592 ) (736 880 592 ) (736 880 576 ) (736 704 576 ) 
4 745 747 (736 704 576 ) (736 880 576 ) (896 880 576 ) (896 704 576 ) 
4 747 751 (736 704 448 ) (736 704 576 ) (736 880 576 ) (736 880 448 ) 
4 748 814 (1024 976 236 ) (1024 832 236 ) (736 832 236 ) (736 976 236 ) 
4 748 754 (736 976 236 ) (736 832 236 ) (736 832 400 ) (736 976 400 ) 
4 749 755 (736 704 288 ) (736 704 400 ) (736 800 400 ) (736 800 288 ) 
4 749 750 (736 704 400 ) (736 704 288 ) (1024 704 288 ) (1024 704 400 ) 
4 750 755 (736 688 288 ) (736 688 400 ) (736 704 400 ) (736 704 288 ) 
4 751 752 (704 704 448 ) (704 704 592 ) (704 880 592 ) (704 880 448 ) 
4 752 753 (656 1024 432 ) (656 656 432 ) (656 656 592 ) (656 1024 592 ) 
4 753 767 (656 656 592 ) (624 656 592 ) (624 656 432 ) (656 656 432 ) 
4 753 756 (624 656 432 ) (624 656 592 ) (624 1024 592 ) (624 1024 432 ) 
4 754 814 (624 1024 236 ) (736 1024 236 ) (736 832 236 ) (624 832 236 ) 
4 756 767 (624 656 432 ) (624 656 592 ) (592 656 592 ) (592 656 432 ) 
4 756 761 (592 656 432 ) (592 656 592 ) (592 688 592 ) (592 688 432 ) 
4 756 757 (592 688 592 ) (592 1024 592 ) (592 1024 432 ) (592 688 432 ) 
4 757 765 (112 688 592 ) (48 688 592 ) (48 688 432 ) (112 688 432 ) 
4 757 763 (176 688 592 ) (112 688 592 ) (112 688 432 ) (176 688 432 ) 
4 757 761 (592 688 432 ) (592 688 592 ) (176 688 592 ) (176 688 432 ) 
4 758 1184 (0 1008 272 ) (0 880 272 ) (0 880 400 ) (0 1008 400 ) 
4 758 1182 (0 1024 400 ) (0 1024 272 ) (0 1008 272 ) (0 1008 400 ) 
4 758 759 (592 880 272 ) (0 880 272 ) (0 1024 272 ) (592 1024 272 ) 
4 759 1185 (0 1008 240 ) (0 880 240 ) (0 880 272 ) (0 1008 272 ) 
4 759 1183 (0 1024 272 ) (0 1024 240 ) (0 1008 240 ) (0 1008 272 ) 
4 760 1190 (0 688 240 ) (0 688 400 ) (0 848 400 ) (0 848 240 ) 
4 760 764 (112 688 336 ) (112 688 240 ) (176 688 240 ) (176 688 336 ) 
4 760 762 (592 688 240 ) (592 688 400 ) (432 688 400 ) (432 688 240 ) 
4 761 767 (592 656 432 ) (592 656 592 ) (176 656 592 ) (176 656 432 ) 
4 761 763 (176 688 592 ) (176 688 432 ) (176 656 432 ) (176 656 592 ) 
4 762 769 (592 656 240 ) (592 656 400 ) (432 656 400 ) (432 656 240 ) 
4 763 767 (176 656 432 ) (176 656 592 ) (112 656 592 ) (112 656 432 ) 
4 763 765 (112 688 592 ) (112 688 432 ) (112 656 432 ) (112 656 592 ) 
4 764 770 (176 656 240 ) (176 656 336 ) (112 656 336 ) (112 656 240 ) 
4 765 767 (112 656 432 ) (112 656 592 ) (48 656 592 ) (48 656 432 ) 
4 766 771 (1024 528 448 ) (1024 528 592 ) (688 528 592 ) (688 528 448 ) 
4 767 772 (528 528 448 ) (528 528 560 ) (448 528 560 ) (448 528 448 ) 
4 770 773 (48 528 400 ) (48 528 240 ) (400 528 240 ) (400 528 400 ) 
4 771 774 (1024 496 448 ) (1024 496 592 ) (688 496 592 ) (688 496 448 ) 
4 772 776 (528 496 448 ) (528 496 560 ) (448 496 560 ) (448 496 448 ) 
4 773 793 (400 496 240 ) (400 496 400 ) (48 496 400 ) (48 496 240 ) 
4 774 777 (1024 368 448 ) (1024 368 592 ) (688 368 592 ) (688 368 448 ) 
4 774 775 (688 496 592 ) (688 496 448 ) (688 368 448 ) (688 368 592 ) 
4 775 776 (672 496 448 ) (672 368 448 ) (672 368 592 ) (672 496 592 ) 
4 776 792 (400 496 592 ) (400 496 448 ) (400 368 448 ) (400 368 592 ) 
4 776 778 (448 368 448 ) (528 368 448 ) (528 368 560 ) (448 368 560 ) 
4 777 779 (1024 352 448 ) (1024 352 592 ) (688 352 592 ) (688 352 448 ) 
4 778 780 (528 352 448 ) (528 352 560 ) (448 352 560 ) (448 352 448 ) 
4 780 797 (400 240 432 ) (400 240 592 ) (400 336 592 ) (400 336 432 ) 
4 780 795 (400 336 592 ) (400 352 592 ) (400 352 432 ) (400 336 432 ) 
4 780 788 (400 240 448 ) (400 240 432 ) (672 240 432 ) (672 240 448 ) 
4 780 787 (400 240 592 ) (400 240 448 ) (672 240 448 ) (672 240 592 ) 
4 781 789 (1024 240 240 ) (1024 240 400 ) (432 240 400 ) (432 240 240 ) 
4 781 782 (432 240 240 ) (432 240 400 ) (432 384 400 ) (432 384 240 ) 
4 782 799 (400 240 240 ) (400 240 400 ) (400 336 400 ) (400 336 240 ) 
4 782 796 (400 336 400 ) (400 352 400 ) (400 352 240 ) (400 336 240 ) 
4 782 793 (400 352 400 ) (400 384 400 ) (400 384 240 ) (400 352 240 ) 
4 783 784 (960 32 448 ) (960 32 592 ) (960 224 592 ) (960 224 448 ) 
4 784 786 (688 128 448 ) (688 64 448 ) (688 64 512 ) (688 128 512 ) 
4 784 785 (688 32 592 ) (688 32 448 ) (960 32 448 ) (960 32 592 ) 
4 785 1009 (688 0 592 ) (688 0 448 ) (960 0 448 ) (960 0 592 ) 
4 786 787 (672 128 448 ) (672 64 448 ) (672 64 512 ) (672 128 512 ) 
4 787 1010 (400 0 592 ) (400 0 448 ) (560 0 448 ) (560 0 592 ) 
4 787 801 (400 0 448 ) (400 0 592 ) (400 176 592 ) (400 176 448 ) 
4 787 797 (400 176 592 ) (400 240 592 ) (400 240 448 ) (400 176 448 ) 
4 787 788 (672 0 448 ) (400 0 448 ) (400 240 448 ) (672 240 448 ) 
4 788 1010 (560 0 448 ) (400 0 448 ) (400 0 432 ) (560 0 432 ) 
4 788 801 (400 0 432 ) (400 0 448 ) (400 176 448 ) (400 176 432 ) 
4 788 797 (400 176 448 ) (400 240 448 ) (400 240 432 ) (400 176 432 ) 
4 790 1031 (560 0 400 ) (400 0 400 ) (400 0 240 ) (560 0 240 ) 
4 790 1030 (1024 0 240 ) (1024 0 400 ) (560 0 400 ) (560 0 240 ) 
4 790 806 (400 0 240 ) (400 0 400 ) (400 16 400 ) (400 16 240 ) 
4 790 803 (400 16 400 ) (400 176 400 ) (400 176 240 ) (400 16 240 ) 
4 790 791 (400 0 240 ) (400 128 240 ) (992 128 240 ) (992 0 240 ) 
4 791 1034 (992 0 240 ) (400 0 240 ) (400 0 236 ) (992 0 236 ) 
4 791 834 (432 0 236 ) (400 0 236 ) (400 128 236 ) (432 128 236 ) 
4 791 825 (992 0 236 ) (432 0 236 ) (432 128 236 ) (992 128 236 ) 
4 791 807 (400 128 236 ) (400 0 236 ) (400 0 240 ) (400 128 240 ) 
4 792 794 (48 496 592 ) (48 496 448 ) (48 368 448 ) (48 368 592 ) 
4 793 796 (400 352 240 ) (400 352 400 ) (48 352 400 ) (48 352 240 ) 
4 794 809 (32 380 568 ) (32 484 568 ) (32 484 448 ) (32 380 448 ) 
4 794 808 (32 484 588 ) (32 484 568 ) (32 380 568 ) (32 380 588 ) 
4 795 797 (400 336 432 ) (400 336 592 ) (320 336 592 ) (320 336 432 ) 
4 796 799 (400 336 240 ) (400 336 400 ) (48 336 400 ) (48 336 240 ) 
4 797 801 (320 176 432 ) (400 176 432 ) (400 176 592 ) (320 176 592 ) 
4 798 802 (32 176 592 ) (32 176 432 ) (288 176 432 ) (288 176 592 ) 
4 799 800 (80 208 384 ) (80 208 240 ) (160 208 240 ) (160 208 384 ) 
4 800 805 (160 176 240 ) (160 176 384 ) (80 176 384 ) (80 176 240 ) 
4 801 1010 (352 0 432 ) (400 0 432 ) (400 0 592 ) (352 0 592 ) 
4 802 1011 (32 0 592 ) (32 0 432 ) (288 0 432 ) (288 0 592 ) 
4 802 811 (32 64 568 ) (32 128 568 ) (32 128 448 ) (32 64 448 ) 
4 803 807 (400 128 240 ) (400 16 240 ) (208 16 240 ) (208 128 240 ) 
4 803 806 (208 16 240 ) (400 16 240 ) (400 16 400 ) (208 16 400 ) 
4 803 804 (208 176 240 ) (208 128 240 ) (208 128 400 ) (208 176 400 ) 
4 804 805 (176 176 240 ) (176 128 240 ) (176 128 400 ) (176 176 400 ) 
4 806 1032 (208 0 240 ) (352 0 240 ) (352 0 400 ) (208 0 400 ) 
4 806 1031 (352 0 240 ) (400 0 240 ) (400 0 400 ) (352 0 400 ) 
4 806 807 (208 16 240 ) (400 16 240 ) (400 0 240 ) (208 0 240 ) 
4 807 1034 (208 0 236 ) (400 0 236 ) (400 0 240 ) (208 0 240 ) 
4 807 834 (400 0 236 ) (208 0 236 ) (208 128 236 ) (400 128 236 ) 
4 808 809 (32 484 568 ) (32 380 568 ) (12 380 568 ) (12 484 568 ) 
4 809 810 (12 464 448 ) (12 400 448 ) (12 400 568 ) (12 464 568 ) 
4 810 1155 (0 400 568 ) (0 464 568 ) (0 464 448 ) (0 400 448 ) 
4 811 1156 (0 64 568 ) (0 128 568 ) (0 128 448 ) (0 64 448 ) 
4 812 1192 (0 592 240 ) (0 592 400 ) (0 656 400 ) (0 656 240 ) 
4 813 1217 (0 496 236 ) (0 0 236 ) (0 0 408 ) (0 496 408 ) 
4 813 1194 (0 568 236 ) (0 496 236 ) (0 496 408 ) (0 568 408 ) 
4 813 1037 (0 0 408 ) (0 0 236 ) (8 0 236 ) (8 0 408 ) 
4 813 847 (8 0 236 ) (0 0 236 ) (0 568 236 ) (8 568 236 ) 
4 815 817 (592 1024 -224 ) (592 832 -224 ) (592 832 -16 ) (592 1024 -16 ) 
4 815 816 (592 832 -16 ) (592 832 -224 ) (1024 832 -224 ) (1024 832 -16 ) 
4 816 835 (592 808 -224 ) (1024 808 -224 ) (1024 808 -16 ) (592 808 -16 ) 
4 816 817 (592 832 -224 ) (592 808 -224 ) (592 808 -16 ) (592 832 -16 ) 
4 817 835 (208 808 -224 ) (592 808 -224 ) (592 808 -16 ) (208 808 -16 ) 
4 818 821 (1024 528 8 ) (1024 528 216 ) (624 528 216 ) (624 528 8 ) 
4 818 819 (624 808 216 ) (624 808 8 ) (624 528 8 ) (624 528 216 ) 
4 819 822 (624 528 8 ) (624 528 216 ) (592 528 216 ) (592 528 8 ) 
4 819 820 (592 808 216 ) (592 808 8 ) (592 528 8 ) (592 528 216 ) 
4 820 828 (432 656 8 ) (432 528 8 ) (432 528 216 ) (432 656 216 ) 
4 820 827 (432 688 8 ) (432 656 8 ) (432 656 216 ) (432 688 216 ) 
4 820 826 (432 808 216 ) (432 808 8 ) (432 688 8 ) (432 688 216 ) 
4 820 822 (432 528 216 ) (432 528 8 ) (592 528 8 ) (592 528 216 ) 
4 821 823 (624 496 8 ) (1024 496 8 ) (1024 496 216 ) (624 496 216 ) 
4 821 822 (624 528 216 ) (624 528 8 ) (624 496 8 ) (624 496 216 ) 
4 822 829 (432 528 216 ) (432 528 8 ) (432 496 8 ) (432 496 216 ) 
4 822 823 (432 496 216 ) (432 496 8 ) (624 496 8 ) (624 496 216 ) 
4 823 831 (432 240 8 ) (432 208 8 ) (432 208 216 ) (432 240 216 ) 
4 823 830 (432 384 8 ) (432 240 8 ) (432 240 216 ) (432 384 216 ) 
4 823 829 (432 496 216 ) (432 496 8 ) (432 384 8 ) (432 384 216 ) 
4 823 824 (432 208 216 ) (432 208 8 ) (1024 208 8 ) (1024 208 216 ) 
4 824 831 (432 184 8 ) (432 184 216 ) (432 208 216 ) (432 208 8 ) 
4 825 1041 (992 0 236 ) (432 0 236 ) (432 0 160 ) (992 0 160 ) 
4 825 834 (432 0 160 ) (432 0 236 ) (432 128 236 ) (432 128 160 ) 
4 826 832 (400 808 216 ) (400 808 8 ) (400 688 8 ) (400 688 216 ) 
4 826 827 (400 688 216 ) (400 688 8 ) (432 688 8 ) (432 688 216 ) 
4 827 832 (400 688 216 ) (400 688 8 ) (400 656 8 ) (400 656 216 ) 
4 827 828 (400 656 216 ) (400 656 8 ) (432 656 8 ) (432 656 216 ) 
4 828 832 (400 528 8 ) (400 528 216 ) (400 656 216 ) (400 656 8 ) 
4 828 829 (400 528 216 ) (400 528 8 ) (432 528 8 ) (432 528 216 ) 
4 829 832 (400 384 8 ) (400 384 216 ) (400 528 216 ) (400 528 8 ) 
4 829 830 (400 384 216 ) (400 384 8 ) (432 384 8 ) (432 384 216 ) 
4 830 832 (400 240 8 ) (400 240 216 ) (400 384 216 ) (400 384 8 ) 
4 830 831 (400 240 216 ) (400 240 8 ) (432 240 8 ) (432 240 216 ) 
4 831 832 (400 184 8 ) (400 184 216 ) (400 240 216 ) (400 240 8 ) 
4 832 833 (208 184 8 ) (208 184 216 ) (208 808 216 ) (208 808 8 ) 
4 834 1041 (432 0 236 ) (208 0 236 ) (208 0 160 ) (432 0 160 ) 
4 835 838 (208 784 -16 ) (208 784 -224 ) (384 784 -224 ) (384 784 -16 ) 
4 835 836 (880 784 -224 ) (1024 784 -224 ) (1024 784 -16 ) (880 784 -16 ) 
4 835 837 (528 784 -224 ) (704 784 -224 ) (704 784 -16 ) (528 784 -16 ) 
4 836 839 (1024 768 -16 ) (880 768 -16 ) (880 768 -224 ) (1024 768 -224 ) 
4 837 840 (704 768 -16 ) (528 768 -16 ) (528 768 -224 ) (704 768 -224 ) 
4 838 841 (384 768 -16 ) (208 768 -16 ) (208 768 -224 ) (384 768 -224 ) 
4 839 1042 (1024 0 -224 ) (1024 0 -16 ) (880 0 -16 ) (880 0 -224 ) 
4 841 1044 (384 0 -16 ) (208 0 -16 ) (208 0 -224 ) (384 0 -224 ) 
4 842 848 (32 1008 208 ) (32 1008 -224 ) (32 656 -224 ) (32 656 208 ) 
4 842 845 (32 656 208 ) (32 656 -224 ) (48 656 -224 ) (48 656 208 ) 
4 842 844 (48 656 -224 ) (80 656 -224 ) (80 656 208 ) (48 656 208 ) 
4 842 843 (80 656 -224 ) (176 656 -224 ) (176 656 208 ) (80 656 208 ) 
4 843 846 (80 176 -224 ) (176 176 -224 ) (176 176 208 ) (80 176 208 ) 
4 843 844 (80 656 208 ) (80 656 -224 ) (80 176 -224 ) (80 176 208 ) 
4 844 846 (48 176 -224 ) (80 176 -224 ) (80 176 208 ) (48 176 208 ) 
4 844 845 (48 656 208 ) (48 656 -224 ) (48 176 -224 ) (48 176 208 ) 
4 845 848 (32 656 -224 ) (32 176 -224 ) (32 176 208 ) (32 656 208 ) 
4 845 846 (32 176 208 ) (32 176 -224 ) (48 176 -224 ) (48 176 208 ) 
4 846 1068 (32 0 208 ) (32 0 -224 ) (176 0 -224 ) (176 0 208 ) 
4 846 848 (32 176 -224 ) (32 0 -224 ) (32 0 208 ) (32 176 208 ) 
4 847 1217 (0 0 232 ) (0 0 236 ) (0 496 236 ) (0 496 232 ) 
4 847 1194 (0 496 236 ) (0 568 236 ) (0 568 232 ) (0 496 232 ) 
4 847 1070 (8 0 236 ) (0 0 236 ) (0 0 232 ) (8 0 232 ) 
4 848 1254 (0 496 -224 ) (0 0 -224 ) (0 0 88 ) (0 496 88 ) 
4 848 1245 (0 0 88 ) (0 0 208 ) (0 496 208 ) (0 496 88 ) 
4 848 1212 (0 528 -224 ) (0 496 -224 ) (0 496 88 ) (0 528 88 ) 
4 848 1206 (0 1008 -224 ) (0 528 -224 ) (0 528 88 ) (0 1008 88 ) 
4 848 1198 (0 496 88 ) (0 496 208 ) (0 1008 208 ) (0 1008 88 ) 
4 848 1072 (0 0 208 ) (0 0 -224 ) (16 0 -224 ) (16 0 208 ) 
4 848 1068 (16 0 -224 ) (32 0 -224 ) (32 0 208 ) (16 0 208 ) 
4 849 877 (792 840 -248 ) (768 840 -248 ) (768 840 -328 ) (792 840 -328 ) 
4 849 880 (768 840 -248 ) (480 840 -248 ) (480 840 -328 ) (768 840 -328 ) 
4 849 876 (816 840 -248 ) (792 840 -248 ) (792 840 -328 ) (816 840 -328 ) 
4 849 875 (920 840 -328 ) (920 840 -248 ) (816 840 -248 ) (816 840 -328 ) 
4 849 856 (480 1016 -248 ) (480 1016 -328 ) (480 944 -328 ) (480 944 -248 ) 
4 849 850 (816 1016 -328 ) (920 1016 -328 ) (920 840 -328 ) (816 840 -328 ) 
4 850 875 (920 840 -536 ) (920 840 -328 ) (816 840 -328 ) (816 840 -536 ) 
4 850 851 (816 1016 -536 ) (920 1016 -536 ) (920 840 -536 ) (816 840 -536 ) 
4 851 875 (920 840 -632 ) (920 840 -536 ) (816 840 -536 ) (816 840 -632 ) 
4 851 854 (816 1016 -632 ) (920 1016 -632 ) (920 840 -632 ) (816 840 -632 ) 
4 851 852 (816 1016 -632 ) (816 944 -632 ) (816 944 -536 ) (816 1016 -536 ) 
4 852 853 (792 1016 -632 ) (792 944 -632 ) (792 944 -536 ) (792 1016 -536 ) 
4 853 878 (768 840 -632 ) (792 840 -632 ) (792 840 -344 ) (768 840 -344 ) 
4 853 880 (480 840 -344 ) (480 840 -632 ) (768 840 -632 ) (768 840 -344 ) 
4 853 857 (480 1016 -528 ) (480 1016 -608 ) (480 944 -608 ) (480 944 -528 ) 
4 854 875 (920 840 -792 ) (920 840 -632 ) (816 840 -632 ) (816 840 -792 ) 
4 855 879 (768 840 -792 ) (792 840 -792 ) (792 840 -648 ) (768 840 -648 ) 
4 855 880 (480 840 -648 ) (480 840 -792 ) (768 840 -792 ) (768 840 -648 ) 
4 855 858 (480 976 -792 ) (480 888 -792 ) (480 888 -696 ) (480 976 -696 ) 
4 856 859 (472 944 -248 ) (472 1016 -248 ) (472 1016 -328 ) (472 944 -328 ) 
4 857 863 (472 944 -528 ) (472 1016 -528 ) (472 1016 -608 ) (472 944 -608 ) 
4 858 865 (472 888 -696 ) (472 976 -696 ) (472 976 -792 ) (472 888 -792 ) 
4 859 867 (336 848 -288 ) (288 848 -288 ) (288 848 -368 ) (336 848 -368 ) 
4 859 868 (232 848 -288 ) (176 848 -288 ) (176 848 -368 ) (232 848 -368 ) 
4 859 866 (440 848 -288 ) (384 848 -288 ) (384 848 -368 ) (440 848 -368 ) 
4 859 860 (144 880 -368 ) (144 1016 -368 ) (280 1016 -368 ) (260 964 -368 ) 
4 860 861 (144 880 -376 ) (144 1016 -376 ) (280 1016 -376 ) (260 964 -376 ) 
4 861 870 (336 848 -408 ) (288 848 -408 ) (288 848 -488 ) (336 848 -488 ) 
4 861 871 (232 848 -408 ) (176 848 -408 ) (176 848 -488 ) (232 848 -488 ) 
4 861 869 (440 848 -408 ) (384 848 -408 ) (384 848 -488 ) (440 848 -488 ) 
4 861 862 (144 880 -488 ) (144 1016 -488 ) (280 1016 -488 ) (260 964 -488 ) 
4 862 863 (144 880 -496 ) (144 1016 -496 ) (280 1016 -496 ) (260 964 -496 ) 
4 863 873 (336 848 -528 ) (288 848 -528 ) (288 848 -608 ) (336 848 -608 ) 
4 863 874 (232 848 -528 ) (176 848 -528 ) (176 848 -608 ) (232 848 -608 ) 
4 863 872 (440 848 -528 ) (384 848 -528 ) (384 848 -608 ) (440 848 -608 ) 
4 863 864 (144 880 -608 ) (144 1016 -608 ) (280 1016 -608 ) (260 964 -608 ) 
4 864 865 (144 880 -616 ) (144 1016 -616 ) (280 1016 -616 ) (260 964 -616 ) 
4 866 880 (440 840 -288 ) (384 840 -288 ) (384 840 -368 ) (440 840 -368 ) 
4 867 880 (336 840 -288 ) (288 840 -288 ) (288 840 -368 ) (336 840 -368 ) 
4 868 932 (208 840 -288 ) (176 840 -288 ) (176 840 -368 ) (208 840 -368 ) 
4 868 928 (232 840 -288 ) (208 840 -288 ) (208 840 -368 ) (232 840 -368 ) 
4 869 880 (440 840 -408 ) (384 840 -408 ) (384 840 -488 ) (440 840 -488 ) 
4 870 880 (336 840 -408 ) (288 840 -408 ) (288 840 -488 ) (336 840 -488 ) 
4 871 932 (208 840 -408 ) (176 840 -408 ) (176 840 -488 ) (208 840 -488 ) 
4 871 928 (232 840 -408 ) (208 840 -408 ) (208 840 -488 ) (232 840 -488 ) 
4 872 880 (440 840 -528 ) (384 840 -528 ) (384 840 -608 ) (440 840 -608 ) 
4 873 880 (336 840 -528 ) (288 840 -528 ) (288 840 -608 ) (336 840 -608 ) 
4 874 938 (232 840 -528 ) (176 840 -528 ) (176 840 -608 ) (232 840 -608 ) 
4 875 883 (816 824 -792 ) (920 824 -792 ) (920 824 -680 ) (816 824 -680 ) 
4 875 882 (872 824 -384 ) (816 824 -384 ) (816 824 -472 ) (872 824 -472 ) 
4 875 881 (920 824 -328 ) (920 824 -248 ) (816 824 -248 ) (816 824 -328 ) 
4 875 876 (816 840 -248 ) (816 840 -328 ) (816 824 -328 ) (816 824 -248 ) 
4 876 877 (792 840 -248 ) (792 840 -328 ) (792 824 -328 ) (792 824 -248 ) 
4 877 880 (768 824 -328 ) (768 824 -248 ) (768 840 -248 ) (768 840 -328 ) 
4 878 880 (768 824 -632 ) (768 824 -344 ) (768 840 -344 ) (768 840 -632 ) 
4 879 880 (768 840 -792 ) (768 824 -792 ) (768 824 -648 ) (768 840 -648 ) 
4 880 939 (288 840 -688 ) (288 840 -792 ) (288 824 -792 ) (288 824 -688 ) 
4 880 935 (288 840 -496 ) (288 840 -664 ) (288 824 -664 ) (288 824 -496 ) 
4 880 929 (288 840 -488 ) (288 840 -496 ) (288 824 -496 ) (288 824 -488 ) 
4 880 928 (288 840 -248 ) (288 840 -488 ) (288 824 -488 ) (288 824 -248 ) 
4 880 892 (328 824 -792 ) (576 824 -792 ) (576 824 -672 ) (328 824 -672 ) 
4 880 893 (288 824 -672 ) (288 824 -792 ) (312 824 -792 ) (312 824 -672 ) 
4 880 890 (576 824 -792 ) (680 824 -792 ) (680 824 -672 ) (576 824 -672 ) 
4 880 889 (288 824 -248 ) (288 824 -672 ) (680 824 -672 ) (680 824 -248 ) 
4 880 884 (680 824 -792 ) (768 824 -792 ) (768 824 -248 ) (680 824 -248 ) 
4 881 885 (920 800 -328 ) (920 800 -248 ) (816 800 -248 ) (816 800 -328 ) 
4 882 885 (872 800 -384 ) (816 800 -384 ) (816 800 -472 ) (872 800 -472 ) 
4 883 885 (816 800 -792 ) (920 800 -792 ) (920 800 -680 ) (816 800 -680 ) 
4 884 890 (680 824 -672 ) (680 824 -792 ) (680 800 -792 ) (680 800 -672 ) 
4 884 889 (680 800 -248 ) (680 824 -248 ) (680 824 -672 ) (680 800 -672 ) 
4 884 886 (680 800 -248 ) (680 800 -792 ) (768 800 -792 ) (768 800 -248 ) 
4 885 887 (816 776 -792 ) (920 776 -792 ) (920 776 -248 ) (816 776 -248 ) 
4 886 890 (680 800 -672 ) (680 800 -792 ) (680 776 -792 ) (680 776 -672 ) 
4 886 889 (680 776 -248 ) (680 800 -248 ) (680 800 -672 ) (680 776 -672 ) 
4 886 887 (680 776 -248 ) (680 776 -792 ) (768 776 -792 ) (768 776 -248 ) 
4 887 890 (680 776 -672 ) (680 776 -792 ) (680 728 -792 ) (680 728 -672 ) 
4 887 889 (680 728 -248 ) (680 776 -248 ) (680 776 -672 ) (680 728 -672 ) 
4 887 888 (680 728 -248 ) (680 728 -672 ) (920 728 -672 ) (920 728 -248 ) 
4 888 903 (680 712 -376 ) (680 712 -672 ) (720 712 -672 ) (720 712 -376 ) 
4 888 900 (688 712 -248 ) (680 712 -248 ) (680 712 -376 ) (688 712 -376 ) 
4 888 899 (720 712 -248 ) (688 712 -248 ) (688 712 -376 ) (720 712 -376 ) 
4 888 896 (768 712 -248 ) (720 712 -248 ) (720 712 -672 ) (768 712 -672 ) 
4 888 895 (816 712 -248 ) (768 712 -248 ) (768 712 -672 ) (816 712 -672 ) 
4 888 894 (920 712 -672 ) (920 712 -248 ) (816 712 -248 ) (816 712 -672 ) 
4 888 889 (680 712 -672 ) (680 712 -248 ) (680 728 -248 ) (680 728 -672 ) 
4 889 935 (288 712 -664 ) (288 712 -496 ) (288 824 -496 ) (288 824 -664 ) 
4 889 929 (288 712 -496 ) (288 712 -488 ) (288 824 -488 ) (288 824 -496 ) 
4 889 928 (288 712 -488 ) (288 712 -248 ) (288 824 -248 ) (288 824 -488 ) 
4 889 907 (288 712 -248 ) (288 712 -672 ) (336 712 -672 ) (336 712 -248 ) 
4 889 905 (336 712 -672 ) (384 712 -672 ) (384 712 -376 ) (336 712 -376 ) 
4 889 903 (384 712 -672 ) (680 712 -672 ) (680 712 -376 ) (384 712 -376 ) 
4 889 900 (680 712 -376 ) (680 712 -248 ) (416 712 -248 ) (416 712 -376 ) 
4 889 902 (416 712 -248 ) (336 712 -248 ) (336 712 -376 ) (416 712 -376 ) 
4 889 892 (328 824 -672 ) (576 824 -672 ) (576 728 -672 ) (328 728 -672 ) 
4 889 893 (288 824 -672 ) (312 824 -672 ) (312 712 -672 ) (288 712 -672 ) 
4 889 890 (576 824 -672 ) (680 824 -672 ) (680 728 -672 ) (576 728 -672 ) 
4 890 892 (576 728 -672 ) (576 824 -672 ) (576 824 -792 ) (576 728 -792 ) 
4 890 891 (576 728 -696 ) (576 728 -792 ) (680 728 -792 ) (680 728 -696 ) 
4 891 903 (576 712 -792 ) (680 712 -792 ) (680 712 -696 ) (576 712 -696 ) 
4 893 939 (288 824 -792 ) (288 712 -792 ) (288 712 -688 ) (288 824 -688 ) 
4 893 907 (288 712 -672 ) (288 712 -792 ) (312 712 -792 ) (312 712 -672 ) 
4 894 941 (920 664 -792 ) (920 456 -792 ) (816 456 -792 ) (816 664 -792 ) 
4 894 911 (816 456 -792 ) (920 456 -792 ) (920 456 -656 ) (816 456 -656 ) 
4 894 910 (920 456 -656 ) (920 456 -248 ) (816 456 -248 ) (816 456 -656 ) 
4 894 895 (816 504 -248 ) (816 712 -248 ) (816 712 -792 ) (816 504 -792 ) 
4 895 896 (768 504 -248 ) (768 712 -248 ) (768 712 -792 ) (768 504 -792 ) 
4 896 904 (720 656 -792 ) (720 504 -792 ) (720 504 -392 ) (720 656 -392 ) 
4 896 903 (720 712 -376 ) (720 712 -792 ) (720 656 -792 ) (720 656 -376 ) 
4 896 899 (720 504 -248 ) (720 712 -248 ) (720 712 -376 ) (720 504 -376 ) 
4 896 897 (720 504 -248 ) (720 504 -376 ) (768 504 -376 ) (768 504 -248 ) 
4 896 898 (720 504 -392 ) (720 504 -792 ) (768 504 -792 ) (768 504 -392 ) 
4 897 910 (768 456 -376 ) (768 456 -248 ) (720 456 -248 ) (720 456 -376 ) 
4 897 899 (720 456 -376 ) (720 456 -248 ) (720 504 -248 ) (720 504 -376 ) 
4 898 913 (720 456 -792 ) (768 456 -792 ) (768 456 -656 ) (720 456 -656 ) 
4 898 910 (768 456 -656 ) (768 456 -392 ) (720 456 -392 ) (720 456 -656 ) 
4 898 904 (720 456 -792 ) (720 456 -392 ) (720 504 -392 ) (720 504 -792 ) 
4 899 910 (720 456 -376 ) (720 456 -248 ) (688 456 -248 ) (688 456 -376 ) 
4 899 903 (688 712 -376 ) (720 712 -376 ) (720 656 -376 ) (688 656 -376 ) 
4 899 900 (688 712 -376 ) (688 632 -376 ) (688 632 -248 ) (688 712 -248 ) 
4 899 901 (688 608 -376 ) (688 456 -376 ) (688 456 -248 ) (688 608 -248 ) 
4 900 903 (416 712 -376 ) (688 712 -376 ) (688 656 -376 ) (416 656 -376 ) 
4 900 902 (416 712 -376 ) (416 632 -376 ) (416 632 -248 ) (416 712 -248 ) 
4 901 910 (688 456 -248 ) (416 456 -248 ) (416 456 -376 ) (688 456 -376 ) 
4 901 902 (416 608 -376 ) (416 456 -376 ) (416 456 -248 ) (416 608 -248 ) 
4 902 927 (408 456 -248 ) (336 456 -248 ) (336 456 -376 ) (408 456 -376 ) 
4 902 910 (416 456 -248 ) (408 456 -248 ) (408 456 -376 ) (416 456 -376 ) 
4 902 908 (336 504 -248 ) (336 656 -248 ) (336 656 -376 ) (336 504 -376 ) 
4 902 907 (336 656 -248 ) (336 712 -248 ) (336 712 -376 ) (336 656 -376 ) 
4 902 905 (336 504 -376 ) (336 712 -376 ) (384 712 -376 ) (384 504 -376 ) 
4 902 903 (384 712 -376 ) (416 712 -376 ) (416 656 -376 ) (384 656 -376 ) 
4 903 905 (384 656 -376 ) (384 712 -376 ) (384 712 -792 ) (384 656 -792 ) 
4 903 904 (384 656 -392 ) (384 656 -792 ) (720 656 -792 ) (720 656 -392 ) 
4 904 927 (384 456 -792 ) (408 456 -792 ) (408 456 -392 ) (384 456 -392 ) 
4 904 913 (408 456 -792 ) (720 456 -792 ) (720 456 -656 ) (408 456 -656 ) 
4 904 910 (720 456 -656 ) (720 456 -392 ) (408 456 -392 ) (408 456 -656 ) 
4 904 906 (384 456 -792 ) (384 456 -392 ) (384 504 -392 ) (384 504 -792 ) 
4 904 905 (384 504 -392 ) (384 656 -392 ) (384 656 -792 ) (384 504 -792 ) 
4 905 908 (336 504 -376 ) (336 656 -376 ) (336 656 -488 ) (336 504 -488 ) 
4 905 909 (336 656 -496 ) (336 656 -792 ) (336 504 -792 ) (336 504 -496 ) 
4 905 907 (336 656 -376 ) (336 712 -376 ) (336 712 -792 ) (336 656 -792 ) 
4 905 906 (384 504 -792 ) (384 504 -392 ) (336 504 -392 ) (336 504 -792 ) 
4 906 927 (336 456 -792 ) (384 456 -792 ) (384 456 -392 ) (336 456 -392 ) 
4 907 939 (288 712 -792 ) (288 656 -792 ) (288 656 -688 ) (288 712 -688 ) 
4 907 935 (288 656 -664 ) (288 656 -496 ) (288 712 -496 ) (288 712 -664 ) 
4 907 929 (288 656 -496 ) (288 656 -488 ) (288 712 -488 ) (288 712 -496 ) 
4 907 928 (288 656 -488 ) (288 656 -248 ) (288 712 -248 ) (288 712 -488 ) 
4 907 908 (336 656 -488 ) (336 656 -248 ) (288 656 -248 ) (288 656 -488 ) 
4 907 909 (336 656 -792 ) (336 656 -496 ) (288 656 -496 ) (288 656 -792 ) 
4 908 928 (288 504 -488 ) (288 504 -248 ) (288 656 -248 ) (288 656 -488 ) 
4 909 939 (288 656 -792 ) (288 504 -792 ) (288 504 -688 ) (288 656 -688 ) 
4 909 935 (288 504 -664 ) (288 504 -496 ) (288 656 -496 ) (288 656 -664 ) 
4 910 927 (408 456 -248 ) (408 456 -656 ) (408 240 -656 ) (408 240 -248 ) 
4 910 914 (544 240 -544 ) (656 240 -544 ) (656 240 -248 ) (544 240 -248 ) 
4 910 915 (408 240 -248 ) (408 240 -544 ) (520 240 -544 ) (520 240 -248 ) 
4 910 925 (408 240 -544 ) (408 240 -656 ) (656 240 -656 ) (656 240 -544 ) 
4 910 912 (784 240 -656 ) (768 240 -656 ) (768 296 -656 ) (784 296 -656 ) 
4 910 911 (920 456 -656 ) (920 240 -656 ) (784 240 -656 ) (784 456 -656 ) 
4 910 913 (768 240 -656 ) (408 240 -656 ) (408 456 -656 ) (768 456 -656 ) 
4 911 912 (784 240 -792 ) (784 240 -656 ) (784 296 -656 ) (784 296 -792 ) 
4 912 913 (768 240 -792 ) (768 240 -656 ) (768 296 -656 ) (768 296 -792 ) 
4 913 927 (408 456 -656 ) (408 456 -792 ) (408 240 -792 ) (408 240 -656 ) 
4 913 925 (408 240 -656 ) (408 240 -792 ) (656 240 -792 ) (656 240 -656 ) 
4 914 922 (544 144 -544 ) (656 144 -544 ) (656 144 -512 ) (544 144 -512 ) 
4 914 918 (656 144 -496 ) (656 144 -376 ) (544 144 -376 ) (544 144 -496 ) 
4 914 916 (656 144 -360 ) (656 144 -248 ) (544 144 -248 ) (544 144 -360 ) 
4 914 925 (544 240 -544 ) (656 240 -544 ) (656 144 -544 ) (544 144 -544 ) 
4 915 924 (408 144 -544 ) (520 144 -544 ) (520 144 -512 ) (408 144 -512 ) 
4 915 920 (520 144 -360 ) (520 144 -248 ) (408 144 -248 ) (408 144 -360 ) 
4 915 921 (520 144 -496 ) (520 144 -376 ) (408 144 -376 ) (408 144 -496 ) 
4 915 925 (408 144 -544 ) (408 240 -544 ) (520 240 -544 ) (520 144 -544 ) 
4 916 917 (544 112 -360 ) (544 64 -360 ) (544 64 -248 ) (544 112 -248 ) 
4 917 920 (520 112 -360 ) (520 64 -360 ) (520 64 -248 ) (520 112 -248 ) 
4 918 919 (544 112 -496 ) (544 64 -496 ) (544 64 -376 ) (544 112 -376 ) 
4 919 921 (520 112 -496 ) (520 64 -496 ) (520 64 -376 ) (520 112 -376 ) 
4 922 926 (656 64 -544 ) (656 64 -512 ) (544 64 -512 ) (544 64 -544 ) 
4 922 923 (544 112 -544 ) (544 64 -544 ) (544 64 -512 ) (544 112 -512 ) 
4 922 925 (656 64 -544 ) (544 64 -544 ) (544 144 -544 ) (656 144 -544 ) 
4 923 926 (520 64 -512 ) (520 64 -544 ) (544 64 -544 ) (544 64 -512 ) 
4 923 924 (520 112 -512 ) (520 112 -544 ) (520 64 -544 ) (520 64 -512 ) 
4 923 925 (544 64 -544 ) (520 64 -544 ) (520 112 -544 ) (544 112 -544 ) 
4 924 926 (408 64 -512 ) (408 64 -544 ) (520 64 -544 ) (520 64 -512 ) 
4 924 925 (520 64 -544 ) (408 64 -544 ) (408 144 -544 ) (520 144 -544 ) 
4 925 943 (408 64 -792 ) (408 112 -792 ) (656 112 -792 ) (656 64 -792 ) 
4 925 926 (656 64 -792 ) (656 64 -544 ) (408 64 -544 ) (408 64 -792 ) 
4 926 1074 (472 0 -792 ) (592 0 -792 ) (592 0 -664 ) (472 0 -664 ) 
4 926 943 (656 0 -792 ) (408 0 -792 ) (408 64 -792 ) (656 64 -792 ) 
4 927 940 (288 456 -792 ) (288 240 -792 ) (288 240 -664 ) (288 456 -664 ) 
4 927 935 (288 240 -664 ) (288 240 -496 ) (288 456 -496 ) (288 456 -664 ) 
4 927 930 (288 240 -496 ) (288 240 -488 ) (288 456 -488 ) (288 456 -496 ) 
4 927 928 (288 240 -488 ) (288 240 -248 ) (288 456 -248 ) (288 456 -488 ) 
4 928 932 (208 840 -248 ) (208 840 -488 ) (208 240 -488 ) (208 240 -248 ) 
4 928 931 (232 240 -488 ) (208 240 -488 ) (208 600 -488 ) (232 600 -488 ) 
4 928 929 (232 656 -488 ) (232 840 -488 ) (288 840 -488 ) (288 656 -488 ) 
4 928 930 (288 240 -488 ) (232 240 -488 ) (232 600 -488 ) (288 600 -488 ) 
4 929 936 (232 656 -496 ) (232 840 -496 ) (256 840 -496 ) (256 656 -496 ) 
4 929 935 (256 840 -496 ) (288 840 -496 ) (288 656 -496 ) (256 656 -496 ) 
4 930 937 (256 240 -496 ) (232 240 -496 ) (232 600 -496 ) (256 600 -496 ) 
4 930 935 (288 240 -496 ) (256 240 -496 ) (256 600 -496 ) (288 600 -496 ) 
4 930 931 (232 600 -496 ) (232 240 -496 ) (232 240 -488 ) (232 600 -488 ) 
4 931 938 (232 240 -496 ) (208 240 -496 ) (208 600 -496 ) (232 600 -496 ) 
4 931 933 (208 600 -496 ) (208 240 -496 ) (208 240 -488 ) (208 600 -488 ) 
4 932 934 (176 840 -248 ) (176 840 -488 ) (176 240 -488 ) (176 240 -248 ) 
4 932 933 (176 240 -488 ) (176 600 -488 ) (208 600 -488 ) (208 240 -488 ) 
4 933 938 (208 240 -496 ) (176 240 -496 ) (176 600 -496 ) (208 600 -496 ) 
4 933 934 (176 600 -496 ) (176 240 -496 ) (176 240 -488 ) (176 600 -488 ) 
4 934 938 (176 240 -496 ) (144 240 -496 ) (144 840 -496 ) (176 840 -496 ) 
4 935 940 (288 240 -664 ) (256 240 -664 ) (256 456 -664 ) (288 456 -664 ) 
4 935 936 (256 840 -664 ) (256 656 -664 ) (256 656 -496 ) (256 840 -496 ) 
4 935 937 (256 632 -664 ) (256 240 -664 ) (256 240 -496 ) (256 632 -496 ) 
4 936 938 (232 840 -664 ) (232 656 -664 ) (232 656 -496 ) (232 840 -496 ) 
4 937 940 (256 240 -664 ) (232 240 -664 ) (232 456 -664 ) (256 456 -664 ) 
4 937 938 (232 632 -664 ) (232 240 -664 ) (232 240 -496 ) (232 632 -496 ) 
4 938 940 (232 240 -664 ) (144 240 -664 ) (144 456 -664 ) (232 456 -664 ) 
4 942 944 (816 680 -3608 ) (816 808 -3608 ) (816 808 -3728 ) (816 680 -3728 ) 
4 943 1074 (592 0 -792 ) (472 0 -792 ) (472 0 -800 ) (592 0 -800 ) 
4 944 1272 (0 680 -3608 ) (0 808 -3608 ) (0 808 -3728 ) (0 680 -3728 ) 
4 945 967 (1024 0 3056 ) (1024 0 1232 ) (1024 -256 1232 ) (1024 -256 3056 ) 
4 945 946 (1024 -256 1232 ) (1024 0 1232 ) (2032 0 1232 ) (2032 -256 1232 ) 
4 946 967 (1024 0 1232 ) (1024 0 1176 ) (1024 -256 1176 ) (1024 -256 1232 ) 
4 946 963 (1024 0 1176 ) (2032 0 1176 ) (2032 -256 1176 ) (1024 -256 1176 ) 
4 946 959 (1024 -256 1176 ) (1040 -256 1176 ) (1040 -256 1232 ) (1024 -256 1232 ) 
4 946 956 (1088 -256 1176 ) (1136 -256 1176 ) (1136 -256 1232 ) (1088 -256 1232 ) 
4 946 953 (1184 -256 1176 ) (1232 -256 1176 ) (1232 -256 1232 ) (1184 -256 1232 ) 
4 946 950 (1280 -256 1176 ) (1328 -256 1176 ) (1328 -256 1232 ) (1280 -256 1232 ) 
4 946 947 (1376 -256 1176 ) (1424 -256 1176 ) (1424 -256 1232 ) (1376 -256 1232 ) 
4 947 948 (1376 -257 1232 ) (1376 -257 1176 ) (1424 -257 1176 ) (1424 -257 1232 ) 
4 948 949 (1376 -259 1232 ) (1376 -259 1176 ) (1424 -259 1176 ) (1424 -259 1232 ) 
4 949 962 (1376 -288 1176 ) (1424 -288 1176 ) (1424 -288 1232 ) (1376 -288 1232 ) 
4 950 951 (1280 -257 1232 ) (1280 -257 1176 ) (1328 -257 1176 ) (1328 -257 1232 ) 
4 951 952 (1280 -259 1232 ) (1280 -259 1176 ) (1328 -259 1176 ) (1328 -259 1232 ) 
4 952 962 (1280 -288 1176 ) (1328 -288 1176 ) (1328 -288 1232 ) (1280 -288 1232 ) 
4 953 954 (1184 -257 1232 ) (1184 -257 1176 ) (1232 -257 1176 ) (1232 -257 1232 ) 
4 954 955 (1184 -259 1232 ) (1184 -259 1176 ) (1232 -259 1176 ) (1232 -259 1232 ) 
4 955 962 (1184 -288 1176 ) (1232 -288 1176 ) (1232 -288 1232 ) (1184 -288 1232 ) 
4 956 957 (1088 -257 1232 ) (1088 -257 1176 ) (1136 -257 1176 ) (1136 -257 1232 ) 
4 957 958 (1088 -259 1232 ) (1088 -259 1176 ) (1136 -259 1176 ) (1136 -259 1232 ) 
4 958 962 (1088 -288 1176 ) (1136 -288 1176 ) (1136 -288 1232 ) (1088 -288 1232 ) 
4 959 968 (1024 -256 1176 ) (1024 -257 1176 ) (1024 -257 1232 ) (1024 -256 1232 ) 
4 959 960 (1024 -257 1176 ) (1040 -257 1176 ) (1040 -257 1232 ) (1024 -257 1232 ) 
4 960 969 (1024 -257 1176 ) (1024 -259 1176 ) (1024 -259 1232 ) (1024 -257 1232 ) 
4 960 961 (1024 -259 1176 ) (1040 -259 1176 ) (1040 -259 1232 ) (1024 -259 1232 ) 
4 961 970 (1024 -259 1176 ) (1024 -288 1176 ) (1024 -288 1232 ) (1024 -259 1232 ) 
4 961 962 (1024 -288 1176 ) (1040 -288 1176 ) (1040 -288 1232 ) (1024 -288 1232 ) 
4 962 971 (1024 -288 1176 ) (1024 -400 1176 ) (1024 -400 1232 ) (1024 -288 1232 ) 
4 962 964 (1472 -400 1176 ) (1024 -400 1176 ) (1024 -288 1176 ) (1472 -288 1176 ) 
4 963 989 (1024 0 1024 ) (1024 0 816 ) (1024 -256 816 ) (1024 -256 1024 ) 
4 963 967 (1024 0 1176 ) (1024 0 1024 ) (1024 -256 1024 ) (1024 -256 1176 ) 
4 964 971 (1024 -400 1040 ) (1024 -400 1176 ) (1024 -288 1176 ) (1024 -288 1040 ) 
4 965 1001 (1024 0 784 ) (1024 0 624 ) (1024 -176 624 ) (1024 -176 784 ) 
4 966 1030 (1024 0 400 ) (1024 0 240 ) (1024 -48 240 ) (1024 -48 400 ) 
4 967 989 (736 0 1024 ) (1024 0 1024 ) (1024 -256 1024 ) (736 -256 1024 ) 
4 967 968 (1024 -256 1176 ) (1024 -256 1232 ) (992 -256 1232 ) (992 -256 1176 ) 
4 968 969 (992 -257 1232 ) (992 -257 1176 ) (1024 -257 1176 ) (1024 -257 1232 ) 
4 969 970 (992 -259 1232 ) (992 -259 1176 ) (1024 -259 1176 ) (1024 -259 1232 ) 
4 970 971 (992 -288 1176 ) (1024 -288 1176 ) (1024 -288 1232 ) (992 -288 1232 ) 
4 971 972 (992 -400 1040 ) (992 -400 1232 ) (992 -288 1232 ) (992 -288 1040 ) 
4 972 990 (720 -400 1024 ) (720 -288 1024 ) (992 -288 1024 ) (992 -400 1024 ) 
4 972 973 (720 -320 1040 ) (720 -368 1040 ) (720 -368 1136 ) (720 -320 1136 ) 
4 973 975 (704 -368 1136 ) (704 -320 1136 ) (704 -320 1040 ) (704 -368 1040 ) 
4 974 976 (496 -288 1136 ) (496 -240 1136 ) (496 -240 1040 ) (496 -288 1040 ) 
4 974 975 (496 -288 1040 ) (592 -288 1040 ) (592 -288 1136 ) (496 -288 1136 ) 
4 975 976 (496 -320 1136 ) (496 -288 1136 ) (496 -288 1040 ) (496 -320 1040 ) 
4 976 977 (480 -240 1136 ) (480 -240 1040 ) (480 -320 1040 ) (480 -320 1136 ) 
4 977 979 (192 -256 1024 ) (192 -320 1024 ) (192 -320 1136 ) (192 -256 1136 ) 
4 977 978 (480 -320 1216 ) (192 -320 1216 ) (192 -320 1024 ) (480 -320 1024 ) 
4 978 987 (192 -640 1024 ) (192 -848 1024 ) (192 -848 1216 ) (192 -640 1216 ) 
4 978 979 (192 -320 1024 ) (192 -336 1024 ) (192 -336 1136 ) (192 -320 1136 ) 
4 979 981 (176 -256 1024 ) (176 -336 1024 ) (176 -336 1136 ) (176 -256 1136 ) 
4 980 982 (64 0 1200 ) (64 0 1024 ) (64 -224 1024 ) (64 -224 1200 ) 
4 981 993 (80 -336 1024 ) (80 -256 1024 ) (160 -256 1024 ) (160 -336 1024 ) 
4 981 984 (80 -352 1024 ) (160 -352 1024 ) (160 -352 1136 ) (80 -352 1136 ) 
4 981 983 (64 -256 1024 ) (64 -336 1024 ) (64 -336 1136 ) (64 -256 1136 ) 
4 982 985 (48 0 1200 ) (48 0 1024 ) (48 -224 1024 ) (48 -224 1200 ) 
4 983 985 (48 -256 1024 ) (48 -336 1024 ) (48 -336 1136 ) (48 -256 1136 ) 
4 984 986 (80 -368 1024 ) (160 -368 1024 ) (160 -368 1136 ) (80 -368 1136 ) 
4 985 1334 (0 -240 1024 ) (0 -352 1024 ) (0 -352 1200 ) (0 -240 1200 ) 
4 985 1324 (0 -224 1024 ) (0 -240 1024 ) (0 -240 1200 ) (0 -224 1200 ) 
4 985 1283 (0 0 1200 ) (0 0 1024 ) (0 -224 1024 ) (0 -224 1200 ) 
4 986 988 (0 -624 1024 ) (112 -624 1024 ) (112 -624 1200 ) (0 -624 1200 ) 
4 990 997 (720 -288 1008 ) (720 -288 816 ) (720 -400 816 ) (720 -400 1008 ) 
4 990 991 (720 -400 1024 ) (720 -288 1024 ) (720 -288 1008 ) (720 -400 1008 ) 
4 991 997 (720 -288 1008 ) (720 -400 1008 ) (704 -400 1008 ) (704 -288 1008 ) 
4 991 992 (704 -288 1008 ) (704 -400 1008 ) (704 -400 1024 ) (704 -288 1024 ) 
4 992 996 (528 -208 1008 ) (704 -208 1008 ) (704 -288 1008 ) (528 -288 1008 ) 
4 992 997 (704 -288 1008 ) (704 -400 1008 ) (528 -400 1008 ) (528 -288 1008 ) 
4 993 998 (80 -336 1008 ) (80 -256 1008 ) (160 -256 1008 ) (160 -336 1008 ) 
4 994 1003 (96 0 800 ) (704 0 800 ) (704 -176 800 ) (96 -176 800 ) 
4 994 995 (576 -176 816 ) (648 -176 816 ) (648 -176 912 ) (576 -176 912 ) 
4 995 996 (648 -208 912 ) (576 -208 912 ) (576 -208 816 ) (648 -208 816 ) 
4 996 997 (528 -288 1008 ) (528 -288 816 ) (704 -288 816 ) (704 -288 1008 ) 
4 999 1286 (0 0 1008 ) (0 0 848 ) (0 -208 848 ) (0 -208 1008 ) 
4 1000 1287 (0 0 816 ) (0 0 800 ) (0 -208 800 ) (0 -208 816 ) 
4 1000 1006 (0 -208 800 ) (0 -176 800 ) (64 -176 800 ) (64 -208 800 ) 
4 1000 1004 (0 -176 800 ) (0 0 800 ) (64 0 800 ) (64 -176 800 ) 
4 1001 1002 (712 0 624 ) (712 -16 624 ) (712 -16 784 ) (712 0 784 ) 
4 1002 1003 (704 0 624 ) (704 -16 624 ) (704 -16 784 ) (704 0 784 ) 
4 1004 1292 (0 -176 800 ) (0 0 800 ) (0 0 648 ) (0 -176 648 ) 
4 1004 1006 (64 -176 648 ) (64 -176 800 ) (0 -176 800 ) (0 -176 648 ) 
4 1004 1005 (64 0 648 ) (64 -176 648 ) (0 -176 648 ) (0 0 648 ) 
4 1005 1293 (0 0 648 ) (0 0 624 ) (0 -176 624 ) (0 -176 648 ) 
4 1005 1007 (0 -176 624 ) (64 -176 624 ) (64 -176 648 ) (0 -176 648 ) 
4 1006 1292 (0 -208 800 ) (0 -176 800 ) (0 -176 648 ) (0 -208 648 ) 
4 1006 1007 (0 -176 648 ) (64 -176 648 ) (64 -208 648 ) (0 -208 648 ) 
4 1007 1293 (0 -176 648 ) (0 -176 624 ) (0 -208 624 ) (0 -208 648 ) 
4 1010 1014 (560 -368 432 ) (560 -368 592 ) (352 -368 592 ) (352 -368 432 ) 
4 1011 1012 (32 -32 592 ) (32 -32 432 ) (288 -32 432 ) (288 -32 592 ) 
4 1012 1017 (32 -368 592 ) (32 -368 432 ) (176 -368 432 ) (176 -368 592 ) 
4 1012 1013 (32 -32 432 ) (176 -32 432 ) (176 -368 432 ) (32 -368 432 ) 
4 1013 1040 (176 -368 420 ) (32 -368 420 ) (32 -240 420 ) (176 -240 420 ) 
4 1013 1039 (32 -240 420 ) (32 -224 420 ) (176 -224 420 ) (176 -240 420 ) 
4 1013 1038 (32 -224 420 ) (32 -216 420 ) (176 -216 420 ) (176 -224 420 ) 
4 1013 1036 (32 -216 420 ) (32 -48 420 ) (176 -48 420 ) (176 -216 420 ) 
4 1013 1035 (32 -48 420 ) (32 -32 420 ) (176 -32 420 ) (176 -48 420 ) 
4 1013 1018 (32 -368 432 ) (32 -368 420 ) (176 -368 420 ) (176 -368 432 ) 
4 1014 1026 (352 -480 592 ) (352 -480 432 ) (560 -480 432 ) (560 -480 592 ) 
4 1014 1015 (352 -400 432 ) (352 -480 432 ) (352 -480 592 ) (352 -400 592 ) 
4 1015 1027 (352 -480 432 ) (352 -480 592 ) (208 -480 592 ) (208 -480 432 ) 
4 1015 1016 (208 -400 528 ) (208 -400 448 ) (208 -464 448 ) (208 -464 528 ) 
4 1016 1017 (176 -464 448 ) (176 -464 528 ) (176 -400 528 ) (176 -400 448 ) 
4 1017 1018 (32 -480 432 ) (32 -368 432 ) (176 -368 432 ) (176 -480 432 ) 
4 1018 1040 (176 -480 420 ) (32 -480 420 ) (32 -368 420 ) (176 -368 420 ) 
4 1019 1021 (1024 -848 432 ) (1024 -848 560 ) (592 -848 560 ) (592 -848 432 ) 
4 1019 1020 (1024 -848 560 ) (1024 -848 608 ) (592 -848 608 ) (592 -848 560 ) 
4 1020 1025 (592 -960 560 ) (1024 -960 560 ) (1024 -960 608 ) (592 -960 608 ) 
4 1020 1021 (1024 -960 560 ) (592 -960 560 ) (592 -848 560 ) (1024 -848 560 ) 
4 1021 1025 (592 -960 432 ) (1024 -960 432 ) (1024 -960 560 ) (592 -960 560 ) 
4 1021 1022 (592 -848 432 ) (592 -960 432 ) (592 -960 560 ) (592 -848 560 ) 
4 1022 1023 (584 -848 432 ) (584 -960 432 ) (584 -960 560 ) (584 -848 560 ) 
4 1023 1024 (568 -848 432 ) (568 -960 432 ) (568 -960 560 ) (568 -848 560 ) 
4 1024 1026 (560 -960 432 ) (560 -960 560 ) (560 -848 560 ) (560 -848 432 ) 
4 1025 1086 (1024 -1024 432 ) (1024 -1024 608 ) (592 -1024 608 ) (592 -1024 432 ) 
4 1026 1027 (352 -480 592 ) (352 -480 432 ) (352 -768 432 ) (352 -768 592 ) 
4 1027 1028 (208 -512 432 ) (208 -656 432 ) (208 -656 592 ) (208 -512 592 ) 
4 1028 1029 (16 -656 432 ) (16 -656 592 ) (16 -512 592 ) (16 -512 432 ) 
4 1029 1338 (0 -656 592 ) (0 -512 592 ) (0 -512 432 ) (0 -656 432 ) 
4 1030 1034 (560 0 240 ) (992 0 240 ) (992 -48 240 ) (560 -48 240 ) 
4 1030 1031 (560 0 240 ) (560 -48 240 ) (560 -48 400 ) (560 0 400 ) 
4 1031 1034 (352 0 240 ) (560 0 240 ) (560 -48 240 ) (352 -48 240 ) 
4 1031 1033 (352 -32 240 ) (352 -48 240 ) (352 -48 400 ) (352 -32 400 ) 
4 1031 1032 (352 0 240 ) (352 -32 240 ) (352 -32 400 ) (352 0 400 ) 
4 1032 1034 (208 -32 240 ) (208 0 240 ) (352 0 240 ) (352 -32 240 ) 
4 1032 1033 (208 -32 400 ) (208 -32 240 ) (352 -32 240 ) (352 -32 400 ) 
4 1033 1034 (208 -48 240 ) (208 -32 240 ) (352 -32 240 ) (352 -48 240 ) 
4 1034 1041 (992 -48 236 ) (208 -48 236 ) (208 0 236 ) (992 0 236 ) 
4 1035 1069 (176 -32 236 ) (176 -48 236 ) (32 -48 236 ) (32 -32 236 ) 
4 1035 1036 (32 -48 420 ) (32 -48 236 ) (176 -48 236 ) (176 -48 420 ) 
4 1036 1069 (176 -216 236 ) (32 -216 236 ) (32 -48 236 ) (176 -48 236 ) 
4 1036 1038 (32 -216 236 ) (176 -216 236 ) (176 -216 420 ) (32 -216 420 ) 
4 1037 1302 (0 0 408 ) (0 0 236 ) (0 -216 236 ) (0 -216 408 ) 
4 1037 1071 (0 -216 236 ) (0 -208 236 ) (8 -208 236 ) (8 -216 236 ) 
4 1037 1070 (0 -208 236 ) (0 0 236 ) (8 0 236 ) (8 -208 236 ) 
4 1038 1069 (32 -216 236 ) (176 -216 236 ) (176 -224 236 ) (32 -224 236 ) 
4 1038 1039 (32 -224 236 ) (176 -224 236 ) (176 -224 420 ) (32 -224 420 ) 
4 1039 1069 (32 -224 236 ) (176 -224 236 ) (176 -240 236 ) (32 -240 236 ) 
4 1039 1040 (32 -240 236 ) (176 -240 236 ) (176 -240 420 ) (32 -240 420 ) 
4 1040 1069 (32 -240 236 ) (176 -240 236 ) (176 -480 236 ) (32 -480 236 ) 
4 1042 1045 (976 -160 -128 ) (976 -160 -224 ) (1024 -160 -224 ) (1024 -160 -128 ) 
4 1042 1043 (880 -16 -224 ) (880 -160 -224 ) (880 -160 -16 ) (880 -16 -16 ) 
4 1043 1044 (384 -16 -224 ) (384 -160 -224 ) (384 -160 -16 ) (384 -16 -16 ) 
4 1044 1052 (208 -160 -128 ) (208 -160 -224 ) (256 -160 -224 ) (256 -160 -128 ) 
4 1045 1053 (976 -352 -128 ) (976 -352 -224 ) (1024 -352 -224 ) (1024 -352 -128 ) 
4 1046 1056 (816 -352 -128 ) (816 -352 -224 ) (880 -352 -224 ) (880 -352 -128 ) 
4 1046 1054 (896 -352 -128 ) (896 -352 -224 ) (960 -352 -224 ) (960 -352 -128 ) 
4 1046 1047 (816 -176 -16 ) (816 -176 -224 ) (816 -240 -224 ) (816 -240 -16 ) 
4 1047 1048 (800 -176 -16 ) (800 -176 -224 ) (800 -240 -224 ) (800 -240 -16 ) 
4 1048 1050 (432 -176 -16 ) (432 -176 -224 ) (432 -240 -224 ) (432 -240 -16 ) 
4 1049 1057 (800 -352 -16 ) (432 -352 -16 ) (432 -352 -224 ) (800 -352 -224 ) 
4 1050 1051 (416 -176 -16 ) (416 -176 -224 ) (416 -240 -224 ) (416 -240 -16 ) 
4 1051 1059 (272 -352 -128 ) (272 -352 -224 ) (336 -352 -224 ) (336 -352 -128 ) 
4 1051 1058 (352 -352 -128 ) (352 -352 -224 ) (416 -352 -224 ) (416 -352 -128 ) 
4 1052 1060 (208 -352 -128 ) (208 -352 -224 ) (256 -352 -224 ) (256 -352 -128 ) 
4 1053 1055 (976 -368 -224 ) (1024 -368 -224 ) (1024 -368 -128 ) (976 -368 -128 ) 
4 1054 1055 (896 -368 -128 ) (896 -368 -224 ) (960 -368 -224 ) (960 -368 -128 ) 
4 1055 1062 (1024 -384 -16 ) (896 -384 -16 ) (896 -384 -224 ) (1024 -384 -224 ) 
4 1056 1063 (816 -384 -128 ) (816 -384 -224 ) (880 -384 -224 ) (880 -384 -128 ) 
4 1057 1063 (800 -384 -16 ) (432 -384 -16 ) (432 -384 -224 ) (800 -384 -224 ) 
4 1058 1063 (352 -384 -128 ) (352 -384 -224 ) (416 -384 -224 ) (416 -384 -128 ) 
4 1059 1061 (336 -368 -224 ) (336 -368 -128 ) (272 -368 -128 ) (272 -368 -224 ) 
4 1060 1061 (208 -368 -128 ) (208 -368 -224 ) (256 -368 -224 ) (256 -368 -128 ) 
4 1061 1064 (336 -384 -16 ) (208 -384 -16 ) (208 -384 -224 ) (336 -384 -224 ) 
4 1062 1065 (1024 -544 -16 ) (896 -544 -16 ) (896 -544 -224 ) (1024 -544 -224 ) 
4 1064 1067 (336 -544 -16 ) (208 -544 -16 ) (208 -544 -224 ) (336 -544 -224 ) 
4 1065 1066 (896 -560 -224 ) (896 -1008 -224 ) (896 -1008 -16 ) (896 -560 -16 ) 
4 1066 1067 (336 -560 -224 ) (336 -1008 -224 ) (336 -1008 -16 ) (336 -560 -16 ) 
4 1068 1072 (16 0 -224 ) (16 -16 -224 ) (16 -16 208 ) (16 0 208 ) 
4 1070 1302 (0 -208 236 ) (0 0 236 ) (0 0 232 ) (0 -208 232 ) 
4 1070 1071 (8 -208 232 ) (8 -208 236 ) (0 -208 236 ) (0 -208 232 ) 
4 1071 1302 (0 -216 236 ) (0 -208 236 ) (0 -208 232 ) (0 -216 232 ) 
4 1072 1303 (0 0 208 ) (0 0 -224 ) (0 -16 -224 ) (0 -16 208 ) 
4 1072 1073 (0 -16 -224 ) (16 -16 -224 ) (16 -16 208 ) (0 -16 208 ) 
4 1073 1304 (0 -16 -224 ) (0 -208 -224 ) (0 -208 208 ) (0 -16 208 ) 
4 1074 1084 (592 -8 -664 ) (472 -8 -664 ) (472 -8 -800 ) (592 -8 -800 ) 
4 1075 1079 (904 -480 -1816 ) (872 -480 -1816 ) (872 -360 -1816 ) (904 -360 -1816 ) 
4 1075 1076 (872 -416 -1792 ) (872 -416 -248 ) (872 -360 -248 ) (872 -360 -1792 ) 
4 1075 1077 (872 -416 -1816 ) (872 -480 -1816 ) (872 -480 -248 ) (872 -416 -248 ) 
4 1076 1077 (840 -416 -248 ) (840 -416 -1792 ) (872 -416 -1792 ) (872 -416 -248 ) 
4 1076 1078 (840 -416 -1792 ) (840 -416 -248 ) (840 -360 -248 ) (840 -360 -1792 ) 
4 1077 1079 (872 -480 -1816 ) (840 -480 -1816 ) (840 -416 -1816 ) (872 -416 -1816 ) 
4 1077 1078 (840 -416 -1816 ) (840 -480 -1816 ) (840 -480 -248 ) (840 -416 -248 ) 
4 1078 1082 (792 -360 -712 ) (792 -360 -800 ) (792 -408 -800 ) (792 -408 -712 ) 
4 1078 1080 (840 -480 -1816 ) (792 -480 -1816 ) (792 -372 -1816 ) (840 -372 -1816 ) 
4 1079 1080 (840 -480 -1840 ) (840 -480 -1816 ) (840 -372 -1816 ) (840 -384 -1840 ) 
4 1079 1081 (840 -360 -2040 ) (840 -480 -2040 ) (840 -480 -1840 ) (840 -360 -1840 ) 
4 1080 1081 (840 -384 -1840 ) (840 -480 -1840 ) (792 -480 -1840 ) (792 -384 -1840 ) 
4 1082 1083 (776 -408 -712 ) (776 -360 -712 ) (776 -360 -800 ) (776 -408 -800 ) 
4 1083 1084 (656 -8 -664 ) (656 -8 -800 ) (656 -144 -800 ) (656 -144 -664 ) 
4 1084 1085 (408 -8 -664 ) (408 -8 -800 ) (408 -144 -800 ) (408 -144 -664 ) 
4 1087 1095 (-352 1024 2576 ) (-8 1024 2576 ) (-8 888 2576 ) (-352 888 2576 ) 
4 1087 1089 (-352 888 2576 ) (-8 888 2576 ) (-8 888 2784 ) (-352 888 2784 ) 
4 1088 1089 (-504 888 2784 ) (-504 888 2616 ) (-384 888 2616 ) (-384 888 2784 ) 
4 1089 1116 (-384 712 2576 ) (-504 712 2576 ) (-504 752 2576 ) (-384 752 2576 ) 
4 1089 1114 (-504 752 2576 ) (-504 888 2576 ) (-384 888 2576 ) (-384 752 2576 ) 
4 1089 1104 (-352 712 2576 ) (-384 712 2576 ) (-384 720 2576 ) (-352 720 2576 ) 
4 1089 1103 (-8 720 2576 ) (-8 712 2576 ) (-352 712 2576 ) (-352 720 2576 ) 
4 1089 1100 (-368 720 2576 ) (-384 720 2576 ) (-384 888 2576 ) (-368 888 2576 ) 
4 1089 1099 (-352 720 2576 ) (-368 720 2576 ) (-368 736 2576 ) (-352 736 2576 ) 
4 1089 1098 (-8 736 2576 ) (-8 720 2576 ) (-352 720 2576 ) (-352 736 2576 ) 
4 1089 1096 (-352 736 2576 ) (-368 736 2576 ) (-368 888 2576 ) (-352 888 2576 ) 
4 1089 1095 (-8 888 2576 ) (-8 736 2576 ) (-352 736 2576 ) (-352 888 2576 ) 
4 1089 1090 (-368 712 2592 ) (-368 712 2688 ) (-448 712 2688 ) (-448 712 2592 ) 
4 1090 1091 (-368 704 2592 ) (-368 704 2688 ) (-448 704 2688 ) (-448 704 2592 ) 
4 1091 1092 (-448 192 2592 ) (-448 112 2592 ) (-448 112 2688 ) (-448 192 2688 ) 
4 1092 1094 (-640 112 2592 ) (-560 112 2592 ) (-560 112 2688 ) (-640 112 2688 ) 
4 1092 1093 (-752 192 2592 ) (-752 112 2592 ) (-752 112 2688 ) (-752 192 2688 ) 
4 1094 1282 (-560 0 2688 ) (-640 0 2688 ) (-640 0 2592 ) (-560 0 2592 ) 
4 1095 1098 (-8 736 2496 ) (-8 736 2576 ) (-352 736 2576 ) (-352 736 2496 ) 
4 1095 1096 (-352 736 2496 ) (-352 736 2576 ) (-352 888 2576 ) (-352 888 2496 ) 
4 1096 1100 (-368 736 2496 ) (-368 736 2576 ) (-368 888 2576 ) (-368 888 2496 ) 
4 1096 1099 (-368 736 2576 ) (-368 736 2496 ) (-352 736 2496 ) (-352 736 2576 ) 
4 1098 1103 (-8 720 2496 ) (-8 720 2576 ) (-352 720 2576 ) (-352 720 2496 ) 
4 1098 1099 (-352 736 2576 ) (-352 736 2496 ) (-352 720 2496 ) (-352 720 2576 ) 
4 1099 1104 (-352 720 2576 ) (-368 720 2576 ) (-368 720 2496 ) (-352 720 2496 ) 
4 1099 1100 (-368 720 2496 ) (-368 720 2576 ) (-368 736 2576 ) (-368 736 2496 ) 
4 1100 1116 (-384 720 2576 ) (-384 752 2576 ) (-384 752 2496 ) (-384 720 2496 ) 
4 1100 1114 (-384 752 2576 ) (-384 888 2576 ) (-384 888 2496 ) (-384 752 2496 ) 
4 1100 1104 (-384 720 2576 ) (-384 720 2496 ) (-368 720 2496 ) (-368 720 2576 ) 
4 1101 1102 (-288 1016 768 ) (-288 720 768 ) (-288 720 800 ) (-288 1016 800 ) 
4 1103 1104 (-352 720 2576 ) (-352 720 2496 ) (-352 712 2496 ) (-352 712 2576 ) 
4 1104 1116 (-384 712 2576 ) (-384 720 2576 ) (-384 720 2496 ) (-384 712 2496 ) 
4 1105 1106 (-96 704 1008 ) (0 704 1008 ) (0 512 1008 ) (-96 512 1008 ) 
4 1106 1111 (-96 512 768 ) (-96 704 768 ) (0 704 768 ) (0 512 768 ) 
4 1107 1108 (-368 512 1008 ) (-368 704 1008 ) (-368 704 848 ) (-368 512 848 ) 
4 1108 1119 (-384 512 1008 ) (-384 704 1008 ) (-384 704 848 ) (-384 512 848 ) 
4 1109 1138 (-352 1024 648 ) (0 1024 648 ) (0 736 648 ) (-352 736 648 ) 
4 1109 1110 (-352 992 648 ) (-352 768 648 ) (-352 768 736 ) (-352 992 736 ) 
4 1110 1139 (-352 992 648 ) (-352 768 648 ) (-384 768 648 ) (-384 992 648 ) 
4 1111 1140 (0 704 648 ) (0 512 648 ) (-96 512 648 ) (-96 704 648 ) 
4 1112 1141 (-128 512 648 ) (-368 512 648 ) (-368 688 648 ) (-128 688 648 ) 
4 1113 1142 (-432 888 648 ) (-504 888 648 ) (-504 1008 648 ) (-432 1008 648 ) 
4 1113 1118 (-504 1008 648 ) (-504 888 648 ) (-504 888 784 ) (-504 1008 784 ) 
4 1113 1115 (-504 888 784 ) (-504 888 648 ) (-432 888 648 ) (-432 888 784 ) 
4 1114 1116 (-504 752 2576 ) (-504 752 2496 ) (-384 752 2496 ) (-384 752 2576 ) 
4 1115 1142 (-432 752 648 ) (-504 752 648 ) (-504 888 648 ) (-432 888 648 ) 
4 1115 1118 (-504 888 648 ) (-504 752 648 ) (-504 752 784 ) (-504 888 784 ) 
4 1115 1117 (-504 752 784 ) (-504 752 648 ) (-432 752 648 ) (-432 752 784 ) 
4 1117 1143 (-400 704 648 ) (-504 704 648 ) (-504 752 648 ) (-400 752 648 ) 
4 1117 1120 (-504 704 648 ) (-400 704 648 ) (-400 704 784 ) (-504 704 784 ) 
4 1117 1118 (-504 752 648 ) (-504 704 648 ) (-504 704 784 ) (-504 752 784 ) 
4 1118 1143 (-504 752 648 ) (-504 704 648 ) (-1008 704 648 ) (-1008 752 648 ) 
4 1118 1142 (-504 1008 648 ) (-504 752 648 ) (-1008 752 648 ) (-1008 1008 648 ) 
4 1118 1120 (-1008 704 784 ) (-1008 704 648 ) (-504 704 648 ) (-504 704 784 ) 
4 1119 1133 (-784 496 1008 ) (-1008 496 1008 ) (-1008 496 848 ) (-784 496 848 ) 
4 1120 1143 (-400 512 648 ) (-1008 512 648 ) (-1008 704 648 ) (-400 704 648 ) 
4 1120 1121 (-464 512 648 ) (-416 512 648 ) (-416 512 784 ) (-464 512 784 ) 
4 1121 1145 (-416 496 648 ) (-464 496 648 ) (-464 512 648 ) (-416 512 648 ) 
4 1122 1124 (-768 192 1024 ) (-768 336 1024 ) (0 336 1024 ) (0 192 1024 ) 
4 1123 1285 (-560 0 1200 ) (-768 0 1200 ) (-768 0 1024 ) (-560 0 1024 ) 
4 1123 1284 (-416 0 1200 ) (-560 0 1200 ) (-560 0 1024 ) (-416 0 1024 ) 
4 1123 1283 (0 0 1024 ) (0 0 1200 ) (-416 0 1200 ) (-416 0 1024 ) 
4 1124 1125 (-768 192 1008 ) (-768 336 1008 ) (0 336 1008 ) (0 192 1008 ) 
4 1125 1130 (-768 336 896 ) (-768 192 896 ) (-768 192 976 ) (-768 336 976 ) 
4 1126 1286 (0 0 848 ) (0 0 1008 ) (-576 0 1008 ) (-576 0 848 ) 
4 1126 1127 (-576 0 1008 ) (-576 16 1008 ) (-576 16 848 ) (-576 0 848 ) 
4 1127 1288 (-576 0 1008 ) (-768 0 1008 ) (-768 0 848 ) (-576 0 848 ) 
4 1128 1292 (0 0 648 ) (0 0 800 ) (-576 0 800 ) (-576 0 648 ) 
4 1128 1287 (0 0 800 ) (0 0 816 ) (-576 0 816 ) (-576 0 800 ) 
4 1128 1150 (-576 176 648 ) (-576 352 648 ) (-352 352 648 ) (-352 176 648 ) 
4 1128 1149 (-576 352 648 ) (-576 480 648 ) (-352 480 648 ) (-352 352 648 ) 
4 1128 1151 (-352 0 648 ) (-576 0 648 ) (-576 176 648 ) (-352 176 648 ) 
4 1128 1147 (-352 464 648 ) (-352 480 648 ) (-80 480 648 ) (-80 464 648 ) 
4 1128 1146 (-80 480 648 ) (0 480 648 ) (0 464 648 ) (-80 464 648 ) 
4 1128 1148 (0 0 648 ) (-352 0 648 ) (-352 464 648 ) (0 464 648 ) 
4 1129 1295 (-768 0 784 ) (-768 0 648 ) (-608 0 648 ) (-608 0 784 ) 
4 1129 1152 (-608 0 648 ) (-768 0 648 ) (-768 480 648 ) (-608 480 648 ) 
4 1129 1132 (-768 48 648 ) (-768 0 648 ) (-768 0 784 ) (-768 48 784 ) 
4 1129 1131 (-768 480 648 ) (-768 48 648 ) (-768 48 784 ) (-768 480 784 ) 
4 1130 1133 (-784 192 976 ) (-784 336 976 ) (-784 336 896 ) (-784 192 896 ) 
4 1131 1152 (-784 48 648 ) (-784 480 648 ) (-768 480 648 ) (-768 48 648 ) 
4 1131 1134 (-784 480 648 ) (-784 48 648 ) (-784 48 784 ) (-784 480 784 ) 
4 1131 1132 (-768 48 648 ) (-768 48 784 ) (-784 48 784 ) (-784 48 648 ) 
4 1132 1295 (-784 0 784 ) (-784 0 648 ) (-768 0 648 ) (-768 0 784 ) 
4 1132 1152 (-768 0 648 ) (-784 0 648 ) (-784 48 648 ) (-768 48 648 ) 
4 1132 1134 (-784 48 648 ) (-784 0 648 ) (-784 0 784 ) (-784 48 784 ) 
4 1133 1305 (-1008 0 1008 ) (-1008 0 848 ) (-784 0 848 ) (-784 0 1008 ) 
4 1133 1135 (-1008 256 896 ) (-1008 56 896 ) (-1008 56 992 ) (-1008 256 992 ) 
4 1134 1309 (-1008 0 784 ) (-1008 0 648 ) (-800 0 648 ) (-800 0 784 ) 
4 1134 1308 (-800 0 648 ) (-784 0 648 ) (-784 0 784 ) (-800 0 784 ) 
4 1134 1152 (-784 0 648 ) (-1008 0 648 ) (-1008 480 648 ) (-784 480 648 ) 
4 1134 1137 (-1008 36 748 ) (-1008 76 748 ) (-1008 76 688 ) (-1008 36 688 ) 
4 1134 1136 (-1008 364 748 ) (-1008 408 748 ) (-1008 408 688 ) (-1008 364 688 ) 
4 1135 1274 (-1024 56 992 ) (-1024 256 992 ) (-1024 256 896 ) (-1024 56 896 ) 
4 1136 1275 (-1024 364 748 ) (-1024 408 748 ) (-1024 408 688 ) (-1024 364 688 ) 
4 1137 1276 (-1024 36 748 ) (-1024 76 748 ) (-1024 76 688 ) (-1024 36 688 ) 
4 1138 1153 (-352 1024 608 ) (0 1024 608 ) (0 736 608 ) (-352 736 608 ) 
4 1138 1139 (-352 992 608 ) (-352 768 608 ) (-352 768 648 ) (-352 992 648 ) 
4 1139 1159 (-352 992 608 ) (-352 768 608 ) (-384 768 608 ) (-384 992 608 ) 
4 1140 1154 (0 704 608 ) (0 512 608 ) (-96 512 608 ) (-96 704 608 ) 
4 1142 1144 (-1008 1008 624 ) (-960 1008 624 ) (-960 960 624 ) (-1008 960 624 ) 
4 1142 1143 (-1008 752 624 ) (-432 752 624 ) (-432 752 648 ) (-1008 752 648 ) 
4 1143 1145 (-416 512 648 ) (-464 512 648 ) (-464 512 640 ) (-416 512 640 ) 
4 1144 1169 (-1008 1008 608 ) (-960 1008 608 ) (-960 960 608 ) (-1008 960 608 ) 
4 1146 1148 (-80 464 624 ) (0 464 624 ) (0 464 648 ) (-80 464 648 ) 
4 1146 1147 (-80 480 648 ) (-80 480 624 ) (-80 464 624 ) (-80 464 648 ) 
4 1147 1149 (-352 480 648 ) (-352 480 624 ) (-352 464 624 ) (-352 464 648 ) 
4 1147 1148 (-352 464 648 ) (-352 464 624 ) (-80 464 624 ) (-80 464 648 ) 
4 1148 1293 (0 0 624 ) (0 0 648 ) (-352 0 648 ) (-352 0 624 ) 
4 1148 1150 (-352 352 624 ) (-352 176 624 ) (-352 176 648 ) (-352 352 648 ) 
4 1148 1149 (-352 464 624 ) (-352 352 624 ) (-352 352 648 ) (-352 464 648 ) 
4 1148 1151 (-352 176 624 ) (-352 0 624 ) (-352 0 648 ) (-352 176 648 ) 
4 1149 1150 (-576 352 648 ) (-576 352 624 ) (-352 352 624 ) (-352 352 648 ) 
4 1150 1151 (-576 176 648 ) (-576 176 624 ) (-352 176 624 ) (-352 176 648 ) 
4 1151 1294 (-352 0 648 ) (-576 0 648 ) (-576 0 624 ) (-352 0 624 ) 
4 1152 1309 (-800 0 648 ) (-1008 0 648 ) (-1008 0 624 ) (-800 0 624 ) 
4 1152 1308 (-784 0 648 ) (-800 0 648 ) (-800 0 624 ) (-784 0 624 ) 
4 1152 1295 (-608 0 648 ) (-784 0 648 ) (-784 0 624 ) (-608 0 624 ) 
4 1153 1160 (-352 776 568 ) (-352 840 568 ) (-352 840 536 ) (-352 776 536 ) 
4 1153 1159 (-352 768 608 ) (-352 992 608 ) (-352 992 576 ) (-352 768 576 ) 
4 1153 1154 (-96 736 576 ) (0 736 576 ) (0 736 608 ) (-96 736 608 ) 
4 1153 1155 (-352 736 576 ) (-352 736 528 ) (0 736 528 ) (0 736 576 ) 
4 1154 1155 (-96 512 576 ) (-96 736 576 ) (0 736 576 ) (0 512 576 ) 
4 1155 1163 (-352 480 448 ) (-352 416 448 ) (-352 416 544 ) (-352 480 544 ) 
4 1155 1162 (-352 576 480 ) (-352 576 536 ) (-352 640 536 ) (-352 640 480 ) 
4 1155 1161 (-352 576 536 ) (-352 576 544 ) (-352 640 544 ) (-352 640 536 ) 
4 1155 1156 (-160 384 448 ) (0 384 448 ) (0 384 576 ) (-160 384 576 ) 
4 1156 1298 (0 0 448 ) (0 0 576 ) (-160 0 576 ) (-160 0 448 ) 
4 1156 1157 (-160 128 448 ) (-160 64 448 ) (-160 64 568 ) (-160 128 568 ) 
4 1157 1158 (-176 128 448 ) (-176 64 448 ) (-176 64 568 ) (-176 128 568 ) 
4 1158 1164 (-352 352 448 ) (-352 16 448 ) (-352 16 576 ) (-352 352 576 ) 
4 1160 1168 (-384 840 536 ) (-384 776 536 ) (-384 776 568 ) (-384 840 568 ) 
4 1161 1176 (-384 640 536 ) (-384 576 536 ) (-384 576 544 ) (-384 640 544 ) 
4 1161 1162 (-352 576 536 ) (-384 576 536 ) (-384 640 536 ) (-352 640 536 ) 
4 1162 1176 (-384 640 480 ) (-384 576 480 ) (-384 576 536 ) (-384 640 536 ) 
4 1163 1176 (-384 480 544 ) (-384 480 448 ) (-384 416 448 ) (-384 416 544 ) 
4 1164 1178 (-384 352 576 ) (-384 352 448 ) (-384 16 448 ) (-384 16 576 ) 
4 1165 1167 (-432 960 432 ) (-432 960 528 ) (-432 1024 528 ) (-432 1024 432 ) 
4 1166 1169 (-464 944 560 ) (-464 944 608 ) (-464 1024 608 ) (-464 1024 560 ) 
4 1167 1170 (-464 960 432 ) (-464 960 528 ) (-464 1024 528 ) (-464 1024 432 ) 
4 1168 1173 (-464 776 568 ) (-464 840 568 ) (-464 840 536 ) (-464 776 536 ) 
4 1169 1172 (-1008 944 560 ) (-1008 944 608 ) (-1008 1024 608 ) (-1008 1024 560 ) 
4 1170 1171 (-736 960 432 ) (-736 960 528 ) (-736 1024 528 ) (-736 1024 432 ) 
4 1173 1174 (-800 720 576 ) (-1008 720 576 ) (-1008 720 448 ) (-800 720 448 ) 
4 1174 1180 (-800 704 448 ) (-800 704 576 ) (-1008 704 576 ) (-1008 704 448 ) 
4 1175 1177 (-784 656 576 ) (-784 656 448 ) (-672 656 448 ) (-672 656 576 ) 
4 1177 1179 (-784 352 576 ) (-784 352 448 ) (-776 352 448 ) (-776 352 576 ) 
4 1177 1178 (-776 352 448 ) (-672 352 448 ) (-672 352 576 ) (-776 352 576 ) 
4 1178 1179 (-776 352 576 ) (-776 352 448 ) (-776 16 448 ) (-776 16 576 ) 
4 1180 1312 (-1008 0 576 ) (-1008 0 448 ) (-800 0 448 ) (-800 0 576 ) 
4 1180 1181 (-936 416 448 ) (-856 416 448 ) (-856 352 448 ) (-936 352 448 ) 
4 1181 1242 (-856 352 408 ) (-936 352 408 ) (-936 416 408 ) (-856 416 408 ) 
4 1182 1186 (-352 1008 272 ) (-352 1008 400 ) (-352 1024 400 ) (-352 1024 272 ) 
4 1182 1184 (-352 1008 400 ) (-352 1008 272 ) (0 1008 272 ) (0 1008 400 ) 
4 1182 1183 (0 1008 272 ) (-352 1008 272 ) (-352 1024 272 ) (0 1024 272 ) 
4 1183 1187 (-352 1008 240 ) (-352 1008 272 ) (-352 1024 272 ) (-352 1024 240 ) 
4 1183 1185 (-352 1008 272 ) (-352 1008 240 ) (0 1008 240 ) (0 1008 272 ) 
4 1184 1186 (-352 880 272 ) (-352 880 400 ) (-352 1008 400 ) (-352 1008 272 ) 
4 1184 1185 (0 880 272 ) (-352 880 272 ) (-352 1008 272 ) (0 1008 272 ) 
4 1185 1187 (-352 880 240 ) (-352 880 272 ) (-352 1008 272 ) (-352 1008 240 ) 
4 1186 1188 (-384 880 272 ) (-384 880 400 ) (-384 1024 400 ) (-384 1024 272 ) 
4 1186 1187 (-384 880 272 ) (-384 1024 272 ) (-352 1024 272 ) (-352 880 272 ) 
4 1187 1189 (-384 880 240 ) (-384 880 272 ) (-384 1024 272 ) (-384 1024 240 ) 
4 1188 1189 (-528 880 272 ) (-528 1024 272 ) (-384 1024 272 ) (-384 880 272 ) 
4 1190 1191 (-560 688 240 ) (-560 688 400 ) (-560 848 400 ) (-560 848 240 ) 
4 1192 1193 (-768 592 240 ) (-768 592 400 ) (-768 656 400 ) (-768 656 240 ) 
4 1194 1224 (-272 496 408 ) (-384 496 408 ) (-384 496 232 ) (-272 496 232 ) 
4 1194 1221 (-192 496 408 ) (-272 496 408 ) (-272 496 232 ) (-192 496 232 ) 
4 1194 1218 (-176 496 408 ) (-192 496 408 ) (-192 496 232 ) (-176 496 232 ) 
4 1194 1217 (0 496 232 ) (0 496 408 ) (-176 496 408 ) (-176 496 232 ) 
4 1194 1195 (-384 568 408 ) (-384 568 232 ) (-384 496 232 ) (-384 496 408 ) 
4 1195 1232 (-688 496 408 ) (-752 496 408 ) (-752 496 232 ) (-688 496 232 ) 
4 1195 1231 (-520 496 408 ) (-688 496 408 ) (-688 496 232 ) (-520 496 232 ) 
4 1195 1229 (-424 496 408 ) (-520 496 408 ) (-520 496 232 ) (-424 496 232 ) 
4 1195 1224 (-384 496 408 ) (-424 496 408 ) (-424 496 232 ) (-384 496 232 ) 
4 1195 1197 (-752 536 232 ) (-752 496 232 ) (-752 496 408 ) (-752 536 408 ) 
4 1195 1196 (-752 568 408 ) (-752 568 232 ) (-752 536 232 ) (-752 536 408 ) 
4 1196 1197 (-776 536 408 ) (-776 536 232 ) (-752 536 232 ) (-752 536 408 ) 
4 1197 1232 (-752 496 408 ) (-776 496 408 ) (-776 496 232 ) (-752 496 232 ) 
4 1198 1245 (0 496 88 ) (0 496 208 ) (-352 496 208 ) (-352 496 88 ) 
4 1198 1212 (0 496 88 ) (-352 496 88 ) (-352 528 88 ) (0 528 88 ) 
4 1198 1206 (-352 528 88 ) (-352 1008 88 ) (0 1008 88 ) (0 528 88 ) 
4 1199 1200 (-1016 1016 216 ) (-1016 1016 128 ) (-944 1016 128 ) (-944 1016 216 ) 
4 1200 1207 (-384 1008 88 ) (-384 536 88 ) (-1016 536 88 ) (-1016 1008 88 ) 
4 1200 1205 (-944 1008 88 ) (-1016 1008 88 ) (-1016 1016 88 ) (-944 1016 88 ) 
4 1200 1203 (-864 1008 88 ) (-944 1008 88 ) (-944 1016 88 ) (-864 1016 88 ) 
4 1200 1202 (-384 1016 88 ) (-384 1008 88 ) (-864 1008 88 ) (-864 1016 88 ) 
4 1200 1201 (-752 536 88 ) (-384 536 88 ) (-384 536 216 ) (-752 536 216 ) 
4 1201 1247 (-384 496 216 ) (-752 496 216 ) (-752 496 88 ) (-384 496 88 ) 
4 1201 1216 (-512 496 88 ) (-752 496 88 ) (-752 528 88 ) (-512 528 88 ) 
4 1201 1214 (-464 496 88 ) (-512 496 88 ) (-512 528 88 ) (-464 528 88 ) 
4 1201 1213 (-384 496 88 ) (-464 496 88 ) (-464 528 88 ) (-384 528 88 ) 
4 1201 1209 (-752 528 88 ) (-752 536 88 ) (-384 536 88 ) (-384 528 88 ) 
4 1202 1207 (-384 1008 88 ) (-864 1008 88 ) (-864 1008 32 ) (-384 1008 32 ) 
4 1202 1203 (-864 1008 32 ) (-864 1008 88 ) (-864 1016 88 ) (-864 1016 32 ) 
4 1203 1207 (-864 1008 88 ) (-944 1008 88 ) (-944 1008 32 ) (-864 1008 32 ) 
4 1203 1205 (-944 1008 32 ) (-944 1008 88 ) (-944 1016 88 ) (-944 1016 32 ) 
4 1204 1208 (-944 1008 -112 ) (-944 1008 -224 ) (-864 1008 -224 ) (-864 1008 -112 ) 
4 1205 1207 (-944 1008 88 ) (-1016 1008 88 ) (-1016 1008 32 ) (-944 1008 32 ) 
4 1206 1212 (0 528 -224 ) (0 528 88 ) (-352 528 88 ) (-352 528 -224 ) 
4 1207 1209 (-384 536 32 ) (-384 536 88 ) (-752 536 88 ) (-752 536 32 ) 
4 1208 1271 (-1008 1008 -320 ) (-384 1008 -320 ) (-384 536 -320 ) (-1008 536 -320 ) 
4 1208 1211 (-1008 536 -320 ) (-752 536 -320 ) (-752 536 -16 ) (-1008 536 -16 ) 
4 1208 1210 (-752 536 -320 ) (-384 536 -320 ) (-384 536 -16 ) (-752 536 -16 ) 
4 1209 1216 (-512 528 88 ) (-752 528 88 ) (-752 528 32 ) (-512 528 32 ) 
4 1209 1214 (-464 528 88 ) (-512 528 88 ) (-512 528 32 ) (-464 528 32 ) 
4 1209 1213 (-384 528 32 ) (-384 528 88 ) (-464 528 88 ) (-464 528 32 ) 
4 1210 1271 (-752 536 -320 ) (-384 536 -320 ) (-384 528 -320 ) (-752 528 -320 ) 
4 1210 1215 (-464 528 -224 ) (-464 528 -128 ) (-512 528 -128 ) (-512 528 -224 ) 
4 1210 1211 (-752 536 -16 ) (-752 536 -320 ) (-752 528 -320 ) (-752 528 -16 ) 
4 1211 1271 (-1008 536 -320 ) (-752 536 -320 ) (-752 528 -320 ) (-1008 528 -320 ) 
4 1212 1254 (0 496 -224 ) (0 496 88 ) (-352 496 88 ) (-352 496 -224 ) 
4 1213 1256 (-384 496 32 ) (-384 496 88 ) (-464 496 88 ) (-464 496 32 ) 
4 1213 1214 (-464 528 88 ) (-464 528 32 ) (-464 496 32 ) (-464 496 88 ) 
4 1214 1256 (-464 496 32 ) (-464 496 88 ) (-512 496 88 ) (-512 496 32 ) 
4 1214 1216 (-512 528 88 ) (-512 528 32 ) (-512 496 32 ) (-512 496 88 ) 
4 1215 1257 (-464 496 -224 ) (-464 496 -128 ) (-512 496 -128 ) (-512 496 -224 ) 
4 1216 1256 (-512 496 32 ) (-512 496 88 ) (-752 496 88 ) (-752 496 32 ) 
4 1217 1302 (0 0 232 ) (0 0 408 ) (-176 0 408 ) (-176 0 232 ) 
4 1217 1220 (-176 16 232 ) (-176 0 232 ) (-176 0 408 ) (-176 16 408 ) 
4 1217 1219 (-176 104 272 ) (-176 104 376 ) (-176 248 376 ) (-176 248 272 ) 
4 1217 1218 (-176 496 408 ) (-176 496 232 ) (-176 336 232 ) (-176 336 408 ) 
4 1218 1221 (-192 496 408 ) (-192 496 232 ) (-192 336 232 ) (-192 336 408 ) 
4 1219 1222 (-192 104 272 ) (-192 104 376 ) (-192 248 376 ) (-192 248 272 ) 
4 1220 1302 (-176 0 408 ) (-192 0 408 ) (-192 0 232 ) (-176 0 232 ) 
4 1220 1223 (-192 16 232 ) (-192 0 232 ) (-192 0 408 ) (-192 16 408 ) 
4 1221 1224 (-272 496 408 ) (-272 496 232 ) (-272 336 232 ) (-272 336 408 ) 
4 1222 1226 (-272 320 232 ) (-272 32 232 ) (-272 32 408 ) (-272 320 408 ) 
4 1223 1302 (-192 0 408 ) (-272 0 408 ) (-272 0 232 ) (-192 0 232 ) 
4 1223 1228 (-272 16 232 ) (-272 0 232 ) (-272 0 408 ) (-272 16 408 ) 
4 1224 1229 (-424 496 408 ) (-424 496 232 ) (-424 336 232 ) (-424 336 408 ) 
4 1224 1225 (-424 336 376 ) (-424 336 272 ) (-272 336 272 ) (-272 336 376 ) 
4 1225 1226 (-424 320 376 ) (-424 320 272 ) (-272 320 272 ) (-272 320 376 ) 
4 1226 1237 (-424 112 232 ) (-424 32 232 ) (-424 32 408 ) (-424 112 408 ) 
4 1226 1233 (-424 240 232 ) (-424 112 232 ) (-424 112 408 ) (-424 240 408 ) 
4 1226 1230 (-424 320 232 ) (-424 240 232 ) (-424 240 408 ) (-424 320 408 ) 
4 1226 1227 (-424 32 376 ) (-424 32 272 ) (-272 32 272 ) (-272 32 376 ) 
4 1227 1228 (-424 16 376 ) (-424 16 272 ) (-272 16 272 ) (-272 16 376 ) 
4 1228 1302 (-272 0 408 ) (-424 0 408 ) (-424 0 232 ) (-272 0 232 ) 
4 1228 1238 (-424 16 232 ) (-424 0 232 ) (-424 0 408 ) (-424 16 408 ) 
4 1229 1231 (-520 496 408 ) (-520 496 232 ) (-520 336 232 ) (-520 336 408 ) 
4 1230 1233 (-504 240 232 ) (-424 240 232 ) (-424 240 408 ) (-504 240 408 ) 
4 1231 1235 (-688 240 232 ) (-520 240 232 ) (-520 240 408 ) (-688 240 408 ) 
4 1231 1232 (-688 496 408 ) (-688 496 232 ) (-688 256 232 ) (-688 256 408 ) 
4 1233 1237 (-504 112 232 ) (-424 112 232 ) (-424 112 408 ) (-504 112 408 ) 
4 1233 1234 (-504 240 408 ) (-504 240 232 ) (-504 112 232 ) (-504 112 408 ) 
4 1234 1235 (-520 240 408 ) (-520 240 232 ) (-520 112 232 ) (-520 112 408 ) 
4 1235 1240 (-688 112 232 ) (-520 112 232 ) (-520 112 408 ) (-688 112 408 ) 
4 1235 1236 (-688 240 408 ) (-688 240 232 ) (-688 112 232 ) (-688 112 408 ) 
4 1236 1244 (-784 240 232 ) (-784 112 232 ) (-784 112 408 ) (-784 240 408 ) 
4 1238 1302 (-424 0 408 ) (-504 0 408 ) (-504 0 232 ) (-424 0 232 ) 
4 1238 1239 (-504 16 232 ) (-504 0 232 ) (-504 0 408 ) (-504 16 408 ) 
4 1239 1302 (-504 0 408 ) (-520 0 408 ) (-520 0 232 ) (-504 0 232 ) 
4 1239 1240 (-520 16 232 ) (-520 0 232 ) (-520 0 408 ) (-520 16 408 ) 
4 1240 1302 (-520 0 408 ) (-688 0 408 ) (-688 0 232 ) (-520 0 232 ) 
4 1240 1241 (-688 96 232 ) (-688 0 232 ) (-688 0 408 ) (-688 96 408 ) 
4 1241 1302 (-688 0 408 ) (-776 0 408 ) (-776 0 232 ) (-688 0 232 ) 
4 1242 1243 (-856 352 400 ) (-936 352 400 ) (-936 416 400 ) (-856 416 400 ) 
4 1243 1252 (-1008 496 232 ) (-800 496 232 ) (-800 288 232 ) (-1008 288 232 ) 
4 1244 1316 (-1008 0 408 ) (-1016 0 408 ) (-1016 0 232 ) (-1008 0 232 ) 
4 1244 1313 (-784 0 408 ) (-1008 0 408 ) (-1008 0 232 ) (-784 0 232 ) 
4 1245 1303 (0 0 88 ) (0 0 208 ) (-352 0 208 ) (-352 0 88 ) 
4 1245 1254 (-352 496 88 ) (0 496 88 ) (0 0 88 ) (-352 0 88 ) 
4 1245 1246 (-352 56 88 ) (-352 0 88 ) (-352 0 144 ) (-352 56 144 ) 
4 1246 1255 (-352 56 88 ) (-352 0 88 ) (-368 0 88 ) (-368 56 88 ) 
4 1246 1250 (-368 56 88 ) (-368 0 88 ) (-368 0 144 ) (-368 56 144 ) 
4 1247 1256 (-752 496 88 ) (-384 496 88 ) (-384 488 88 ) (-752 488 88 ) 
4 1247 1248 (-464 488 88 ) (-424 488 88 ) (-424 488 144 ) (-464 488 144 ) 
4 1248 1260 (-424 472 88 ) (-464 472 88 ) (-464 488 88 ) (-424 488 88 ) 
4 1248 1249 (-464 472 88 ) (-424 472 88 ) (-424 472 144 ) (-464 472 144 ) 
4 1249 1268 (-760 72 88 ) (-760 288 88 ) (-376 288 88 ) (-376 72 88 ) 
4 1249 1264 (-760 288 88 ) (-760 472 88 ) (-384 472 88 ) (-384 288 88 ) 
4 1249 1263 (-384 472 88 ) (-376 472 88 ) (-376 288 88 ) (-384 288 88 ) 
4 1250 1269 (-368 56 88 ) (-368 0 88 ) (-760 0 88 ) (-760 56 88 ) 
4 1250 1251 (-760 56 88 ) (-760 0 88 ) (-760 0 144 ) (-760 56 144 ) 
4 1251 1270 (-760 56 88 ) (-760 0 88 ) (-784 0 88 ) (-784 56 88 ) 
4 1251 1253 (-784 56 88 ) (-784 0 88 ) (-784 0 144 ) (-784 56 144 ) 
4 1252 1267 (-1008 496 88 ) (-800 496 88 ) (-800 288 88 ) (-1008 288 88 ) 
4 1253 1317 (-1024 0 144 ) (-1024 0 88 ) (-1008 0 88 ) (-1008 0 144 ) 
4 1253 1314 (-1008 0 88 ) (-984 0 88 ) (-984 0 144 ) (-1008 0 144 ) 
4 1253 1277 (-1024 16 144 ) (-1024 56 144 ) (-1024 56 88 ) (-1024 16 88 ) 
4 1253 1270 (-1024 0 88 ) (-1024 56 88 ) (-784 56 88 ) (-784 0 88 ) 
4 1254 1303 (0 0 -224 ) (0 0 88 ) (-352 0 88 ) (-352 0 -224 ) 
4 1254 1255 (-352 0 88 ) (-352 56 88 ) (-352 56 32 ) (-352 0 32 ) 
4 1255 1269 (-368 0 88 ) (-368 56 88 ) (-368 56 32 ) (-368 0 32 ) 
4 1256 1260 (-424 488 88 ) (-464 488 88 ) (-464 488 64 ) (-424 488 64 ) 
4 1257 1262 (-464 488 -112 ) (-752 488 -112 ) (-752 488 -224 ) (-464 488 -224 ) 
4 1257 1261 (-424 488 -112 ) (-464 488 -112 ) (-464 488 -224 ) (-424 488 -224 ) 
4 1257 1259 (-384 488 -224 ) (-384 488 -112 ) (-424 488 -112 ) (-424 488 -224 ) 
4 1257 1258 (-752 488 -224 ) (-752 488 -112 ) (-752 496 -112 ) (-752 496 -224 ) 
4 1258 1266 (-760 496 -112 ) (-760 496 -224 ) (-760 488 -224 ) (-760 488 -112 ) 
4 1258 1262 (-760 488 -112 ) (-760 488 -224 ) (-752 488 -224 ) (-752 488 -112 ) 
4 1259 1265 (-384 472 -224 ) (-384 472 -112 ) (-424 472 -112 ) (-424 472 -224 ) 
4 1259 1261 (-424 488 -112 ) (-424 488 -224 ) (-424 472 -224 ) (-424 472 -112 ) 
4 1260 1264 (-424 472 64 ) (-424 472 88 ) (-464 472 88 ) (-464 472 64 ) 
4 1261 1265 (-424 472 -224 ) (-424 472 -112 ) (-464 472 -112 ) (-464 472 -224 ) 
4 1261 1262 (-464 488 -112 ) (-464 488 -224 ) (-464 472 -224 ) (-464 472 -112 ) 
4 1262 1266 (-760 488 -112 ) (-760 488 -224 ) (-760 472 -224 ) (-760 472 -112 ) 
4 1262 1265 (-760 472 -112 ) (-760 472 -224 ) (-464 472 -224 ) (-464 472 -112 ) 
4 1263 1268 (-376 288 32 ) (-376 288 88 ) (-384 288 88 ) (-384 288 32 ) 
4 1263 1264 (-384 472 88 ) (-384 472 32 ) (-384 288 32 ) (-384 288 88 ) 
4 1264 1268 (-384 288 32 ) (-384 288 88 ) (-760 288 88 ) (-760 288 32 ) 
4 1265 1266 (-760 288 -224 ) (-760 288 -112 ) (-760 472 -112 ) (-760 472 -224 ) 
4 1266 1267 (-800 288 -224 ) (-800 288 -112 ) (-800 496 -112 ) (-800 496 -224 ) 
4 1267 1273 (-1008 496 -320 ) (-800 496 -320 ) (-800 288 -320 ) (-1008 288 -320 ) 
4 1269 1270 (-760 0 32 ) (-760 0 88 ) (-760 56 88 ) (-760 56 32 ) 
4 1270 1318 (-1008 0 88 ) (-1024 0 88 ) (-1024 0 32 ) (-1008 0 32 ) 
4 1270 1315 (-984 0 88 ) (-1008 0 88 ) (-1008 0 32 ) (-984 0 32 ) 
4 1270 1278 (-1024 16 88 ) (-1024 56 88 ) (-1024 56 32 ) (-1024 16 32 ) 
4 1274 1281 (-1040 256 896 ) (-1040 56 896 ) (-1040 56 992 ) (-1040 256 992 ) 
4 1275 1281 (-1040 364 748 ) (-1040 408 748 ) (-1040 408 688 ) (-1040 364 688 ) 
4 1276 1281 (-1040 36 748 ) (-1040 76 748 ) (-1040 76 688 ) (-1040 36 688 ) 
4 1277 1281 (-1040 16 144 ) (-1040 56 144 ) (-1040 56 88 ) (-1040 16 88 ) 
4 1277 1278 (-1024 16 88 ) (-1040 16 88 ) (-1040 56 88 ) (-1024 56 88 ) 
4 1278 1281 (-1040 56 88 ) (-1040 56 32 ) (-1040 16 32 ) (-1040 16 88 ) 
4 1279 1281 (-1088 1008 896 ) (-1488 1008 896 ) (-1488 1008 784 ) (-1088 1008 784 ) 
4 1280 1281 (-1760 1008 520 ) (-2000 1008 520 ) (-2000 1008 456 ) (-1760 1008 456 ) 
4 1282 1322 (-560 -224 2688 ) (-640 -224 2688 ) (-640 -224 2592 ) (-560 -224 2592 ) 
4 1283 1324 (0 -224 1024 ) (0 -224 1200 ) (-416 -224 1200 ) (-416 -224 1024 ) 
4 1283 1284 (-416 0 1024 ) (-416 -208 1024 ) (-416 -208 1200 ) (-416 0 1200 ) 
4 1284 1285 (-560 0 1024 ) (-560 -80 1024 ) (-560 -80 1200 ) (-560 0 1200 ) 
4 1286 1289 (-576 -208 848 ) (-576 -208 1008 ) (-576 -96 1008 ) (-576 -96 848 ) 
4 1286 1288 (-576 -96 1008 ) (-576 0 1008 ) (-576 0 848 ) (-576 -96 848 ) 
4 1287 1292 (-576 0 800 ) (0 0 800 ) (0 -208 800 ) (-576 -208 800 ) 
4 1287 1290 (-576 -96 800 ) (-576 -208 800 ) (-576 -208 816 ) (-576 -96 816 ) 
4 1288 1289 (-768 -96 1008 ) (-768 -96 848 ) (-576 -96 848 ) (-576 -96 1008 ) 
4 1289 1291 (-768 -96 992 ) (-768 -96 896 ) (-768 -176 896 ) (-768 -176 992 ) 
4 1290 1296 (-768 -208 800 ) (-768 -96 800 ) (-576 -96 800 ) (-576 -208 800 ) 
4 1291 1306 (-784 -176 896 ) (-784 -176 992 ) (-784 -96 992 ) (-784 -96 896 ) 
4 1292 1296 (-576 -208 648 ) (-576 -208 800 ) (-576 -96 800 ) (-576 -96 648 ) 
4 1292 1294 (-352 -208 648 ) (-576 -208 648 ) (-576 0 648 ) (-352 0 648 ) 
4 1292 1293 (0 -208 648 ) (-352 -208 648 ) (-352 0 648 ) (0 0 648 ) 
4 1293 1294 (-352 0 624 ) (-352 -208 624 ) (-352 -208 648 ) (-352 0 648 ) 
4 1294 1296 (-576 -96 624 ) (-576 -208 624 ) (-576 -208 648 ) (-576 -96 648 ) 
4 1295 1308 (-784 0 784 ) (-784 0 624 ) (-784 -64 624 ) (-784 -64 784 ) 
4 1296 1297 (-768 -96 800 ) (-768 -96 688 ) (-768 -176 688 ) (-768 -176 800 ) 
4 1297 1310 (-784 -176 800 ) (-784 -96 800 ) (-784 -96 688 ) (-784 -176 688 ) 
4 1298 1312 (-784 0 576 ) (-784 0 448 ) (-784 -64 448 ) (-784 -64 576 ) 
4 1298 1299 (-784 -64 448 ) (0 -64 448 ) (0 -64 576 ) (-784 -64 576 ) 
4 1299 1312 (-784 -64 448 ) (-784 -96 448 ) (-784 -96 576 ) (-784 -64 576 ) 
4 1299 1300 (-784 -96 448 ) (0 -96 448 ) (0 -96 576 ) (-784 -96 576 ) 
4 1300 1312 (-784 -96 448 ) (-784 -208 448 ) (-784 -208 576 ) (-784 -96 576 ) 
4 1300 1301 (-784 -208 448 ) (0 -208 448 ) (0 -208 576 ) (-784 -208 576 ) 
4 1301 1326 (-288 -224 560 ) (-752 -224 560 ) (-752 -224 496 ) (-288 -224 496 ) 
4 1301 1325 (-176 -224 560 ) (-240 -224 560 ) (-240 -224 448 ) (-176 -224 448 ) 
4 1301 1312 (-784 -208 448 ) (-784 -224 448 ) (-784 -224 576 ) (-784 -208 576 ) 
4 1303 1304 (-352 -16 -224 ) (0 -16 -224 ) (0 -16 208 ) (-352 -16 208 ) 
4 1306 1307 (-800 -96 992 ) (-800 -96 896 ) (-800 -176 896 ) (-800 -176 992 ) 
4 1307 1323 (-896 -224 1216 ) (-800 -224 1216 ) (-800 -224 1296 ) (-896 -224 1296 ) 
4 1307 1311 (-1008 -224 800 ) (-1008 -96 800 ) (-800 -96 800 ) (-800 -224 800 ) 
4 1308 1309 (-800 -64 624 ) (-800 -64 784 ) (-800 0 784 ) (-800 0 624 ) 
4 1310 1311 (-800 -96 800 ) (-800 -96 688 ) (-800 -176 688 ) (-800 -176 800 ) 
4 1311 1312 (-1008 -224 576 ) (-1008 -96 576 ) (-800 -96 576 ) (-800 -224 576 ) 
4 1313 1319 (-1008 -8 232 ) (-1008 -208 232 ) (-1008 -208 408 ) (-1008 -8 408 ) 
4 1313 1316 (-1008 0 408 ) (-1008 0 232 ) (-1008 -8 232 ) (-1008 -8 408 ) 
4 1314 1327 (-984 -224 88 ) (-984 -224 144 ) (-1008 -224 144 ) (-1008 -224 88 ) 
4 1314 1320 (-1008 -224 88 ) (-1008 -224 144 ) (-1008 -8 144 ) (-1008 -8 88 ) 
4 1314 1317 (-1008 -8 144 ) (-1008 0 144 ) (-1008 0 88 ) (-1008 -8 88 ) 
4 1314 1315 (-1008 -224 88 ) (-1008 0 88 ) (-984 0 88 ) (-984 -224 88 ) 
4 1315 1328 (-984 -224 32 ) (-984 -224 88 ) (-1008 -224 88 ) (-1008 -224 32 ) 
4 1315 1321 (-1008 -224 32 ) (-1008 -224 88 ) (-1008 -8 88 ) (-1008 -8 32 ) 
4 1315 1318 (-1008 -8 88 ) (-1008 0 88 ) (-1008 0 32 ) (-1008 -8 32 ) 
4 1316 1319 (-1008 -8 232 ) (-1008 -8 408 ) (-1016 -8 408 ) (-1016 -8 232 ) 
4 1317 1320 (-1008 -8 88 ) (-1008 -8 144 ) (-1024 -8 144 ) (-1024 -8 88 ) 
4 1317 1318 (-1008 -8 88 ) (-1024 -8 88 ) (-1024 0 88 ) (-1008 0 88 ) 
4 1318 1321 (-1008 -8 32 ) (-1008 -8 88 ) (-1024 -8 88 ) (-1024 -8 32 ) 
4 1319 1340 (-1024 -8 408 ) (-1024 -8 232 ) (-1024 -208 232 ) (-1024 -208 408 ) 
4 1320 1327 (-1008 -224 88 ) (-1008 -224 144 ) (-1024 -224 144 ) (-1024 -224 88 ) 
4 1320 1321 (-1024 -8 88 ) (-1008 -8 88 ) (-1008 -224 88 ) (-1024 -224 88 ) 
4 1321 1328 (-1008 -224 32 ) (-1008 -224 88 ) (-1024 -224 88 ) (-1024 -224 32 ) 
4 1322 1330 (-640 -240 2592 ) (-560 -240 2592 ) (-560 -240 2688 ) (-640 -240 2688 ) 
4 1323 1332 (-896 -240 1216 ) (-800 -240 1216 ) (-800 -240 1296 ) (-896 -240 1296 ) 
4 1324 1334 (-416 -240 1024 ) (0 -240 1024 ) (0 -240 1200 ) (-416 -240 1200 ) 
4 1325 1338 (-176 -240 448 ) (-176 -240 560 ) (-240 -240 560 ) (-240 -240 448 ) 
4 1326 1338 (-288 -240 560 ) (-752 -240 560 ) (-752 -240 496 ) (-288 -240 496 ) 
4 1327 1338 (-1024 -240 144 ) (-1024 -240 88 ) (-984 -240 88 ) (-984 -240 144 ) 
4 1327 1328 (-1024 -224 88 ) (-984 -224 88 ) (-984 -240 88 ) (-1024 -240 88 ) 
4 1328 1339 (-1024 -240 88 ) (-1024 -240 32 ) (-984 -240 32 ) (-984 -240 88 ) 
4 1329 1331 (-640 -256 3072 ) (-336 -256 3072 ) (-336 -1008 3072 ) (-640 -1008 3072 ) 
4 1330 1331 (-640 -256 2688 ) (-640 -256 2592 ) (-560 -256 2592 ) (-560 -256 2688 ) 
4 1331 1332 (-640 -1008 2048 ) (-640 -256 2048 ) (-336 -256 2048 ) (-336 -1008 2048 ) 
4 1332 1333 (-392 -240 1216 ) (-288 -240 1216 ) (-288 -344 1216 ) (-392 -344 1216 ) 
4 1333 1334 (-392 -344 1200 ) (-392 -240 1200 ) (-288 -240 1200 ) (-288 -344 1200 ) 
4 1335 1336 (-128 -384 1024 ) (-128 -896 1024 ) (-896 -896 1024 ) (-896 -384 1024 ) 
4 1336 1337 (-128 -896 1016 ) (-896 -896 1016 ) (-896 -384 1016 ) (-128 -384 1016 ) 
4 1337 1338 (-896 -896 1008 ) (-896 -384 1008 ) (-128 -384 1008 ) (-128 -896 1008 ) 
4 1338 1341 (-1024 -896 128 ) (-1024 -896 88 ) (-1024 -1008 88 ) (-1024 -1008 128 ) 
4 1338 1339 (0 -1024 88 ) (-1024 -1024 88 ) (-1024 -240 88 ) (0 -240 88 ) 
4 1339 1341 (-1024 -1008 88 ) (-1024 -896 88 ) (-1024 -896 16 ) (-1024 -1008 16 ) 
4 1342 1344 (-2720 960 656 ) (-2720 960 544 ) (-2720 896 544 ) (-2720 896 656 ) 
4 1342 1343 (-2480 848 544 ) (-2352 848 544 ) (-2352 848 752 ) (-2480 848 752 ) 
4 1344 1350 (-2736 896 544 ) (-2736 896 656 ) (-2736 960 656 ) (-2736 960 544 ) 
4 1345 1350 (-2872 1008 544 ) (-2872 1008 624 ) (-2920 1008 624 ) (-2920 1008 544 ) 
4 1346 1349 (-3056 1008 976 ) (-2936 1008 976 ) (-2936 512 976 ) (-3056 512 976 ) 
4 1346 1348 (-2936 1008 976 ) (-2856 1008 976 ) (-2856 512 976 ) (-2936 512 976 ) 
4 1346 1347 (-2856 1008 976 ) (-2736 1008 976 ) (-2736 512 976 ) (-2856 512 976 ) 
4 1347 1350 (-2856 1008 728 ) (-2736 1008 728 ) (-2736 512 728 ) (-2856 512 728 ) 
4 1347 1348 (-2856 1008 728 ) (-2856 512 728 ) (-2856 512 976 ) (-2856 1008 976 ) 
4 1348 1350 (-2936 1008 728 ) (-2856 1008 728 ) (-2856 512 728 ) (-2936 512 728 ) 
4 1348 1349 (-2936 1008 728 ) (-2936 512 728 ) (-2936 512 976 ) (-2936 1008 976 ) 
4 1349 1350 (-3056 1008 728 ) (-2936 1008 728 ) (-2936 512 728 ) (-3056 512 728 ) 
