PRT1
1693
3147
4 0 1 (7168 1216 240 ) (7168 1216 400 ) (7168 1392 400 ) (7168 1392 240 ) 
4 1 23 (6144 1216 240 ) (6144 1216 400 ) (6144 1392 400 ) (6144 1392 240 ) 
4 2 6 (6344 1024 544 ) (6344 1024 624 ) (6296 1024 624 ) (6296 1024 544 ) 
4 3 5 (6496 960 656 ) (6496 960 544 ) (6496 896 544 ) (6496 896 656 ) 
4 3 4 (6736 848 544 ) (6864 848 544 ) (6864 848 752 ) (6736 848 752 ) 
4 5 11 (6480 896 544 ) (6480 896 656 ) (6480 960 656 ) (6480 960 544 ) 
4 6 11 (6344 1008 544 ) (6344 1008 624 ) (6296 1008 624 ) (6296 1008 544 ) 
4 7 10 (6160 1008 976 ) (6280 1008 976 ) (6280 512 976 ) (6160 512 976 ) 
4 7 9 (6280 1008 976 ) (6360 1008 976 ) (6360 512 976 ) (6280 512 976 ) 
4 7 8 (6360 1008 976 ) (6480 1008 976 ) (6480 512 976 ) (6360 512 976 ) 
4 8 11 (6360 1008 728 ) (6480 1008 728 ) (6480 512 728 ) (6360 512 728 ) 
4 8 9 (6360 1008 728 ) (6360 512 728 ) (6360 512 976 ) (6360 1008 976 ) 
4 9 11 (6280 1008 728 ) (6360 1008 728 ) (6360 512 728 ) (6280 512 728 ) 
4 9 10 (6280 1008 728 ) (6280 512 728 ) (6280 512 976 ) (6280 1008 976 ) 
4 10 11 (6160 1008 728 ) (6280 1008 728 ) (6280 512 728 ) (6160 512 728 ) 
4 12 17 (3571.373291 4096 664 ) (3072 4096 664 ) (3072 4096 432 ) (3571.383301 4096 432 ) 
4 12 13 (3072 4096 432 ) (3072 4096 664 ) (3072 4458.818359 664 ) (3072 4458.825195 432 ) 
4 13 62 (2048 4096 432 ) (2048 4096 664 ) (2048 4875.985352 664 ) (2048 4875.985352 432 ) 
4 13 18 (3072 4096 432 ) (3072 4096 664 ) (2048 4096 664 ) (2048 4096 432 ) 
4 14 17 (4096 3072 432 ) (4096 3072 664 ) (4096 3714.834229 664 ) (4096 3714.841553 432 ) 
4 14 16 (4598.833008 3072 664 ) (4096 3072 664 ) (4096 3072 432 ) (4598.833496 3072 432 ) 
4 15 22 (5221.632324 2048 664 ) (5120 2048 664 ) (5120 2048 432 ) (5221.628906 2048 432 ) 
4 15 16 (5120 2354.679688 432 ) (5120 2048 432 ) (5120 2048 664 ) (5120 2354.679443 664 ) 
4 16 24 (5120 2048 432 ) (5120 2048 664 ) (4096.858398 2048 664 ) (4096.858398 2048 432 ) 
4 16 21 (4096 2049.181396 664 ) (4096 2468.891602 664 ) (4096 2468.891602 432 ) (4096 2049.181152 432 ) 
4 16 20 (4096 2468.891602 664 ) (4096 3072 664 ) (4096 3072 432 ) (4096 2468.891602 432 ) 
4 17 20 (4096 3072 432 ) (4096 3072 664 ) (3265.890625 3072 664 ) (3265.890625 3072 432 ) 
4 17 19 (3072 3212.869385 664 ) (3072 3483.403564 664 ) (3072 3483.403564 432 ) (3072 3212.869385 432 ) 
4 17 18 (3072 3483.403564 664 ) (3072 4096 664 ) (3072 4096 432 ) (3072 3483.403564 432 ) 
4 18 68 (2048 3816.118164 664 ) (2048 4096 664 ) (2048 4096 432 ) (2048 3816.118164 432 ) 
4 18 19 (2398.397949 3702.269043 432 ) (3072 3483.404297 432 ) (3072 3483.403320 664 ) (2398.400391 3702.267090 664 ) 
4 20 21 (3450.141602 2938.131836 432 ) (4096 2468.890625 432 ) (4096 2468.894531 664 ) (3450.132568 2938.143555 664 ) 
4 22 27 (5554.356445 1024 664 ) (5120 1024 664 ) (5120 1024 432 ) (5554.353516 1024 432 ) 
4 22 24 (5120 2048 664 ) (5120 2048 432 ) (5120 1024 432 ) (5120 1024 664 ) 
4 23 26 (5120 1216 240 ) (5120 1216 400 ) (5120 1392 400 ) (5120 1392 240 ) 
4 24 29 (5120 1024 432 ) (5120 1024 664 ) (4840.835938 1024 664 ) (4840.835938 1024 432 ) 
4 24 25 (4214.270020 1886.391968 432 ) (4840.832031 1024 432 ) (4840.834961 1024 664 ) (4214.269043 1886.396240 664 ) 
4 25 29 (4840.835938 1024 664 ) (4494.475098 1024 664 ) (4494.475098 1024 432 ) (4840.835938 1024 432 ) 
4 26 31 (4096 1216 240 ) (4096 1216 400 ) (4096 1392 400 ) (4096 1392 240 ) 
4 27 46 (5624 0 664 ) (5120 0 664 ) (5120 0 432 ) (5624 0 432 ) 
4 27 29 (5120 1024 664 ) (5120 1024 432 ) (5120 0 432 ) (5120 0 664 ) 
4 29 47 (5120 0 432 ) (5120 0 664 ) (4827.188965 0 664 ) (4827.188965 0 432 ) 
4 29 30 (4616 649.975952 432 ) (4827.187500 0 432 ) (4827.189941 0 664 ) (4616 649.983398 664 ) 
4 30 48 (4827.188965 0 664 ) (4616 0 664 ) (4616 0 432 ) (4827.188965 0 432 ) 
4 31 34 (3072 1216 240 ) (3072 1216 400 ) (3072 1392 400 ) (3072 1392 240 ) 
4 32 35 (2192 1024 816 ) (3056 1024 816 ) (3056 1024 912 ) (2192 1024 912 ) 
4 32 33 (2192 1152 816 ) (2192 1024 816 ) (2192 1024 912 ) (2192 1152 912 ) 
4 33 105 (2048 1024 816 ) (2048 1024 912 ) (2048 1152 912 ) (2048 1152 816 ) 
4 33 35 (2048 1024 912 ) (2048 1024 816 ) (2192 1024 816 ) (2192 1024 912 ) 
4 34 134 (2048 1216 240 ) (2048 1216 400 ) (2048 1392 400 ) (2048 1392 240 ) 
4 35 269 (2048 656 912 ) (2048 1024 912 ) (2048 1024 816 ) (2048 656 816 ) 
4 36 43 (2496 688 72 ) (2496 592 72 ) (2384 592 72 ) (2384 688 72 ) 
4 36 42 (2384 976 72 ) (2496 976 72 ) (2496 688 72 ) (2384 688 72 ) 
4 36 44 (2496 592 72 ) (2496 352 72 ) (2384 352 72 ) (2384 592 72 ) 
4 36 41 (2496 976 72 ) (3056 976 72 ) (3056 352 72 ) (2496 352 72 ) 
4 36 45 (2160 352 72 ) (2160 976 72 ) (2384 976 72 ) (2384 352 72 ) 
4 36 39 (2160 968 72 ) (2160 352 72 ) (2160 352 400 ) (2160 968 400 ) 
4 36 37 (2160 976 400 ) (2160 976 72 ) (2160 968 72 ) (2160 968 400 ) 
4 37 302 (2048 976 384 ) (2048 976 72 ) (2048 968 72 ) (2048 968 384 ) 
4 37 298 (2048 976 400 ) (2048 976 384 ) (2048 968 384 ) (2048 968 400 ) 
4 37 45 (2048 968 72 ) (2048 976 72 ) (2160 976 72 ) (2160 968 72 ) 
4 37 39 (2048 968 72 ) (2160 968 72 ) (2160 968 400 ) (2048 968 400 ) 
4 38 296 (2048 968 480 ) (2048 968 424 ) (2048 352 424 ) (2048 352 480 ) 
4 38 274 (2048 968 576 ) (2048 968 480 ) (2048 352 480 ) (2048 352 576 ) 
4 38 271 (2048 968 608 ) (2048 968 576 ) (2048 352 576 ) (2048 352 608 ) 
4 38 40 (2160 352 424 ) (2160 352 608 ) (2048 352 608 ) (2048 352 424 ) 
4 39 302 (2048 968 384 ) (2048 968 72 ) (2048 352 72 ) (2048 352 384 ) 
4 39 298 (2048 968 400 ) (2048 968 384 ) (2048 352 384 ) (2048 352 400 ) 
4 39 45 (2048 352 72 ) (2048 968 72 ) (2160 968 72 ) (2160 352 72 ) 
4 40 296 (2048 352 480 ) (2048 352 424 ) (2048 24 424 ) (2048 24 480 ) 
4 40 274 (2048 352 576 ) (2048 352 480 ) (2048 24 480 ) (2048 24 576 ) 
4 40 271 (2048 352 608 ) (2048 352 576 ) (2048 24 576 ) (2048 24 608 ) 
4 41 43 (2496 688 16 ) (2496 592 16 ) (2496 592 72 ) (2496 688 72 ) 
4 41 42 (2496 976 72 ) (2496 976 16 ) (2496 688 16 ) (2496 688 72 ) 
4 41 44 (2496 592 16 ) (2496 352 16 ) (2496 352 72 ) (2496 592 72 ) 
4 42 45 (2384 976 72 ) (2384 976 16 ) (2384 688 16 ) (2384 688 72 ) 
4 42 43 (2384 688 72 ) (2384 688 16 ) (2496 688 16 ) (2496 688 72 ) 
4 43 44 (2384 592 72 ) (2384 592 16 ) (2496 592 16 ) (2496 592 72 ) 
4 43 45 (2384 688 16 ) (2384 592 16 ) (2384 592 72 ) (2384 688 72 ) 
4 44 45 (2384 592 16 ) (2384 352 16 ) (2384 352 72 ) (2384 592 72 ) 
4 45 302 (2048 352 16 ) (2048 352 72 ) (2048 976 72 ) (2048 976 16 ) 
4 46 49 (5554.354492 -1024 664 ) (5120 -1024 664 ) (5120 -1024 432 ) (5554.354980 -1024 432 ) 
4 46 47 (5120 0 664 ) (5120 0 432 ) (5120 -1024 432 ) (5120 -1024 664 ) 
4 47 50 (5120 -1024 432 ) (5120 -1024 664 ) (4494.482910 -1024 664 ) (4494.482910 -1024 432 ) 
4 47 48 (4827.207520 0 432 ) (4616 -650.019409 432 ) (4616 -650.016968 664 ) (4827.207031 0 664 ) 
4 49 52 (5221.639648 -2048 664 ) (5120 -2048 664 ) (5120 -2048 432 ) (5221.640137 -2048 432 ) 
4 49 50 (5120 -2048 432 ) (5120 -2048 664 ) (5120 -1024 664 ) (5120 -1024 432 ) 
4 50 53 (4161.760254 -2048 432 ) (5120 -2048 432 ) (5120 -2048 664 ) (4161.760254 -2048 664 ) 
4 50 51 (4214.265625 -1886.412354 432 ) (4161.761719 -2048 432 ) (4161.760742 -2048 664 ) (4214.263672 -1886.415161 664 ) 
4 51 53 (4096.864258 -2048 432 ) (4161.760254 -2048 432 ) (4161.760254 -2048 664 ) (4096.864258 -2048 664 ) 
4 52 53 (5120 -2048 664 ) (5120 -2048 432 ) (5120 -2354.679932 432 ) (5120 -2354.679932 664 ) 
4 53 56 (4598.833008 -3072 664 ) (4096 -3072 664 ) (4096 -3072 432 ) (4598.833496 -3072 432 ) 
4 53 54 (4096 -3072 432 ) (4096 -3072 664 ) (4096 -2049.189453 664 ) (4096 -2049.189697 432 ) 
4 54 57 (4096 -3072 432 ) (4096 -3072 664 ) (3352.879395 -3072 664 ) (3352.879639 -3072 432 ) 
4 54 55 (3450.143066 -2938.133301 432 ) (3352.882324 -3072 432 ) (3352.882812 -3072 664 ) (3450.144287 -2938.132080 664 ) 
4 55 57 (3352.879395 -3072 664 ) (3265.890381 -3072 664 ) (3265.890625 -3072 432 ) (3352.879639 -3072 432 ) 
4 56 57 (4096 -3714.848389 664 ) (4096 -3072 664 ) (4096 -3072 432 ) (4096 -3714.848389 432 ) 
4 57 60 (3571.388916 -4096 664 ) (3072 -4096 664 ) (3072 -4096 432 ) (3571.388916 -4096 432 ) 
4 57 58 (3072 -4096 432 ) (3072 -4096 664 ) (3072 -3212.869385 664 ) (3072 -3212.869385 432 ) 
4 58 1669 (2048 -4096 432 ) (2048 -4096 664 ) (2048 -3956.847168 664 ) (2048 -3956.847168 432 ) 
4 58 61 (2048 -4096 664 ) (2048 -4096 432 ) (3072 -4096 432 ) (3072 -4096 664 ) 
4 58 59 (2398.401611 -3702.267578 432 ) (2048 -3956.848633 432 ) (2048 -3956.850098 664 ) (2398.404053 -3702.266846 664 ) 
4 59 1669 (2048 -3956.847168 664 ) (2048 -3816.122070 664 ) (2048 -3816.122070 432 ) (2048 -3956.847168 432 ) 
4 60 61 (3072 -4096 664 ) (3072 -4096 432 ) (3072 -4458.827148 432 ) (3072 -4458.827148 664 ) 
4 61 1670 (2048 -4875.997070 664 ) (2048 -4096 664 ) (2048 -4096 432 ) (2048 -4875.997070 432 ) 
4 62 68 (2048 4096 432 ) (2048 4096 664 ) (1186.605713 4096 664 ) (1186.605713 4096 432 ) 
4 62 64 (1024 4148.833496 664 ) (1024 5112 664 ) (1024 5112 432 ) (1024 4148.833496 432 ) 
4 62 63 (1024 4148.833496 432 ) (1161.984497 4104 432 ) (1161.984253 4104 664 ) (1024 4148.833496 664 ) 
4 63 64 (1024 4104 664 ) (1024 4148.833496 664 ) (1024 4148.833496 432 ) (1024 4104 432 ) 
4 64 66 (0 4104 664 ) (0 4148.843750 664 ) (0 4148.843750 432 ) (0 4104 432 ) 
4 64 65 (0 4148.843750 664 ) (0 5112 664 ) (0 5112 432 ) (0 4148.843750 432 ) 
4 65 80 (-162.633224 4096 664 ) (-1024 4096 664 ) (-1024 4096 432 ) (-162.633240 4096 432 ) 
4 65 67 (-1024 4096 432 ) (-1024 4096 664 ) (-1024 4875.998047 664 ) (-1024 4875.998047 432 ) 
4 65 66 (-138.007874 4104 432 ) (0 4148.842285 432 ) (0 4148.843750 664 ) (-138.013321 4104 664 ) 
4 67 1340 (-2048 4096 432 ) (-2048 4096 664 ) (-2048 4458.827148 664 ) (-2048 4458.827148 432 ) 
4 67 81 (-1024 4096 432 ) (-1024 4096 664 ) (-2048 4096 664 ) (-2048 4096 432 ) 
4 69 79 (400 2304 -4280 ) (560 2304 -4280 ) (560 2056 -4280 ) (400 2056 -4280 ) 
4 69 73 (400 2232 824 ) (400 2232 912 ) (400 2288 912 ) (400 2288 824 ) 
4 70 72 (0 2288 1024 ) (0 2288 912 ) (384 2288 912 ) (384 2288 1024 ) 
4 70 71 (384 2288 912 ) (0 2288 912 ) (0 2304 912 ) (384 2304 912 ) 
4 71 75 (0 2288 824 ) (0 2288 808 ) (384 2288 808 ) (384 2288 824 ) 
4 71 74 (0 2288 912 ) (0 2288 824 ) (384 2288 824 ) (384 2288 912 ) 
4 72 76 (384 2232 1024 ) (0 2232 1024 ) (0 2232 912 ) (384 2232 912 ) 
4 72 74 (384 2232 912 ) (0 2232 912 ) (0 2288 912 ) (384 2288 912 ) 
4 73 74 (384 2288 824 ) (384 2232 824 ) (384 2232 912 ) (384 2288 912 ) 
4 74 77 (384 2232 912 ) (0 2232 912 ) (0 2232 824 ) (384 2232 824 ) 
4 74 75 (384 2232 824 ) (0 2232 824 ) (0 2288 824 ) (384 2288 824 ) 
4 75 77 (0 2232 808 ) (384 2232 808 ) (384 2232 824 ) (0 2232 824 ) 
4 76 78 (144 2056 912 ) (256 2056 912 ) (256 2056 928 ) (144 2056 928 ) 
4 76 77 (0 2232 912 ) (384 2232 912 ) (384 2056 912 ) (0 2056 912 ) 
4 77 78 (144 2056 808 ) (256 2056 808 ) (256 2056 912 ) (144 2056 912 ) 
4 78 141 (144 2048 928 ) (144 2048 808 ) (256 2048 808 ) (256 2048 928 ) 
4 80 82 (-1024 3816.121094 664 ) (-1024 3956.847168 664 ) (-1024 3956.847168 432 ) (-1024 3816.121094 432 ) 
4 80 81 (-1024 3956.847168 664 ) (-1024 4096 664 ) (-1024 4096 432 ) (-1024 3956.847168 432 ) 
4 81 1341 (-2048 3212.869385 664 ) (-2048 4096 664 ) (-2048 4096 432 ) (-2048 3212.869385 432 ) 
4 81 82 (-1374.399658 3702.267822 432 ) (-1024 3956.847656 432 ) (-1024 3956.847656 664 ) (-1374.399902 3702.267822 664 ) 
4 83 89 (-8 3064 -480 ) (-8 2816 -480 ) (-256 2816 -480 ) (-256 3064 -480 ) 
4 83 85 (-256 2816 -480 ) (-8 2816 -480 ) (-8 2816 216 ) (-256 2816 216 ) 
4 83 84 (-256 3064 216 ) (-256 3064 -480 ) (-256 2816 -480 ) (-256 2816 216 ) 
4 84 90 (-1024 3064 -480 ) (-1024 2816 -480 ) (-1024 2816 216 ) (-1024 3064 216 ) 
4 84 89 (-256 2816 -480 ) (-1024 2816 -480 ) (-1024 3064 -480 ) (-256 3064 -480 ) 
4 84 86 (-1024 2816 -480 ) (-256 2816 -480 ) (-256 2816 216 ) (-1024 2816 216 ) 
4 85 89 (-8 2816 -480 ) (-8 2304 -480 ) (-256 2304 -480 ) (-256 2816 -480 ) 
4 85 87 (-256 2304 -480 ) (-8 2304 -480 ) (-8 2304 216 ) (-256 2304 216 ) 
4 85 86 (-256 2816 216 ) (-256 2816 -480 ) (-256 2304 -480 ) (-256 2304 216 ) 
4 86 92 (-1024 2816 -480 ) (-1024 2304 -480 ) (-1024 2304 1016 ) (-1024 2816 1016 ) 
4 86 89 (-256 2304 -480 ) (-1024 2304 -480 ) (-1024 2816 -480 ) (-256 2816 -480 ) 
4 86 88 (-1024 2304 216 ) (-1024 2304 -480 ) (-256 2304 -480 ) (-256 2304 216 ) 
4 87 927 (-256 2048 120 ) (-256 2048 32 ) (-8 2048 32 ) (-8 2048 120 ) 
4 87 893 (-256 2048 216 ) (-256 2048 120 ) (-8 2048 120 ) (-8 2048 216 ) 
4 87 89 (-8 2304 -480 ) (-8 2048 -480 ) (-256 2048 -480 ) (-256 2304 -480 ) 
4 87 88 (-256 2304 216 ) (-256 2304 -480 ) (-256 2048 -480 ) (-256 2048 216 ) 
4 88 938 (-816 2048 -200 ) (-464 2048 -200 ) (-464 2048 -120 ) (-816 2048 -120 ) 
4 88 928 (-1024 2048 120 ) (-1024 2048 32 ) (-640 2048 32 ) (-640 2048 120 ) 
4 88 927 (-640 2048 32 ) (-256 2048 32 ) (-256 2048 120 ) (-640 2048 120 ) 
4 88 894 (-1024 2048 216 ) (-1024 2048 120 ) (-640 2048 120 ) (-640 2048 216 ) 
4 88 893 (-640 2048 120 ) (-256 2048 120 ) (-256 2048 216 ) (-640 2048 216 ) 
4 88 94 (-1024 2304 -480 ) (-1024 2048 -480 ) (-1024 2048 216 ) (-1024 2304 216 ) 
4 88 89 (-256 2048 -480 ) (-1024 2048 -480 ) (-1024 2304 -480 ) (-256 2304 -480 ) 
4 89 96 (-1024 2048 -1016 ) (-1024 2048 -480 ) (-1024 3064 -480 ) (-1024 3064 -1016 ) 
4 90 96 (-1024 3064 -480 ) (-1024 2816 -480 ) (-1792 2816 -480 ) (-1792 3064 -480 ) 
4 90 92 (-1792 2816 -480 ) (-1024 2816 -480 ) (-1024 2816 216 ) (-1792 2816 216 ) 
4 90 91 (-1792 3064 216 ) (-1792 3064 -480 ) (-1792 2816 -480 ) (-1792 2816 216 ) 
4 91 96 (-1792 2816 -480 ) (-2040 2816 -480 ) (-2040 3064 -480 ) (-1792 3064 -480 ) 
4 91 93 (-2040 2816 -480 ) (-1792 2816 -480 ) (-1792 2816 216 ) (-2040 2816 216 ) 
4 92 96 (-1024 2816 -480 ) (-1024 2304 -480 ) (-1792 2304 -480 ) (-1792 2816 -480 ) 
4 92 94 (-1792 2304 -480 ) (-1024 2304 -480 ) (-1024 2304 216 ) (-1792 2304 216 ) 
4 92 93 (-1792 2816 216 ) (-1792 2816 -480 ) (-1792 2304 -480 ) (-1792 2304 216 ) 
4 93 96 (-1792 2304 -480 ) (-2040 2304 -480 ) (-2040 2816 -480 ) (-1792 2816 -480 ) 
4 93 95 (-2040 2304 216 ) (-2040 2304 -480 ) (-1792 2304 -480 ) (-1792 2304 216 ) 
4 94 1088 (-1144 2048 120 ) (-1792 2048 120 ) (-1792 2048 32 ) (-1144 2048 32 ) 
4 94 1086 (-1024 2048 32 ) (-1024 2048 120 ) (-1144 2048 120 ) (-1144 2048 32 ) 
4 94 988 (-1504 2048 216 ) (-1792 2048 216 ) (-1792 2048 120 ) (-1504 2048 120 ) 
4 94 985 (-1024 2048 120 ) (-1024 2048 216 ) (-1504 2048 216 ) (-1504 2048 120 ) 
4 94 96 (-1024 2304 -480 ) (-1024 2048 -480 ) (-1792 2048 -480 ) (-1792 2304 -480 ) 
4 94 95 (-1792 2304 216 ) (-1792 2304 -480 ) (-1792 2048 -480 ) (-1792 2048 216 ) 
4 95 1088 (-1792 2048 32 ) (-1792 2048 120 ) (-2040 2048 120 ) (-2040 2048 32 ) 
4 95 1009 (-2032 2048 216 ) (-2040 2048 216 ) (-2040 2048 120 ) (-2032 2048 120 ) 
4 95 1008 (-1856 2048 216 ) (-2032 2048 216 ) (-2032 2048 120 ) (-1856 2048 120 ) 
4 95 988 (-1792 2048 120 ) (-1792 2048 216 ) (-1856 2048 216 ) (-1856 2048 120 ) 
4 95 96 (-1792 2048 -480 ) (-2040 2048 -480 ) (-2040 2304 -480 ) (-1792 2304 -480 ) 
4 97 98 (1344 2032 1960 ) (1344 1296 1960 ) (1104 1296 1960 ) (1104 2032 1960 ) 
4 98 102 (1344 2032 1840 ) (1344 1296 1840 ) (1104 1296 1840 ) (1104 2032 1840 ) 
4 98 99 (1152 1296 1840 ) (1280 1296 1840 ) (1280 1296 1960 ) (1152 1296 1960 ) 
4 99 100 (1152 1267 1960 ) (1152 1267 1840 ) (1280 1267 1840 ) (1280 1267 1960 ) 
4 100 101 (1152 1265 1960 ) (1152 1265 1840 ) (1280 1265 1840 ) (1280 1265 1960 ) 
4 101 106 (1280 1264 1960 ) (1152 1264 1960 ) (1152 1264 1840 ) (1280 1264 1840 ) 
4 102 107 (1344 2032 800 ) (1344 1296 800 ) (1104 1296 800 ) (1104 2032 800 ) 
4 102 103 (1104 1752 896 ) (1104 1824 896 ) (1104 1824 808 ) (1104 1752 808 ) 
4 103 104 (1080 1752 896 ) (1080 1824 896 ) (1080 1824 808 ) (1080 1752 808 ) 
4 104 148 (1024 1288 864 ) (1024 1288 984 ) (1024 1296 984 ) (1024 1296 864 ) 
4 104 147 (1024 1296 984 ) (1024 1936 984 ) (1024 1936 864 ) (1024 1296 864 ) 
4 104 153 (1024 1288 808 ) (1024 1288 864 ) (1024 1936 864 ) (1024 1936 808 ) 
4 104 146 (1024 1288 984 ) (1024 1288 1016 ) (1024 1488 1016 ) (1024 1488 984 ) 
4 104 145 (1024 1488 1016 ) (1024 1616 1016 ) (1024 1616 984 ) (1024 1488 984 ) 
4 104 144 (1024 1616 1016 ) (1024 1936 1016 ) (1024 1936 984 ) (1024 1616 984 ) 
4 105 269 (2048 1024 816 ) (2048 1024 912 ) (2032 1024 912 ) (2032 1024 816 ) 
4 105 106 (2032 1152 816 ) (2032 1024 816 ) (2032 1024 912 ) (2032 1152 912 ) 
4 106 401 (1024 1024 3056 ) (1024 1024 816 ) (1072 1024 816 ) (1072 1024 3056 ) 
4 106 332 (1072 1024 816 ) (1088 1024 816 ) (1088 1024 3056 ) (1072 1024 3056 ) 
4 106 316 (1088 1024 816 ) (1680 1024 816 ) (1680 1024 3056 ) (1088 1024 3056 ) 
4 106 270 (1680 1024 816 ) (2032 1024 816 ) (2032 1024 3056 ) (1680 1024 3056 ) 
4 106 157 (1024 1024 816 ) (1024 1024 3056 ) (1024 1264 3056 ) (1024 1264 816 ) 
4 107 118 (1344 2032 576 ) (1344 1296 576 ) (1104 1296 576 ) (1104 2032 576 ) 
4 107 111 (1216 1296 728 ) (1216 1296 792 ) (1168 1296 792 ) (1168 1296 728 ) 
4 107 108 (1104 1824 576 ) (1104 1664 576 ) (1104 1664 752 ) (1104 1824 752 ) 
4 108 109 (1088 1664 576 ) (1088 1664 752 ) (1088 1824 752 ) (1088 1824 576 ) 
4 109 175 (1024 1824 576 ) (1024 1664 576 ) (1024 1664 752 ) (1024 1824 752 ) 
4 110 176 (1024 1296 592 ) (1024 1296 752 ) (1024 1632 752 ) (1024 1632 592 ) 
4 110 112 (1072 1296 592 ) (1072 1296 752 ) (1024 1296 752 ) (1024 1296 592 ) 
4 111 115 (1216 1272 728 ) (1216 1272 768 ) (1168 1272 768 ) (1168 1272 728 ) 
4 111 113 (1216 1272 768 ) (1216 1272 792 ) (1168 1272 792 ) (1168 1272 768 ) 
4 112 176 (1024 1272 592 ) (1024 1272 752 ) (1024 1296 752 ) (1024 1296 592 ) 
4 112 116 (1072 1272 592 ) (1072 1272 752 ) (1024 1272 752 ) (1024 1272 592 ) 
4 113 163 (1024 1160 800 ) (1024 1272 800 ) (1024 1272 768 ) (1024 1160 768 ) 
4 113 115 (1088 1272 768 ) (1464 1272 768 ) (1464 1160 768 ) (1088 1160 768 ) 
4 113 114 (1024 1160 768 ) (1072 1160 768 ) (1072 1160 800 ) (1024 1160 800 ) 
4 114 402 (1072 1024 800 ) (1024 1024 800 ) (1024 1024 768 ) (1072 1024 768 ) 
4 114 173 (1024 1024 768 ) (1024 1024 800 ) (1024 1040 800 ) (1024 1040 768 ) 
4 114 171 (1024 1040 800 ) (1024 1056 800 ) (1024 1056 768 ) (1024 1040 768 ) 
4 114 168 (1024 1056 800 ) (1024 1104 800 ) (1024 1104 768 ) (1024 1056 768 ) 
4 114 163 (1024 1104 800 ) (1024 1160 800 ) (1024 1160 768 ) (1024 1104 768 ) 
4 116 176 (1024 1168 592 ) (1024 1168 752 ) (1024 1272 752 ) (1024 1272 592 ) 
4 117 403 (1024 1024 752 ) (1024 1024 592 ) (1072 1024 592 ) (1072 1024 752 ) 
4 117 355 (1072 1024 592 ) (1088 1024 592 ) (1088 1024 656 ) (1072 1024 656 ) 
4 117 335 (1088 1024 656 ) (1088 1024 752 ) (1072 1024 752 ) (1072 1024 656 ) 
4 117 317 (1088 1024 592 ) (1680 1024 592 ) (1680 1024 752 ) (1088 1024 752 ) 
4 117 181 (1024 1024 592 ) (1024 1024 752 ) (1024 1136 752 ) (1024 1136 592 ) 
4 118 122 (1104 1296 544 ) (1104 1408 544 ) (1344 1408 544 ) (1344 1296 544 ) 
4 118 121 (1104 1408 544 ) (1104 2032 544 ) (1216 2032 544 ) (1216 1408 544 ) 
4 118 120 (1216 2032 544 ) (1344 2032 544 ) (1344 1408 544 ) (1216 1408 544 ) 
4 119 124 (1936 1032 544 ) (1856 1032 544 ) (1856 1032 424 ) (1936 1032 424 ) 
4 119 123 (1368 1272 424 ) (1368 1032 424 ) (1368 1032 544 ) (1368 1272 544 ) 
4 120 133 (1344 2032 424 ) (1344 1408 424 ) (1216 1408 424 ) (1216 2032 424 ) 
4 120 122 (1344 1408 432 ) (1344 1408 544 ) (1216 1408 544 ) (1216 1408 432 ) 
4 120 121 (1216 2032 544 ) (1216 2032 432 ) (1216 1408 432 ) (1216 1408 544 ) 
4 121 122 (1216 1408 544 ) (1104 1408 544 ) (1104 1408 432 ) (1216 1408 432 ) 
4 122 125 (1104 1392 520 ) (1104 1392 432 ) (1104 1312 432 ) (1104 1312 520 ) 
4 123 131 (1104 1112 424 ) (1104 1032 424 ) (1104 1032 544 ) (1104 1112 544 ) 
4 123 130 (1104 1184 424 ) (1104 1112 424 ) (1104 1112 432 ) (1104 1184 432 ) 
4 123 128 (1104 1112 432 ) (1104 1112 520 ) (1104 1184 520 ) (1104 1184 432 ) 
4 123 127 (1104 1112 520 ) (1104 1112 544 ) (1104 1184 544 ) (1104 1184 520 ) 
4 123 126 (1104 1272 424 ) (1104 1184 424 ) (1104 1184 544 ) (1104 1272 544 ) 
4 124 295 (1856 1024 480 ) (1856 1024 424 ) (1936 1024 424 ) (1936 1024 480 ) 
4 124 273 (1936 1024 544 ) (1856 1024 544 ) (1856 1024 480 ) (1936 1024 480 ) 
4 125 132 (1072 1312 432 ) (1072 1312 520 ) (1072 1392 520 ) (1072 1392 432 ) 
4 126 130 (1096 1184 424 ) (1104 1184 424 ) (1104 1184 432 ) (1096 1184 432 ) 
4 126 128 (1104 1184 432 ) (1104 1184 520 ) (1096 1184 520 ) (1096 1184 432 ) 
4 126 127 (1104 1184 520 ) (1104 1184 544 ) (1096 1184 544 ) (1096 1184 520 ) 
4 127 131 (1096 1112 520 ) (1104 1112 520 ) (1104 1112 544 ) (1096 1112 544 ) 
4 127 128 (1104 1112 520 ) (1096 1112 520 ) (1096 1184 520 ) (1104 1184 520 ) 
4 128 131 (1096 1112 432 ) (1104 1112 432 ) (1104 1112 520 ) (1096 1112 520 ) 
4 128 130 (1104 1112 432 ) (1096 1112 432 ) (1096 1184 432 ) (1104 1184 432 ) 
4 128 129 (1096 1184 432 ) (1096 1112 432 ) (1096 1112 520 ) (1096 1184 520 ) 
4 129 132 (1072 1112 432 ) (1072 1112 520 ) (1072 1184 520 ) (1072 1184 432 ) 
4 130 131 (1096 1112 424 ) (1104 1112 424 ) (1104 1112 432 ) (1096 1112 432 ) 
4 132 428 (1024 1024 480 ) (1024 1024 432 ) (1072 1024 432 ) (1072 1024 480 ) 
4 132 424 (1024 1024 560 ) (1024 1024 480 ) (1072 1024 480 ) (1072 1024 560 ) 
4 132 193 (1024 1024 432 ) (1024 1024 544 ) (1024 1376 544 ) (1024 1376 432 ) 
4 132 188 (1024 1376 544 ) (1024 1632 544 ) (1024 1632 432 ) (1024 1376 432 ) 
4 132 184 (1024 1024 544 ) (1024 1024 560 ) (1024 1632 560 ) (1024 1632 544 ) 
4 134 138 (1408 1392 400 ) (1408 1392 240 ) (1408 1216 240 ) (1408 1216 400 ) 
4 135 318 (1432 1024 216 ) (1432 1024 96 ) (1680 1024 96 ) (1680 1024 216 ) 
4 135 314 (1680 1024 96 ) (1712 1024 96 ) (1712 1024 216 ) (1680 1024 216 ) 
4 135 301 (1712 1024 96 ) (1720 1024 96 ) (1720 1024 216 ) (1712 1024 216 ) 
4 135 299 (1720 1024 96 ) (1776 1024 96 ) (1776 1024 216 ) (1720 1024 216 ) 
4 135 136 (1776 1024 96 ) (1432 1024 96 ) (1432 1192 96 ) (1776 1192 96 ) 
4 136 319 (1680 1024 96 ) (1432 1024 96 ) (1432 1024 8 ) (1680 1024 8 ) 
4 136 314 (1712 1024 96 ) (1680 1024 96 ) (1680 1024 8 ) (1712 1024 8 ) 
4 136 301 (1720 1024 96 ) (1712 1024 96 ) (1712 1024 8 ) (1720 1024 8 ) 
4 136 299 (1776 1024 8 ) (1776 1024 96 ) (1720 1024 96 ) (1720 1024 8 ) 
4 136 137 (1432 1024 96 ) (1432 1128 96 ) (1432 1128 40 ) (1432 1024 40 ) 
4 137 320 (1432 1024 40 ) (1432 1024 96 ) (1408 1024 96 ) (1408 1024 40 ) 
4 137 139 (1408 1128 40 ) (1408 1024 40 ) (1408 1024 96 ) (1408 1128 96 ) 
4 138 208 (1024 1216 240 ) (1024 1216 400 ) (1024 1392 400 ) (1024 1392 240 ) 
4 139 140 (1056 1184 16 ) (1056 1024 16 ) (1056 1024 400 ) (1056 1184 400 ) 
4 140 440 (1056 1024 400 ) (1024 1024 400 ) (1024 1024 16 ) (1056 1024 16 ) 
4 140 211 (1024 1024 16 ) (1024 1024 400 ) (1024 1184 400 ) (1024 1184 16 ) 
4 141 143 (144 2040 808 ) (256 2040 808 ) (256 2040 928 ) (144 2040 928 ) 
4 142 789 (0 1288 9232 ) (0 1288 10224 ) (0 2032 10224 ) (0 2032 9232 ) 
4 142 160 (0 1288 10224 ) (0 1288 9232 ) (720 1288 9232 ) (720 1288 10224 ) 
4 142 155 (720 1288 9232 ) (1008 1288 9232 ) (1008 1288 10224 ) (720 1288 10224 ) 
4 143 152 (24 1936 984 ) (24 1936 864 ) (384 1936 864 ) (384 1936 984 ) 
4 143 153 (24 1936 864 ) (24 1936 808 ) (384 1936 808 ) (384 1936 864 ) 
4 143 144 (24 1936 1016 ) (24 1936 984 ) (384 1936 984 ) (384 1936 1016 ) 
4 144 150 (504 1936 984 ) (608 1936 984 ) (608 1616 984 ) (504 1616 984 ) 
4 144 149 (608 1936 984 ) (920 1936 984 ) (920 1616 984 ) (608 1616 984 ) 
4 144 152 (24 1616 984 ) (24 1936 984 ) (504 1936 984 ) (504 1616 984 ) 
4 144 147 (920 1936 984 ) (1024 1936 984 ) (1024 1616 984 ) (920 1616 984 ) 
4 144 145 (24 1616 1016 ) (24 1616 984 ) (1024 1616 984 ) (1024 1616 1016 ) 
4 145 150 (504 1616 984 ) (608 1616 984 ) (608 1488 984 ) (504 1488 984 ) 
4 145 149 (608 1616 984 ) (920 1616 984 ) (920 1488 984 ) (608 1488 984 ) 
4 145 152 (24 1488 984 ) (24 1616 984 ) (504 1616 984 ) (504 1488 984 ) 
4 145 147 (920 1616 984 ) (1024 1616 984 ) (1024 1488 984 ) (920 1488 984 ) 
4 145 146 (24 1488 1016 ) (24 1488 984 ) (1024 1488 984 ) (1024 1488 1016 ) 
4 146 151 (608 1288 984 ) (504 1288 984 ) (504 1296 984 ) (608 1296 984 ) 
4 146 150 (504 1296 984 ) (504 1488 984 ) (608 1488 984 ) (608 1296 984 ) 
4 146 149 (920 1288 984 ) (608 1288 984 ) (608 1488 984 ) (920 1488 984 ) 
4 146 152 (504 1288 984 ) (24 1288 984 ) (24 1488 984 ) (504 1488 984 ) 
4 146 148 (1024 1288 984 ) (920 1288 984 ) (920 1296 984 ) (1024 1296 984 ) 
4 146 147 (920 1296 984 ) (920 1488 984 ) (1024 1488 984 ) (1024 1296 984 ) 
4 147 149 (920 1936 864 ) (920 1296 864 ) (920 1296 984 ) (920 1936 984 ) 
4 147 153 (920 1296 864 ) (920 1936 864 ) (1024 1936 864 ) (1024 1296 864 ) 
4 147 148 (920 1296 984 ) (920 1296 864 ) (1024 1296 864 ) (1024 1296 984 ) 
4 148 149 (920 1296 864 ) (920 1288 864 ) (920 1288 984 ) (920 1296 984 ) 
4 148 153 (1024 1288 864 ) (920 1288 864 ) (920 1296 864 ) (1024 1296 864 ) 
4 149 151 (608 1296 864 ) (608 1288 864 ) (608 1288 984 ) (608 1296 984 ) 
4 149 150 (608 1936 864 ) (608 1296 864 ) (608 1296 984 ) (608 1936 984 ) 
4 149 153 (920 1288 864 ) (608 1288 864 ) (608 1936 864 ) (920 1936 864 ) 
4 150 153 (504 1296 864 ) (504 1936 864 ) (608 1936 864 ) (608 1296 864 ) 
4 150 152 (504 1936 864 ) (504 1296 864 ) (504 1296 984 ) (504 1936 984 ) 
4 150 151 (504 1296 984 ) (504 1296 864 ) (608 1296 864 ) (608 1296 984 ) 
4 151 153 (608 1288 864 ) (504 1288 864 ) (504 1296 864 ) (608 1296 864 ) 
4 151 152 (504 1296 864 ) (504 1288 864 ) (504 1288 984 ) (504 1296 984 ) 
4 152 154 (24 1552 864 ) (24 1488 864 ) (24 1488 896 ) (24 1552 896 ) 
4 152 153 (504 1288 864 ) (24 1288 864 ) (24 1936 864 ) (504 1936 864 ) 
4 153 154 (24 1552 808 ) (24 1488 808 ) (24 1488 864 ) (24 1552 864 ) 
4 154 831 (0 1552 808 ) (0 1488 808 ) (0 1488 836 ) (0 1552 836 ) 
4 154 806 (0 1488 836 ) (0 1488 896 ) (0 1552 896 ) (0 1552 836 ) 
4 155 160 (720 1288 10224 ) (720 1288 9232 ) (720 1264 9232 ) (720 1264 10224 ) 
4 155 158 (720 1264 10224 ) (720 1264 9232 ) (736 1264 9232 ) (736 1264 10224 ) 
4 155 156 (736 1264 9232 ) (1008 1264 9232 ) (1008 1264 10224 ) (736 1264 10224 ) 
4 156 158 (736 1264 10224 ) (736 1264 9232 ) (736 1040 9232 ) (736 1040 10224 ) 
4 157 490 (1024 1024 816 ) (1024 1024 1024 ) (736 1024 1024 ) (736 1024 816 ) 
4 157 456 (1024 1024 1024 ) (1024 1024 3056 ) (736 1024 3056 ) (736 1024 1024 ) 
4 157 159 (912 1056 816 ) (912 1104 816 ) (960 1104 816 ) (960 1056 816 ) 
4 158 161 (720 1040 10224 ) (720 1264 10224 ) (720 1264 9232 ) (720 1040 9232 ) 
4 159 169 (912 1056 800 ) (912 1104 800 ) (960 1104 800 ) (960 1056 800 ) 
4 160 789 (0 1264 9232 ) (0 1264 10224 ) (0 1288 10224 ) (0 1288 9232 ) 
4 160 161 (0 1264 10224 ) (0 1264 9232 ) (720 1264 9232 ) (720 1264 10224 ) 
4 161 789 (0 1040 10224 ) (0 1264 10224 ) (0 1264 9232 ) (0 1040 9232 ) 
4 162 492 (704 1024 816 ) (704 1024 1008 ) (32 1024 1008 ) (32 1024 816 ) 
4 163 168 (1008 1104 768 ) (1024 1104 768 ) (1024 1104 800 ) (1008 1104 800 ) 
4 163 165 (1008 1272 768 ) (1008 1104 768 ) (1008 1104 800 ) (1008 1272 800 ) 
4 164 166 (896 1320 768 ) (976 1320 768 ) (976 1320 800 ) (896 1320 800 ) 
4 164 165 (976 1320 768 ) (1008 1320 768 ) (1008 1320 800 ) (976 1320 800 ) 
4 164 167 (40 1320 768 ) (896 1320 768 ) (896 1320 800 ) (40 1320 800 ) 
4 165 168 (976 1104 768 ) (1008 1104 768 ) (1008 1104 800 ) (976 1104 800 ) 
4 165 166 (976 1320 800 ) (976 1320 768 ) (976 1120 768 ) (976 1120 800 ) 
4 166 167 (896 1320 800 ) (896 1320 768 ) (896 1120 768 ) (896 1120 800 ) 
4 167 841 (0 1320 768 ) (0 1104 768 ) (0 1104 800 ) (0 1320 800 ) 
4 167 170 (0 1104 768 ) (896 1104 768 ) (896 1104 800 ) (0 1104 800 ) 
4 168 171 (976 1056 768 ) (1024 1056 768 ) (1024 1056 800 ) (976 1056 800 ) 
4 169 180 (912 1104 768 ) (960 1104 768 ) (960 1056 768 ) (912 1056 768 ) 
4 170 841 (0 1104 768 ) (0 1056 768 ) (0 1056 800 ) (0 1104 800 ) 
4 170 172 (0 1056 768 ) (896 1056 768 ) (896 1056 800 ) (0 1056 800 ) 
4 171 173 (976 1040 768 ) (1024 1040 768 ) (1024 1040 800 ) (976 1040 800 ) 
4 172 841 (0 1056 768 ) (0 1040 768 ) (0 1040 800 ) (0 1056 800 ) 
4 172 174 (0 1040 768 ) (32 1040 768 ) (32 1040 800 ) (0 1040 800 ) 
4 172 173 (720 1040 768 ) (896 1040 768 ) (896 1040 800 ) (720 1040 800 ) 
4 173 540 (736 1024 800 ) (720 1024 800 ) (720 1024 768 ) (736 1024 768 ) 
4 173 530 (1024 1024 768 ) (1024 1024 800 ) (736 1024 800 ) (736 1024 768 ) 
4 174 841 (0 1040 768 ) (0 1024 768 ) (0 1024 800 ) (0 1040 800 ) 
4 174 563 (32 1024 800 ) (0 1024 800 ) (0 1024 768 ) (32 1024 768 ) 
4 175 845 (0 1824 576 ) (0 1664 576 ) (0 1664 752 ) (0 1824 752 ) 
4 175 179 (16 1664 576 ) (32 1664 576 ) (32 1664 752 ) (16 1664 752 ) 
4 175 178 (32 1664 576 ) (112 1664 576 ) (112 1664 752 ) (32 1664 752 ) 
4 176 177 (736 1168 592 ) (816 1168 592 ) (816 1168 752 ) (736 1168 752 ) 
4 177 182 (736 1136 576 ) (816 1136 576 ) (816 1136 752 ) (736 1136 752 ) 
4 178 182 (32 1136 576 ) (112 1136 576 ) (112 1136 752 ) (32 1136 752 ) 
4 178 179 (32 1664 752 ) (32 1664 576 ) (32 1344 576 ) (32 1344 752 ) 
4 180 181 (912 1056 752 ) (912 1104 752 ) (960 1104 752 ) (960 1056 752 ) 
4 181 576 (1024 1024 592 ) (1024 1024 608 ) (848 1024 608 ) (848 1024 592 ) 
4 181 531 (1024 1024 608 ) (1024 1024 752 ) (848 1024 752 ) (848 1024 608 ) 
4 182 183 (736 1056 576 ) (816 1056 576 ) (816 1056 752 ) (736 1056 752 ) 
4 183 577 (736 1024 608 ) (736 1024 576 ) (816 1024 576 ) (816 1024 608 ) 
4 183 532 (736 1024 752 ) (736 1024 608 ) (816 1024 608 ) (816 1024 752 ) 
4 184 578 (1024 1024 544 ) (1024 1024 560 ) (912 1024 560 ) (912 1024 544 ) 
4 184 193 (1024 1376 544 ) (1024 1024 544 ) (912 1024 544 ) (912 1376 544 ) 
4 184 188 (1024 1632 544 ) (1024 1376 544 ) (912 1376 544 ) (912 1632 544 ) 
4 185 190 (880 1632 544 ) (880 1424 544 ) (400 1424 544 ) (400 1632 544 ) 
4 186 192 (368 1456 544 ) (144 1456 544 ) (144 1632 544 ) (368 1632 544 ) 
4 186 187 (144 1456 544 ) (368 1456 544 ) (368 1456 576 ) (144 1456 576 ) 
4 187 192 (144 1424 544 ) (144 1456 544 ) (368 1456 544 ) (368 1424 544 ) 
4 188 193 (1024 1376 432 ) (1024 1376 544 ) (912 1376 544 ) (912 1376 432 ) 
4 188 189 (912 1552 544 ) (912 1616 544 ) (912 1616 432 ) (912 1552 432 ) 
4 189 190 (880 1552 432 ) (880 1552 544 ) (880 1616 544 ) (880 1616 432 ) 
4 190 204 (600 1424 400 ) (400 1424 400 ) (400 1632 400 ) (600 1632 400 ) 
4 190 202 (880 1632 400 ) (880 1424 400 ) (600 1424 400 ) (600 1632 400 ) 
4 190 191 (400 1456 432 ) (400 1456 544 ) (400 1600 544 ) (400 1600 432 ) 
4 191 192 (368 1456 432 ) (368 1456 544 ) (368 1600 544 ) (368 1600 432 ) 
4 192 858 (0 1504 544 ) (0 1600 544 ) (0 1600 432 ) (0 1504 432 ) 
4 193 578 (1024 1024 432 ) (1024 1024 544 ) (912 1024 544 ) (912 1024 432 ) 
4 194 579 (752 1024 528 ) (752 1024 432 ) (880 1024 432 ) (880 1024 528 ) 
4 194 197 (832 1088 432 ) (832 1024 432 ) (768 1024 432 ) (768 1088 432 ) 
4 194 195 (752 1376 528 ) (752 1376 432 ) (752 1072 432 ) (752 1072 528 ) 
4 195 196 (704 1376 432 ) (704 1072 432 ) (704 1072 528 ) (704 1376 528 ) 
4 196 200 (128 1248 432 ) (128 1184 432 ) (128 1184 528 ) (128 1248 528 ) 
4 197 198 (768 1024 420 ) (768 1088 420 ) (832 1088 420 ) (832 1024 420 ) 
4 198 199 (768 1024 412 ) (768 1088 412 ) (832 1088 412 ) (832 1024 412 ) 
4 199 216 (784 1024 400 ) (768 1024 400 ) (768 1088 400 ) (784 1088 400 ) 
4 199 212 (832 1024 400 ) (784 1024 400 ) (784 1088 400 ) (832 1088 400 ) 
4 200 201 (112 1184 432 ) (112 1184 528 ) (112 1248 528 ) (112 1248 432 ) 
4 201 871 (0 1072 432 ) (0 1072 528 ) (0 1088 528 ) (0 1088 432 ) 
4 201 869 (0 1088 528 ) (0 1168 528 ) (0 1168 432 ) (0 1088 432 ) 
4 201 868 (0 1168 528 ) (0 1184 528 ) (0 1184 432 ) (0 1168 432 ) 
4 201 867 (0 1184 528 ) (0 1216 528 ) (0 1216 432 ) (0 1184 432 ) 
4 201 866 (0 1216 528 ) (0 1376 528 ) (0 1376 432 ) (0 1216 432 ) 
4 202 204 (600 1424 240 ) (600 1424 400 ) (600 1632 400 ) (600 1632 240 ) 
4 203 933 (0 1640 120 ) (0 1640 8 ) (0 1632 8 ) (0 1632 120 ) 
4 203 903 (0 1640 216 ) (0 1640 120 ) (0 1632 120 ) (0 1632 216 ) 
4 203 205 (0 1632 8 ) (600 1632 8 ) (600 1632 216 ) (0 1632 216 ) 
4 204 900 (0 1632 272 ) (0 1632 240 ) (0 1424 240 ) (0 1424 272 ) 
4 204 860 (0 1424 400 ) (0 1504 400 ) (0 1504 272 ) (0 1424 272 ) 
4 204 859 (0 1504 400 ) (0 1600 400 ) (0 1600 272 ) (0 1504 272 ) 
4 204 857 (0 1600 400 ) (0 1632 400 ) (0 1632 272 ) (0 1600 272 ) 
4 205 933 (0 1632 120 ) (0 1632 8 ) (0 1424 8 ) (0 1424 120 ) 
4 205 903 (0 1632 216 ) (0 1632 120 ) (0 1424 120 ) (0 1424 216 ) 
4 205 206 (0 1424 8 ) (600 1424 8 ) (600 1424 216 ) (0 1424 216 ) 
4 206 933 (0 1424 120 ) (0 1424 8 ) (0 1408 8 ) (0 1408 120 ) 
4 206 903 (0 1424 216 ) (0 1424 120 ) (0 1408 120 ) (0 1408 216 ) 
4 206 207 (0 1408 8 ) (600 1408 8 ) (600 1408 216 ) (0 1408 216 ) 
4 207 933 (0 1408 120 ) (0 1408 8 ) (0 1392 8 ) (0 1392 120 ) 
4 207 903 (0 1408 216 ) (0 1408 120 ) (0 1392 120 ) (0 1392 216 ) 
4 207 209 (0 1392 8 ) (600 1392 8 ) (600 1392 216 ) (0 1392 216 ) 
4 208 905 (0 1392 272 ) (0 1392 240 ) (0 1216 240 ) (0 1216 272 ) 
4 208 872 (0 1216 400 ) (0 1392 400 ) (0 1392 272 ) (0 1216 272 ) 
4 209 933 (0 1392 120 ) (0 1392 8 ) (0 1216 8 ) (0 1216 120 ) 
4 209 906 (0 1392 216 ) (0 1392 120 ) (0 1216 120 ) (0 1216 216 ) 
4 209 210 (0 1216 8 ) (600 1216 8 ) (600 1216 216 ) (0 1216 216 ) 
4 210 933 (0 1184 8 ) (0 1184 120 ) (0 1216 120 ) (0 1216 8 ) 
4 210 908 (0 1184 120 ) (0 1184 216 ) (0 1216 216 ) (0 1216 120 ) 
4 210 221 (0 1184 216 ) (0 1184 8 ) (600 1184 8 ) (600 1184 216 ) 
4 211 638 (1024 1024 16 ) (1024 1024 236 ) (848 1024 236 ) (848 1024 16 ) 
4 211 612 (1024 1024 236 ) (1024 1024 400 ) (848 1024 400 ) (848 1024 236 ) 
4 211 212 (848 1184 400 ) (848 1184 16 ) (848 1024 16 ) (848 1024 400 ) 
4 212 638 (784 1024 236 ) (784 1024 16 ) (848 1024 16 ) (848 1024 236 ) 
4 212 612 (848 1024 400 ) (784 1024 400 ) (784 1024 236 ) (848 1024 236 ) 
4 212 216 (784 1184 400 ) (784 1184 16 ) (784 1024 16 ) (784 1024 400 ) 
4 212 213 (784 1056 16 ) (784 1120 16 ) (848 1120 16 ) (848 1056 16 ) 
4 213 214 (848 1056 4 ) (784 1056 4 ) (784 1120 4 ) (848 1120 4 ) 
4 214 215 (848 1056 -4 ) (784 1056 -4 ) (784 1120 -4 ) (848 1120 -4 ) 
4 215 263 (784 1056 -16 ) (784 1120 -16 ) (848 1120 -16 ) (848 1056 -16 ) 
4 216 638 (624 1024 236 ) (624 1024 16 ) (784 1024 16 ) (784 1024 236 ) 
4 216 612 (784 1024 400 ) (624 1024 400 ) (624 1024 236 ) (784 1024 236 ) 
4 216 218 (624 1184 368 ) (624 1184 272 ) (624 1104 272 ) (624 1104 368 ) 
4 217 873 (0 1024 368 ) (0 1024 400 ) (0 1184 400 ) (0 1184 368 ) 
4 217 615 (592 1024 400 ) (0 1024 400 ) (0 1024 368 ) (592 1024 368 ) 
4 217 219 (0 1024 368 ) (0 1184 368 ) (592 1184 368 ) (592 1024 368 ) 
4 218 219 (592 1184 272 ) (592 1104 272 ) (592 1104 368 ) (592 1184 368 ) 
4 219 873 (0 1024 272 ) (0 1024 368 ) (0 1184 368 ) (0 1184 272 ) 
4 219 615 (0 1024 368 ) (0 1024 272 ) (592 1024 272 ) (592 1024 368 ) 
4 219 227 (200 1024 272 ) (0 1024 272 ) (0 1032 272 ) (200 1032 272 ) 
4 219 225 (592 1032 272 ) (592 1024 272 ) (200 1024 272 ) (200 1032 272 ) 
4 219 220 (0 1184 272 ) (592 1184 272 ) (592 1032 272 ) (0 1032 272 ) 
4 220 910 (0 1032 240 ) (0 1032 272 ) (0 1184 272 ) (0 1184 240 ) 
4 220 227 (200 1032 272 ) (0 1032 272 ) (0 1032 240 ) (200 1032 240 ) 
4 220 225 (592 1032 272 ) (200 1032 272 ) (200 1032 240 ) (592 1032 240 ) 
4 221 933 (0 1040 8 ) (0 1040 120 ) (0 1184 120 ) (0 1184 8 ) 
4 221 911 (0 1040 120 ) (0 1040 216 ) (0 1184 216 ) (0 1184 120 ) 
4 221 223 (208 1040 216 ) (0 1040 216 ) (0 1040 8 ) (208 1040 8 ) 
4 221 222 (600 1040 8 ) (600 1040 216 ) (208 1040 216 ) (208 1040 8 ) 
4 222 226 (592 1032 216 ) (208 1032 216 ) (208 1032 8 ) (592 1032 8 ) 
4 222 224 (600 1032 8 ) (600 1032 216 ) (592 1032 216 ) (592 1032 8 ) 
4 222 223 (208 1040 216 ) (208 1040 8 ) (208 1032 8 ) (208 1032 216 ) 
4 223 934 (0 1032 8 ) (0 1032 120 ) (0 1040 120 ) (0 1040 8 ) 
4 223 911 (0 1032 120 ) (0 1032 216 ) (0 1040 216 ) (0 1040 120 ) 
4 223 228 (0 1032 120 ) (0 1032 8 ) (104 1032 8 ) (104 1032 120 ) 
4 223 226 (208 1032 8 ) (208 1032 216 ) (200 1032 216 ) (200 1032 8 ) 
4 224 639 (600 1024 8 ) (600 1024 216 ) (592 1024 216 ) (592 1024 8 ) 
4 224 226 (592 1032 216 ) (592 1032 8 ) (592 1024 8 ) (592 1024 216 ) 
4 225 617 (592 1024 272 ) (200 1024 272 ) (200 1024 240 ) (592 1024 240 ) 
4 225 227 (200 1032 272 ) (200 1032 240 ) (200 1024 240 ) (200 1024 272 ) 
4 226 641 (200 1024 216 ) (200 1024 8 ) (592 1024 8 ) (592 1024 216 ) 
4 227 914 (0 1024 240 ) (0 1024 272 ) (0 1032 272 ) (0 1032 240 ) 
4 227 617 (0 1024 272 ) (0 1024 240 ) (200 1024 240 ) (200 1024 272 ) 
4 228 937 (0 1024 8 ) (0 1024 120 ) (0 1032 120 ) (0 1032 8 ) 
4 228 680 (0 1024 120 ) (0 1024 8 ) (104 1024 8 ) (104 1024 120 ) 
4 229 233 (768 1600 -224 ) (1024 1600 -224 ) (1024 1600 -16 ) (768 1600 -16 ) 
4 229 230 (768 2032 -16 ) (768 2032 -224 ) (768 1744 -224 ) (768 1744 -16 ) 
4 230 231 (752 2032 -16 ) (752 2032 -224 ) (752 1744 -224 ) (752 1744 -16 ) 
4 231 243 (656 1744 -224 ) (656 1680 -224 ) (656 1680 -16 ) (656 1744 -16 ) 
4 231 240 (656 2032 -16 ) (656 2032 -224 ) (656 1760 -224 ) (656 1760 -16 ) 
4 232 244 (656 1664 -224 ) (656 1600 -224 ) (656 1600 -16 ) (656 1664 -16 ) 
4 232 233 (672 1600 -224 ) (752 1600 -224 ) (752 1600 -16 ) (672 1600 -16 ) 
4 234 236 (896 1520 -16 ) (896 1520 -224 ) (896 1424 -224 ) (896 1424 -16 ) 
4 235 262 (960 1168 -224 ) (1024 1168 -224 ) (1024 1168 -16 ) (960 1168 -16 ) 
4 235 236 (896 1328 -224 ) (896 1168 -224 ) (896 1168 -16 ) (896 1328 -16 ) 
4 236 237 (752 1520 -16 ) (752 1520 -224 ) (752 1360 -224 ) (752 1360 -16 ) 
4 237 238 (736 1520 -16 ) (736 1520 -224 ) (736 1360 -224 ) (736 1360 -16 ) 
4 238 239 (672 1360 -224 ) (672 1168 -224 ) (672 1168 -16 ) (672 1360 -16 ) 
4 239 248 (656 1344 -224 ) (656 1168 -224 ) (656 1168 -16 ) (656 1344 -16 ) 
4 239 245 (656 1360 -224 ) (656 1344 -224 ) (656 1344 -16 ) (656 1360 -16 ) 
4 241 243 (384 1744 -224 ) (400 1744 -224 ) (400 1744 -16 ) (384 1744 -16 ) 
4 241 242 (384 1968 -16 ) (384 1968 -224 ) (384 1824 -224 ) (384 1824 -16 ) 
4 242 251 (368 1968 -224 ) (368 1824 -224 ) (368 1824 -16 ) (368 1968 -16 ) 
4 244 245 (512 1584 -224 ) (656 1584 -224 ) (656 1584 -16 ) (512 1584 -16 ) 
4 244 246 (384 1584 -16 ) (384 1584 -224 ) (496 1584 -224 ) (496 1584 -16 ) 
4 245 249 (512 1344 -224 ) (608 1344 -224 ) (608 1344 -16 ) (512 1344 -16 ) 
4 245 248 (608 1344 -224 ) (656 1344 -224 ) (656 1344 -16 ) (608 1344 -16 ) 
4 246 249 (384 1344 -224 ) (496 1344 -224 ) (496 1344 -16 ) (384 1344 -16 ) 
4 246 247 (384 1520 -224 ) (384 1344 -224 ) (384 1344 -16 ) (384 1520 -16 ) 
4 247 254 (368 1520 -224 ) (368 1344 -224 ) (368 1344 -16 ) (368 1520 -16 ) 
4 247 249 (368 1344 -16 ) (368 1344 -224 ) (384 1344 -224 ) (384 1344 -16 ) 
4 248 249 (608 1344 -16 ) (608 1344 -224 ) (608 1248 -224 ) (608 1248 -16 ) 
4 248 250 (608 1232 -224 ) (608 1168 -224 ) (608 1168 -16 ) (608 1232 -16 ) 
4 249 254 (368 1344 -224 ) (368 1248 -224 ) (368 1248 -16 ) (368 1344 -16 ) 
4 250 265 (368 1168 -224 ) (592 1168 -224 ) (592 1168 -16 ) (368 1168 -16 ) 
4 250 255 (368 1232 -224 ) (368 1168 -224 ) (368 1168 -16 ) (368 1232 -16 ) 
4 251 252 (320 1968 -224 ) (320 1824 -224 ) (320 1824 -16 ) (320 1968 -16 ) 
4 252 253 (208 2032 -16 ) (208 2032 -224 ) (208 1824 -224 ) (208 1824 -16 ) 
4 253 259 (16 1824 -224 ) (64 1824 -224 ) (64 1824 -16 ) (16 1824 -16 ) 
4 253 258 (64 1824 -224 ) (144 1824 -224 ) (144 1824 -16 ) (64 1824 -16 ) 
4 254 256 (208 1808 -224 ) (208 1248 -224 ) (208 1248 -16 ) (208 1808 -16 ) 
4 255 265 (208 1168 -224 ) (368 1168 -224 ) (368 1168 -16 ) (208 1168 -16 ) 
4 255 257 (208 1232 -224 ) (208 1168 -224 ) (208 1168 -16 ) (208 1232 -16 ) 
4 256 258 (144 1808 -224 ) (144 1248 -224 ) (144 1248 -16 ) (144 1808 -16 ) 
4 257 266 (144 1168 -224 ) (208 1168 -224 ) (208 1168 -16 ) (144 1168 -16 ) 
4 257 261 (144 1232 -224 ) (144 1168 -224 ) (144 1168 -16 ) (144 1232 -16 ) 
4 258 259 (64 1824 -16 ) (64 1824 -224 ) (64 1568 -224 ) (64 1568 -16 ) 
4 258 260 (64 1552 -224 ) (64 1248 -224 ) (64 1248 -16 ) (64 1552 -16 ) 
4 259 952 (0 1664 -224 ) (0 1568 -224 ) (0 1568 -16 ) (0 1664 -16 ) 
4 259 940 (0 1824 -224 ) (0 1664 -224 ) (0 1664 -16 ) (0 1824 -16 ) 
4 260 954 (0 1552 -224 ) (0 1248 -224 ) (0 1248 -16 ) (0 1552 -16 ) 
4 261 963 (0 1232 -224 ) (0 1168 -224 ) (0 1168 -16 ) (0 1232 -16 ) 
4 261 266 (0 1168 -224 ) (144 1168 -224 ) (144 1168 -16 ) (0 1168 -16 ) 
4 262 267 (960 1040 -224 ) (1024 1040 -224 ) (1024 1040 -16 ) (960 1040 -16 ) 
4 263 264 (608 1104 -224 ) (608 1040 -224 ) (608 1040 -16 ) (608 1104 -16 ) 
4 264 265 (592 1104 -224 ) (592 1040 -224 ) (592 1040 -16 ) (592 1104 -16 ) 
4 265 268 (448 1040 -224 ) (464 1040 -224 ) (464 1040 -16 ) (448 1040 -16 ) 
4 265 266 (208 1168 -16 ) (208 1168 -224 ) (208 1040 -224 ) (208 1040 -16 ) 
4 266 963 (0 1168 -224 ) (0 1040 -224 ) (0 1040 -16 ) (0 1168 -16 ) 
4 267 640 (1024 1024 -224 ) (1024 1024 -16 ) (960 1024 -16 ) (960 1024 -224 ) 
4 268 644 (464 1024 -16 ) (448 1024 -16 ) (448 1024 -224 ) (464 1024 -224 ) 
4 269 270 (2032 1024 912 ) (2032 1024 816 ) (2032 656 816 ) (2032 656 912 ) 
4 270 1383 (1680 0 1176 ) (1680 0 816 ) (2032 0 816 ) (2032 0 1176 ) 
4 270 1366 (1680 0 1232 ) (1680 0 1176 ) (2032 0 1176 ) (2032 0 1232 ) 
4 270 1365 (1680 0 3056 ) (1680 0 1232 ) (2032 0 1232 ) (2032 0 3056 ) 
4 270 324 (1680 0 816 ) (1680 0 3056 ) (1680 16 3056 ) (1680 16 816 ) 
4 270 322 (1680 16 3056 ) (1680 976 3056 ) (1680 976 816 ) (1680 16 816 ) 
4 270 321 (1680 976 3056 ) (1680 1008 3056 ) (1680 1008 816 ) (1680 976 816 ) 
4 270 316 (1680 1008 3056 ) (1680 1024 3056 ) (1680 1024 816 ) (1680 1008 816 ) 
4 271 274 (2048 968 576 ) (2048 24 576 ) (1704 24 576 ) (1704 968 576 ) 
4 272 1385 (1680 0 776 ) (1680 0 576 ) (1944 0 576 ) (1944 0 776 ) 
4 272 325 (1680 0 576 ) (1680 0 776 ) (1680 8 776 ) (1680 8 576 ) 
4 272 294 (1680 0 576 ) (1680 8 576 ) (1704 8 576 ) (1704 0 576 ) 
4 272 275 (1704 8 576 ) (1944 8 576 ) (1944 0 576 ) (1704 0 576 ) 
4 273 295 (1856 1024 480 ) (1936 1024 480 ) (1936 968 480 ) (1856 968 480 ) 
4 273 274 (1856 968 480 ) (1936 968 480 ) (1936 968 544 ) (1856 968 544 ) 
4 274 296 (1704 24 480 ) (1704 968 480 ) (2048 968 480 ) (2048 24 480 ) 
4 274 291 (1704 144 480 ) (1704 80 480 ) (1704 80 576 ) (1704 144 576 ) 
4 274 288 (1704 304 480 ) (1704 240 480 ) (1704 240 576 ) (1704 304 576 ) 
4 274 285 (1704 448 480 ) (1704 384 480 ) (1704 384 576 ) (1704 448 576 ) 
4 274 282 (1704 624 480 ) (1704 560 480 ) (1704 560 576 ) (1704 624 576 ) 
4 274 279 (1704 768 480 ) (1704 704 480 ) (1704 704 576 ) (1704 768 576 ) 
4 274 276 (1704 928 480 ) (1704 864 480 ) (1704 864 576 ) (1704 928 576 ) 
4 275 1385 (1944 0 576 ) (1704 0 576 ) (1704 0 480 ) (1944 0 480 ) 
4 275 297 (1944 0 480 ) (1704 0 480 ) (1704 8 480 ) (1944 8 480 ) 
4 275 294 (1704 8 480 ) (1704 0 480 ) (1704 0 576 ) (1704 8 576 ) 
4 276 277 (1683 928 576 ) (1683 928 480 ) (1683 864 480 ) (1683 864 576 ) 
4 277 278 (1681 928 576 ) (1681 928 480 ) (1681 864 480 ) (1681 864 576 ) 
4 278 323 (1680 864 576 ) (1680 928 576 ) (1680 928 480 ) (1680 864 480 ) 
4 279 280 (1683 768 576 ) (1683 768 480 ) (1683 704 480 ) (1683 704 576 ) 
4 280 281 (1681 768 576 ) (1681 768 480 ) (1681 704 480 ) (1681 704 576 ) 
4 281 323 (1680 704 576 ) (1680 768 576 ) (1680 768 480 ) (1680 704 480 ) 
4 282 283 (1683 624 576 ) (1683 624 480 ) (1683 560 480 ) (1683 560 576 ) 
4 283 284 (1681 624 576 ) (1681 624 480 ) (1681 560 480 ) (1681 560 576 ) 
4 284 323 (1680 560 576 ) (1680 624 576 ) (1680 624 480 ) (1680 560 480 ) 
4 285 286 (1683 448 576 ) (1683 448 480 ) (1683 384 480 ) (1683 384 576 ) 
4 286 287 (1681 448 576 ) (1681 448 480 ) (1681 384 480 ) (1681 384 576 ) 
4 287 323 (1680 384 576 ) (1680 448 576 ) (1680 448 480 ) (1680 384 480 ) 
4 288 289 (1683 304 576 ) (1683 304 480 ) (1683 240 480 ) (1683 240 576 ) 
4 289 290 (1681 304 576 ) (1681 304 480 ) (1681 240 480 ) (1681 240 576 ) 
4 290 323 (1680 240 576 ) (1680 304 576 ) (1680 304 480 ) (1680 240 480 ) 
4 291 292 (1683 144 576 ) (1683 144 480 ) (1683 80 480 ) (1683 80 576 ) 
4 292 293 (1681 144 576 ) (1681 144 480 ) (1681 80 480 ) (1681 80 576 ) 
4 293 323 (1680 80 576 ) (1680 144 576 ) (1680 144 480 ) (1680 80 480 ) 
4 294 1385 (1704 0 576 ) (1680 0 576 ) (1680 0 480 ) (1704 0 480 ) 
4 294 325 (1680 0 480 ) (1680 0 576 ) (1680 8 576 ) (1680 8 480 ) 
4 294 297 (1704 0 480 ) (1680 0 480 ) (1680 8 480 ) (1704 8 480 ) 
4 295 296 (1936 968 480 ) (1856 968 480 ) (1856 968 424 ) (1936 968 424 ) 
4 297 1385 (1944 0 480 ) (1680 0 480 ) (1680 0 416 ) (1944 0 416 ) 
4 297 325 (1680 0 416 ) (1680 0 480 ) (1680 8 480 ) (1680 8 416 ) 
4 298 302 (2048 976 384 ) (2048 352 384 ) (1712 352 384 ) (1712 976 384 ) 
4 299 301 (1720 1016 216 ) (1720 1024 216 ) (1720 1024 8 ) (1720 1016 8 ) 
4 299 300 (1720 1016 8 ) (1776 1016 8 ) (1776 1016 216 ) (1720 1016 216 ) 
4 300 302 (1776 976 16 ) (1776 976 216 ) (1720 976 216 ) (1720 976 16 ) 
4 301 314 (1712 1016 8 ) (1712 1016 216 ) (1712 1024 216 ) (1712 1024 8 ) 
4 302 313 (1712 864 288 ) (1712 928 288 ) (1712 928 240 ) (1712 864 240 ) 
4 302 310 (1712 384 384 ) (1712 448 384 ) (1712 448 288 ) (1712 384 288 ) 
4 302 307 (1712 560 384 ) (1712 624 384 ) (1712 624 288 ) (1712 560 288 ) 
4 302 304 (1712 704 384 ) (1712 768 384 ) (1712 768 288 ) (1712 704 288 ) 
4 302 303 (1712 864 384 ) (1712 928 384 ) (1712 928 288 ) (1712 864 288 ) 
4 303 323 (1680 864 384 ) (1680 928 384 ) (1680 928 288 ) (1680 864 288 ) 
4 303 313 (1680 864 288 ) (1680 928 288 ) (1712 928 288 ) (1712 864 288 ) 
4 304 305 (1683 768 384 ) (1683 768 288 ) (1683 704 288 ) (1683 704 384 ) 
4 305 306 (1681 768 384 ) (1681 768 288 ) (1681 704 288 ) (1681 704 384 ) 
4 306 323 (1680 704 384 ) (1680 768 384 ) (1680 768 288 ) (1680 704 288 ) 
4 307 308 (1683 624 384 ) (1683 624 288 ) (1683 560 288 ) (1683 560 384 ) 
4 308 309 (1681 624 384 ) (1681 624 288 ) (1681 560 288 ) (1681 560 384 ) 
4 309 323 (1680 560 384 ) (1680 624 384 ) (1680 624 288 ) (1680 560 288 ) 
4 310 311 (1683 448 384 ) (1683 448 288 ) (1683 384 288 ) (1683 384 384 ) 
4 311 312 (1681 448 384 ) (1681 448 288 ) (1681 384 288 ) (1681 384 384 ) 
4 312 323 (1680 384 384 ) (1680 448 384 ) (1680 448 288 ) (1680 384 288 ) 
4 313 323 (1680 864 288 ) (1680 928 288 ) (1680 928 240 ) (1680 864 240 ) 
4 314 319 (1680 1024 96 ) (1680 1024 8 ) (1680 1016 8 ) (1680 1016 96 ) 
4 314 318 (1680 1024 216 ) (1680 1024 96 ) (1680 1016 96 ) (1680 1016 216 ) 
4 315 454 (1688 968 -3536 ) (1688 512 -3536 ) (1680 512 -3536 ) (1680 968 -3536 ) 
4 315 331 (1680 968 -3536 ) (1680 512 -3536 ) (1680 512 -2048 ) (1680 968 -2048 ) 
4 316 332 (1088 1024 3056 ) (1088 1024 816 ) (1088 1008 816 ) (1088 1008 3056 ) 
4 316 321 (1088 1008 3056 ) (1088 1008 816 ) (1680 1008 816 ) (1680 1008 3056 ) 
4 317 355 (1088 1024 656 ) (1088 1024 592 ) (1088 1008 592 ) (1088 1008 656 ) 
4 317 335 (1088 1024 752 ) (1088 1024 656 ) (1088 1008 656 ) (1088 1008 752 ) 
4 318 319 (1432 1016 96 ) (1432 1024 96 ) (1680 1024 96 ) (1680 1016 96 ) 
4 319 320 (1432 1016 40 ) (1432 1016 96 ) (1432 1024 96 ) (1432 1024 40 ) 
4 321 332 (1088 976 816 ) (1088 976 3056 ) (1088 1008 3056 ) (1088 1008 816 ) 
4 321 322 (1088 976 3056 ) (1088 976 816 ) (1680 976 816 ) (1680 976 3056 ) 
4 322 332 (1088 976 3056 ) (1088 976 816 ) (1088 16 816 ) (1088 16 3056 ) 
4 322 324 (1088 16 3056 ) (1088 16 816 ) (1680 16 816 ) (1680 16 3056 ) 
4 322 323 (1088 32 816 ) (1088 976 816 ) (1680 976 816 ) (1680 32 816 ) 
4 323 400 (1088 144 240 ) (1088 80 240 ) (1088 80 288 ) (1088 144 288 ) 
4 323 392 (1088 144 288 ) (1088 80 288 ) (1088 80 384 ) (1088 144 384 ) 
4 323 389 (1088 304 288 ) (1088 240 288 ) (1088 240 384 ) (1088 304 384 ) 
4 323 386 (1088 448 288 ) (1088 384 288 ) (1088 384 384 ) (1088 448 384 ) 
4 323 383 (1088 624 288 ) (1088 560 288 ) (1088 560 384 ) (1088 624 384 ) 
4 323 380 (1088 768 288 ) (1088 704 288 ) (1088 704 384 ) (1088 768 384 ) 
4 323 377 (1088 928 288 ) (1088 864 288 ) (1088 864 384 ) (1088 928 384 ) 
4 323 372 (1088 144 480 ) (1088 80 480 ) (1088 80 576 ) (1088 144 576 ) 
4 323 369 (1088 304 480 ) (1088 240 480 ) (1088 240 576 ) (1088 304 576 ) 
4 323 366 (1088 448 480 ) (1088 384 480 ) (1088 384 576 ) (1088 448 576 ) 
4 323 363 (1088 624 480 ) (1088 560 480 ) (1088 560 576 ) (1088 624 576 ) 
4 323 360 (1088 768 480 ) (1088 704 480 ) (1088 704 576 ) (1088 768 576 ) 
4 323 357 (1088 928 480 ) (1088 864 480 ) (1088 864 576 ) (1088 928 576 ) 
4 323 351 (1088 144 656 ) (1088 80 656 ) (1088 80 752 ) (1088 144 752 ) 
4 323 348 (1088 304 656 ) (1088 240 656 ) (1088 240 752 ) (1088 304 752 ) 
4 323 345 (1088 448 656 ) (1088 384 656 ) (1088 384 752 ) (1088 448 752 ) 
4 323 342 (1088 624 656 ) (1088 560 656 ) (1088 560 752 ) (1088 624 752 ) 
4 323 339 (1088 768 656 ) (1088 704 656 ) (1088 704 752 ) (1088 768 752 ) 
4 323 336 (1088 928 656 ) (1088 864 656 ) (1088 864 752 ) (1088 928 752 ) 
4 323 330 (1088 560 240 ) (1088 624 240 ) (1128 624 240 ) (1128 560 240 ) 
4 323 329 (1088 864 240 ) (1088 928 240 ) (1128 928 240 ) (1128 864 240 ) 
4 323 328 (1384 880 240 ) (1515.880005 744 240 ) (1384 608 240 ) (1252.120117 744 240 ) 
4 323 327 (1680 624 240 ) (1680 560 240 ) (1640 560 240 ) (1640 624 240 ) 
4 323 326 (1680 928 240 ) (1680 864 240 ) (1640 864 240 ) (1640 928 240 ) 
4 324 1383 (1088 0 1176 ) (1088 0 816 ) (1680 0 816 ) (1680 0 1176 ) 
4 324 1366 (1088 0 1232 ) (1088 0 1176 ) (1680 0 1176 ) (1680 0 1232 ) 
4 324 1365 (1088 0 3056 ) (1088 0 1232 ) (1680 0 1232 ) (1680 0 3056 ) 
4 324 332 (1088 0 816 ) (1088 0 3056 ) (1088 16 3056 ) (1088 16 816 ) 
4 325 1385 (1088 0 776 ) (1088 0 416 ) (1680 0 416 ) (1680 0 776 ) 
4 325 376 (1088 0 416 ) (1088 0 480 ) (1088 8 480 ) (1088 8 416 ) 
4 325 375 (1088 0 480 ) (1088 0 576 ) (1088 8 576 ) (1088 8 480 ) 
4 325 356 (1088 0 576 ) (1088 0 656 ) (1088 8 656 ) (1088 8 576 ) 
4 325 354 (1088 0 656 ) (1088 0 752 ) (1088 8 752 ) (1088 8 656 ) 
4 325 334 (1088 0 752 ) (1088 0 768 ) (1088 8 768 ) (1088 8 752 ) 
4 325 333 (1088 0 768 ) (1088 0 776 ) (1088 8 776 ) (1088 8 768 ) 
4 326 331 (1680 928 -2048 ) (1680 864 -2048 ) (1640 864 -2048 ) (1640 928 -2048 ) 
4 327 331 (1680 624 -2048 ) (1680 560 -2048 ) (1640 560 -2048 ) (1640 624 -2048 ) 
4 328 331 (1384 880 -2048 ) (1515.880005 744 -2048 ) (1384 608 -2048 ) (1252.120117 744 -2048 ) 
4 329 394 (1088 928 144 ) (1088 928 80 ) (1088 864 80 ) (1088 864 144 ) 
4 329 331 (1088 864 -2048 ) (1088 928 -2048 ) (1128 928 -2048 ) (1128 864 -2048 ) 
4 330 397 (1088 608 80 ) (1088 608 16 ) (1088 560 16 ) (1088 560 80 ) 
4 330 331 (1088 560 -2048 ) (1088 624 -2048 ) (1128 624 -2048 ) (1128 560 -2048 ) 
4 331 454 (1680 968 -3536 ) (1680 512 -3536 ) (1088 512 -3536 ) (1088 968 -3536 ) 
4 331 399 (1088 560 -3536 ) (1088 512 -3536 ) (1088 512 -2048 ) (1088 560 -2048 ) 
4 331 398 (1088 608 -3536 ) (1088 560 -3536 ) (1088 560 -2048 ) (1088 608 -2048 ) 
4 331 396 (1088 864 -3536 ) (1088 608 -3536 ) (1088 608 -2048 ) (1088 864 -2048 ) 
4 331 395 (1088 928 -3536 ) (1088 864 -3536 ) (1088 864 -2048 ) (1088 928 -2048 ) 
4 331 393 (1088 968 -3536 ) (1088 928 -3536 ) (1088 928 -2048 ) (1088 968 -2048 ) 
4 332 1383 (1072 0 1176 ) (1072 0 816 ) (1088 0 816 ) (1088 0 1176 ) 
4 332 1366 (1072 0 1232 ) (1072 0 1176 ) (1088 0 1176 ) (1088 0 1232 ) 
4 332 1365 (1072 0 3056 ) (1072 0 1232 ) (1088 0 1232 ) (1088 0 3056 ) 
4 332 401 (1072 0 816 ) (1072 0 3056 ) (1072 1024 3056 ) (1072 1024 816 ) 
4 333 1385 (1072 0 776 ) (1072 0 768 ) (1088 0 768 ) (1088 0 776 ) 
4 333 422 (1072 0 768 ) (1072 0 776 ) (1072 8 776 ) (1072 8 768 ) 
4 333 334 (1072 0 768 ) (1072 8 768 ) (1088 8 768 ) (1088 0 768 ) 
4 334 1385 (1072 0 768 ) (1072 0 752 ) (1088 0 752 ) (1088 0 768 ) 
4 334 422 (1072 0 752 ) (1072 0 768 ) (1072 8 768 ) (1072 8 752 ) 
4 334 354 (1072 0 752 ) (1072 8 752 ) (1088 8 752 ) (1088 0 752 ) 
4 335 403 (1072 1008 752 ) (1072 1024 752 ) (1072 1024 656 ) (1072 1008 656 ) 
4 335 355 (1072 1008 656 ) (1072 1024 656 ) (1088 1024 656 ) (1088 1008 656 ) 
4 336 337 (1087 928 752 ) (1087 928 656 ) (1087 864 656 ) (1087 864 752 ) 
4 337 338 (1085 928 752 ) (1085 928 656 ) (1085 864 656 ) (1085 864 752 ) 
4 338 406 (1072 864 752 ) (1072 928 752 ) (1072 928 656 ) (1072 864 656 ) 
4 339 340 (1087 768 752 ) (1087 768 656 ) (1087 704 656 ) (1087 704 752 ) 
4 340 341 (1085 768 752 ) (1085 768 656 ) (1085 704 656 ) (1085 704 752 ) 
4 341 406 (1072 704 752 ) (1072 768 752 ) (1072 768 656 ) (1072 704 656 ) 
4 342 343 (1087 624 752 ) (1087 624 656 ) (1087 560 656 ) (1087 560 752 ) 
4 343 344 (1085 624 752 ) (1085 624 656 ) (1085 560 656 ) (1085 560 752 ) 
4 344 409 (1072 560 752 ) (1072 624 752 ) (1072 624 656 ) (1072 560 656 ) 
4 345 346 (1087 448 752 ) (1087 448 656 ) (1087 384 656 ) (1087 384 752 ) 
4 346 347 (1085 448 752 ) (1085 448 656 ) (1085 384 656 ) (1085 384 752 ) 
4 347 410 (1072 384 752 ) (1072 448 752 ) (1072 448 656 ) (1072 384 656 ) 
4 348 349 (1087 304 752 ) (1087 304 656 ) (1087 240 656 ) (1087 240 752 ) 
4 349 350 (1085 304 752 ) (1085 304 656 ) (1085 240 656 ) (1085 240 752 ) 
4 350 413 (1072 240 752 ) (1072 304 752 ) (1072 304 656 ) (1072 240 656 ) 
4 351 352 (1087 144 752 ) (1087 144 656 ) (1087 80 656 ) (1087 80 752 ) 
4 352 353 (1085 144 752 ) (1085 144 656 ) (1085 80 656 ) (1085 80 752 ) 
4 353 415 (1072 80 752 ) (1072 144 752 ) (1072 144 656 ) (1072 80 656 ) 
4 354 1385 (1072 0 752 ) (1072 0 656 ) (1088 0 656 ) (1088 0 752 ) 
4 354 422 (1072 0 656 ) (1072 0 752 ) (1072 8 752 ) (1072 8 656 ) 
4 354 356 (1072 0 656 ) (1072 8 656 ) (1088 8 656 ) (1088 0 656 ) 
4 355 403 (1072 1008 656 ) (1072 1024 656 ) (1072 1024 592 ) (1072 1008 592 ) 
4 356 1385 (1072 0 656 ) (1072 0 576 ) (1088 0 576 ) (1088 0 656 ) 
4 356 422 (1072 0 576 ) (1072 0 656 ) (1072 8 656 ) (1072 8 576 ) 
4 356 375 (1072 0 576 ) (1072 8 576 ) (1088 8 576 ) (1088 0 576 ) 
4 357 358 (1087 928 576 ) (1087 928 480 ) (1087 864 480 ) (1087 864 576 ) 
4 358 359 (1085 928 576 ) (1085 928 480 ) (1085 864 480 ) (1085 864 576 ) 
4 359 424 (1072 928 560 ) (1072 928 480 ) (1072 864 480 ) (1072 864 560 ) 
4 360 361 (1087 768 576 ) (1087 768 480 ) (1087 704 480 ) (1087 704 576 ) 
4 361 362 (1085 768 576 ) (1085 768 480 ) (1085 704 480 ) (1085 704 576 ) 
4 362 424 (1072 768 560 ) (1072 768 480 ) (1072 704 480 ) (1072 704 560 ) 
4 363 364 (1087 624 576 ) (1087 624 480 ) (1087 560 480 ) (1087 560 576 ) 
4 364 365 (1085 624 576 ) (1085 624 480 ) (1085 560 480 ) (1085 560 576 ) 
4 365 425 (1072 560 576 ) (1072 624 576 ) (1072 624 480 ) (1072 560 480 ) 
4 366 367 (1087 448 576 ) (1087 448 480 ) (1087 384 480 ) (1087 384 576 ) 
4 367 368 (1085 448 576 ) (1085 448 480 ) (1085 384 480 ) (1085 384 576 ) 
4 368 426 (1072 384 576 ) (1072 448 576 ) (1072 448 480 ) (1072 384 480 ) 
4 369 370 (1087 304 576 ) (1087 304 480 ) (1087 240 480 ) (1087 240 576 ) 
4 370 371 (1085 304 576 ) (1085 304 480 ) (1085 240 480 ) (1085 240 576 ) 
4 371 427 (1072 240 576 ) (1072 304 576 ) (1072 304 480 ) (1072 240 480 ) 
4 372 373 (1087 144 576 ) (1087 144 480 ) (1087 80 480 ) (1087 80 576 ) 
4 373 374 (1085 144 576 ) (1085 144 480 ) (1085 80 480 ) (1085 80 576 ) 
4 374 429 (1072 80 576 ) (1072 144 576 ) (1072 144 480 ) (1072 80 480 ) 
4 375 1385 (1072 0 576 ) (1072 0 480 ) (1088 0 480 ) (1088 0 576 ) 
4 375 430 (1072 0 480 ) (1072 0 576 ) (1072 8 576 ) (1072 8 480 ) 
4 375 376 (1072 0 480 ) (1072 8 480 ) (1088 8 480 ) (1088 0 480 ) 
4 376 1385 (1072 0 480 ) (1072 0 416 ) (1088 0 416 ) (1088 0 480 ) 
4 376 430 (1072 0 416 ) (1072 0 480 ) (1072 8 480 ) (1072 8 416 ) 
4 377 378 (1087 928 384 ) (1087 928 288 ) (1087 864 288 ) (1087 864 384 ) 
4 378 379 (1085 928 384 ) (1085 928 288 ) (1085 864 288 ) (1085 864 384 ) 
4 379 431 (1072 864 384 ) (1072 928 384 ) (1072 928 288 ) (1072 864 288 ) 
4 380 381 (1087 768 384 ) (1087 768 288 ) (1087 704 288 ) (1087 704 384 ) 
4 381 382 (1085 768 384 ) (1085 768 288 ) (1085 704 288 ) (1085 704 384 ) 
4 382 432 (1072 704 384 ) (1072 768 384 ) (1072 768 288 ) (1072 704 288 ) 
4 383 384 (1087 624 384 ) (1087 624 288 ) (1087 560 288 ) (1087 560 384 ) 
4 384 385 (1085 624 384 ) (1085 624 288 ) (1085 560 288 ) (1085 560 384 ) 
4 385 433 (1072 560 384 ) (1072 624 384 ) (1072 624 288 ) (1072 560 288 ) 
4 386 387 (1087 448 384 ) (1087 448 288 ) (1087 384 288 ) (1087 384 384 ) 
4 387 388 (1085 448 384 ) (1085 448 288 ) (1085 384 288 ) (1085 384 384 ) 
4 388 434 (1072 384 384 ) (1072 448 384 ) (1072 448 288 ) (1072 384 288 ) 
4 389 390 (1087 304 384 ) (1087 304 288 ) (1087 240 288 ) (1087 240 384 ) 
4 390 391 (1085 304 384 ) (1085 304 288 ) (1085 240 288 ) (1085 240 384 ) 
4 391 435 (1072 240 384 ) (1072 304 384 ) (1072 304 288 ) (1072 240 288 ) 
4 392 436 (1072 80 384 ) (1072 144 384 ) (1072 144 288 ) (1072 80 288 ) 
4 392 400 (1072 80 288 ) (1072 144 288 ) (1088 144 288 ) (1088 80 288 ) 
4 393 454 (1088 968 -3536 ) (1088 928 -3536 ) (1080 928 -3536 ) (1080 968 -3536 ) 
4 393 395 (1088 928 -3536 ) (1088 928 -2048 ) (1080 928 -2048 ) (1080 928 -3536 ) 
4 394 438 (1072 864 80 ) (1072 864 144 ) (1072 928 144 ) (1072 928 80 ) 
4 395 454 (1088 928 -3536 ) (1088 864 -3536 ) (1080 864 -3536 ) (1080 928 -3536 ) 
4 395 396 (1088 864 -3536 ) (1088 864 -2048 ) (1080 864 -2048 ) (1080 864 -3536 ) 
4 396 454 (1088 864 -3536 ) (1088 608 -3536 ) (1080 608 -3536 ) (1080 864 -3536 ) 
4 396 398 (1088 608 -3536 ) (1088 608 -2048 ) (1080 608 -2048 ) (1080 608 -3536 ) 
4 397 439 (1072 560 16 ) (1072 560 80 ) (1072 608 80 ) (1072 608 16 ) 
4 398 454 (1088 608 -3536 ) (1088 560 -3536 ) (1080 560 -3536 ) (1080 608 -3536 ) 
4 398 399 (1088 560 -3536 ) (1088 560 -2048 ) (1080 560 -2048 ) (1080 560 -3536 ) 
4 399 454 (1088 560 -3536 ) (1088 512 -3536 ) (1080 512 -3536 ) (1080 560 -3536 ) 
4 400 437 (1072 80 240 ) (1072 80 288 ) (1072 144 288 ) (1072 144 240 ) 
4 401 1383 (1024 0 1176 ) (1024 0 816 ) (1072 0 816 ) (1072 0 1176 ) 
4 401 1366 (1024 0 1232 ) (1024 0 1176 ) (1072 0 1176 ) (1072 0 1232 ) 
4 401 1365 (1024 0 3056 ) (1024 0 1232 ) (1072 0 1232 ) (1072 0 3056 ) 
4 401 490 (1024 1024 1024 ) (1024 1024 816 ) (1024 0 816 ) (1024 0 1024 ) 
4 401 456 (1024 1024 3056 ) (1024 1024 1024 ) (1024 0 1024 ) (1024 0 3056 ) 
4 402 530 (1024 1024 800 ) (1024 1024 768 ) (1024 1008 768 ) (1024 1008 800 ) 
4 402 404 (1072 1008 768 ) (1072 1008 800 ) (1024 1008 800 ) (1024 1008 768 ) 
4 403 576 (1024 1024 608 ) (1024 1024 592 ) (1024 1008 592 ) (1024 1008 608 ) 
4 403 531 (1024 1024 752 ) (1024 1024 608 ) (1024 1008 608 ) (1024 1008 752 ) 
4 404 530 (1024 976 768 ) (1024 976 800 ) (1024 1008 800 ) (1024 1008 768 ) 
4 404 405 (1072 976 768 ) (1072 976 800 ) (1024 976 800 ) (1024 976 768 ) 
4 405 530 (1024 672 768 ) (1024 672 800 ) (1024 976 800 ) (1024 976 768 ) 
4 405 407 (1072 672 768 ) (1072 672 800 ) (1024 672 800 ) (1024 672 768 ) 
4 406 586 (1024 704 576 ) (1024 672 576 ) (1024 672 608 ) (1024 704 608 ) 
4 406 582 (1024 976 576 ) (1024 704 576 ) (1024 704 608 ) (1024 976 608 ) 
4 406 533 (1024 672 608 ) (1024 672 752 ) (1024 976 752 ) (1024 976 608 ) 
4 407 534 (1024 656 768 ) (1024 656 800 ) (1024 672 800 ) (1024 672 768 ) 
4 408 537 (1024 336 752 ) (1024 336 784 ) (1024 640 784 ) (1024 640 752 ) 
4 408 411 (1056 336 752 ) (1024 336 752 ) (1024 640 752 ) (1056 640 752 ) 
4 409 411 (1056 624 656 ) (1056 560 656 ) (1056 560 752 ) (1056 624 752 ) 
4 410 411 (1056 448 656 ) (1056 384 656 ) (1056 384 752 ) (1056 448 752 ) 
4 411 537 (1024 336 656 ) (1024 336 752 ) (1024 640 752 ) (1024 640 656 ) 
4 411 412 (1056 336 656 ) (1024 336 656 ) (1024 640 656 ) (1056 640 656 ) 
4 412 537 (1024 336 624 ) (1024 336 656 ) (1024 640 656 ) (1024 640 624 ) 
4 413 418 (1056 304 752 ) (1056 304 656 ) (1056 240 656 ) (1056 240 752 ) 
4 414 429 (1072 224 576 ) (1072 144 576 ) (1056 144 576 ) (1056 224 576 ) 
4 414 420 (1056 224 576 ) (1056 144 576 ) (1056 144 592 ) (1056 224 592 ) 
4 414 416 (1056 144 592 ) (1056 144 576 ) (1072 144 576 ) (1072 144 592 ) 
4 415 419 (1056 80 656 ) (1056 80 752 ) (1056 144 752 ) (1056 144 656 ) 
4 416 429 (1072 144 576 ) (1072 80 576 ) (1056 80 576 ) (1056 144 576 ) 
4 416 420 (1056 144 576 ) (1056 80 576 ) (1056 80 592 ) (1056 144 592 ) 
4 416 417 (1056 80 592 ) (1056 80 576 ) (1072 80 576 ) (1072 80 592 ) 
4 417 429 (1072 80 576 ) (1072 32 576 ) (1056 32 576 ) (1056 80 576 ) 
4 417 420 (1056 80 576 ) (1056 32 576 ) (1056 32 592 ) (1056 80 592 ) 
4 418 539 (1024 224 624 ) (1024 224 784 ) (1024 304 784 ) (1024 304 624 ) 
4 418 419 (1056 224 624 ) (1056 224 784 ) (1024 224 784 ) (1024 224 624 ) 
4 419 539 (1024 32 624 ) (1024 32 784 ) (1024 224 784 ) (1024 224 624 ) 
4 419 421 (1056 32 624 ) (1056 32 784 ) (1024 32 784 ) (1024 32 624 ) 
4 420 601 (1024 224 576 ) (1024 32 576 ) (1024 32 592 ) (1024 224 592 ) 
4 420 429 (1024 32 576 ) (1024 224 576 ) (1056 224 576 ) (1056 32 576 ) 
4 421 539 (1024 16 624 ) (1024 16 784 ) (1024 32 784 ) (1024 32 624 ) 
4 421 423 (1040 16 784 ) (1024 16 784 ) (1024 16 624 ) (1040 16 624 ) 
4 422 1385 (1048 0 576 ) (1072 0 576 ) (1072 0 776 ) (1048 0 776 ) 
4 422 430 (1072 8 576 ) (1072 0 576 ) (1048 0 576 ) (1048 8 576 ) 
4 423 1391 (1024 0 784 ) (1024 0 624 ) (1032 0 624 ) (1032 0 784 ) 
4 423 1389 (1032 0 624 ) (1040 0 624 ) (1040 0 784 ) (1032 0 784 ) 
4 423 539 (1024 0 624 ) (1024 0 784 ) (1024 16 784 ) (1024 16 624 ) 
4 424 583 (1024 976 480 ) (1024 704 480 ) (1024 704 560 ) (1024 976 560 ) 
4 424 580 (1024 992 480 ) (1024 976 480 ) (1024 976 560 ) (1024 992 560 ) 
4 424 578 (1024 1024 560 ) (1024 1024 480 ) (1024 992 480 ) (1024 992 560 ) 
4 424 428 (1024 704 480 ) (1024 1024 480 ) (1072 1024 480 ) (1072 704 480 ) 
4 425 587 (1024 624 480 ) (1024 560 480 ) (1024 560 576 ) (1024 624 576 ) 
4 426 595 (1024 448 480 ) (1024 384 480 ) (1024 384 576 ) (1024 448 576 ) 
4 427 600 (1024 304 480 ) (1024 240 480 ) (1024 240 576 ) (1024 304 576 ) 
4 428 583 (1024 976 432 ) (1024 704 432 ) (1024 704 480 ) (1024 976 480 ) 
4 428 580 (1024 992 432 ) (1024 976 432 ) (1024 976 480 ) (1024 992 480 ) 
4 428 578 (1024 1024 480 ) (1024 1024 432 ) (1024 992 432 ) (1024 992 480 ) 
4 429 601 (1024 32 448 ) (1024 32 576 ) (1024 224 576 ) (1024 224 448 ) 
4 430 1385 (1048 0 416 ) (1072 0 416 ) (1072 0 576 ) (1048 0 576 ) 
4 431 440 (1056 864 384 ) (1056 928 384 ) (1056 928 288 ) (1056 864 288 ) 
4 432 442 (1056 704 384 ) (1056 768 384 ) (1056 768 288 ) (1056 704 288 ) 
4 433 445 (1056 560 384 ) (1056 624 384 ) (1056 624 288 ) (1056 560 288 ) 
4 434 450 (1056 384 384 ) (1056 448 384 ) (1056 448 288 ) (1056 384 288 ) 
4 435 450 (1056 240 384 ) (1056 304 384 ) (1056 304 288 ) (1056 240 288 ) 
4 436 453 (1056 80 384 ) (1056 144 384 ) (1056 144 288 ) (1056 80 288 ) 
4 436 437 (1056 80 288 ) (1056 144 288 ) (1072 144 288 ) (1072 80 288 ) 
4 437 453 (1056 80 288 ) (1056 144 288 ) (1056 144 240 ) (1056 80 240 ) 
4 438 440 (1056 864 144 ) (1056 928 144 ) (1056 928 80 ) (1056 864 80 ) 
4 439 446 (1056 560 16 ) (1056 560 80 ) (1056 608 80 ) (1056 608 16 ) 
4 440 638 (1024 1024 236 ) (1024 1024 16 ) (1024 832 16 ) (1024 832 236 ) 
4 440 612 (1024 1024 400 ) (1024 1024 236 ) (1024 832 236 ) (1024 832 400 ) 
4 441 650 (1024 800 8 ) (1024 800 216 ) (1024 808 216 ) (1024 808 8 ) 
4 441 443 (1048 800 8 ) (1048 800 216 ) (1024 800 216 ) (1024 800 8 ) 
4 442 613 (1024 688 288 ) (1024 688 400 ) (1024 800 400 ) (1024 800 288 ) 
4 443 650 (1024 688 8 ) (1024 688 216 ) (1024 800 216 ) (1024 800 8 ) 
4 443 444 (1048 688 8 ) (1048 688 216 ) (1024 688 216 ) (1024 688 8 ) 
4 444 650 (1024 656 8 ) (1024 656 216 ) (1024 688 216 ) (1024 688 8 ) 
4 444 448 (1048 656 8 ) (1048 656 216 ) (1024 656 216 ) (1024 656 8 ) 
4 445 447 (1048 656 400 ) (1048 656 240 ) (1048 528 240 ) (1048 528 400 ) 
4 446 448 (1048 560 16 ) (1048 560 80 ) (1048 608 80 ) (1048 608 16 ) 
4 447 621 (1024 528 240 ) (1024 528 400 ) (1024 656 400 ) (1024 656 240 ) 
4 448 650 (1024 528 8 ) (1024 528 216 ) (1024 656 216 ) (1024 656 8 ) 
4 448 449 (1048 528 8 ) (1048 528 216 ) (1024 528 216 ) (1024 528 8 ) 
4 449 650 (1024 496 8 ) (1024 496 216 ) (1024 528 216 ) (1024 528 8 ) 
4 449 451 (1048 496 8 ) (1048 496 216 ) (1024 496 216 ) (1024 496 8 ) 
4 450 624 (1024 208 240 ) (1024 208 400 ) (1024 496 400 ) (1024 496 240 ) 
4 451 650 (1024 208 8 ) (1024 208 216 ) (1024 496 216 ) (1024 496 8 ) 
4 451 452 (1048 208 8 ) (1048 208 216 ) (1024 208 216 ) (1024 208 8 ) 
4 452 650 (1024 184 8 ) (1024 184 216 ) (1024 208 216 ) (1024 208 8 ) 
4 453 1393 (1024 0 400 ) (1024 0 240 ) (1040 0 240 ) (1040 0 400 ) 
4 453 1386 (1040 0 240 ) (1056 0 240 ) (1056 0 400 ) (1040 0 400 ) 
4 453 633 (1024 0 240 ) (1024 0 400 ) (1024 176 400 ) (1024 176 240 ) 
4 454 455 (1080 808 -3728 ) (1080 680 -3728 ) (1080 680 -3608 ) (1080 808 -3608 ) 
4 455 786 (1024 808 -3728 ) (1024 680 -3728 ) (1024 680 -3608 ) (1024 808 -3608 ) 
4 456 1394 (1024 0 1024 ) (1024 0 3056 ) (736 0 3056 ) (736 0 1024 ) 
4 456 490 (1024 0 1024 ) (736 0 1024 ) (736 1024 1024 ) (1024 1024 1024 ) 
4 456 458 (736 320 1312 ) (736 80 1312 ) (736 80 1400 ) (736 320 1400 ) 
4 456 457 (736 936 1312 ) (736 656 1312 ) (736 656 1400 ) (736 936 1400 ) 
4 457 459 (712 656 1400 ) (712 936 1400 ) (712 936 1312 ) (712 656 1312 ) 
4 458 459 (712 80 1400 ) (712 320 1400 ) (712 320 1312 ) (712 80 1312 ) 
4 459 466 (552 8 1264 ) (552 8 1432 ) (552 216 1432 ) (552 256 1264 ) 
3 459 465 (552 248 1432 ) (552 306.404419 1432 ) (552 280.002411 1343.993408 ) 
4 459 460 (552 306.404419 1432 ) (552 1024 1432 ) (552 1024 1264 ) (552 256.004395 1264 ) 
4 460 465 (552 280.002777 1343.992310 ) (552 306.405090 1432 ) (496 306.404785 1432 ) (496 280.002686 1343.992554 ) 
4 460 464 (496 344 1264 ) (496 256.003906 1264 ) (496 264.446564 1292.142212 ) (496 528 1376 ) 
4 460 463 (496 704 1432 ) (496 1024 1432 ) (496 1024 1391.499878 ) (496 600 1312 ) 
3 460 462 (496 1024 1264 ) (496 344 1264 ) (496 1024 1391.499878 ) 
3 460 461 (496 264.446564 1292.142212 ) (496 306.403931 1432 ) (496 704 1432 ) 
3 461 468 (408 264.447083 1292.142334 ) (408 306.404419 1432 ) (408 704 1432 ) 
4 461 467 (408 306.404297 1432 ) (408 264.447662 1292.142578 ) (472 264.447723 1292.142578 ) (472 306.404663 1432 ) 
4 461 465 (496 280.002686 1343.992676 ) (496 306.404785 1432 ) (472 306.404663 1432 ) (472 280.002655 1343.992676 ) 
4 461 464 (496 528.003662 1376.002319 ) (496 264.445312 1292.142578 ) (408 264.445312 1292.142578 ) (408 528.002930 1376.001831 ) 
3 462 468 (408 1024 1391.499878 ) (408 1024 1264 ) (408 344 1264 ) 
4 462 463 (408 1024 1391.499878 ) (408 600 1312 ) (496 600 1312 ) (496 1024 1391.499634 ) 
4 463 468 (408 704 1432 ) (408 1024 1432 ) (408 1024 1391.499878 ) (408 600 1312 ) 
4 464 468 (408 256.004395 1264 ) (408 264.447083 1292.142334 ) (408 528 1376 ) (408 344 1264 ) 
4 464 467 (408 264.447662 1292.142578 ) (408 256.005005 1264 ) (472 256.005035 1264 ) (472 264.447723 1292.142578 ) 
3 465 467 (472 306.404297 1432 ) (472 280.002563 1343.992920 ) (472 248 1432 ) 
4 466 467 (472 256 1264 ) (472 8 1264 ) (472 8 1432 ) (472 216 1432 ) 
4 467 468 (408 8 1264 ) (408 8 1432 ) (408 306.404419 1432 ) (408 256.004395 1264 ) 
4 469 473 (88 1024 1248 ) (88 1024 1032 ) (88 712 1032 ) (88 712 1248 ) 
4 469 474 (88 712 1032 ) (88 504 1032 ) (88 504 1248 ) (88 712 1248 ) 
4 469 471 (88 504 1032 ) (88 712 1032 ) (712 712 1032 ) (712 504 1032 ) 
4 469 472 (88 500 1032 ) (88 504 1032 ) (712 504 1032 ) (712 500 1032 ) 
4 469 470 (88 500 1032 ) (712 500 1032 ) (712 500 1248 ) (88 500 1248 ) 
4 470 475 (88 240 1200 ) (88 288 1200 ) (88 288 1152 ) (88 240 1152 ) 
4 470 472 (88 328 1032 ) (88 500 1032 ) (712 500 1032 ) (712 328 1032 ) 
4 471 510 (88 504 1024 ) (88 640 1024 ) (96 640 1024 ) (96 504 1024 ) 
4 471 508 (88 640 1024 ) (88 712 1024 ) (96 712 1024 ) (96 640 1024 ) 
4 471 502 (712 704 1024 ) (712 504 1024 ) (96 504 1024 ) (96 704 1024 ) 
4 471 500 (96 712 1024 ) (144 712 1024 ) (144 704 1024 ) (96 704 1024 ) 
4 471 497 (144 712 1024 ) (224 712 1024 ) (224 704 1024 ) (144 704 1024 ) 
4 471 495 (224 712 1024 ) (712 712 1024 ) (712 704 1024 ) (224 704 1024 ) 
4 471 474 (88 712 1024 ) (88 504 1024 ) (88 504 1032 ) (88 712 1032 ) 
4 471 472 (712 504 1024 ) (712 504 1032 ) (88 504 1032 ) (88 504 1024 ) 
4 472 513 (88 328 1024 ) (88 504 1024 ) (96 504 1024 ) (96 328 1024 ) 
4 472 503 (96 504 1024 ) (712 504 1024 ) (712 328 1024 ) (96 328 1024 ) 
4 473 480 (80 1024 1152 ) (80 1024 1032 ) (80 712 1032 ) (80 712 1152 ) 
4 473 477 (80 1024 1200 ) (80 1024 1152 ) (80 712 1152 ) (80 712 1200 ) 
4 473 476 (80 1024 1248 ) (80 1024 1200 ) (80 712 1200 ) (80 712 1248 ) 
4 473 474 (88 712 1032 ) (88 712 1248 ) (80 712 1248 ) (80 712 1032 ) 
4 474 510 (80 504 1024 ) (80 640 1024 ) (88 640 1024 ) (88 504 1024 ) 
4 474 508 (80 640 1024 ) (80 712 1024 ) (88 712 1024 ) (88 640 1024 ) 
4 474 481 (80 712 1024 ) (80 504 1024 ) (80 504 1152 ) (80 712 1152 ) 
4 474 477 (80 504 1152 ) (80 504 1200 ) (80 712 1200 ) (80 712 1152 ) 
4 474 476 (80 504 1200 ) (80 504 1248 ) (80 712 1248 ) (80 712 1200 ) 
4 475 478 (80 240 1200 ) (80 288 1200 ) (80 288 1152 ) (80 240 1152 ) 
4 476 486 (64 1024 1216 ) (64 1024 1200 ) (64 712 1200 ) (64 712 1216 ) 
4 476 487 (64 712 1200 ) (64 504 1200 ) (64 504 1216 ) (64 712 1216 ) 
4 476 485 (64 504 1248 ) (64 512 1248 ) (64 512 1216 ) (64 504 1216 ) 
4 476 484 (64 512 1248 ) (64 704 1248 ) (64 704 1216 ) (64 512 1216 ) 
4 476 483 (64 704 1248 ) (64 1024 1248 ) (64 1024 1216 ) (64 704 1216 ) 
4 476 477 (64 504 1200 ) (64 1024 1200 ) (80 1024 1200 ) (80 504 1200 ) 
4 477 486 (64 712 1200 ) (64 1024 1200 ) (64 1024 1152 ) (64 712 1152 ) 
4 477 487 (64 504 1200 ) (64 712 1200 ) (64 712 1152 ) (64 504 1152 ) 
4 477 480 (64 712 1152 ) (64 1024 1152 ) (80 1024 1152 ) (80 712 1152 ) 
4 477 481 (64 504 1152 ) (64 712 1152 ) (80 712 1152 ) (80 504 1152 ) 
4 478 488 (64 240 1200 ) (64 288 1200 ) (64 288 1152 ) (64 240 1152 ) 
4 479 1407 (64 0 1200 ) (64 0 1152 ) (80 0 1152 ) (80 0 1200 ) 
4 479 489 (64 0 1152 ) (64 0 1200 ) (64 176 1200 ) (64 176 1152 ) 
4 479 482 (64 0 1152 ) (64 176 1152 ) (80 176 1152 ) (80 0 1152 ) 
4 480 486 (64 712 1032 ) (64 712 1152 ) (64 1024 1152 ) (64 1024 1032 ) 
4 480 481 (80 712 1032 ) (80 712 1152 ) (64 712 1152 ) (64 712 1032 ) 
4 481 519 (64 504 1024 ) (64 712 1024 ) (78 712 1024 ) (78 504 1024 ) 
4 481 517 (80 640 1024 ) (80 504 1024 ) (78 504 1024 ) (78 640 1024 ) 
4 481 516 (78 712 1024 ) (80 712 1024 ) (80 640 1024 ) (78 640 1024 ) 
4 481 487 (64 712 1024 ) (64 504 1024 ) (64 504 1152 ) (64 712 1152 ) 
4 482 1407 (64 0 1152 ) (64 0 1024 ) (80 0 1024 ) (80 0 1152 ) 
4 482 489 (64 176 1024 ) (64 0 1024 ) (64 0 1152 ) (64 176 1152 ) 
4 483 486 (18 1024 1216 ) (64 1024 1216 ) (64 712 1216 ) (18 712 1216 ) 
4 483 487 (64 712 1216 ) (64 704 1216 ) (18 704 1216 ) (18 712 1216 ) 
4 483 484 (18 704 1216 ) (64 704 1216 ) (64 704 1248 ) (18 704 1248 ) 
4 484 487 (18 704 1216 ) (64 704 1216 ) (64 512 1216 ) (18 512 1216 ) 
4 484 485 (18 512 1216 ) (64 512 1216 ) (64 512 1248 ) (18 512 1248 ) 
4 485 487 (18 512 1216 ) (64 512 1216 ) (64 504 1216 ) (18 504 1216 ) 
4 486 487 (18 712 1216 ) (18 712 1032 ) (64 712 1032 ) (64 712 1216 ) 
4 487 519 (64 712 1024 ) (64 504 1024 ) (18 504 1024 ) (18 712 1024 ) 
4 488 1131 (0 336 1024 ) (0 192 1024 ) (0 192 1216 ) (0 336 1216 ) 
4 488 522 (0 192 1024 ) (0 336 1024 ) (64 336 1024 ) (64 192 1024 ) 
4 489 1411 (0 0 1200 ) (0 0 1024 ) (48 0 1024 ) (48 0 1200 ) 
4 489 1409 (48 0 1024 ) (64 0 1024 ) (64 0 1200 ) (48 0 1200 ) 
4 489 1132 (0 0 1024 ) (0 0 1200 ) (0 176 1200 ) (0 176 1024 ) 
4 490 1416 (1024 0 816 ) (1024 0 1024 ) (736 0 1024 ) (736 0 816 ) 
4 490 491 (736 480 928 ) (736 480 832 ) (736 384 832 ) (736 384 928 ) 
4 491 504 (720 384 832 ) (720 384 928 ) (720 480 928 ) (720 480 832 ) 
4 492 494 (144 736 928 ) (144 736 832 ) (224 736 832 ) (224 736 928 ) 
4 492 493 (32 752 944 ) (32 832 944 ) (32 832 848 ) (32 752 848 ) 
4 493 1100 (0 832 848 ) (0 752 848 ) (0 752 944 ) (0 832 944 ) 
4 494 498 (224 720 832 ) (224 720 928 ) (144 720 928 ) (144 720 832 ) 
4 495 502 (712 704 1024 ) (224 704 1024 ) (224 704 952 ) (712 704 952 ) 
4 495 497 (224 712 952 ) (224 704 952 ) (224 704 1024 ) (224 712 1024 ) 
4 496 505 (224 704 800 ) (720 704 800 ) (720 704 816 ) (224 704 816 ) 
4 496 499 (224 720 816 ) (224 720 800 ) (224 704 800 ) (224 704 816 ) 
4 497 502 (224 704 952 ) (224 704 1024 ) (144 704 1024 ) (144 704 952 ) 
4 497 500 (144 712 952 ) (144 704 952 ) (144 704 1024 ) (144 712 1024 ) 
4 498 504 (224 704 832 ) (224 704 928 ) (144 704 928 ) (144 704 832 ) 
4 499 505 (144 704 800 ) (224 704 800 ) (224 704 816 ) (144 704 816 ) 
4 499 501 (144 720 816 ) (144 720 800 ) (144 704 800 ) (144 704 816 ) 
4 500 508 (96 712 952 ) (96 704 952 ) (96 704 1024 ) (96 712 1024 ) 
4 500 502 (96 704 1024 ) (96 704 952 ) (144 704 952 ) (144 704 1024 ) 
4 501 509 (96 720 816 ) (96 720 800 ) (96 704 800 ) (96 704 816 ) 
4 501 505 (96 704 816 ) (96 704 800 ) (144 704 800 ) (144 704 816 ) 
4 502 510 (96 504 1024 ) (96 640 1024 ) (96 640 952 ) (96 504 952 ) 
4 502 508 (96 640 1024 ) (96 704 1024 ) (96 704 952 ) (96 640 952 ) 
4 502 503 (96 504 1024 ) (96 504 952 ) (712 504 952 ) (712 504 1024 ) 
4 503 513 (96 328 1024 ) (96 504 1024 ) (96 504 952 ) (96 328 952 ) 
4 504 511 (96 640 856 ) (96 640 832 ) (96 504 832 ) (96 504 856 ) 
4 505 514 (96 504 800 ) (96 336 800 ) (96 336 816 ) (96 504 816 ) 
4 505 512 (96 640 800 ) (96 504 800 ) (96 504 816 ) (96 640 816 ) 
4 505 509 (96 704 800 ) (96 640 800 ) (96 640 816 ) (96 704 816 ) 
4 505 506 (720 336 800 ) (720 336 816 ) (96 336 816 ) (96 336 800 ) 
4 506 515 (96 336 800 ) (96 320 800 ) (96 320 816 ) (96 336 816 ) 
4 507 1421 (96 0 1008 ) (96 0 800 ) (704 0 800 ) (704 0 1008 ) 
4 507 559 (704 0 800 ) (96 0 800 ) (96 304 800 ) (704 304 800 ) 
4 508 516 (80 712 952 ) (80 640 952 ) (80 640 1024 ) (80 712 1024 ) 
4 508 510 (80 640 1024 ) (80 640 952 ) (96 640 952 ) (96 640 1024 ) 
4 509 512 (80 640 816 ) (80 640 800 ) (96 640 800 ) (96 640 816 ) 
4 510 517 (80 504 952 ) (80 504 1024 ) (80 640 1024 ) (80 640 952 ) 
4 510 513 (88 504 952 ) (96 504 952 ) (96 504 1024 ) (88 504 1024 ) 
4 511 518 (80 504 832 ) (80 504 856 ) (80 640 856 ) (80 640 832 ) 
4 512 514 (80 504 816 ) (80 504 800 ) (96 504 800 ) (96 504 816 ) 
4 514 521 (80 480 800 ) (80 464 800 ) (80 464 816 ) (80 480 816 ) 
4 514 515 (96 336 800 ) (96 336 816 ) (80 336 816 ) (80 336 800 ) 
4 516 519 (78 712 952 ) (78 640 952 ) (78 640 1024 ) (78 712 1024 ) 
4 516 517 (78 640 1024 ) (78 640 952 ) (80 640 952 ) (80 640 1024 ) 
4 517 519 (78 504 952 ) (78 504 1024 ) (78 640 1024 ) (78 640 952 ) 
4 518 520 (78 504 832 ) (78 504 856 ) (78 640 856 ) (78 640 832 ) 
4 519 520 (78 712 952 ) (78 504 952 ) (18 504 952 ) (18 712 952 ) 
4 521 571 (64 464 800 ) (64 480 800 ) (80 480 800 ) (80 464 800 ) 
4 521 524 (64 480 816 ) (64 480 800 ) (64 464 800 ) (64 464 816 ) 
4 522 1133 (0 192 1024 ) (0 336 1024 ) (0 336 1008 ) (0 192 1008 ) 
4 522 523 (0 192 1008 ) (0 336 1008 ) (64 336 1008 ) (64 192 1008 ) 
4 523 1134 (0 480 1008 ) (0 480 848 ) (0 48 848 ) (0 48 1008 ) 
4 523 525 (64 48 944 ) (64 48 1008 ) (16 48 1008 ) (16 48 944 ) 
4 524 1137 (0 480 816 ) (0 480 800 ) (0 48 800 ) (0 48 816 ) 
4 524 573 (0 48 800 ) (0 480 800 ) (64 480 800 ) (64 48 800 ) 
4 524 527 (0 48 800 ) (16 48 800 ) (16 48 816 ) (0 48 816 ) 
4 524 526 (16 48 800 ) (64 48 800 ) (64 48 816 ) (16 48 816 ) 
4 525 528 (64 16 944 ) (64 16 1008 ) (16 16 1008 ) (16 16 944 ) 
4 526 573 (16 48 800 ) (64 48 800 ) (64 16 800 ) (16 16 800 ) 
4 526 529 (16 16 800 ) (64 16 800 ) (64 16 816 ) (16 16 816 ) 
4 526 527 (16 48 816 ) (16 48 800 ) (16 16 800 ) (16 16 816 ) 
4 527 1137 (0 48 816 ) (0 48 800 ) (0 16 800 ) (0 16 816 ) 
4 527 573 (0 16 800 ) (0 48 800 ) (16 48 800 ) (16 16 800 ) 
4 527 529 (0 16 800 ) (16 16 800 ) (16 16 816 ) (0 16 816 ) 
4 528 1426 (0 0 1008 ) (0 0 848 ) (64 0 848 ) (64 0 1008 ) 
4 528 1135 (0 0 848 ) (0 0 1008 ) (0 16 1008 ) (0 16 848 ) 
4 529 1427 (0 0 816 ) (0 0 800 ) (64 0 800 ) (64 0 816 ) 
4 529 1137 (0 0 800 ) (0 0 816 ) (0 16 816 ) (0 16 800 ) 
4 529 573 (64 0 800 ) (0 0 800 ) (0 16 800 ) (64 16 800 ) 
4 530 540 (736 672 768 ) (736 672 800 ) (736 1024 800 ) (736 1024 768 ) 
4 530 535 (736 672 800 ) (736 672 768 ) (832 672 768 ) (832 672 800 ) 
4 530 534 (832 672 768 ) (1024 672 768 ) (1024 672 800 ) (832 672 800 ) 
4 531 576 (848 1024 608 ) (1024 1024 608 ) (1024 1008 608 ) (848 1008 608 ) 
4 532 581 (736 976 608 ) (736 992 608 ) (816 992 608 ) (816 976 608 ) 
4 532 577 (736 992 608 ) (736 1024 608 ) (816 1024 608 ) (816 992 608 ) 
4 532 533 (816 976 752 ) (736 976 752 ) (736 976 608 ) (816 976 608 ) 
4 533 586 (736 672 608 ) (736 704 608 ) (1024 704 608 ) (1024 672 608 ) 
4 533 584 (736 704 608 ) (736 976 608 ) (896 976 608 ) (896 704 608 ) 
4 533 582 (896 976 608 ) (1024 976 608 ) (1024 704 608 ) (896 704 608 ) 
4 533 536 (736 672 720 ) (736 672 624 ) (832 672 624 ) (832 672 720 ) 
4 534 535 (832 672 800 ) (832 672 768 ) (832 656 768 ) (832 656 800 ) 
4 535 540 (736 656 800 ) (736 672 800 ) (736 672 768 ) (736 656 768 ) 
4 536 537 (736 640 720 ) (736 640 624 ) (832 640 624 ) (832 640 720 ) 
4 537 542 (736 352 736 ) (736 432 736 ) (736 432 624 ) (736 352 624 ) 
4 537 538 (736 336 720 ) (736 336 624 ) (832 336 624 ) (832 336 720 ) 
4 538 539 (736 304 720 ) (736 304 624 ) (832 304 624 ) (832 304 720 ) 
4 539 1428 (1024 0 624 ) (1024 0 784 ) (736 0 784 ) (736 0 624 ) 
4 539 543 (736 0 624 ) (736 0 736 ) (736 304 736 ) (736 304 624 ) 
4 539 541 (736 0 736 ) (736 0 784 ) (736 304 784 ) (736 304 736 ) 
4 541 1428 (720 0 784 ) (720 0 736 ) (736 0 736 ) (736 0 784 ) 
4 541 544 (720 0 736 ) (720 0 784 ) (720 304 784 ) (720 304 736 ) 
4 541 543 (720 0 736 ) (720 304 736 ) (736 304 736 ) (736 0 736 ) 
4 542 546 (720 432 624 ) (720 352 624 ) (720 352 736 ) (720 432 736 ) 
4 543 1428 (720 0 736 ) (720 0 624 ) (736 0 624 ) (736 0 736 ) 
4 543 547 (720 304 624 ) (720 0 624 ) (720 0 736 ) (720 304 736 ) 
4 544 1428 (712 0 736 ) (720 0 736 ) (720 0 784 ) (712 0 784 ) 
4 544 547 (712 304 736 ) (720 304 736 ) (720 0 736 ) (712 0 736 ) 
4 544 545 (712 0 784 ) (712 144 784 ) (712 144 736 ) (712 0 736 ) 
4 545 1429 (704 0 784 ) (704 0 736 ) (712 0 736 ) (712 0 784 ) 
4 545 559 (704 0 736 ) (704 0 784 ) (704 144 784 ) (704 144 736 ) 
4 545 548 (704 0 736 ) (704 144 736 ) (712 144 736 ) (712 0 736 ) 
4 546 550 (704 432 624 ) (704 352 624 ) (704 352 736 ) (704 432 736 ) 
4 547 1428 (712 0 624 ) (720 0 624 ) (720 0 736 ) (712 0 736 ) 
4 547 548 (712 144 624 ) (712 0 624 ) (712 0 736 ) (712 144 736 ) 
4 548 1429 (704 0 736 ) (704 0 624 ) (712 0 624 ) (712 0 736 ) 
4 548 559 (704 144 624 ) (704 0 624 ) (704 0 736 ) (704 144 736 ) 
4 549 560 (544 808 624 ) (352 808 624 ) (352 896 624 ) (544 896 624 ) 
4 549 554 (256 976 624 ) (256 896 624 ) (256 896 736 ) (256 976 736 ) 
4 549 550 (608 704 624 ) (704 704 624 ) (704 704 784 ) (608 704 784 ) 
4 551 558 (464 336 624 ) (544 336 624 ) (544 336 736 ) (464 336 736 ) 
4 551 557 (256 672 624 ) (256 336 624 ) (256 336 784 ) (256 672 784 ) 
4 552 562 (96 1024 784 ) (96 1024 624 ) (96 976 624 ) (96 976 784 ) 
4 552 555 (96 976 736 ) (96 976 624 ) (224 976 624 ) (224 976 736 ) 
4 552 553 (96 976 784 ) (96 976 736 ) (224 976 736 ) (224 976 784 ) 
4 553 562 (96 976 784 ) (96 976 736 ) (96 896 736 ) (96 896 784 ) 
4 553 556 (96 896 784 ) (96 896 736 ) (224 896 736 ) (224 896 784 ) 
4 553 555 (224 896 736 ) (96 896 736 ) (96 976 736 ) (224 976 736 ) 
4 554 555 (224 896 624 ) (224 896 736 ) (224 976 736 ) (224 976 624 ) 
4 555 562 (96 976 736 ) (96 976 624 ) (96 896 624 ) (96 896 736 ) 
4 555 556 (96 896 736 ) (96 896 624 ) (224 896 624 ) (224 896 736 ) 
4 556 562 (96 896 784 ) (96 896 624 ) (96 672 624 ) (96 672 784 ) 
4 556 557 (96 672 784 ) (96 672 624 ) (224 672 624 ) (224 672 784 ) 
4 557 572 (96 448 624 ) (96 352 624 ) (96 352 768 ) (96 448 768 ) 
4 557 562 (96 672 784 ) (96 672 624 ) (96 512 624 ) (96 512 784 ) 
4 558 559 (464 304 624 ) (544 304 624 ) (544 304 736 ) (464 304 736 ) 
4 559 1430 (704 0 800 ) (96 0 800 ) (96 0 624 ) (704 0 624 ) 
4 560 561 (352 808 612 ) (352 896 612 ) (544 896 612 ) (544 808 612 ) 
4 561 591 (352 896 608 ) (544 896 608 ) (544 808 608 ) (352 808 608 ) 
4 563 1104 (0 960 800 ) (0 1024 800 ) (0 1024 768 ) (0 960 768 ) 
4 563 564 (32 960 768 ) (32 960 800 ) (0 960 800 ) (0 960 768 ) 
4 564 1104 (0 864 800 ) (0 960 800 ) (0 960 768 ) (0 864 768 ) 
4 564 566 (32 864 768 ) (32 864 800 ) (0 864 800 ) (0 864 768 ) 
4 564 565 (32 864 768 ) (0 864 768 ) (0 960 768 ) (32 960 768 ) 
4 565 1113 (0 960 736 ) (0 960 712 ) (0 864 712 ) (0 864 736 ) 
4 566 1104 (0 736 800 ) (0 864 800 ) (0 864 768 ) (0 736 768 ) 
4 566 568 (16 736 800 ) (0 736 800 ) (0 736 768 ) (16 736 768 ) 
4 566 567 (32 736 768 ) (32 736 800 ) (16 736 800 ) (16 736 768 ) 
4 567 569 (32 704 768 ) (32 704 800 ) (16 704 800 ) (16 704 768 ) 
4 567 568 (16 736 800 ) (16 736 768 ) (16 720 768 ) (16 720 800 ) 
4 568 1104 (0 720 800 ) (0 736 800 ) (0 736 768 ) (0 720 768 ) 
4 569 570 (16 512 608 ) (32 512 608 ) (32 512 800 ) (16 512 800 ) 
4 571 574 (64 464 624 ) (64 464 648 ) (64 480 648 ) (64 480 624 ) 
4 571 573 (64 464 648 ) (64 464 800 ) (64 480 800 ) (64 480 648 ) 
4 572 575 (64 352 624 ) (64 352 648 ) (64 448 648 ) (64 448 624 ) 
4 572 573 (64 352 648 ) (64 352 768 ) (64 448 768 ) (64 448 648 ) 
4 573 1431 (64 0 800 ) (0 0 800 ) (0 0 648 ) (64 0 648 ) 
4 573 1137 (0 0 648 ) (0 0 800 ) (0 480 800 ) (0 480 648 ) 
4 573 575 (0 0 648 ) (0 464 648 ) (64 464 648 ) (64 0 648 ) 
4 573 574 (0 464 648 ) (0 480 648 ) (64 480 648 ) (64 464 648 ) 
4 574 1156 (0 464 648 ) (0 480 648 ) (0 480 624 ) (0 464 624 ) 
4 574 575 (0 464 624 ) (64 464 624 ) (64 464 648 ) (0 464 648 ) 
4 575 1432 (0 0 648 ) (0 0 624 ) (64 0 624 ) (64 0 648 ) 
4 575 1158 (0 0 624 ) (0 0 648 ) (0 464 648 ) (0 464 624 ) 
4 577 581 (736 992 608 ) (736 992 576 ) (816 992 576 ) (816 992 608 ) 
4 578 580 (1024 992 432 ) (1024 992 560 ) (912 992 560 ) (912 992 432 ) 
4 580 583 (1024 976 432 ) (1024 976 560 ) (912 976 560 ) (912 976 432 ) 
4 581 584 (736 976 608 ) (736 976 576 ) (816 976 576 ) (816 976 608 ) 
4 582 586 (1024 704 576 ) (1024 704 608 ) (896 704 608 ) (896 704 576 ) 
4 582 584 (896 976 608 ) (896 976 576 ) (896 704 576 ) (896 704 608 ) 
4 584 588 (736 704 576 ) (736 704 592 ) (736 880 592 ) (736 880 576 ) 
4 584 586 (736 704 608 ) (736 704 576 ) (896 704 576 ) (896 704 608 ) 
4 584 585 (896 880 576 ) (896 704 576 ) (736 704 576 ) (736 880 576 ) 
4 585 588 (736 704 448 ) (736 704 576 ) (736 880 576 ) (736 880 448 ) 
4 587 595 (1024 496 448 ) (1024 496 592 ) (736 496 592 ) (736 496 448 ) 
4 587 590 (736 496 448 ) (736 496 592 ) (736 624 592 ) (736 624 448 ) 
4 588 589 (704 704 448 ) (704 704 592 ) (704 880 592 ) (704 880 448 ) 
4 589 593 (656 656 432 ) (656 656 592 ) (656 1024 592 ) (656 1024 432 ) 
4 590 595 (736 496 448 ) (736 496 592 ) (688 496 592 ) (688 496 448 ) 
4 591 592 (352 808 604 ) (352 896 604 ) (544 896 604 ) (544 808 604 ) 
4 592 593 (352 896 592 ) (544 896 592 ) (544 808 592 ) (352 808 592 ) 
4 593 594 (448 528 560 ) (448 528 448 ) (528 528 448 ) (528 528 560 ) 
4 594 597 (528 496 448 ) (528 496 560 ) (448 496 560 ) (448 496 448 ) 
4 595 598 (1024 368 448 ) (1024 368 592 ) (688 368 592 ) (688 368 448 ) 
4 595 596 (688 496 448 ) (688 368 448 ) (688 368 592 ) (688 496 592 ) 
4 596 597 (672 496 448 ) (672 368 448 ) (672 368 592 ) (672 496 592 ) 
4 597 599 (448 368 560 ) (448 368 448 ) (528 368 448 ) (528 368 560 ) 
4 598 600 (1024 352 448 ) (1024 352 592 ) (688 352 592 ) (688 352 448 ) 
4 599 607 (528 352 448 ) (528 352 560 ) (448 352 560 ) (448 352 448 ) 
4 601 602 (960 224 448 ) (960 32 448 ) (960 32 592 ) (960 224 592 ) 
4 602 604 (688 128 512 ) (688 128 448 ) (688 64 448 ) (688 64 512 ) 
4 602 603 (688 32 592 ) (688 32 448 ) (960 32 448 ) (960 32 592 ) 
4 603 1443 (688 0 592 ) (688 0 448 ) (960 0 448 ) (960 0 592 ) 
4 604 607 (672 128 512 ) (672 128 448 ) (672 64 448 ) (672 64 512 ) 
4 605 1454 (352 0 568 ) (560 0 568 ) (560 0 592 ) (352 0 592 ) 
4 605 607 (320 352 568 ) (672 352 568 ) (672 0 568 ) (320 0 568 ) 
4 606 1455 (32 0 592 ) (32 0 568 ) (288 0 568 ) (288 0 592 ) 
4 606 608 (288 0 568 ) (32 0 568 ) (32 336 568 ) (288 336 568 ) 
4 607 1454 (352 0 448 ) (560 0 448 ) (560 0 568 ) (352 0 568 ) 
4 607 610 (320 352 448 ) (672 352 448 ) (672 0 448 ) (320 0 448 ) 
4 608 1455 (32 0 448 ) (288 0 448 ) (288 0 568 ) (32 0 568 ) 
4 608 611 (288 0 448 ) (32 0 448 ) (32 336 448 ) (288 336 448 ) 
4 608 609 (32 128 448 ) (32 64 448 ) (32 64 568 ) (32 128 568 ) 
4 609 1166 (0 64 568 ) (0 128 568 ) (0 128 448 ) (0 64 448 ) 
4 610 1454 (560 0 448 ) (352 0 448 ) (352 0 432 ) (560 0 432 ) 
4 611 1455 (288 0 432 ) (288 0 448 ) (32 0 448 ) (32 0 432 ) 
4 612 638 (624 1024 236 ) (1024 1024 236 ) (1024 832 236 ) (624 832 236 ) 
4 613 614 (624 752 368 ) (624 752 288 ) (624 704 288 ) (624 704 368 ) 
4 614 616 (592 704 288 ) (592 704 368 ) (592 752 368 ) (592 752 288 ) 
4 615 1195 (0 1024 400 ) (0 1024 272 ) (0 880 272 ) (0 880 400 ) 
4 615 617 (0 880 272 ) (0 1024 272 ) (592 1024 272 ) (592 880 272 ) 
4 616 1196 (0 848 400 ) (0 848 272 ) (0 688 272 ) (0 688 400 ) 
4 616 620 (112 688 336 ) (112 688 272 ) (176 688 272 ) (176 688 336 ) 
4 616 619 (592 688 272 ) (592 688 400 ) (432 688 400 ) (432 688 272 ) 
4 616 618 (592 688 272 ) (0 688 272 ) (0 848 272 ) (592 848 272 ) 
4 617 1238 (0 1024 272 ) (0 1024 240 ) (0 880 240 ) (0 880 272 ) 
4 618 1239 (0 688 240 ) (0 688 272 ) (0 848 272 ) (0 848 240 ) 
4 618 620 (176 688 272 ) (112 688 272 ) (112 688 240 ) (176 688 240 ) 
4 618 619 (592 688 240 ) (592 688 272 ) (432 688 272 ) (432 688 240 ) 
4 619 622 (592 656 240 ) (592 656 400 ) (432 656 400 ) (432 656 240 ) 
4 620 626 (176 656 240 ) (176 656 336 ) (112 656 336 ) (112 656 240 ) 
4 621 623 (632 560 240 ) (632 624 240 ) (688 624 240 ) (688 560 240 ) 
4 623 649 (688 624 236 ) (688 560 236 ) (632 560 236 ) (632 624 236 ) 
4 624 625 (432 240 400 ) (432 384 400 ) (432 384 240 ) (432 240 240 ) 
4 625 626 (400 240 240 ) (400 240 400 ) (400 384 400 ) (400 384 240 ) 
4 626 628 (48 656 400 ) (48 656 240 ) (48 592 240 ) (48 592 400 ) 
4 626 627 (80 208 240 ) (160 208 240 ) (160 208 384 ) (80 208 384 ) 
4 627 636 (160 176 240 ) (160 176 384 ) (80 176 384 ) (80 176 240 ) 
4 628 629 (42 656 240 ) (42 592 240 ) (42 592 400 ) (42 656 400 ) 
4 629 630 (38 656 240 ) (38 592 240 ) (38 592 400 ) (38 656 400 ) 
4 630 631 (32 656 400 ) (32 656 240 ) (32 592 240 ) (32 592 400 ) 
4 631 1241 (0 656 272 ) (0 656 240 ) (0 592 240 ) (0 592 272 ) 
4 631 1198 (0 656 400 ) (0 656 272 ) (0 592 272 ) (0 592 400 ) 
4 632 1253 (0 240 236 ) (0 176 236 ) (0 176 272 ) (0 240 272 ) 
4 632 1249 (0 248 236 ) (0 240 236 ) (0 240 272 ) (0 248 272 ) 
4 632 1248 (0 320 236 ) (0 248 236 ) (0 248 272 ) (0 320 272 ) 
4 632 1243 (0 568 272 ) (0 568 236 ) (0 320 236 ) (0 320 272 ) 
4 632 1203 (0 248 272 ) (0 176 272 ) (0 176 376 ) (0 248 376 ) 
4 632 1202 (0 176 376 ) (0 176 408 ) (0 248 408 ) (0 248 376 ) 
4 632 1200 (0 568 408 ) (0 568 272 ) (0 248 272 ) (0 248 408 ) 
4 632 689 (0 176 236 ) (0 568 236 ) (8 568 236 ) (8 176 236 ) 
4 632 637 (0 176 236 ) (8 176 236 ) (8 176 408 ) (0 176 408 ) 
4 633 1472 (1024 0 240 ) (1024 0 400 ) (208 0 400 ) (208 0 240 ) 
4 633 635 (992 0 240 ) (208 0 240 ) (208 128 240 ) (992 128 240 ) 
4 633 634 (208 176 240 ) (208 128 240 ) (208 128 400 ) (208 176 400 ) 
4 634 636 (176 176 400 ) (176 176 240 ) (176 128 240 ) (176 128 400 ) 
4 635 1473 (992 0 240 ) (208 0 240 ) (208 0 236 ) (992 0 236 ) 
4 635 674 (432 0 236 ) (208 0 236 ) (208 128 236 ) (432 128 236 ) 
4 635 659 (992 0 236 ) (432 0 236 ) (432 128 236 ) (992 128 236 ) 
4 637 1475 (0 0 408 ) (0 0 236 ) (8 0 236 ) (8 0 408 ) 
4 637 1259 (0 0 236 ) (0 0 272 ) (0 32 272 ) (0 32 236 ) 
4 637 1254 (0 32 272 ) (0 104 272 ) (0 104 236 ) (0 32 236 ) 
4 637 1253 (0 104 272 ) (0 176 272 ) (0 176 236 ) (0 104 236 ) 
4 637 1205 (0 16 408 ) (0 104 408 ) (0 104 272 ) (0 16 272 ) 
4 637 1206 (0 0 272 ) (0 0 408 ) (0 16 408 ) (0 16 272 ) 
4 637 1203 (0 176 376 ) (0 176 272 ) (0 104 272 ) (0 104 376 ) 
4 637 1202 (0 104 408 ) (0 176 408 ) (0 176 376 ) (0 104 376 ) 
4 637 689 (8 0 236 ) (0 0 236 ) (0 176 236 ) (8 176 236 ) 
4 639 643 (592 824 8 ) (592 824 216 ) (592 848 216 ) (592 848 8 ) 
4 639 642 (592 848 216 ) (592 880 216 ) (592 880 8 ) (592 848 8 ) 
4 639 641 (592 880 216 ) (592 1024 216 ) (592 1024 8 ) (592 880 8 ) 
4 640 645 (592 824 -224 ) (1024 824 -224 ) (1024 824 -16 ) (592 824 -16 ) 
4 640 644 (592 1024 -224 ) (592 824 -224 ) (592 824 -16 ) (592 1024 -16 ) 
4 641 642 (200 880 216 ) (200 880 8 ) (592 880 8 ) (592 880 216 ) 
4 642 643 (200 848 216 ) (200 848 8 ) (592 848 8 ) (592 848 216 ) 
4 643 646 (248 824 104 ) (248 824 24 ) (288 824 24 ) (288 824 104 ) 
4 644 702 (208 964 -224 ) (208 1016 -224 ) (280 1016 -224 ) (280 964 -224 ) 
4 644 648 (208 824 -224 ) (248 824 -224 ) (248 824 -16 ) (208 824 -16 ) 
4 644 647 (248 824 -224 ) (288 824 -224 ) (288 824 -16 ) (248 824 -16 ) 
4 644 645 (288 824 -224 ) (592 824 -224 ) (592 824 -16 ) (288 824 -16 ) 
4 645 675 (384 808 -224 ) (432 808 -224 ) (432 808 -16 ) (384 808 -16 ) 
4 645 676 (288 808 -224 ) (384 808 -224 ) (384 808 -16 ) (288 808 -16 ) 
4 645 660 (432 808 -224 ) (1024 808 -224 ) (1024 808 -16 ) (432 808 -16 ) 
4 645 647 (288 824 -16 ) (288 824 -224 ) (288 808 -224 ) (288 808 -16 ) 
4 646 665 (288 808 24 ) (288 808 104 ) (248 808 104 ) (248 808 24 ) 
4 647 676 (248 808 -224 ) (288 808 -224 ) (288 808 -16 ) (248 808 -16 ) 
4 647 648 (248 824 -16 ) (248 824 -224 ) (248 808 -224 ) (248 808 -16 ) 
4 648 676 (208 808 -224 ) (248 808 -224 ) (248 808 -16 ) (208 808 -16 ) 
4 649 650 (688 624 216 ) (688 560 216 ) (632 560 216 ) (632 624 216 ) 
4 650 658 (624 496 8 ) (624 184 8 ) (624 184 216 ) (624 496 216 ) 
4 650 657 (624 528 8 ) (624 496 8 ) (624 496 216 ) (624 528 216 ) 
4 650 655 (624 704 8 ) (624 528 8 ) (624 528 216 ) (624 704 216 ) 
4 650 653 (624 752 8 ) (624 704 8 ) (624 704 216 ) (624 752 216 ) 
4 650 651 (624 808 216 ) (624 808 8 ) (624 752 8 ) (624 752 216 ) 
4 651 653 (592 752 8 ) (624 752 8 ) (624 752 216 ) (592 752 216 ) 
4 651 652 (592 808 216 ) (592 808 8 ) (592 752 8 ) (592 752 216 ) 
4 652 665 (432 808 216 ) (432 808 8 ) (432 752 8 ) (432 752 216 ) 
4 652 654 (432 752 216 ) (432 752 8 ) (592 752 8 ) (592 752 216 ) 
4 653 655 (592 704 8 ) (624 704 8 ) (624 704 216 ) (592 704 216 ) 
4 653 654 (592 752 216 ) (592 752 8 ) (592 704 8 ) (592 704 216 ) 
4 654 665 (432 704 8 ) (432 704 216 ) (432 752 216 ) (432 752 8 ) 
4 654 656 (432 704 216 ) (432 704 8 ) (592 704 8 ) (592 704 216 ) 
4 655 657 (624 528 8 ) (624 528 216 ) (592 528 216 ) (592 528 8 ) 
4 655 656 (592 704 216 ) (592 704 8 ) (592 528 8 ) (592 528 216 ) 
4 656 667 (432 528 8 ) (432 528 216 ) (432 656 216 ) (432 656 8 ) 
4 656 666 (432 656 216 ) (432 688 216 ) (432 688 8 ) (432 656 8 ) 
4 656 665 (432 688 216 ) (432 704 216 ) (432 704 8 ) (432 688 8 ) 
4 656 657 (432 528 216 ) (432 528 8 ) (592 528 8 ) (592 528 216 ) 
4 657 668 (432 496 8 ) (432 496 216 ) (432 528 216 ) (432 528 8 ) 
4 657 658 (432 496 216 ) (432 496 8 ) (624 496 8 ) (624 496 216 ) 
4 658 671 (432 184 8 ) (432 184 216 ) (432 240 216 ) (432 240 8 ) 
4 658 670 (432 240 216 ) (432 384 216 ) (432 384 8 ) (432 240 8 ) 
4 658 668 (432 384 216 ) (432 496 216 ) (432 496 8 ) (432 384 8 ) 
4 659 1477 (992 0 236 ) (432 0 236 ) (432 0 160 ) (992 0 160 ) 
4 659 674 (432 0 160 ) (432 0 236 ) (432 128 236 ) (432 128 160 ) 
4 660 675 (432 808 -16 ) (432 808 -224 ) (432 784 -224 ) (432 784 -16 ) 
4 660 662 (704 784 -16 ) (528 784 -16 ) (528 784 -224 ) (704 784 -224 ) 
4 660 661 (1024 784 -16 ) (880 784 -16 ) (880 784 -224 ) (1024 784 -224 ) 
4 661 663 (1024 768 -16 ) (880 768 -16 ) (880 768 -224 ) (1024 768 -224 ) 
4 662 664 (704 768 -16 ) (528 768 -16 ) (528 768 -224 ) (704 768 -224 ) 
4 663 1478 (1024 0 -224 ) (1024 0 -16 ) (880 0 -16 ) (880 0 -224 ) 
4 664 677 (432 768 -224 ) (432 0 -224 ) (432 0 -16 ) (432 768 -16 ) 
4 665 679 (208 808 216 ) (208 808 8 ) (208 688 8 ) (208 688 216 ) 
4 665 666 (208 688 216 ) (208 688 8 ) (432 688 8 ) (432 688 216 ) 
4 666 679 (208 656 8 ) (208 656 216 ) (208 688 216 ) (208 688 8 ) 
4 666 669 (208 656 216 ) (208 656 8 ) (400 656 8 ) (400 656 216 ) 
4 666 667 (400 656 8 ) (432 656 8 ) (432 656 216 ) (400 656 216 ) 
4 667 669 (400 656 216 ) (400 656 8 ) (400 528 8 ) (400 528 216 ) 
4 667 668 (400 528 216 ) (400 528 8 ) (432 528 8 ) (432 528 216 ) 
4 668 670 (432 384 8 ) (432 384 216 ) (400 384 216 ) (400 384 8 ) 
4 668 669 (400 528 8 ) (400 384 8 ) (400 384 216 ) (400 528 216 ) 
4 669 679 (208 384 8 ) (208 384 216 ) (208 656 216 ) (208 656 8 ) 
4 669 672 (208 384 216 ) (208 384 8 ) (400 384 8 ) (400 384 216 ) 
4 670 672 (400 384 216 ) (400 384 8 ) (400 240 8 ) (400 240 216 ) 
4 670 671 (400 240 216 ) (400 240 8 ) (432 240 8 ) (432 240 216 ) 
4 671 673 (400 184 8 ) (400 184 216 ) (400 208 216 ) (400 208 8 ) 
4 671 672 (400 208 216 ) (400 240 216 ) (400 240 8 ) (400 208 8 ) 
4 672 679 (208 384 216 ) (208 384 8 ) (208 208 8 ) (208 208 216 ) 
4 672 673 (208 208 216 ) (208 208 8 ) (400 208 8 ) (400 208 216 ) 
4 673 679 (208 184 8 ) (208 184 216 ) (208 208 216 ) (208 208 8 ) 
4 674 1477 (432 0 236 ) (208 0 236 ) (208 0 160 ) (432 0 160 ) 
4 675 676 (384 784 -16 ) (384 808 -16 ) (384 808 -224 ) (384 784 -224 ) 
4 676 678 (384 768 -16 ) (208 768 -16 ) (208 768 -224 ) (384 768 -224 ) 
4 678 1480 (208 0 -16 ) (208 0 -224 ) (384 0 -224 ) (384 0 -16 ) 
4 680 1285 (0 1024 88 ) (0 1024 8 ) (0 1008 8 ) (0 1008 88 ) 
4 680 1268 (0 1024 120 ) (0 1024 88 ) (0 1008 88 ) (0 1008 120 ) 
4 680 690 (32 1008 120 ) (0 1008 120 ) (0 1008 8 ) (32 1008 8 ) 
4 680 681 (104 1008 120 ) (32 1008 120 ) (32 1008 8 ) (104 1008 8 ) 
4 681 690 (32 1008 208 ) (32 1008 -224 ) (32 688 -224 ) (32 688 208 ) 
4 681 683 (32 688 208 ) (32 688 -224 ) (112 688 -224 ) (112 688 208 ) 
4 681 682 (112 688 -224 ) (176 688 -224 ) (176 688 208 ) (112 688 208 ) 
4 682 685 (112 656 -224 ) (160 656 -224 ) (160 656 208 ) (112 656 208 ) 
4 682 684 (160 656 -224 ) (176 656 -224 ) (176 656 208 ) (160 656 208 ) 
4 682 683 (112 688 208 ) (112 688 -224 ) (112 656 -224 ) (112 656 208 ) 
4 683 690 (32 688 -224 ) (32 656 -224 ) (32 656 208 ) (32 688 208 ) 
4 683 688 (32 656 208 ) (32 656 -224 ) (48 656 -224 ) (48 656 208 ) 
4 683 686 (48 656 -224 ) (80 656 -224 ) (80 656 208 ) (48 656 208 ) 
4 683 685 (80 656 -224 ) (112 656 -224 ) (112 656 208 ) (80 656 208 ) 
4 684 687 (160 176 -224 ) (176 176 -224 ) (176 176 208 ) (160 176 208 ) 
4 684 685 (160 656 208 ) (160 656 -224 ) (160 176 -224 ) (160 176 208 ) 
4 685 687 (80 176 -224 ) (160 176 -224 ) (160 176 208 ) (80 176 208 ) 
4 685 686 (80 656 208 ) (80 656 -224 ) (80 176 -224 ) (80 176 208 ) 
4 686 688 (48 656 208 ) (48 656 -224 ) (48 176 -224 ) (48 176 208 ) 
4 686 687 (48 176 208 ) (48 176 -224 ) (80 176 -224 ) (80 176 208 ) 
4 687 1504 (48 0 208 ) (48 0 -224 ) (176 0 -224 ) (176 0 208 ) 
4 687 688 (48 176 -224 ) (48 0 -224 ) (48 0 208 ) (48 176 208 ) 
4 688 1504 (32 0 208 ) (32 0 -224 ) (48 0 -224 ) (48 0 208 ) 
4 688 690 (32 656 -224 ) (32 0 -224 ) (32 0 208 ) (32 656 208 ) 
4 689 1506 (8 0 236 ) (0 0 236 ) (0 0 232 ) (8 0 232 ) 
4 689 1259 (0 0 232 ) (0 0 236 ) (0 32 236 ) (0 32 232 ) 
4 689 1254 (0 32 236 ) (0 104 236 ) (0 104 232 ) (0 32 232 ) 
4 689 1253 (0 104 236 ) (0 240 236 ) (0 240 232 ) (0 104 232 ) 
4 689 1249 (0 240 236 ) (0 248 236 ) (0 248 232 ) (0 240 232 ) 
4 689 1248 (0 248 236 ) (0 320 236 ) (0 320 232 ) (0 248 232 ) 
4 689 1243 (0 320 236 ) (0 568 236 ) (0 568 232 ) (0 320 232 ) 
4 690 1508 (0 0 208 ) (0 0 -224 ) (16 0 -224 ) (16 0 208 ) 
4 690 1504 (16 0 -224 ) (32 0 -224 ) (32 0 208 ) (16 0 208 ) 
4 690 1287 (0 0 -224 ) (0 0 88 ) (0 1008 88 ) (0 1008 -224 ) 
4 690 1276 (0 0 88 ) (0 0 208 ) (0 488 208 ) (0 488 88 ) 
4 690 1269 (0 488 208 ) (0 1008 208 ) (0 1008 88 ) (0 488 88 ) 
4 691 719 (920 840 -536 ) (920 840 -248 ) (816 840 -248 ) (816 840 -536 ) 
4 691 693 (816 1016 -536 ) (920 1016 -536 ) (920 840 -536 ) (816 840 -536 ) 
4 691 692 (816 840 -328 ) (816 840 -248 ) (816 1016 -248 ) (816 1016 -328 ) 
4 692 720 (816 840 -248 ) (792 840 -248 ) (792 840 -328 ) (816 840 -328 ) 
4 692 695 (792 840 -328 ) (792 840 -248 ) (792 1016 -248 ) (792 1016 -328 ) 
4 693 719 (816 840 -632 ) (920 840 -632 ) (920 840 -536 ) (816 840 -536 ) 
4 693 697 (920 840 -632 ) (816 840 -632 ) (816 1016 -632 ) (920 1016 -632 ) 
4 693 694 (816 1016 -632 ) (816 944 -632 ) (816 944 -536 ) (816 1016 -536 ) 
4 694 696 (792 1016 -632 ) (792 944 -632 ) (792 944 -536 ) (792 1016 -536 ) 
4 695 721 (480 840 -248 ) (480 840 -328 ) (792 840 -328 ) (792 840 -248 ) 
4 695 699 (480 1016 -248 ) (480 1016 -328 ) (480 944 -328 ) (480 944 -248 ) 
4 696 722 (768 840 -632 ) (792 840 -632 ) (792 840 -344 ) (768 840 -344 ) 
4 696 724 (480 840 -344 ) (480 840 -632 ) (768 840 -632 ) (768 840 -344 ) 
4 696 700 (480 1016 -528 ) (480 1016 -608 ) (480 944 -608 ) (480 944 -528 ) 
4 697 719 (920 840 -792 ) (920 840 -632 ) (816 840 -632 ) (816 840 -792 ) 
4 698 723 (768 840 -792 ) (792 840 -792 ) (792 840 -648 ) (768 840 -648 ) 
4 698 724 (480 840 -648 ) (480 840 -792 ) (768 840 -792 ) (768 840 -648 ) 
4 698 701 (480 976 -792 ) (480 888 -792 ) (480 888 -696 ) (480 976 -696 ) 
4 699 703 (472 1016 -248 ) (472 1016 -328 ) (472 944 -328 ) (472 944 -248 ) 
4 700 707 (472 1016 -528 ) (472 1016 -608 ) (472 944 -608 ) (472 944 -528 ) 
4 701 709 (472 976 -792 ) (472 888 -792 ) (472 888 -696 ) (472 976 -696 ) 
4 702 703 (208 964 -248 ) (208 1016 -248 ) (280 1016 -248 ) (280 964 -248 ) 
4 703 711 (336 848 -288 ) (288 848 -288 ) (288 848 -368 ) (336 848 -368 ) 
4 703 712 (232 848 -288 ) (176 848 -288 ) (176 848 -368 ) (232 848 -368 ) 
4 703 710 (440 848 -288 ) (384 848 -288 ) (384 848 -368 ) (440 848 -368 ) 
4 703 704 (144 880 -368 ) (144 1016 -368 ) (280 1016 -368 ) (260 964 -368 ) 
4 704 705 (144 880 -376 ) (144 1016 -376 ) (280 1016 -376 ) (260 964 -376 ) 
4 705 714 (336 848 -408 ) (288 848 -408 ) (288 848 -488 ) (336 848 -488 ) 
4 705 715 (232 848 -408 ) (176 848 -408 ) (176 848 -488 ) (232 848 -488 ) 
4 705 713 (440 848 -408 ) (384 848 -408 ) (384 848 -488 ) (440 848 -488 ) 
4 705 706 (144 880 -488 ) (144 1016 -488 ) (280 1016 -488 ) (260 964 -488 ) 
4 706 707 (144 880 -496 ) (144 1016 -496 ) (280 1016 -496 ) (260 964 -496 ) 
4 707 717 (336 848 -528 ) (288 848 -528 ) (288 848 -608 ) (336 848 -608 ) 
4 707 718 (232 848 -528 ) (176 848 -528 ) (176 848 -608 ) (232 848 -608 ) 
4 707 716 (440 848 -528 ) (384 848 -528 ) (384 848 -608 ) (440 848 -608 ) 
4 707 708 (144 880 -608 ) (144 1016 -608 ) (280 1016 -608 ) (260 964 -608 ) 
4 708 709 (144 880 -616 ) (144 1016 -616 ) (280 1016 -616 ) (260 964 -616 ) 
4 710 724 (384 840 -368 ) (440 840 -368 ) (440 840 -328 ) (384 840 -328 ) 
4 710 721 (440 840 -328 ) (440 840 -288 ) (384 840 -288 ) (384 840 -328 ) 
4 711 724 (288 840 -368 ) (336 840 -368 ) (336 840 -328 ) (288 840 -328 ) 
4 711 721 (336 840 -328 ) (336 840 -288 ) (288 840 -288 ) (288 840 -328 ) 
4 712 776 (176 840 -368 ) (208 840 -368 ) (208 840 -288 ) (176 840 -288 ) 
4 712 772 (208 840 -368 ) (232 840 -368 ) (232 840 -288 ) (208 840 -288 ) 
4 713 724 (384 840 -488 ) (440 840 -488 ) (440 840 -408 ) (384 840 -408 ) 
4 714 724 (288 840 -488 ) (336 840 -488 ) (336 840 -408 ) (288 840 -408 ) 
4 715 776 (176 840 -488 ) (208 840 -488 ) (208 840 -408 ) (176 840 -408 ) 
4 715 772 (208 840 -488 ) (232 840 -488 ) (232 840 -408 ) (208 840 -408 ) 
4 716 724 (384 840 -608 ) (440 840 -608 ) (440 840 -528 ) (384 840 -528 ) 
4 717 724 (288 840 -608 ) (336 840 -608 ) (336 840 -528 ) (288 840 -528 ) 
4 718 782 (176 840 -608 ) (232 840 -608 ) (232 840 -528 ) (176 840 -528 ) 
4 719 727 (816 824 -792 ) (920 824 -792 ) (920 824 -680 ) (816 824 -680 ) 
4 719 726 (872 824 -384 ) (816 824 -384 ) (816 824 -472 ) (872 824 -472 ) 
4 719 725 (920 824 -328 ) (920 824 -248 ) (816 824 -248 ) (816 824 -328 ) 
4 719 720 (816 840 -248 ) (816 840 -328 ) (816 824 -328 ) (816 824 -248 ) 
4 720 721 (792 840 -248 ) (792 840 -328 ) (792 824 -328 ) (792 824 -248 ) 
4 721 772 (288 840 -248 ) (288 840 -328 ) (288 824 -328 ) (288 824 -248 ) 
4 721 733 (288 824 -248 ) (288 824 -328 ) (680 824 -328 ) (680 824 -248 ) 
4 721 731 (680 824 -328 ) (768 824 -328 ) (768 824 -248 ) (680 824 -248 ) 
4 721 724 (768 824 -328 ) (288 824 -328 ) (288 840 -328 ) (768 840 -328 ) 
4 722 724 (768 824 -632 ) (768 824 -344 ) (768 840 -344 ) (768 840 -632 ) 
4 723 724 (768 840 -792 ) (768 824 -792 ) (768 824 -648 ) (768 840 -648 ) 
4 724 783 (288 840 -688 ) (288 840 -792 ) (288 824 -792 ) (288 824 -688 ) 
4 724 779 (288 840 -496 ) (288 840 -664 ) (288 824 -664 ) (288 824 -496 ) 
4 724 773 (288 840 -488 ) (288 840 -496 ) (288 824 -496 ) (288 824 -488 ) 
4 724 772 (288 840 -328 ) (288 840 -488 ) (288 824 -488 ) (288 824 -328 ) 
4 724 736 (328 824 -792 ) (576 824 -792 ) (576 824 -672 ) (328 824 -672 ) 
4 724 737 (288 824 -672 ) (288 824 -792 ) (312 824 -792 ) (312 824 -672 ) 
4 724 734 (576 824 -792 ) (680 824 -792 ) (680 824 -672 ) (576 824 -672 ) 
4 724 733 (288 824 -328 ) (288 824 -672 ) (680 824 -672 ) (680 824 -328 ) 
4 724 731 (680 824 -792 ) (768 824 -792 ) (768 824 -328 ) (680 824 -328 ) 
4 725 728 (816 800 -248 ) (816 800 -328 ) (920 800 -328 ) (920 800 -248 ) 
4 726 728 (816 800 -384 ) (816 800 -472 ) (872 800 -472 ) (872 800 -384 ) 
4 727 728 (816 800 -680 ) (816 800 -792 ) (920 800 -792 ) (920 800 -680 ) 
4 728 730 (816 728 -248 ) (816 776 -248 ) (816 776 -792 ) (816 728 -792 ) 
4 728 729 (816 728 -248 ) (816 728 -672 ) (920 728 -672 ) (920 728 -248 ) 
4 729 738 (920 712 -672 ) (920 712 -248 ) (816 712 -248 ) (816 712 -672 ) 
4 729 732 (816 712 -672 ) (816 712 -248 ) (816 728 -248 ) (816 728 -672 ) 
4 730 732 (816 728 -672 ) (816 728 -248 ) (768 728 -248 ) (768 728 -672 ) 
4 730 731 (768 728 -792 ) (768 728 -248 ) (768 776 -248 ) (768 776 -792 ) 
4 731 734 (680 824 -672 ) (680 824 -792 ) (680 728 -792 ) (680 728 -672 ) 
4 731 733 (680 728 -248 ) (680 824 -248 ) (680 824 -672 ) (680 728 -672 ) 
4 731 732 (680 728 -248 ) (680 728 -672 ) (768 728 -672 ) (768 728 -248 ) 
4 732 747 (680 712 -376 ) (680 712 -672 ) (720 712 -672 ) (720 712 -376 ) 
4 732 744 (688 712 -248 ) (680 712 -248 ) (680 712 -376 ) (688 712 -376 ) 
4 732 743 (720 712 -248 ) (688 712 -248 ) (688 712 -376 ) (720 712 -376 ) 
4 732 740 (768 712 -248 ) (720 712 -248 ) (720 712 -672 ) (768 712 -672 ) 
4 732 739 (816 712 -672 ) (816 712 -248 ) (768 712 -248 ) (768 712 -672 ) 
4 732 733 (680 712 -672 ) (680 712 -248 ) (680 728 -248 ) (680 728 -672 ) 
4 733 779 (288 712 -664 ) (288 712 -496 ) (288 824 -496 ) (288 824 -664 ) 
4 733 773 (288 712 -496 ) (288 712 -488 ) (288 824 -488 ) (288 824 -496 ) 
4 733 772 (288 712 -488 ) (288 712 -248 ) (288 824 -248 ) (288 824 -488 ) 
4 733 751 (288 712 -248 ) (288 712 -672 ) (336 712 -672 ) (336 712 -248 ) 
4 733 749 (336 712 -672 ) (384 712 -672 ) (384 712 -376 ) (336 712 -376 ) 
4 733 747 (384 712 -672 ) (680 712 -672 ) (680 712 -376 ) (384 712 -376 ) 
4 733 744 (680 712 -376 ) (680 712 -248 ) (416 712 -248 ) (416 712 -376 ) 
4 733 746 (416 712 -248 ) (336 712 -248 ) (336 712 -376 ) (416 712 -376 ) 
4 733 736 (328 824 -672 ) (576 824 -672 ) (576 728 -672 ) (328 728 -672 ) 
4 733 737 (288 824 -672 ) (312 824 -672 ) (312 712 -672 ) (288 712 -672 ) 
4 733 734 (576 824 -672 ) (680 824 -672 ) (680 728 -672 ) (576 728 -672 ) 
4 734 736 (576 728 -672 ) (576 824 -672 ) (576 824 -792 ) (576 728 -792 ) 
4 734 735 (576 728 -696 ) (576 728 -792 ) (680 728 -792 ) (680 728 -696 ) 
4 735 747 (576 712 -792 ) (680 712 -792 ) (680 712 -696 ) (576 712 -696 ) 
4 737 783 (288 824 -792 ) (288 712 -792 ) (288 712 -688 ) (288 824 -688 ) 
4 737 751 (288 712 -672 ) (288 712 -792 ) (312 712 -792 ) (312 712 -672 ) 
4 738 785 (920 456 -792 ) (816 456 -792 ) (816 664 -792 ) (920 664 -792 ) 
4 738 754 (816 456 -792 ) (920 456 -792 ) (920 456 -248 ) (816 456 -248 ) 
4 738 739 (816 504 -248 ) (816 712 -248 ) (816 712 -792 ) (816 504 -792 ) 
4 739 740 (768 504 -248 ) (768 712 -248 ) (768 712 -792 ) (768 504 -792 ) 
4 740 748 (720 656 -792 ) (720 504 -792 ) (720 504 -392 ) (720 656 -392 ) 
4 740 747 (720 712 -376 ) (720 712 -792 ) (720 656 -792 ) (720 656 -376 ) 
4 740 743 (720 504 -248 ) (720 712 -248 ) (720 712 -376 ) (720 504 -376 ) 
4 740 741 (720 504 -248 ) (720 504 -376 ) (768 504 -376 ) (768 504 -248 ) 
4 740 742 (720 504 -392 ) (720 504 -792 ) (768 504 -792 ) (768 504 -392 ) 
4 741 757 (768 456 -376 ) (768 456 -248 ) (720 456 -248 ) (720 456 -376 ) 
4 741 743 (720 456 -376 ) (720 456 -248 ) (720 504 -248 ) (720 504 -376 ) 
4 742 757 (720 456 -792 ) (768 456 -792 ) (768 456 -392 ) (720 456 -392 ) 
4 742 748 (720 456 -792 ) (720 456 -392 ) (720 504 -392 ) (720 504 -792 ) 
4 743 757 (720 456 -376 ) (720 456 -248 ) (688 456 -248 ) (688 456 -376 ) 
4 743 747 (688 712 -376 ) (720 712 -376 ) (720 656 -376 ) (688 656 -376 ) 
4 743 744 (688 712 -376 ) (688 632 -376 ) (688 632 -248 ) (688 712 -248 ) 
4 743 745 (688 608 -376 ) (688 456 -376 ) (688 456 -248 ) (688 608 -248 ) 
4 744 747 (416 712 -376 ) (688 712 -376 ) (688 656 -376 ) (416 656 -376 ) 
4 744 746 (416 712 -376 ) (416 632 -376 ) (416 632 -248 ) (416 712 -248 ) 
4 745 757 (688 456 -248 ) (416 456 -248 ) (416 456 -376 ) (688 456 -376 ) 
4 745 746 (416 608 -376 ) (416 456 -376 ) (416 456 -248 ) (416 608 -248 ) 
4 746 771 (408 456 -248 ) (336 456 -248 ) (336 456 -376 ) (408 456 -376 ) 
4 746 757 (416 456 -248 ) (408 456 -248 ) (408 456 -376 ) (416 456 -376 ) 
4 746 752 (336 504 -248 ) (336 656 -248 ) (336 656 -376 ) (336 504 -376 ) 
4 746 751 (336 656 -248 ) (336 712 -248 ) (336 712 -376 ) (336 656 -376 ) 
4 746 749 (336 504 -376 ) (336 712 -376 ) (384 712 -376 ) (384 504 -376 ) 
4 746 747 (384 712 -376 ) (416 712 -376 ) (416 656 -376 ) (384 656 -376 ) 
4 747 749 (384 656 -376 ) (384 712 -376 ) (384 712 -792 ) (384 656 -792 ) 
4 747 748 (384 656 -392 ) (384 656 -792 ) (720 656 -792 ) (720 656 -392 ) 
4 748 771 (384 456 -792 ) (408 456 -792 ) (408 456 -392 ) (384 456 -392 ) 
4 748 757 (408 456 -792 ) (720 456 -792 ) (720 456 -392 ) (408 456 -392 ) 
4 748 750 (384 456 -792 ) (384 456 -392 ) (384 504 -392 ) (384 504 -792 ) 
4 748 749 (384 504 -392 ) (384 656 -392 ) (384 656 -792 ) (384 504 -792 ) 
4 749 752 (336 504 -376 ) (336 656 -376 ) (336 656 -488 ) (336 504 -488 ) 
4 749 753 (336 656 -496 ) (336 656 -792 ) (336 504 -792 ) (336 504 -496 ) 
4 749 751 (336 656 -376 ) (336 712 -376 ) (336 712 -792 ) (336 656 -792 ) 
4 749 750 (384 504 -792 ) (384 504 -392 ) (336 504 -392 ) (336 504 -792 ) 
4 750 771 (336 456 -792 ) (384 456 -792 ) (384 456 -392 ) (336 456 -392 ) 
4 751 783 (288 712 -792 ) (288 656 -792 ) (288 656 -688 ) (288 712 -688 ) 
4 751 779 (288 656 -664 ) (288 656 -496 ) (288 712 -496 ) (288 712 -664 ) 
4 751 773 (288 656 -496 ) (288 656 -488 ) (288 712 -488 ) (288 712 -496 ) 
4 751 772 (288 656 -488 ) (288 656 -248 ) (288 712 -248 ) (288 712 -488 ) 
4 751 752 (336 656 -488 ) (336 656 -248 ) (288 656 -248 ) (288 656 -488 ) 
4 751 753 (336 656 -792 ) (336 656 -496 ) (288 656 -496 ) (288 656 -792 ) 
4 752 772 (288 504 -488 ) (288 504 -248 ) (288 656 -248 ) (288 656 -488 ) 
4 753 783 (288 656 -792 ) (288 504 -792 ) (288 504 -688 ) (288 656 -688 ) 
4 753 779 (288 504 -664 ) (288 504 -496 ) (288 656 -496 ) (288 656 -664 ) 
4 754 755 (784 296 -248 ) (784 456 -248 ) (784 456 -656 ) (784 296 -656 ) 
4 754 756 (784 240 -792 ) (784 240 -248 ) (784 296 -248 ) (784 296 -792 ) 
4 755 756 (768 296 -248 ) (768 296 -656 ) (784 296 -656 ) (784 296 -248 ) 
4 755 757 (768 296 -248 ) (768 456 -248 ) (768 456 -656 ) (768 296 -656 ) 
4 756 757 (768 240 -792 ) (768 240 -248 ) (768 296 -248 ) (768 296 -792 ) 
4 757 771 (408 456 -248 ) (408 456 -792 ) (408 240 -792 ) (408 240 -248 ) 
4 757 758 (544 240 -544 ) (656 240 -544 ) (656 240 -248 ) (544 240 -248 ) 
4 757 759 (408 240 -248 ) (408 240 -544 ) (520 240 -544 ) (520 240 -248 ) 
4 757 769 (408 240 -544 ) (408 240 -792 ) (656 240 -792 ) (656 240 -544 ) 
4 758 763 (656 144 -496 ) (656 144 -376 ) (544 144 -376 ) (544 144 -496 ) 
4 758 764 (544 144 -544 ) (656 144 -544 ) (656 144 -512 ) (544 144 -512 ) 
4 758 760 (656 144 -360 ) (656 144 -248 ) (544 144 -248 ) (544 144 -360 ) 
4 758 769 (544 240 -544 ) (656 240 -544 ) (656 144 -544 ) (544 144 -544 ) 
4 759 767 (520 144 -496 ) (520 144 -376 ) (408 144 -376 ) (408 144 -496 ) 
4 759 768 (408 144 -544 ) (520 144 -544 ) (520 144 -512 ) (408 144 -512 ) 
4 759 762 (520 144 -360 ) (520 144 -248 ) (408 144 -248 ) (408 144 -360 ) 
4 759 769 (408 144 -544 ) (408 240 -544 ) (520 240 -544 ) (520 144 -544 ) 
4 760 761 (544 112 -360 ) (544 64 -360 ) (544 64 -248 ) (544 112 -248 ) 
4 761 762 (520 112 -360 ) (520 64 -360 ) (520 64 -248 ) (520 112 -248 ) 
4 763 765 (544 64 -376 ) (544 112 -376 ) (544 112 -496 ) (544 64 -496 ) 
4 764 770 (656 64 -544 ) (656 64 -512 ) (544 64 -512 ) (544 64 -544 ) 
4 764 766 (544 112 -544 ) (544 64 -544 ) (544 64 -512 ) (544 112 -512 ) 
4 764 769 (656 64 -544 ) (544 64 -544 ) (544 144 -544 ) (656 144 -544 ) 
4 765 767 (520 64 -376 ) (520 112 -376 ) (520 112 -496 ) (520 64 -496 ) 
4 766 770 (520 64 -512 ) (520 64 -544 ) (544 64 -544 ) (544 64 -512 ) 
4 766 768 (520 112 -544 ) (520 64 -544 ) (520 64 -512 ) (520 112 -512 ) 
4 766 769 (544 64 -544 ) (520 64 -544 ) (520 112 -544 ) (544 112 -544 ) 
4 768 770 (408 64 -512 ) (408 64 -544 ) (520 64 -544 ) (520 64 -512 ) 
4 768 769 (520 64 -544 ) (408 64 -544 ) (408 144 -544 ) (520 144 -544 ) 
4 769 787 (408 64 -792 ) (408 112 -792 ) (656 112 -792 ) (656 64 -792 ) 
4 769 770 (656 64 -792 ) (656 64 -544 ) (408 64 -544 ) (408 64 -792 ) 
4 770 1510 (472 0 -792 ) (592 0 -792 ) (592 0 -664 ) (472 0 -664 ) 
4 770 787 (656 0 -792 ) (408 0 -792 ) (408 64 -792 ) (656 64 -792 ) 
4 771 784 (288 456 -792 ) (288 240 -792 ) (288 240 -664 ) (288 456 -664 ) 
4 771 779 (288 240 -664 ) (288 240 -496 ) (288 456 -496 ) (288 456 -664 ) 
4 771 774 (288 240 -496 ) (288 240 -488 ) (288 456 -488 ) (288 456 -496 ) 
4 771 772 (288 240 -488 ) (288 240 -248 ) (288 456 -248 ) (288 456 -488 ) 
4 772 776 (208 840 -248 ) (208 840 -488 ) (208 600 -488 ) (208 600 -248 ) 
4 772 777 (208 600 -488 ) (208 240 -488 ) (208 240 -248 ) (208 600 -248 ) 
4 772 775 (232 240 -488 ) (208 240 -488 ) (208 600 -488 ) (232 600 -488 ) 
4 772 773 (232 656 -488 ) (232 840 -488 ) (288 840 -488 ) (288 656 -488 ) 
4 772 774 (288 240 -488 ) (232 240 -488 ) (232 600 -488 ) (288 600 -488 ) 
4 773 780 (232 656 -496 ) (232 840 -496 ) (256 840 -496 ) (256 656 -496 ) 
4 773 779 (256 840 -496 ) (288 840 -496 ) (288 656 -496 ) (256 656 -496 ) 
4 774 781 (256 240 -496 ) (232 240 -496 ) (232 600 -496 ) (256 600 -496 ) 
4 774 779 (288 240 -496 ) (256 240 -496 ) (256 600 -496 ) (288 600 -496 ) 
4 774 775 (232 600 -496 ) (232 240 -496 ) (232 240 -488 ) (232 600 -488 ) 
4 775 782 (232 240 -496 ) (208 240 -496 ) (208 600 -496 ) (232 600 -496 ) 
4 775 777 (208 600 -496 ) (208 240 -496 ) (208 240 -488 ) (208 600 -488 ) 
4 776 778 (176 840 -248 ) (176 840 -488 ) (176 600 -488 ) (176 600 -248 ) 
4 776 777 (208 600 -488 ) (208 600 -248 ) (176 600 -248 ) (176 600 -488 ) 
4 777 782 (208 240 -496 ) (176 240 -496 ) (176 600 -496 ) (208 600 -496 ) 
4 777 778 (176 600 -496 ) (176 240 -496 ) (176 240 -248 ) (176 600 -248 ) 
4 778 782 (176 240 -496 ) (144 240 -496 ) (144 840 -496 ) (176 840 -496 ) 
4 779 784 (288 240 -664 ) (256 240 -664 ) (256 456 -664 ) (288 456 -664 ) 
4 779 780 (256 840 -664 ) (256 656 -664 ) (256 656 -496 ) (256 840 -496 ) 
4 779 781 (256 632 -664 ) (256 240 -664 ) (256 240 -496 ) (256 632 -496 ) 
4 780 782 (232 840 -664 ) (232 656 -664 ) (232 656 -496 ) (232 840 -496 ) 
4 781 784 (256 240 -664 ) (232 240 -664 ) (232 456 -664 ) (256 456 -664 ) 
4 781 782 (232 632 -664 ) (232 240 -664 ) (232 240 -496 ) (232 632 -496 ) 
4 782 784 (232 240 -664 ) (144 240 -664 ) (144 456 -664 ) (232 456 -664 ) 
4 786 788 (816 680 -3608 ) (816 808 -3608 ) (816 808 -3728 ) (816 680 -3728 ) 
4 787 1510 (592 0 -792 ) (472 0 -792 ) (472 0 -800 ) (592 0 -800 ) 
4 788 1320 (0 680 -3608 ) (0 808 -3608 ) (0 808 -3728 ) (0 680 -3728 ) 
4 789 790 (-16 1488 9232 ) (-496 1488 9232 ) (-496 1616 9232 ) (-16 1616 9232 ) 
4 790 791 (-496 1616 3064 ) (-16 1616 3064 ) (-16 1488 3064 ) (-496 1488 3064 ) 
4 791 795 (-496 1488 2752 ) (-496 1616 2752 ) (-480 1616 2752 ) (-480 1488 2752 ) 
4 791 793 (-480 1616 2752 ) (-384 1616 2752 ) (-384 1488 2752 ) (-480 1488 2752 ) 
4 791 792 (-384 1616 2752 ) (-16 1616 2752 ) (-16 1488 2752 ) (-384 1488 2752 ) 
4 792 796 (-384 1488 2616 ) (-384 1616 2616 ) (-16 1616 2616 ) (-16 1488 2616 ) 
4 792 793 (-384 1616 2616 ) (-384 1488 2616 ) (-384 1488 2752 ) (-384 1616 2752 ) 
4 793 796 (-480 1488 2616 ) (-480 1616 2616 ) (-384 1616 2616 ) (-384 1488 2616 ) 
4 793 795 (-480 1616 2616 ) (-480 1488 2616 ) (-480 1488 2752 ) (-480 1616 2752 ) 
4 793 794 (-480 1488 2752 ) (-480 1488 2616 ) (-384 1488 2616 ) (-384 1488 2752 ) 
4 794 800 (-384 1464 2752 ) (-480 1464 2752 ) (-480 1464 2616 ) (-384 1464 2616 ) 
4 795 796 (-496 1488 2616 ) (-496 1616 2616 ) (-480 1616 2616 ) (-480 1488 2616 ) 
4 796 802 (-16 1616 2608 ) (-16 1488 2608 ) (-496 1488 2608 ) (-496 1616 2608 ) 
4 797 799 (-8 1360 2616 ) (-8 1360 3064 ) (-128 1360 3064 ) (-128 1360 2616 ) 
4 797 798 (-128 1464 3064 ) (-128 1464 2616 ) (-128 1360 2616 ) (-128 1360 3064 ) 
4 798 803 (-352 1464 2608 ) (-128 1464 2608 ) (-128 1360 2608 ) (-352 1360 2608 ) 
4 798 799 (-352 1360 3064 ) (-352 1360 2616 ) (-128 1360 2616 ) (-128 1360 3064 ) 
4 799 1090 (-8 1024 3064 ) (-352 1024 3064 ) (-352 1024 2616 ) (-8 1024 2616 ) 
4 800 805 (-504 1464 2608 ) (-496 1464 2608 ) (-496 1360 2608 ) (-504 1360 2608 ) 
4 800 804 (-496 1464 2608 ) (-384 1464 2608 ) (-384 1360 2608 ) (-496 1360 2608 ) 
4 800 801 (-504 1360 2784 ) (-504 1360 2608 ) (-384 1360 2608 ) (-384 1360 2784 ) 
4 801 1091 (-504 1024 2784 ) (-504 1024 2616 ) (-384 1024 2616 ) (-384 1024 2784 ) 
4 801 805 (-496 1024 2608 ) (-504 1024 2608 ) (-504 1360 2608 ) (-496 1360 2608 ) 
4 801 804 (-384 1360 2608 ) (-384 1024 2608 ) (-496 1024 2608 ) (-496 1360 2608 ) 
4 802 807 (-496 1488 2584 ) (-496 1616 2584 ) (-16 1616 2584 ) (-16 1488 2584 ) 
4 803 815 (-352 1360 2584 ) (-352 1456 2584 ) (-128 1456 2584 ) (-128 1360 2584 ) 
4 803 813 (-352 1456 2584 ) (-352 1464 2584 ) (-336 1464 2584 ) (-336 1456 2584 ) 
4 803 811 (-336 1464 2584 ) (-240 1464 2584 ) (-240 1456 2584 ) (-336 1456 2584 ) 
4 803 810 (-240 1464 2584 ) (-128 1464 2584 ) (-128 1456 2584 ) (-240 1456 2584 ) 
4 804 830 (-384 1024 2584 ) (-496 1024 2584 ) (-496 1040 2584 ) (-384 1040 2584 ) 
4 804 825 (-496 1040 2584 ) (-496 1248 2584 ) (-384 1248 2584 ) (-384 1040 2584 ) 
4 804 819 (-496 1248 2584 ) (-496 1464 2584 ) (-384 1464 2584 ) (-384 1248 2584 ) 
4 804 805 (-496 1464 2584 ) (-496 1024 2584 ) (-496 1024 2608 ) (-496 1464 2608 ) 
4 805 830 (-496 1024 2584 ) (-504 1024 2584 ) (-504 1040 2584 ) (-496 1040 2584 ) 
4 805 825 (-504 1040 2584 ) (-504 1248 2584 ) (-496 1248 2584 ) (-496 1040 2584 ) 
4 805 819 (-504 1248 2584 ) (-504 1464 2584 ) (-496 1464 2584 ) (-496 1248 2584 ) 
4 806 831 (0 1552 836 ) (0 1488 836 ) (-16 1488 836 ) (-16 1552 836 ) 
4 806 807 (-16 1552 836 ) (-16 1488 836 ) (-16 1488 896 ) (-16 1552 896 ) 
4 807 832 (-16 1616 836 ) (-16 1488 836 ) (-496 1488 836 ) (-496 1616 836 ) 
4 807 808 (-240 1488 864 ) (-240 1488 976 ) (-336 1488 976 ) (-336 1488 864 ) 
4 808 812 (-240 1472 864 ) (-240 1472 976 ) (-336 1472 976 ) (-336 1472 864 ) 
4 809 998 (-1024 1640 836 ) (-1024 1472 836 ) (-1024 1472 1008 ) (-1024 1640 1008 ) 
4 809 995 (-1024 1648 836 ) (-1024 1640 836 ) (-1024 1640 1008 ) (-1024 1648 1008 ) 
4 809 992 (-1024 1656 836 ) (-1024 1648 836 ) (-1024 1648 1008 ) (-1024 1656 1008 ) 
4 809 989 (-1024 1712 836 ) (-1024 1656 836 ) (-1024 1656 1008 ) (-1024 1712 1008 ) 
4 809 833 (-1024 1472 836 ) (-1024 1712 836 ) (-752 1712 836 ) (-752 1472 836 ) 
4 809 821 (-808 1472 844 ) (-808 1472 976 ) (-880 1472 976 ) (-880 1472 844 ) 
4 810 815 (-128 1456 2496 ) (-128 1456 2584 ) (-240 1456 2584 ) (-240 1456 2496 ) 
4 810 811 (-240 1456 2496 ) (-240 1456 2584 ) (-240 1464 2584 ) (-240 1464 2496 ) 
4 811 815 (-240 1456 2496 ) (-240 1456 2584 ) (-336 1456 2584 ) (-336 1456 2496 ) 
4 811 813 (-336 1456 2496 ) (-336 1456 2584 ) (-336 1464 2584 ) (-336 1464 2496 ) 
4 812 816 (-240 1456 864 ) (-240 1456 976 ) (-336 1456 976 ) (-336 1456 864 ) 
4 813 815 (-336 1456 2496 ) (-336 1456 2584 ) (-352 1456 2584 ) (-352 1456 2496 ) 
4 814 835 (0 1440 836 ) (0 1248 836 ) (-128 1248 836 ) (-128 1440 836 ) 
4 814 834 (0 1456 836 ) (0 1440 836 ) (-128 1440 836 ) (-128 1456 836 ) 
4 814 824 (-128 1248 836 ) (0 1248 836 ) (0 1248 1008 ) (-128 1248 1008 ) 
4 814 817 (-128 1360 836 ) (-128 1248 836 ) (-128 1248 1008 ) (-128 1360 1008 ) 
4 814 816 (-128 1456 1008 ) (-128 1456 836 ) (-128 1360 836 ) (-128 1360 1008 ) 
4 816 835 (-352 1360 836 ) (-352 1440 836 ) (-128 1440 836 ) (-128 1360 836 ) 
4 816 834 (-352 1440 836 ) (-352 1456 836 ) (-128 1456 836 ) (-128 1440 836 ) 
4 816 818 (-352 1456 1008 ) (-352 1456 836 ) (-352 1360 836 ) (-352 1360 1008 ) 
4 816 817 (-352 1360 1008 ) (-352 1360 836 ) (-128 1360 836 ) (-128 1360 1008 ) 
4 817 835 (-128 1248 836 ) (-352 1248 836 ) (-352 1360 836 ) (-128 1360 836 ) 
4 817 824 (-352 1248 836 ) (-128 1248 836 ) (-128 1248 1008 ) (-352 1248 1008 ) 
4 817 818 (-352 1360 836 ) (-352 1248 836 ) (-352 1248 1008 ) (-352 1360 1008 ) 
4 818 835 (-352 1248 836 ) (-368 1248 836 ) (-368 1440 836 ) (-352 1440 836 ) 
4 818 834 (-368 1440 836 ) (-368 1456 836 ) (-352 1456 836 ) (-352 1440 836 ) 
4 818 824 (-368 1248 836 ) (-352 1248 836 ) (-352 1248 1008 ) (-368 1248 1008 ) 
4 819 825 (-384 1248 2056 ) (-384 1248 2584 ) (-504 1248 2584 ) (-504 1248 2056 ) 
4 820 836 (-752 1248 836 ) (-808 1248 836 ) (-808 1440 836 ) (-752 1440 836 ) 
4 820 826 (-808 1248 836 ) (-752 1248 836 ) (-752 1248 1008 ) (-808 1248 1008 ) 
4 820 822 (-808 1440 836 ) (-808 1248 836 ) (-808 1248 1008 ) (-808 1440 1008 ) 
4 821 822 (-880 1440 976 ) (-880 1440 844 ) (-808 1440 844 ) (-808 1440 976 ) 
4 822 836 (-808 1440 836 ) (-808 1248 836 ) (-880 1248 836 ) (-880 1440 836 ) 
4 822 826 (-880 1248 836 ) (-808 1248 836 ) (-808 1248 1008 ) (-880 1248 1008 ) 
4 822 823 (-880 1440 836 ) (-880 1248 836 ) (-880 1248 1008 ) (-880 1440 1008 ) 
4 823 1035 (-1024 1264 836 ) (-1024 1248 836 ) (-1024 1248 1008 ) (-1024 1264 1008 ) 
4 823 1013 (-1024 1440 836 ) (-1024 1264 836 ) (-1024 1264 1008 ) (-1024 1440 1008 ) 
4 823 836 (-1024 1248 836 ) (-1024 1440 836 ) (-880 1440 836 ) (-880 1248 836 ) 
4 823 826 (-1024 1248 836 ) (-880 1248 836 ) (-880 1248 1008 ) (-1024 1248 1008 ) 
4 824 835 (-368 1248 836 ) (0 1248 836 ) (0 1040 836 ) (-368 1040 836 ) 
4 824 829 (-368 1040 836 ) (-352 1040 836 ) (-352 1040 1008 ) (-368 1040 1008 ) 
4 824 828 (-352 1040 836 ) (-8 1040 836 ) (-8 1040 1008 ) (-352 1040 1008 ) 
4 824 827 (-8 1040 836 ) (0 1040 836 ) (0 1040 1008 ) (-8 1040 1008 ) 
4 825 830 (-384 1040 2056 ) (-384 1040 2584 ) (-504 1040 2584 ) (-504 1040 2056 ) 
4 826 1046 (-1024 1248 836 ) (-1024 1040 836 ) (-1024 1040 1544 ) (-1024 1248 1544 ) 
4 826 836 (-1024 1040 836 ) (-1024 1248 836 ) (-752 1248 836 ) (-752 1040 836 ) 
4 827 1100 (0 1024 836 ) (0 1024 1008 ) (-8 1024 1008 ) (-8 1024 836 ) 
4 827 835 (0 1024 836 ) (-8 1024 836 ) (-8 1040 836 ) (0 1040 836 ) 
4 827 828 (-8 1040 1008 ) (-8 1040 836 ) (-8 1024 836 ) (-8 1024 1008 ) 
4 828 1100 (-352 1024 1008 ) (-352 1024 836 ) (-8 1024 836 ) (-8 1024 1008 ) 
4 828 835 (-8 1024 836 ) (-352 1024 836 ) (-352 1040 836 ) (-8 1040 836 ) 
4 828 829 (-352 1040 1008 ) (-352 1040 836 ) (-352 1024 836 ) (-352 1024 1008 ) 
4 829 1100 (-368 1024 1008 ) (-368 1024 836 ) (-352 1024 836 ) (-352 1024 1008 ) 
4 829 835 (-352 1024 836 ) (-368 1024 836 ) (-368 1040 836 ) (-352 1040 836 ) 
4 831 832 (-16 1488 836 ) (-16 1552 836 ) (-16 1552 808 ) (-16 1488 808 ) 
4 832 838 (-16 1616 800 ) (-16 1488 800 ) (-496 1488 800 ) (-496 1616 800 ) 
4 833 998 (-1024 1640 800 ) (-1024 1472 800 ) (-1024 1472 836 ) (-1024 1640 836 ) 
4 833 995 (-1024 1648 800 ) (-1024 1640 800 ) (-1024 1640 836 ) (-1024 1648 836 ) 
4 833 992 (-1024 1656 800 ) (-1024 1648 800 ) (-1024 1648 836 ) (-1024 1656 836 ) 
4 833 989 (-1024 1712 800 ) (-1024 1656 800 ) (-1024 1656 836 ) (-1024 1712 836 ) 
4 833 839 (-1024 1472 800 ) (-1024 1712 800 ) (-752 1712 800 ) (-752 1472 800 ) 
4 834 835 (-368 1440 816 ) (0 1440 816 ) (0 1440 836 ) (-368 1440 836 ) 
4 835 1100 (0 1024 816 ) (0 1024 836 ) (-368 1024 836 ) (-368 1024 816 ) 
4 836 1046 (-1024 1040 836 ) (-1024 1248 836 ) (-1024 1248 816 ) (-1024 1040 816 ) 
4 836 1035 (-1024 1248 836 ) (-1024 1264 836 ) (-1024 1264 816 ) (-1024 1248 816 ) 
4 836 1013 (-1024 1264 836 ) (-1024 1440 836 ) (-1024 1440 816 ) (-1024 1264 816 ) 
4 836 837 (-1024 1040 816 ) (-1024 1440 816 ) (-752 1440 816 ) (-752 1040 816 ) 
4 837 1046 (-1024 1248 800 ) (-1024 1040 800 ) (-1024 1040 816 ) (-1024 1248 816 ) 
4 837 1035 (-1024 1264 800 ) (-1024 1248 800 ) (-1024 1248 816 ) (-1024 1264 816 ) 
4 837 1013 (-1024 1440 800 ) (-1024 1264 800 ) (-1024 1264 816 ) (-1024 1440 816 ) 
4 837 844 (-1024 1040 800 ) (-1024 1440 800 ) (-752 1440 800 ) (-752 1040 800 ) 
4 838 846 (-16 1616 768 ) (-16 1488 768 ) (-496 1488 768 ) (-496 1616 768 ) 
4 839 998 (-1024 1640 768 ) (-1024 1472 768 ) (-1024 1472 800 ) (-1024 1640 800 ) 
4 839 995 (-1024 1648 768 ) (-1024 1640 768 ) (-1024 1640 800 ) (-1024 1648 800 ) 
4 839 992 (-1024 1656 768 ) (-1024 1648 768 ) (-1024 1648 800 ) (-1024 1656 800 ) 
4 839 989 (-1024 1712 768 ) (-1024 1656 768 ) (-1024 1656 800 ) (-1024 1712 800 ) 
4 839 851 (-1024 1472 768 ) (-1024 1712 768 ) (-752 1712 768 ) (-752 1472 768 ) 
4 840 842 (-288 1440 768 ) (-56 1440 768 ) (-56 1440 800 ) (-288 1440 800 ) 
4 841 1104 (0 1024 768 ) (0 1024 800 ) (-56 1024 800 ) (-56 1024 768 ) 
4 841 843 (-56 1040 768 ) (-56 1024 768 ) (-56 1024 800 ) (-56 1040 800 ) 
4 841 842 (-56 1320 768 ) (-56 1040 768 ) (-56 1040 800 ) (-56 1320 800 ) 
4 842 843 (-288 1040 768 ) (-56 1040 768 ) (-56 1040 800 ) (-288 1040 800 ) 
4 843 1104 (-56 1024 800 ) (-288 1024 800 ) (-288 1024 768 ) (-56 1024 768 ) 
4 844 1046 (-1024 1040 800 ) (-1024 1248 800 ) (-1024 1248 784 ) (-1024 1040 784 ) 
4 844 1035 (-1024 1248 800 ) (-1024 1264 800 ) (-1024 1264 784 ) (-1024 1248 784 ) 
4 844 1013 (-1024 1264 800 ) (-1024 1440 800 ) (-1024 1440 784 ) (-1024 1264 784 ) 
4 845 848 (-544 1664 576 ) (-544 1664 672 ) (-544 1824 672 ) (-544 1824 576 ) 
4 846 862 (-496 1488 544 ) (-496 1616 544 ) (-16 1616 544 ) (-16 1488 544 ) 
4 847 853 (-64 1312 576 ) (-64 1312 736 ) (-352 1312 736 ) (-352 1312 576 ) 
4 847 849 (-544 1312 576 ) (-544 1312 736 ) (-544 1440 736 ) (-544 1440 576 ) 
4 848 849 (-704 1440 672 ) (-704 1440 576 ) (-544 1440 576 ) (-544 1440 672 ) 
4 849 850 (-704 1424 720 ) (-704 1424 576 ) (-704 1328 576 ) (-704 1328 720 ) 
4 850 852 (-736 1424 720 ) (-736 1424 576 ) (-736 1328 576 ) (-736 1328 720 ) 
4 851 998 (-1024 1640 544 ) (-1024 1472 544 ) (-1024 1472 768 ) (-1024 1640 768 ) 
4 851 995 (-1024 1648 544 ) (-1024 1640 544 ) (-1024 1640 768 ) (-1024 1648 768 ) 
4 851 992 (-1024 1656 544 ) (-1024 1648 544 ) (-1024 1648 768 ) (-1024 1656 768 ) 
4 851 989 (-1024 1712 544 ) (-1024 1656 544 ) (-1024 1656 768 ) (-1024 1712 768 ) 
4 851 890 (-1024 1472 544 ) (-1024 1632 544 ) (-1008 1632 544 ) (-1008 1472 544 ) 
4 851 889 (-1024 1632 544 ) (-1024 1712 544 ) (-1008 1712 544 ) (-1008 1632 544 ) 
4 851 880 (-752 1632 544 ) (-752 1472 544 ) (-1008 1472 544 ) (-1008 1632 544 ) 
4 851 879 (-1008 1712 544 ) (-752 1712 544 ) (-752 1632 544 ) (-1008 1632 544 ) 
4 852 1014 (-1024 1440 544 ) (-1024 1312 544 ) (-1024 1312 752 ) (-1024 1440 752 ) 
4 852 891 (-1024 1312 544 ) (-1024 1440 544 ) (-1008 1440 544 ) (-1008 1312 544 ) 
4 852 886 (-736 1424 544 ) (-736 1312 544 ) (-1008 1312 544 ) (-1008 1424 544 ) 
4 852 883 (-1008 1440 544 ) (-736 1440 544 ) (-736 1424 544 ) (-1008 1424 544 ) 
4 852 854 (-1024 1312 544 ) (-736 1312 544 ) (-736 1312 752 ) (-1024 1312 752 ) 
4 853 1163 (0 1024 576 ) (0 1024 608 ) (-352 1024 608 ) (-352 1024 576 ) 
4 853 1146 (0 1024 608 ) (0 1024 648 ) (-352 1024 648 ) (-352 1024 608 ) 
4 853 1113 (0 1024 648 ) (0 1024 736 ) (-352 1024 736 ) (-352 1024 648 ) 
4 854 1014 (-1024 1312 544 ) (-1024 1296 544 ) (-1024 1296 752 ) (-1024 1312 752 ) 
4 854 891 (-1024 1296 544 ) (-1024 1312 544 ) (-1008 1312 544 ) (-1008 1296 544 ) 
4 854 886 (-1008 1312 544 ) (-736 1312 544 ) (-736 1296 544 ) (-1008 1296 544 ) 
4 855 1052 (-1024 1040 560 ) (-1024 1040 752 ) (-1024 1184 752 ) (-1024 1184 560 ) 
4 855 1047 (-1024 1184 752 ) (-1024 1248 752 ) (-1024 1248 560 ) (-1024 1184 560 ) 
4 855 1036 (-1024 1248 752 ) (-1024 1264 752 ) (-1024 1264 560 ) (-1024 1248 560 ) 
4 855 856 (-432 1040 608 ) (-1024 1040 608 ) (-1024 1040 560 ) (-432 1040 560 ) 
4 856 1176 (-1024 1024 608 ) (-1024 1024 560 ) (-432 1024 560 ) (-432 1024 608 ) 
4 857 900 (0 1632 272 ) (0 1600 272 ) (-16 1600 272 ) (-16 1632 272 ) 
4 857 863 (-16 1616 272 ) (-16 1600 272 ) (-16 1600 400 ) (-16 1616 400 ) 
4 857 861 (-16 1632 272 ) (-16 1616 272 ) (-16 1616 400 ) (-16 1632 400 ) 
4 857 859 (-16 1600 400 ) (-16 1600 272 ) (0 1600 272 ) (0 1600 400 ) 
4 858 862 (-16 1504 432 ) (-16 1504 544 ) (-16 1600 544 ) (-16 1600 432 ) 
4 859 900 (0 1600 272 ) (0 1504 272 ) (-16 1504 272 ) (-16 1600 272 ) 
4 859 863 (-16 1600 272 ) (-16 1504 272 ) (-16 1504 400 ) (-16 1600 400 ) 
4 859 860 (-16 1504 400 ) (-16 1504 272 ) (0 1504 272 ) (0 1504 400 ) 
4 860 900 (0 1504 272 ) (0 1424 272 ) (-16 1424 272 ) (-16 1504 272 ) 
4 860 864 (-16 1488 272 ) (-16 1424 272 ) (-16 1424 400 ) (-16 1488 400 ) 
4 860 863 (-16 1504 272 ) (-16 1488 272 ) (-16 1488 400 ) (-16 1504 400 ) 
4 861 902 (-392 1616 272 ) (-496 1616 272 ) (-496 1632 272 ) (-392 1632 272 ) 
4 861 901 (-152 1616 272 ) (-392 1616 272 ) (-392 1632 272 ) (-152 1632 272 ) 
4 861 900 (-16 1632 272 ) (-16 1616 272 ) (-152 1616 272 ) (-152 1632 272 ) 
4 861 865 (-496 1632 400 ) (-496 1632 272 ) (-496 1616 272 ) (-496 1616 400 ) 
4 861 863 (-496 1616 400 ) (-496 1616 272 ) (-16 1616 272 ) (-16 1616 400 ) 
4 863 902 (-392 1488 272 ) (-496 1488 272 ) (-496 1616 272 ) (-392 1616 272 ) 
4 863 901 (-152 1488 272 ) (-392 1488 272 ) (-392 1616 272 ) (-152 1616 272 ) 
4 863 900 (-16 1616 272 ) (-16 1488 272 ) (-152 1488 272 ) (-152 1616 272 ) 
4 863 865 (-496 1616 272 ) (-496 1488 272 ) (-496 1488 400 ) (-496 1616 400 ) 
4 863 864 (-496 1488 400 ) (-496 1488 272 ) (-16 1488 272 ) (-16 1488 400 ) 
4 864 902 (-392 1424 272 ) (-496 1424 272 ) (-496 1488 272 ) (-392 1488 272 ) 
4 864 901 (-152 1424 272 ) (-392 1424 272 ) (-392 1488 272 ) (-152 1488 272 ) 
4 864 900 (-16 1488 272 ) (-16 1424 272 ) (-152 1424 272 ) (-152 1488 272 ) 
4 864 865 (-496 1488 272 ) (-496 1424 272 ) (-496 1424 400 ) (-496 1488 400 ) 
4 865 902 (-496 1424 272 ) (-736 1424 272 ) (-736 1632 272 ) (-496 1632 272 ) 
4 865 884 (-736 1472 272 ) (-736 1424 272 ) (-736 1424 400 ) (-736 1472 400 ) 
4 865 881 (-736 1632 272 ) (-736 1472 272 ) (-736 1472 400 ) (-736 1632 400 ) 
4 866 867 (0 1216 528 ) (-368 1216 528 ) (-368 1216 432 ) (0 1216 432 ) 
4 867 868 (0 1184 528 ) (-368 1184 528 ) (-368 1184 432 ) (0 1184 432 ) 
4 868 869 (0 1168 432 ) (0 1168 528 ) (-368 1168 528 ) (-368 1168 432 ) 
4 869 871 (0 1088 432 ) (0 1088 528 ) (-368 1088 528 ) (-368 1088 432 ) 
4 869 870 (-368 1168 528 ) (-368 1168 432 ) (-368 1088 432 ) (-368 1088 528 ) 
4 870 876 (-400 1088 432 ) (-400 1088 528 ) (-400 1168 528 ) (-400 1168 432 ) 
4 872 905 (0 1392 272 ) (0 1216 272 ) (-400 1216 272 ) (-400 1392 272 ) 
4 872 874 (-400 1392 400 ) (-400 1392 272 ) (-400 1216 272 ) (-400 1216 400 ) 
4 873 1195 (0 1024 272 ) (0 1024 400 ) (-400 1024 400 ) (-400 1024 272 ) 
4 873 914 (0 1032 272 ) (0 1024 272 ) (-400 1024 272 ) (-400 1032 272 ) 
4 873 910 (0 1184 272 ) (0 1032 272 ) (-400 1032 272 ) (-400 1184 272 ) 
4 873 877 (-400 1184 272 ) (-400 1024 272 ) (-400 1024 400 ) (-400 1184 400 ) 
4 874 905 (-560 1392 272 ) (-400 1392 272 ) (-400 1216 272 ) (-560 1216 272 ) 
4 874 875 (-560 1392 400 ) (-560 1392 272 ) (-560 1216 272 ) (-560 1216 400 ) 
4 875 915 (-736 1184 272 ) (-736 1392 272 ) (-560 1392 272 ) (-560 1184 272 ) 
4 875 878 (-736 1184 400 ) (-736 1184 272 ) (-560 1184 272 ) (-560 1184 400 ) 
4 876 1190 (-736 1024 448 ) (-736 1024 432 ) (-560 1024 432 ) (-560 1024 448 ) 
4 876 1189 (-560 1024 432 ) (-528 1024 432 ) (-528 1024 448 ) (-560 1024 448 ) 
4 876 1188 (-528 1024 432 ) (-464 1024 432 ) (-464 1024 448 ) (-528 1024 448 ) 
4 876 1187 (-464 1024 432 ) (-400 1024 432 ) (-400 1024 448 ) (-464 1024 448 ) 
4 876 1177 (-736 1024 528 ) (-736 1024 448 ) (-432 1024 448 ) (-432 1024 528 ) 
4 876 1175 (-432 1024 448 ) (-400 1024 448 ) (-400 1024 528 ) (-432 1024 528 ) 
4 876 887 (-736 1024 432 ) (-736 1024 528 ) (-736 1184 528 ) (-736 1184 432 ) 
4 877 1195 (-528 1024 272 ) (-400 1024 272 ) (-400 1024 400 ) (-528 1024 400 ) 
4 877 914 (-400 1024 272 ) (-528 1024 272 ) (-528 1032 272 ) (-400 1032 272 ) 
4 877 910 (-528 1032 272 ) (-528 1184 272 ) (-400 1184 272 ) (-400 1032 272 ) 
4 878 1197 (-736 1024 400 ) (-736 1024 272 ) (-560 1024 272 ) (-560 1024 400 ) 
4 878 915 (-560 1024 272 ) (-736 1024 272 ) (-736 1184 272 ) (-560 1184 272 ) 
4 879 889 (-1008 1632 432 ) (-1008 1632 544 ) (-1008 1712 544 ) (-1008 1712 432 ) 
4 879 880 (-1008 1632 544 ) (-1008 1632 432 ) (-752 1632 432 ) (-752 1632 544 ) 
4 880 890 (-1008 1472 432 ) (-1008 1472 544 ) (-1008 1632 544 ) (-1008 1632 432 ) 
4 881 918 (-736 1632 272 ) (-736 1472 272 ) (-768 1472 272 ) (-768 1632 272 ) 
4 881 884 (-768 1472 272 ) (-736 1472 272 ) (-736 1472 400 ) (-768 1472 400 ) 
4 881 882 (-768 1472 272 ) (-768 1472 400 ) (-768 1632 400 ) (-768 1632 272 ) 
4 882 921 (-768 1472 272 ) (-1008 1472 272 ) (-1008 1632 272 ) (-768 1632 272 ) 
4 882 885 (-1008 1472 400 ) (-1008 1472 272 ) (-768 1472 272 ) (-768 1472 400 ) 
4 883 891 (-1008 1424 432 ) (-1008 1424 544 ) (-1008 1440 544 ) (-1008 1440 432 ) 
4 883 886 (-1008 1424 544 ) (-1008 1424 432 ) (-736 1424 432 ) (-736 1424 544 ) 
4 884 918 (-736 1472 272 ) (-736 1424 272 ) (-768 1424 272 ) (-768 1472 272 ) 
4 884 885 (-768 1424 272 ) (-768 1424 400 ) (-768 1472 400 ) (-768 1472 272 ) 
4 885 921 (-768 1424 272 ) (-1008 1424 272 ) (-1008 1472 272 ) (-768 1472 272 ) 
4 885 888 (-1008 1424 400 ) (-1008 1424 272 ) (-768 1424 272 ) (-768 1424 400 ) 
4 886 891 (-1008 1296 544 ) (-1008 1424 544 ) (-1008 1424 432 ) (-1008 1296 432 ) 
4 887 1193 (-1008 1024 448 ) (-1008 1024 432 ) (-784 1024 432 ) (-784 1024 448 ) 
4 887 1192 (-784 1024 432 ) (-768 1024 432 ) (-768 1024 448 ) (-784 1024 448 ) 
4 887 1191 (-768 1024 432 ) (-736 1024 432 ) (-736 1024 448 ) (-768 1024 448 ) 
4 887 1177 (-1008 1024 528 ) (-1008 1024 448 ) (-736 1024 448 ) (-736 1024 528 ) 
4 887 892 (-1008 1088 528 ) (-1008 1152 528 ) (-1008 1152 432 ) (-1008 1088 432 ) 
4 888 1199 (-1008 1024 400 ) (-1008 1024 272 ) (-768 1024 272 ) (-768 1024 400 ) 
4 888 921 (-768 1024 272 ) (-1008 1024 272 ) (-1008 1424 272 ) (-768 1424 272 ) 
4 889 998 (-1024 1632 432 ) (-1024 1632 544 ) (-1024 1640 544 ) (-1024 1640 432 ) 
4 889 995 (-1024 1640 544 ) (-1024 1648 544 ) (-1024 1648 432 ) (-1024 1640 432 ) 
4 889 992 (-1024 1648 544 ) (-1024 1656 544 ) (-1024 1656 432 ) (-1024 1648 432 ) 
4 889 989 (-1024 1656 544 ) (-1024 1712 544 ) (-1024 1712 432 ) (-1024 1656 432 ) 
4 889 890 (-1008 1632 432 ) (-1008 1632 544 ) (-1024 1632 544 ) (-1024 1632 432 ) 
4 890 998 (-1024 1472 432 ) (-1024 1472 544 ) (-1024 1632 544 ) (-1024 1632 432 ) 
4 891 1014 (-1024 1296 432 ) (-1024 1296 544 ) (-1024 1440 544 ) (-1024 1440 432 ) 
4 892 1053 (-1024 1088 432 ) (-1024 1088 528 ) (-1024 1152 528 ) (-1024 1152 432 ) 
4 893 927 (-640 2048 120 ) (-8 2048 120 ) (-8 1656 120 ) (-640 1656 120 ) 
4 893 897 (-640 1968 120 ) (-640 1888 120 ) (-640 1888 160 ) (-640 1968 160 ) 
4 893 894 (-640 2048 120 ) (-640 2016 120 ) (-640 2016 216 ) (-640 2048 216 ) 
4 894 985 (-1024 2048 216 ) (-1024 2048 120 ) (-1024 2016 120 ) (-1024 2016 216 ) 
4 894 928 (-1024 2016 120 ) (-1024 2048 120 ) (-640 2048 120 ) (-640 2016 120 ) 
4 895 986 (-1024 2008 120 ) (-1024 1968 120 ) (-1024 1968 216 ) (-1024 2008 216 ) 
4 895 929 (-1024 1968 120 ) (-1024 2008 120 ) (-648 2008 120 ) (-648 1968 120 ) 
4 895 898 (-1024 1968 120 ) (-648 1968 120 ) (-648 1968 160 ) (-1024 1968 160 ) 
4 895 896 (-648 1968 160 ) (-648 1968 216 ) (-1024 1968 216 ) (-1024 1968 160 ) 
4 896 986 (-1024 1888 160 ) (-1024 1888 216 ) (-1024 1968 216 ) (-1024 1968 160 ) 
4 896 899 (-648 1888 216 ) (-1024 1888 216 ) (-1024 1888 160 ) (-648 1888 160 ) 
4 896 898 (-648 1888 160 ) (-1024 1888 160 ) (-1024 1968 160 ) (-648 1968 160 ) 
4 897 930 (-648 1968 120 ) (-640 1968 120 ) (-640 1888 120 ) (-648 1888 120 ) 
4 897 898 (-648 1888 120 ) (-648 1888 160 ) (-648 1968 160 ) (-648 1968 120 ) 
4 898 986 (-1024 1968 120 ) (-1024 1888 120 ) (-1024 1888 160 ) (-1024 1968 160 ) 
4 898 931 (-1024 1888 120 ) (-1024 1968 120 ) (-648 1968 120 ) (-648 1888 120 ) 
4 898 899 (-1024 1888 120 ) (-648 1888 120 ) (-648 1888 160 ) (-1024 1888 160 ) 
4 899 990 (-1024 1712 120 ) (-1024 1656 120 ) (-1024 1656 216 ) (-1024 1712 216 ) 
4 899 986 (-1024 1888 120 ) (-1024 1712 120 ) (-1024 1712 216 ) (-1024 1888 216 ) 
4 899 932 (-1024 1656 120 ) (-1024 1888 120 ) (-648 1888 120 ) (-648 1656 120 ) 
4 900 901 (-152 1632 272 ) (-152 1632 240 ) (-152 1424 240 ) (-152 1424 272 ) 
4 901 902 (-392 1632 272 ) (-392 1632 240 ) (-392 1424 240 ) (-392 1424 272 ) 
4 902 918 (-736 1424 240 ) (-736 1424 272 ) (-736 1632 272 ) (-736 1632 240 ) 
4 903 933 (-152 1640 120 ) (0 1640 120 ) (0 1392 120 ) (-152 1392 120 ) 
4 903 906 (-152 1392 120 ) (0 1392 120 ) (0 1392 216 ) (-152 1392 216 ) 
4 904 935 (-736 1640 120 ) (-392 1640 120 ) (-392 1392 120 ) (-736 1392 120 ) 
4 904 920 (-736 1424 120 ) (-736 1392 120 ) (-736 1392 216 ) (-736 1424 216 ) 
4 904 919 (-736 1632 120 ) (-736 1424 120 ) (-736 1424 216 ) (-736 1632 216 ) 
4 904 917 (-736 1640 216 ) (-736 1640 120 ) (-736 1632 120 ) (-736 1632 216 ) 
4 904 916 (-736 1392 216 ) (-736 1392 120 ) (-560 1392 120 ) (-560 1392 216 ) 
4 904 907 (-560 1392 120 ) (-392 1392 120 ) (-392 1392 216 ) (-560 1392 216 ) 
4 905 915 (-560 1392 272 ) (-560 1392 240 ) (-560 1216 240 ) (-560 1216 272 ) 
4 906 933 (0 1392 120 ) (0 1216 120 ) (-152 1216 120 ) (-152 1392 120 ) 
4 906 908 (-152 1216 120 ) (0 1216 120 ) (0 1216 216 ) (-152 1216 216 ) 
4 907 935 (-392 1216 120 ) (-560 1216 120 ) (-560 1392 120 ) (-392 1392 120 ) 
4 907 916 (-560 1392 216 ) (-560 1392 120 ) (-560 1216 120 ) (-560 1216 216 ) 
4 907 909 (-560 1216 216 ) (-560 1216 120 ) (-392 1216 120 ) (-392 1216 216 ) 
4 908 933 (0 1216 120 ) (0 1184 120 ) (-152 1184 120 ) (-152 1216 120 ) 
4 908 911 (-152 1184 120 ) (0 1184 120 ) (0 1184 216 ) (-152 1184 216 ) 
4 909 935 (-392 1184 120 ) (-560 1184 120 ) (-560 1216 120 ) (-392 1216 120 ) 
4 909 916 (-560 1216 120 ) (-560 1184 120 ) (-560 1184 216 ) (-560 1216 216 ) 
4 909 913 (-560 1184 216 ) (-560 1184 120 ) (-528 1184 120 ) (-528 1184 216 ) 
4 909 912 (-528 1184 120 ) (-392 1184 120 ) (-392 1184 216 ) (-528 1184 216 ) 
4 910 914 (0 1032 240 ) (0 1032 272 ) (-528 1032 272 ) (-528 1032 240 ) 
4 911 934 (0 1040 120 ) (0 1032 120 ) (-152 1032 120 ) (-152 1040 120 ) 
4 911 933 (0 1184 120 ) (0 1040 120 ) (-152 1040 120 ) (-152 1184 120 ) 
4 912 936 (-392 1032 120 ) (-528 1032 120 ) (-528 1040 120 ) (-392 1040 120 ) 
4 912 935 (-528 1040 120 ) (-528 1184 120 ) (-392 1184 120 ) (-392 1040 120 ) 
4 912 913 (-528 1184 216 ) (-528 1184 120 ) (-528 1032 120 ) (-528 1032 216 ) 
4 913 936 (-528 1032 120 ) (-560 1032 120 ) (-560 1040 120 ) (-528 1040 120 ) 
4 913 935 (-560 1040 120 ) (-560 1184 120 ) (-528 1184 120 ) (-528 1040 120 ) 
4 913 916 (-560 1184 120 ) (-560 1032 120 ) (-560 1032 216 ) (-560 1184 216 ) 
4 914 1238 (0 1024 240 ) (0 1024 272 ) (-528 1024 272 ) (-528 1024 240 ) 
4 915 1240 (-560 1024 272 ) (-736 1024 272 ) (-736 1024 240 ) (-560 1024 240 ) 
4 916 936 (-736 1032 120 ) (-736 1040 120 ) (-560 1040 120 ) (-560 1032 120 ) 
4 916 935 (-736 1040 120 ) (-736 1392 120 ) (-560 1392 120 ) (-560 1040 120 ) 
4 916 920 (-736 1392 120 ) (-736 1032 120 ) (-736 1032 216 ) (-736 1392 216 ) 
4 917 999 (-1024 1640 120 ) (-1024 1632 120 ) (-1024 1632 216 ) (-1024 1640 216 ) 
4 917 935 (-1024 1632 120 ) (-1024 1640 120 ) (-736 1640 120 ) (-736 1632 120 ) 
4 917 926 (-1024 1632 120 ) (-1016 1632 120 ) (-1016 1632 216 ) (-1024 1632 216 ) 
4 917 923 (-1016 1632 120 ) (-1008 1632 120 ) (-1008 1632 216 ) (-1016 1632 216 ) 
4 917 922 (-1008 1632 120 ) (-768 1632 120 ) (-768 1632 216 ) (-1008 1632 216 ) 
4 917 919 (-768 1632 120 ) (-736 1632 120 ) (-736 1632 216 ) (-768 1632 216 ) 
4 918 921 (-768 1632 272 ) (-768 1632 240 ) (-768 1424 240 ) (-768 1424 272 ) 
4 919 935 (-768 1632 120 ) (-736 1632 120 ) (-736 1424 120 ) (-768 1424 120 ) 
4 919 922 (-768 1632 216 ) (-768 1632 120 ) (-768 1424 120 ) (-768 1424 216 ) 
4 919 920 (-768 1424 216 ) (-768 1424 120 ) (-736 1424 120 ) (-736 1424 216 ) 
4 920 936 (-736 1040 120 ) (-736 1032 120 ) (-768 1032 120 ) (-768 1040 120 ) 
4 920 935 (-736 1424 120 ) (-736 1040 120 ) (-768 1040 120 ) (-768 1424 120 ) 
4 920 922 (-768 1424 120 ) (-768 1032 120 ) (-768 1032 216 ) (-768 1424 216 ) 
4 921 1242 (-768 1024 272 ) (-1008 1024 272 ) (-1008 1024 240 ) (-768 1024 240 ) 
4 922 936 (-768 1040 120 ) (-768 1032 120 ) (-1008 1032 120 ) (-1008 1040 120 ) 
4 922 935 (-1008 1632 120 ) (-768 1632 120 ) (-768 1040 120 ) (-1008 1040 120 ) 
4 922 924 (-944 1032 216 ) (-1008 1032 216 ) (-1008 1032 128 ) (-944 1032 128 ) 
4 922 923 (-1008 1032 120 ) (-1008 1032 216 ) (-1008 1632 216 ) (-1008 1632 120 ) 
4 923 936 (-1008 1040 120 ) (-1008 1032 120 ) (-1016 1032 120 ) (-1016 1040 120 ) 
4 923 935 (-1016 1632 120 ) (-1008 1632 120 ) (-1008 1040 120 ) (-1016 1040 120 ) 
4 923 926 (-1016 1632 216 ) (-1016 1632 120 ) (-1016 1032 120 ) (-1016 1032 216 ) 
4 923 925 (-1016 1032 216 ) (-1016 1032 128 ) (-1008 1032 128 ) (-1008 1032 216 ) 
4 924 1270 (-1008 1024 128 ) (-944 1024 128 ) (-944 1024 216 ) (-1008 1024 216 ) 
4 924 925 (-1008 1032 216 ) (-1008 1032 128 ) (-1008 1024 128 ) (-1008 1024 216 ) 
4 925 1271 (-1016 1024 216 ) (-1016 1024 128 ) (-1008 1024 128 ) (-1008 1024 216 ) 
4 926 1083 (-1024 1040 120 ) (-1024 1032 120 ) (-1024 1032 216 ) (-1024 1040 216 ) 
4 926 1054 (-1024 1184 120 ) (-1024 1040 120 ) (-1024 1040 216 ) (-1024 1184 216 ) 
4 926 1048 (-1024 1248 120 ) (-1024 1184 120 ) (-1024 1184 216 ) (-1024 1248 216 ) 
4 926 1037 (-1024 1264 120 ) (-1024 1248 120 ) (-1024 1248 216 ) (-1024 1264 216 ) 
4 926 1020 (-1024 1296 120 ) (-1024 1264 120 ) (-1024 1264 216 ) (-1024 1296 216 ) 
4 926 1019 (-1024 1440 120 ) (-1024 1296 120 ) (-1024 1296 216 ) (-1024 1440 216 ) 
4 926 1000 (-1024 1472 120 ) (-1024 1440 120 ) (-1024 1440 216 ) (-1024 1472 216 ) 
4 926 999 (-1024 1632 120 ) (-1024 1472 120 ) (-1024 1472 216 ) (-1024 1632 216 ) 
4 926 936 (-1024 1032 120 ) (-1024 1040 120 ) (-1016 1040 120 ) (-1016 1032 120 ) 
4 926 935 (-1024 1040 120 ) (-1024 1632 120 ) (-1016 1632 120 ) (-1016 1040 120 ) 
4 927 930 (-640 1968 32 ) (-640 1888 32 ) (-640 1888 120 ) (-640 1968 120 ) 
4 927 928 (-640 2048 32 ) (-640 2016 32 ) (-640 2016 120 ) (-640 2048 120 ) 
4 928 1086 (-1024 2048 120 ) (-1024 2048 32 ) (-1024 2016 32 ) (-1024 2016 120 ) 
4 929 1087 (-1024 2008 32 ) (-1024 1968 32 ) (-1024 1968 120 ) (-1024 2008 120 ) 
4 929 931 (-1024 1968 32 ) (-648 1968 32 ) (-648 1968 120 ) (-1024 1968 120 ) 
4 930 931 (-648 1968 120 ) (-648 1968 32 ) (-648 1888 32 ) (-648 1888 120 ) 
4 931 1087 (-1024 1968 32 ) (-1024 1888 32 ) (-1024 1888 120 ) (-1024 1968 120 ) 
4 931 932 (-1024 1888 32 ) (-648 1888 32 ) (-648 1888 120 ) (-1024 1888 120 ) 
4 932 1087 (-1024 1888 32 ) (-1024 1656 32 ) (-1024 1656 120 ) (-1024 1888 120 ) 
4 933 934 (-152 1040 120 ) (-152 1040 8 ) (0 1040 8 ) (0 1040 120 ) 
4 934 937 (0 1032 8 ) (0 1032 120 ) (-128 1032 120 ) (-128 1032 8 ) 
4 935 1089 (-1024 1040 32 ) (-1024 1040 120 ) (-1024 1640 120 ) (-1024 1640 32 ) 
4 935 936 (-392 1040 32 ) (-392 1040 120 ) (-1024 1040 120 ) (-1024 1040 32 ) 
4 936 1089 (-1024 1032 32 ) (-1024 1032 120 ) (-1024 1040 120 ) (-1024 1040 32 ) 
4 937 1285 (0 1024 8 ) (0 1024 88 ) (-128 1024 88 ) (-128 1024 8 ) 
4 937 1268 (0 1024 88 ) (0 1024 120 ) (-128 1024 120 ) (-128 1024 88 ) 
4 938 967 (-768 2032 -120 ) (-816 2032 -120 ) (-816 2032 -200 ) (-768 2032 -200 ) 
4 938 966 (-752 2032 -120 ) (-768 2032 -120 ) (-768 2032 -200 ) (-752 2032 -200 ) 
4 938 946 (-512 2032 -120 ) (-752 2032 -120 ) (-752 2032 -200 ) (-512 2032 -200 ) 
4 938 945 (-464 2032 -120 ) (-512 2032 -120 ) (-512 2032 -200 ) (-464 2032 -200 ) 
4 939 941 (-160 1984 -224 ) (-160 1840 -224 ) (-160 1840 -16 ) (-160 1984 -16 ) 
4 940 952 (-160 1664 -224 ) (0 1664 -224 ) (0 1664 -16 ) (-160 1664 -16 ) 
4 940 941 (-160 1824 -224 ) (-160 1664 -224 ) (-160 1664 -16 ) (-160 1824 -16 ) 
4 941 952 (-240 1664 -224 ) (-160 1664 -224 ) (-160 1664 -16 ) (-240 1664 -16 ) 
4 941 942 (-240 1984 -224 ) (-240 1840 -224 ) (-240 1840 -16 ) (-240 1984 -16 ) 
4 941 943 (-240 1824 -224 ) (-240 1664 -224 ) (-240 1664 -16 ) (-240 1824 -16 ) 
4 943 952 (-384 1664 -224 ) (-240 1664 -224 ) (-240 1664 -16 ) (-384 1664 -16 ) 
4 943 944 (-384 1824 -224 ) (-384 1664 -224 ) (-384 1664 -16 ) (-384 1824 -16 ) 
4 944 952 (-400 1664 -224 ) (-384 1664 -224 ) (-384 1664 -16 ) (-400 1664 -16 ) 
4 944 947 (-400 1824 -224 ) (-400 1664 -224 ) (-400 1664 -16 ) (-400 1824 -16 ) 
4 945 947 (-512 1936 -224 ) (-400 1936 -224 ) (-400 1936 -16 ) (-512 1936 -16 ) 
4 945 946 (-512 2032 -16 ) (-512 2032 -224 ) (-512 1952 -224 ) (-512 1952 -16 ) 
4 946 966 (-752 2032 -16 ) (-752 2032 -224 ) (-752 1952 -224 ) (-752 1952 -16 ) 
4 947 948 (-560 1936 -16 ) (-560 1936 -224 ) (-560 1872 -224 ) (-560 1872 -16 ) 
4 948 949 (-576 1936 -16 ) (-576 1936 -224 ) (-576 1872 -224 ) (-576 1872 -16 ) 
4 949 960 (-688 1664 -224 ) (-576 1664 -224 ) (-576 1664 -16 ) (-688 1664 -16 ) 
4 949 950 (-688 1936 -16 ) (-688 1936 -224 ) (-688 1776 -224 ) (-688 1776 -16 ) 
4 949 951 (-688 1760 -224 ) (-688 1664 -224 ) (-688 1664 -16 ) (-688 1760 -16 ) 
4 951 974 (-752 1696 -224 ) (-752 1664 -224 ) (-752 1664 -16 ) (-752 1696 -16 ) 
4 951 972 (-752 1760 -224 ) (-752 1696 -224 ) (-752 1696 -16 ) (-752 1760 -16 ) 
4 951 961 (-752 1664 -16 ) (-752 1664 -224 ) (-704 1664 -224 ) (-704 1664 -16 ) 
4 952 958 (-400 1648 -224 ) (-400 1568 -224 ) (-400 1568 -160 ) (-400 1648 -160 ) 
4 952 953 (-256 1568 -224 ) (-160 1568 -224 ) (-160 1568 -16 ) (-256 1568 -16 ) 
4 952 957 (-400 1568 -16 ) (-400 1568 -224 ) (-256 1568 -224 ) (-256 1568 -16 ) 
4 953 956 (-256 1552 -16 ) (-256 1552 -224 ) (-240 1552 -224 ) (-240 1552 -16 ) 
4 953 955 (-240 1552 -224 ) (-172 1552 -224 ) (-172 1552 -16 ) (-240 1552 -16 ) 
4 953 957 (-256 1568 -16 ) (-256 1568 -224 ) (-256 1552 -224 ) (-256 1552 -16 ) 
4 955 956 (-240 1552 -16 ) (-240 1552 -224 ) (-240 1461.333374 -224 ) (-240 1461.333374 -16 ) 
4 956 957 (-256 1552 -224 ) (-256 1440 -224 ) (-256 1440 -16 ) (-256 1552 -16 ) 
4 957 958 (-400 1568 -224 ) (-400 1552 -224 ) (-400 1552 -160 ) (-400 1568 -160 ) 
4 957 962 (-400 1392 -224 ) (-400 1248 -224 ) (-400 1248 -16 ) (-400 1392 -16 ) 
4 958 959 (-416 1648 -224 ) (-416 1552 -224 ) (-416 1552 -160 ) (-416 1648 -160 ) 
4 959 960 (-576 1648 -224 ) (-576 1408 -224 ) (-576 1408 -16 ) (-576 1648 -16 ) 
4 961 976 (-752 1488 -224 ) (-752 1392 -224 ) (-752 1392 -16 ) (-752 1488 -16 ) 
4 961 974 (-752 1664 -224 ) (-752 1488 -224 ) (-752 1488 -16 ) (-752 1664 -16 ) 
4 961 962 (-752 1392 -16 ) (-752 1392 -224 ) (-704 1392 -224 ) (-704 1392 -16 ) 
4 962 976 (-752 1392 -224 ) (-752 1376 -224 ) (-752 1376 -16 ) (-752 1392 -16 ) 
4 963 982 (-304 1040 -224 ) (-160 1040 -224 ) (-160 1040 -16 ) (-304 1040 -16 ) 
4 963 964 (-720 1120 -224 ) (-720 1040 -224 ) (-720 1040 -16 ) (-720 1120 -16 ) 
4 964 965 (-736 1120 -224 ) (-736 1040 -224 ) (-736 1040 -16 ) (-736 1120 -16 ) 
4 965 978 (-752 1232 -224 ) (-752 1040 -224 ) (-752 1040 -16 ) (-752 1232 -16 ) 
4 966 967 (-768 2032 -16 ) (-768 2032 -224 ) (-768 1952 -224 ) (-768 1952 -16 ) 
4 967 968 (-832 2032 -16 ) (-832 2032 -224 ) (-832 1856 -224 ) (-832 1856 -16 ) 
4 967 969 (-832 1840 -224 ) (-832 1776 -224 ) (-832 1776 -16 ) (-832 1840 -16 ) 
4 969 970 (-912 1840 -224 ) (-912 1776 -224 ) (-912 1776 -16 ) (-912 1840 -16 ) 
4 970 971 (-928 1840 -224 ) (-928 1776 -224 ) (-928 1776 -16 ) (-928 1840 -16 ) 
4 971 973 (-1008 1776 -16 ) (-1008 1776 -224 ) (-928 1776 -224 ) (-928 1776 -16 ) 
4 972 975 (-928 1696 -224 ) (-864 1696 -224 ) (-864 1696 -16 ) (-928 1696 -16 ) 
4 972 974 (-816 1696 -224 ) (-752 1696 -224 ) (-752 1696 -16 ) (-816 1696 -16 ) 
4 972 973 (-928 1760 -224 ) (-928 1696 -224 ) (-928 1696 -16 ) (-928 1760 -16 ) 
4 973 975 (-960 1696 -224 ) (-928 1696 -224 ) (-928 1696 -16 ) (-960 1696 -16 ) 
4 974 976 (-816 1488 -224 ) (-752 1488 -224 ) (-752 1488 -16 ) (-816 1488 -16 ) 
4 975 976 (-960 1488 -224 ) (-864 1488 -224 ) (-864 1488 -16 ) (-960 1488 -16 ) 
4 977 979 (-848 1232 -224 ) (-832 1232 -224 ) (-832 1232 -16 ) (-848 1232 -16 ) 
4 977 978 (-832 1232 -224 ) (-768 1232 -224 ) (-768 1232 -16 ) (-832 1232 -16 ) 
4 977 980 (-928 1232 -224 ) (-848 1232 -224 ) (-848 1232 -16 ) (-928 1232 -16 ) 
4 978 979 (-832 1232 -16 ) (-832 1232 -224 ) (-832 1200 -224 ) (-832 1200 -16 ) 
4 979 980 (-848 1232 -16 ) (-848 1232 -224 ) (-848 1200 -224 ) (-848 1200 -16 ) 
4 980 983 (-928 1040 -224 ) (-864 1040 -224 ) (-864 1040 -112 ) (-928 1040 -112 ) 
4 980 981 (-928 1136 -224 ) (-928 1040 -224 ) (-928 1040 -16 ) (-928 1136 -16 ) 
4 981 983 (-944 1040 -224 ) (-928 1040 -224 ) (-928 1040 -112 ) (-944 1040 -112 ) 
4 982 1286 (-160 1024 -16 ) (-304 1024 -16 ) (-304 1024 -224 ) (-160 1024 -224 ) 
4 983 1291 (-944 1024 -112 ) (-944 1024 -224 ) (-864 1024 -224 ) (-864 1024 -112 ) 
4 984 989 (-1504 1712 1008 ) (-1504 1712 432 ) (-1104 1712 432 ) (-1104 1712 1008 ) 
4 985 1088 (-1144 2016 120 ) (-1504 2016 120 ) (-1504 2048 120 ) (-1144 2048 120 ) 
4 985 1086 (-1024 2048 120 ) (-1024 2016 120 ) (-1144 2016 120 ) (-1144 2048 120 ) 
4 985 988 (-1504 2048 216 ) (-1504 2048 120 ) (-1504 2016 120 ) (-1504 2016 216 ) 
4 985 987 (-1144 2016 216 ) (-1504 2016 216 ) (-1504 2016 120 ) (-1144 2016 120 ) 
4 986 1087 (-1024 2008 120 ) (-1024 1712 120 ) (-1136 1712 120 ) (-1136 2008 120 ) 
4 986 990 (-1136 1712 120 ) (-1024 1712 120 ) (-1024 1712 216 ) (-1136 1712 216 ) 
4 987 1088 (-1144 1712 120 ) (-1504 1712 120 ) (-1504 2016 120 ) (-1144 2016 120 ) 
4 987 991 (-1504 1712 120 ) (-1144 1712 120 ) (-1144 1712 216 ) (-1504 1712 216 ) 
4 987 988 (-1504 2016 120 ) (-1504 1712 120 ) (-1504 1712 216 ) (-1504 2016 216 ) 
4 988 1088 (-1504 1712 120 ) (-1856 1712 120 ) (-1856 2048 120 ) (-1504 2048 120 ) 
4 988 1008 (-1856 2048 120 ) (-1856 1712 120 ) (-1856 1712 216 ) (-1856 2048 216 ) 
4 988 991 (-1856 1712 216 ) (-1856 1712 120 ) (-1504 1712 120 ) (-1504 1712 216 ) 
4 989 994 (-1856 1656 1008 ) (-1856 1656 432 ) (-1088 1656 432 ) (-1088 1656 1008 ) 
4 989 992 (-1088 1656 432 ) (-1024 1656 432 ) (-1024 1656 1008 ) (-1088 1656 1008 ) 
4 990 1087 (-1024 1712 120 ) (-1024 1656 120 ) (-1136 1656 120 ) (-1136 1712 120 ) 
4 990 993 (-1024 1656 136 ) (-1024 1656 216 ) (-1088 1656 216 ) (-1088 1656 136 ) 
4 991 1088 (-1144 1656 120 ) (-1856 1656 120 ) (-1856 1712 120 ) (-1144 1712 120 ) 
4 991 1008 (-1856 1712 120 ) (-1856 1656 120 ) (-1856 1656 216 ) (-1856 1712 216 ) 
4 992 995 (-1024 1648 432 ) (-1024 1648 1008 ) (-1088 1648 1008 ) (-1088 1648 432 ) 
4 992 994 (-1088 1656 1008 ) (-1088 1656 432 ) (-1088 1648 432 ) (-1088 1648 1008 ) 
4 993 996 (-1024 1648 136 ) (-1024 1648 216 ) (-1088 1648 216 ) (-1088 1648 136 ) 
4 994 1002 (-1856 1648 1008 ) (-1856 1648 432 ) (-1792 1648 432 ) (-1792 1648 1008 ) 
4 994 997 (-1792 1648 432 ) (-1088 1648 432 ) (-1088 1648 1008 ) (-1792 1648 1008 ) 
4 995 998 (-1024 1640 432 ) (-1024 1640 1008 ) (-1088 1640 1008 ) (-1088 1640 432 ) 
4 995 997 (-1088 1648 1008 ) (-1088 1648 432 ) (-1088 1640 432 ) (-1088 1640 1008 ) 
4 996 999 (-1024 1640 136 ) (-1024 1640 216 ) (-1088 1640 216 ) (-1088 1640 136 ) 
4 997 1002 (-1792 1648 1008 ) (-1792 1648 432 ) (-1792 1640 432 ) (-1792 1640 1008 ) 
4 997 998 (-1792 1640 1008 ) (-1792 1640 432 ) (-1088 1640 432 ) (-1088 1640 1008 ) 
4 998 1002 (-1792 1472 432 ) (-1792 1472 1008 ) (-1792 1640 1008 ) (-1792 1640 432 ) 
4 999 1089 (-1024 1640 120 ) (-1024 1472 120 ) (-1792 1472 120 ) (-1792 1640 120 ) 
4 999 1003 (-1792 1640 120 ) (-1792 1472 120 ) (-1792 1472 216 ) (-1792 1640 216 ) 
4 999 1001 (-1792 1472 216 ) (-1792 1472 120 ) (-1120 1472 120 ) (-1120 1472 216 ) 
4 999 1000 (-1120 1472 120 ) (-1024 1472 120 ) (-1024 1472 216 ) (-1120 1472 216 ) 
4 1000 1089 (-1024 1472 120 ) (-1024 1440 120 ) (-1120 1440 120 ) (-1120 1472 120 ) 
4 1000 1019 (-1120 1440 120 ) (-1024 1440 120 ) (-1024 1440 216 ) (-1120 1440 216 ) 
4 1000 1001 (-1120 1472 216 ) (-1120 1472 120 ) (-1120 1440 120 ) (-1120 1440 216 ) 
4 1001 1089 (-1120 1440 120 ) (-1792 1440 120 ) (-1792 1472 120 ) (-1120 1472 120 ) 
4 1001 1019 (-1792 1440 120 ) (-1120 1440 120 ) (-1120 1440 216 ) (-1792 1440 216 ) 
4 1001 1005 (-1792 1472 120 ) (-1792 1440 120 ) (-1792 1440 216 ) (-1792 1472 216 ) 
4 1002 1006 (-1856 1568 520 ) (-1856 1640 520 ) (-1856 1640 432 ) (-1856 1568 432 ) 
4 1002 1004 (-1856 1472 696 ) (-1856 1472 608 ) (-1792 1472 608 ) (-1792 1472 696 ) 
4 1003 1089 (-1856 1472 120 ) (-1856 1640 120 ) (-1792 1640 120 ) (-1792 1472 120 ) 
4 1003 1010 (-1856 1640 120 ) (-1856 1472 120 ) (-1856 1472 216 ) (-1856 1640 216 ) 
4 1003 1005 (-1856 1472 216 ) (-1856 1472 120 ) (-1792 1472 120 ) (-1792 1472 216 ) 
4 1004 1017 (-1792 1440 608 ) (-1792 1440 696 ) (-1856 1440 696 ) (-1856 1440 608 ) 
4 1005 1089 (-1792 1440 120 ) (-1856 1440 120 ) (-1856 1472 120 ) (-1792 1472 120 ) 
4 1005 1019 (-1856 1440 120 ) (-1792 1440 120 ) (-1792 1440 216 ) (-1856 1440 216 ) 
4 1005 1010 (-1856 1472 120 ) (-1856 1440 120 ) (-1856 1440 216 ) (-1856 1472 216 ) 
4 1006 1007 (-1888 1640 432 ) (-1888 1568 432 ) (-1888 1568 520 ) (-1888 1640 520 ) 
4 1007 1030 (-2032 1440 528 ) (-2032 1440 432 ) (-1976 1440 432 ) (-1976 1440 528 ) 
4 1007 1029 (-1976 1440 432 ) (-1888 1440 432 ) (-1888 1440 528 ) (-1976 1440 528 ) 
4 1008 1088 (-2032 2048 120 ) (-1856 2048 120 ) (-1856 1656 120 ) (-2032 1656 120 ) 
4 1008 1009 (-2032 2048 120 ) (-2032 1656 120 ) (-2032 1656 216 ) (-2032 2048 216 ) 
4 1009 1088 (-2040 2048 120 ) (-2032 2048 120 ) (-2032 1656 120 ) (-2040 1656 120 ) 
4 1010 1089 (-1856 1440 120 ) (-1976 1440 120 ) (-1976 1640 120 ) (-1856 1640 120 ) 
4 1010 1031 (-1976 1440 120 ) (-1888 1440 120 ) (-1888 1440 216 ) (-1976 1440 216 ) 
4 1010 1022 (-1888 1440 120 ) (-1872 1440 120 ) (-1872 1440 216 ) (-1888 1440 216 ) 
4 1010 1019 (-1872 1440 120 ) (-1856 1440 120 ) (-1856 1440 216 ) (-1872 1440 216 ) 
4 1010 1011 (-1976 1640 216 ) (-1976 1640 120 ) (-1976 1440 120 ) (-1976 1440 216 ) 
4 1011 1089 (-1976 1440 120 ) (-2032 1440 120 ) (-2032 1640 120 ) (-1976 1640 120 ) 
4 1011 1031 (-2032 1440 120 ) (-1976 1440 120 ) (-1976 1440 216 ) (-2032 1440 216 ) 
4 1011 1012 (-2032 1640 216 ) (-2032 1640 120 ) (-2032 1440 120 ) (-2032 1440 216 ) 
4 1012 1089 (-2032 1440 120 ) (-2040 1440 120 ) (-2040 1640 120 ) (-2032 1640 120 ) 
4 1012 1033 (-2040 1440 120 ) (-2032 1440 120 ) (-2032 1440 216 ) (-2040 1440 216 ) 
4 1013 1035 (-1024 1264 784 ) (-1024 1264 1008 ) (-1776 1264 1008 ) (-1776 1264 784 ) 
4 1014 1015 (-1120 1440 432 ) (-1120 1296 432 ) (-1120 1296 528 ) (-1120 1440 528 ) 
4 1015 1018 (-1152 1440 432 ) (-1152 1296 432 ) (-1152 1296 528 ) (-1152 1440 528 ) 
4 1016 1039 (-1776 1264 752 ) (-1776 1264 560 ) (-1152 1264 560 ) (-1152 1264 752 ) 
4 1016 1017 (-1776 1440 560 ) (-1776 1264 560 ) (-1776 1264 752 ) (-1776 1440 752 ) 
4 1017 1039 (-1872 1264 752 ) (-1872 1264 560 ) (-1776 1264 560 ) (-1776 1264 752 ) 
4 1017 1024 (-1872 1312 560 ) (-1872 1264 560 ) (-1872 1264 752 ) (-1872 1312 752 ) 
4 1017 1023 (-1872 1424 560 ) (-1872 1312 560 ) (-1872 1312 752 ) (-1872 1424 752 ) 
4 1017 1021 (-1872 1440 752 ) (-1872 1440 560 ) (-1872 1424 560 ) (-1872 1424 752 ) 
4 1018 1025 (-1872 1424 432 ) (-1872 1312 432 ) (-1872 1312 528 ) (-1872 1424 528 ) 
4 1019 1089 (-1024 1440 120 ) (-1024 1296 120 ) (-1872 1296 120 ) (-1872 1440 120 ) 
4 1019 1027 (-1872 1312 120 ) (-1872 1296 120 ) (-1872 1296 216 ) (-1872 1312 216 ) 
4 1019 1026 (-1872 1424 120 ) (-1872 1312 120 ) (-1872 1312 216 ) (-1872 1424 216 ) 
4 1019 1022 (-1872 1440 216 ) (-1872 1440 120 ) (-1872 1424 120 ) (-1872 1424 216 ) 
4 1019 1020 (-1872 1296 216 ) (-1872 1296 120 ) (-1024 1296 120 ) (-1024 1296 216 ) 
4 1020 1089 (-1024 1296 120 ) (-1024 1264 120 ) (-1872 1264 120 ) (-1872 1296 120 ) 
4 1020 1042 (-1872 1264 120 ) (-1152 1264 120 ) (-1152 1264 216 ) (-1872 1264 216 ) 
4 1020 1038 (-1152 1264 120 ) (-1120 1264 120 ) (-1120 1264 216 ) (-1152 1264 216 ) 
4 1020 1037 (-1120 1264 120 ) (-1024 1264 120 ) (-1024 1264 216 ) (-1120 1264 216 ) 
4 1020 1027 (-1872 1296 120 ) (-1872 1264 120 ) (-1872 1264 216 ) (-1872 1296 216 ) 
4 1021 1028 (-1888 1440 752 ) (-1888 1440 560 ) (-1888 1424 560 ) (-1888 1424 752 ) 
4 1021 1023 (-1888 1424 752 ) (-1888 1424 560 ) (-1872 1424 560 ) (-1872 1424 752 ) 
4 1022 1089 (-1888 1424 120 ) (-1888 1440 120 ) (-1872 1440 120 ) (-1872 1424 120 ) 
4 1022 1031 (-1888 1440 216 ) (-1888 1440 120 ) (-1888 1424 120 ) (-1888 1424 216 ) 
4 1022 1026 (-1888 1424 216 ) (-1888 1424 120 ) (-1872 1424 120 ) (-1872 1424 216 ) 
4 1023 1028 (-1888 1312 752 ) (-1888 1424 752 ) (-1888 1424 560 ) (-1888 1312 560 ) 
4 1023 1024 (-1872 1312 560 ) (-1872 1312 752 ) (-1888 1312 752 ) (-1888 1312 560 ) 
4 1024 1039 (-1872 1264 560 ) (-1872 1264 752 ) (-1888 1264 752 ) (-1888 1264 560 ) 
4 1024 1028 (-1888 1264 560 ) (-1888 1264 752 ) (-1888 1312 752 ) (-1888 1312 560 ) 
4 1025 1029 (-1888 1312 432 ) (-1888 1312 528 ) (-1888 1424 528 ) (-1888 1424 432 ) 
4 1026 1089 (-1888 1312 120 ) (-1888 1424 120 ) (-1872 1424 120 ) (-1872 1312 120 ) 
4 1026 1031 (-1888 1424 120 ) (-1888 1312 120 ) (-1888 1312 216 ) (-1888 1424 216 ) 
4 1026 1027 (-1872 1312 120 ) (-1872 1312 216 ) (-1888 1312 216 ) (-1888 1312 120 ) 
4 1027 1089 (-1872 1264 120 ) (-1888 1264 120 ) (-1888 1312 120 ) (-1872 1312 120 ) 
4 1027 1042 (-1888 1264 120 ) (-1872 1264 120 ) (-1872 1264 216 ) (-1888 1264 216 ) 
4 1027 1031 (-1888 1312 120 ) (-1888 1264 120 ) (-1888 1264 216 ) (-1888 1312 216 ) 
4 1028 1040 (-1888 1264 560 ) (-1888 1264 752 ) (-2032 1264 752 ) (-2032 1264 560 ) 
4 1028 1032 (-2032 1264 560 ) (-2032 1264 752 ) (-2032 1440 752 ) (-2032 1440 560 ) 
4 1029 1041 (-1888 1264 432 ) (-1888 1264 528 ) (-1976 1264 528 ) (-1976 1264 432 ) 
4 1029 1030 (-1976 1264 432 ) (-1976 1264 528 ) (-1976 1440 528 ) (-1976 1440 432 ) 
4 1030 1041 (-1976 1264 528 ) (-2032 1264 528 ) (-2032 1264 432 ) (-1976 1264 432 ) 
4 1031 1089 (-1888 1264 120 ) (-2032 1264 120 ) (-2032 1440 120 ) (-1888 1440 120 ) 
4 1031 1042 (-2032 1264 120 ) (-1888 1264 120 ) (-1888 1264 216 ) (-2032 1264 216 ) 
4 1031 1033 (-2032 1264 120 ) (-2032 1264 216 ) (-2032 1440 216 ) (-2032 1440 120 ) 
4 1032 1043 (-2032 1264 560 ) (-2032 1264 752 ) (-2040 1264 752 ) (-2040 1264 560 ) 
4 1032 1034 (-2040 1264 560 ) (-2040 1264 752 ) (-2040 1440 752 ) (-2040 1440 560 ) 
4 1033 1089 (-2032 1264 120 ) (-2040 1264 120 ) (-2040 1440 120 ) (-2032 1440 120 ) 
4 1033 1044 (-2040 1264 120 ) (-2032 1264 120 ) (-2032 1264 216 ) (-2040 1264 216 ) 
4 1034 1347 (-2048 1440 752 ) (-2048 1440 560 ) (-2048 1264 560 ) (-2048 1264 752 ) 
4 1034 1045 (-2048 1264 752 ) (-2048 1264 560 ) (-2040 1264 560 ) (-2040 1264 752 ) 
4 1035 1046 (-1024 1248 784 ) (-1024 1248 1008 ) (-1776 1248 1008 ) (-1776 1248 784 ) 
4 1036 1047 (-1024 1248 560 ) (-1024 1248 752 ) (-1120 1248 752 ) (-1120 1248 560 ) 
4 1037 1089 (-1024 1264 120 ) (-1024 1248 120 ) (-1120 1248 120 ) (-1120 1264 120 ) 
4 1037 1048 (-1120 1248 120 ) (-1024 1248 120 ) (-1024 1248 216 ) (-1120 1248 216 ) 
4 1037 1038 (-1120 1248 120 ) (-1120 1248 216 ) (-1120 1264 216 ) (-1120 1264 120 ) 
4 1038 1089 (-1120 1248 120 ) (-1152 1248 120 ) (-1152 1264 120 ) (-1120 1264 120 ) 
4 1038 1049 (-1152 1248 120 ) (-1120 1248 120 ) (-1120 1248 216 ) (-1152 1248 216 ) 
4 1038 1042 (-1152 1248 120 ) (-1152 1248 216 ) (-1152 1264 216 ) (-1152 1264 120 ) 
4 1039 1064 (-1776 1248 752 ) (-1888 1248 752 ) (-1888 1248 560 ) (-1776 1248 560 ) 
4 1039 1050 (-1152 1248 560 ) (-1152 1248 752 ) (-1776 1248 752 ) (-1776 1248 560 ) 
4 1039 1040 (-1888 1248 560 ) (-1888 1248 752 ) (-1888 1264 752 ) (-1888 1264 560 ) 
4 1040 1064 (-1888 1248 752 ) (-2032 1248 752 ) (-2032 1248 560 ) (-1888 1248 560 ) 
4 1040 1043 (-2032 1248 560 ) (-2032 1248 752 ) (-2032 1264 752 ) (-2032 1264 560 ) 
4 1041 1066 (-2032 1248 528 ) (-2032 1248 432 ) (-1888 1248 432 ) (-1888 1248 528 ) 
4 1042 1089 (-1152 1248 120 ) (-2032 1248 120 ) (-2032 1264 120 ) (-1152 1264 120 ) 
4 1042 1074 (-2032 1248 120 ) (-1992 1248 120 ) (-1992 1248 216 ) (-2032 1248 216 ) 
4 1042 1072 (-1992 1248 120 ) (-1976 1248 120 ) (-1976 1248 216 ) (-1992 1248 216 ) 
4 1042 1070 (-1976 1248 120 ) (-1888 1248 120 ) (-1888 1248 216 ) (-1976 1248 216 ) 
4 1042 1068 (-1888 1248 120 ) (-1776 1248 120 ) (-1776 1248 216 ) (-1888 1248 216 ) 
4 1042 1051 (-1776 1248 120 ) (-1152 1248 120 ) (-1152 1248 216 ) (-1776 1248 216 ) 
4 1042 1044 (-2032 1248 120 ) (-2032 1248 216 ) (-2032 1264 216 ) (-2032 1264 120 ) 
4 1043 1064 (-2032 1248 560 ) (-2032 1248 752 ) (-2040 1248 752 ) (-2040 1248 560 ) 
4 1043 1045 (-2040 1248 560 ) (-2040 1248 752 ) (-2040 1264 752 ) (-2040 1264 560 ) 
4 1044 1089 (-2032 1248 120 ) (-2040 1248 120 ) (-2040 1264 120 ) (-2032 1264 120 ) 
4 1044 1075 (-2040 1248 120 ) (-2032 1248 120 ) (-2032 1248 216 ) (-2040 1248 216 ) 
4 1045 1347 (-2048 1264 752 ) (-2048 1264 560 ) (-2048 1248 560 ) (-2048 1248 752 ) 
4 1045 1064 (-2040 1248 560 ) (-2040 1248 752 ) (-2048 1248 752 ) (-2048 1248 560 ) 
4 1046 1081 (-1088 1040 896 ) (-1488 1040 896 ) (-1488 1040 784 ) (-1088 1040 784 ) 
4 1047 1052 (-1120 1184 752 ) (-1120 1184 560 ) (-1024 1184 560 ) (-1024 1184 752 ) 
4 1048 1089 (-1024 1248 120 ) (-1024 1184 120 ) (-1120 1184 120 ) (-1120 1248 120 ) 
4 1048 1054 (-1120 1184 216 ) (-1120 1184 120 ) (-1024 1184 120 ) (-1024 1184 216 ) 
4 1048 1049 (-1120 1184 120 ) (-1120 1184 216 ) (-1120 1248 216 ) (-1120 1248 120 ) 
4 1049 1089 (-1120 1184 120 ) (-1152 1184 120 ) (-1152 1248 120 ) (-1120 1248 120 ) 
4 1049 1057 (-1152 1184 216 ) (-1152 1184 120 ) (-1120 1184 120 ) (-1120 1184 216 ) 
4 1049 1051 (-1152 1184 120 ) (-1152 1184 216 ) (-1152 1248 216 ) (-1152 1248 120 ) 
4 1050 1064 (-1776 1248 752 ) (-1776 1248 560 ) (-1776 1184 560 ) (-1776 1184 752 ) 
4 1050 1061 (-1776 1184 752 ) (-1776 1184 560 ) (-1152 1184 560 ) (-1152 1184 752 ) 
4 1051 1089 (-1152 1184 120 ) (-1776 1184 120 ) (-1776 1248 120 ) (-1152 1248 120 ) 
4 1051 1068 (-1776 1248 216 ) (-1776 1248 120 ) (-1776 1184 120 ) (-1776 1184 216 ) 
4 1051 1063 (-1776 1184 216 ) (-1776 1184 120 ) (-1152 1184 120 ) (-1152 1184 216 ) 
4 1052 1055 (-1120 1184 624 ) (-1120 1184 560 ) (-1120 1104 560 ) (-1120 1104 624 ) 
4 1053 1059 (-1120 1056 432 ) (-1120 1040 432 ) (-1120 1040 528 ) (-1120 1056 528 ) 
4 1053 1058 (-1120 1104 432 ) (-1120 1056 432 ) (-1120 1056 528 ) (-1120 1104 528 ) 
4 1053 1056 (-1120 1184 528 ) (-1120 1184 432 ) (-1120 1104 432 ) (-1120 1104 528 ) 
4 1054 1089 (-1024 1184 120 ) (-1024 1040 120 ) (-1120 1040 120 ) (-1120 1184 120 ) 
4 1054 1083 (-1120 1040 120 ) (-1024 1040 120 ) (-1024 1040 216 ) (-1120 1040 216 ) 
4 1054 1060 (-1120 1104 120 ) (-1120 1040 120 ) (-1120 1040 216 ) (-1120 1104 216 ) 
4 1054 1057 (-1120 1184 216 ) (-1120 1184 120 ) (-1120 1104 120 ) (-1120 1104 216 ) 
4 1055 1061 (-1152 1184 624 ) (-1152 1184 560 ) (-1152 1104 560 ) (-1152 1104 624 ) 
4 1056 1062 (-1152 1184 528 ) (-1152 1184 432 ) (-1152 1104 432 ) (-1152 1104 528 ) 
4 1056 1058 (-1152 1104 528 ) (-1152 1104 432 ) (-1120 1104 432 ) (-1120 1104 528 ) 
4 1057 1089 (-1152 1104 120 ) (-1152 1184 120 ) (-1120 1184 120 ) (-1120 1104 120 ) 
4 1057 1063 (-1152 1184 216 ) (-1152 1184 120 ) (-1152 1104 120 ) (-1152 1104 216 ) 
4 1057 1060 (-1152 1104 216 ) (-1152 1104 120 ) (-1120 1104 120 ) (-1120 1104 216 ) 
4 1058 1062 (-1152 1104 528 ) (-1152 1104 432 ) (-1152 1056 432 ) (-1152 1056 528 ) 
4 1058 1059 (-1152 1056 528 ) (-1152 1056 432 ) (-1120 1056 432 ) (-1120 1056 528 ) 
4 1059 1062 (-1152 1040 432 ) (-1152 1040 528 ) (-1152 1056 528 ) (-1152 1056 432 ) 
4 1060 1089 (-1120 1040 120 ) (-1152 1040 120 ) (-1152 1104 120 ) (-1120 1104 120 ) 
4 1060 1083 (-1152 1040 120 ) (-1120 1040 120 ) (-1120 1040 216 ) (-1152 1040 216 ) 
4 1060 1063 (-1152 1104 120 ) (-1152 1040 120 ) (-1152 1040 216 ) (-1152 1104 216 ) 
4 1061 1064 (-1776 1184 752 ) (-1776 1184 560 ) (-1776 1056 560 ) (-1776 1056 752 ) 
4 1062 1082 (-1760 1040 520 ) (-1776 1040 520 ) (-1776 1040 456 ) (-1760 1040 456 ) 
4 1062 1067 (-1776 1040 432 ) (-1776 1040 528 ) (-1776 1056 528 ) (-1776 1056 432 ) 
4 1062 1065 (-1776 1056 528 ) (-1776 1184 528 ) (-1776 1184 432 ) (-1776 1056 432 ) 
4 1063 1089 (-1152 1040 120 ) (-1776 1040 120 ) (-1776 1184 120 ) (-1152 1184 120 ) 
4 1063 1083 (-1776 1040 120 ) (-1152 1040 120 ) (-1152 1040 216 ) (-1776 1040 216 ) 
4 1063 1069 (-1776 1184 120 ) (-1776 1040 120 ) (-1776 1040 216 ) (-1776 1184 216 ) 
4 1064 1347 (-2048 1248 752 ) (-2048 1248 560 ) (-2048 1056 560 ) (-2048 1056 752 ) 
4 1065 1067 (-1888 1056 432 ) (-1776 1056 432 ) (-1776 1056 528 ) (-1888 1056 528 ) 
4 1065 1066 (-1888 1184 432 ) (-1888 1056 432 ) (-1888 1056 528 ) (-1888 1184 528 ) 
4 1066 1078 (-1992 1080 432 ) (-1992 1056 432 ) (-2032 1056 432 ) (-2032 1080 432 ) 
4 1066 1067 (-2032 1056 432 ) (-1888 1056 432 ) (-1888 1056 528 ) (-2032 1056 528 ) 
4 1067 1082 (-1776 1040 456 ) (-1776 1040 520 ) (-2000 1040 520 ) (-2000 1040 456 ) 
4 1067 1078 (-1992 1040 432 ) (-2032 1040 432 ) (-2032 1056 432 ) (-1992 1056 432 ) 
4 1068 1089 (-1888 1184 120 ) (-1888 1248 120 ) (-1776 1248 120 ) (-1776 1184 120 ) 
4 1068 1071 (-1888 1224 120 ) (-1888 1184 120 ) (-1888 1184 216 ) (-1888 1224 216 ) 
4 1068 1070 (-1888 1248 216 ) (-1888 1248 120 ) (-1888 1224 120 ) (-1888 1224 216 ) 
4 1068 1069 (-1888 1184 216 ) (-1888 1184 120 ) (-1776 1184 120 ) (-1776 1184 216 ) 
4 1069 1089 (-1776 1040 120 ) (-1888 1040 120 ) (-1888 1184 120 ) (-1776 1184 120 ) 
4 1069 1083 (-1888 1040 120 ) (-1776 1040 120 ) (-1776 1040 216 ) (-1888 1040 216 ) 
4 1069 1071 (-1888 1040 120 ) (-1888 1040 216 ) (-1888 1184 216 ) (-1888 1184 120 ) 
4 1070 1089 (-1976 1224 120 ) (-1976 1248 120 ) (-1888 1248 120 ) (-1888 1224 120 ) 
4 1070 1072 (-1976 1248 216 ) (-1976 1248 120 ) (-1976 1224 120 ) (-1976 1224 216 ) 
4 1070 1071 (-1976 1224 216 ) (-1976 1224 120 ) (-1888 1224 120 ) (-1888 1224 216 ) 
4 1071 1089 (-1888 1040 120 ) (-1976 1040 120 ) (-1976 1224 120 ) (-1888 1224 120 ) 
4 1071 1083 (-1976 1040 120 ) (-1888 1040 120 ) (-1888 1040 216 ) (-1976 1040 216 ) 
4 1071 1073 (-1976 1040 120 ) (-1976 1040 216 ) (-1976 1224 216 ) (-1976 1224 120 ) 
4 1072 1089 (-1992 1224 120 ) (-1992 1248 120 ) (-1976 1248 120 ) (-1976 1224 120 ) 
4 1072 1074 (-1992 1248 216 ) (-1992 1248 120 ) (-1992 1224 120 ) (-1992 1224 216 ) 
4 1072 1073 (-1992 1224 216 ) (-1992 1224 120 ) (-1976 1224 120 ) (-1976 1224 216 ) 
4 1073 1089 (-1976 1040 120 ) (-1992 1040 120 ) (-1992 1224 120 ) (-1976 1224 120 ) 
4 1073 1084 (-1992 1040 120 ) (-1976 1040 120 ) (-1976 1040 408 ) (-1992 1040 408 ) 
4 1073 1079 (-1992 1040 120 ) (-1992 1040 408 ) (-1992 1080 408 ) (-1992 1080 120 ) 
4 1073 1076 (-1992 1080 408 ) (-1992 1224 408 ) (-1992 1224 120 ) (-1992 1080 120 ) 
4 1074 1089 (-2032 1248 120 ) (-1992 1248 120 ) (-1992 1224 120 ) (-2032 1224 120 ) 
4 1074 1076 (-2032 1224 120 ) (-1992 1224 120 ) (-1992 1224 216 ) (-2032 1224 216 ) 
4 1074 1075 (-2032 1224 120 ) (-2032 1224 216 ) (-2032 1248 216 ) (-2032 1248 120 ) 
4 1075 1089 (-2040 1224 120 ) (-2040 1248 120 ) (-2032 1248 120 ) (-2032 1224 120 ) 
4 1075 1077 (-2040 1224 216 ) (-2040 1224 120 ) (-2032 1224 120 ) (-2032 1224 216 ) 
4 1076 1089 (-2032 1224 120 ) (-1992 1224 120 ) (-1992 1080 120 ) (-2032 1080 120 ) 
4 1076 1079 (-2032 1080 120 ) (-1992 1080 120 ) (-1992 1080 408 ) (-2032 1080 408 ) 
4 1076 1077 (-2032 1224 408 ) (-2032 1224 120 ) (-2032 1080 120 ) (-2032 1080 408 ) 
4 1077 1089 (-2040 1080 120 ) (-2040 1224 120 ) (-2032 1224 120 ) (-2032 1080 120 ) 
4 1077 1080 (-2040 1080 408 ) (-2040 1080 120 ) (-2032 1080 120 ) (-2032 1080 408 ) 
4 1078 1079 (-2032 1040 408 ) (-2032 1080 408 ) (-1992 1080 408 ) (-1992 1040 408 ) 
4 1079 1089 (-1992 1040 120 ) (-2032 1040 120 ) (-2032 1080 120 ) (-1992 1080 120 ) 
4 1079 1085 (-2032 1040 120 ) (-1992 1040 120 ) (-1992 1040 408 ) (-2032 1040 408 ) 
4 1079 1080 (-2032 1080 408 ) (-2032 1080 120 ) (-2032 1040 120 ) (-2032 1040 408 ) 
4 1080 1089 (-2032 1040 120 ) (-2040 1040 120 ) (-2040 1080 120 ) (-2032 1080 120 ) 
4 1080 1085 (-2040 1040 120 ) (-2032 1040 120 ) (-2032 1040 408 ) (-2040 1040 408 ) 
4 1081 1326 (-1088 1024 784 ) (-1088 1024 896 ) (-1488 1024 896 ) (-1488 1024 784 ) 
4 1082 1327 (-2000 1024 456 ) (-1760 1024 456 ) (-1760 1024 520 ) (-2000 1024 520 ) 
4 1083 1089 (-1024 1040 120 ) (-1024 1032 120 ) (-1976 1032 120 ) (-1976 1040 120 ) 
4 1083 1084 (-1976 1032 120 ) (-1976 1032 216 ) (-1976 1040 216 ) (-1976 1040 120 ) 
4 1084 1089 (-1976 1032 120 ) (-1992 1032 120 ) (-1992 1040 120 ) (-1976 1040 120 ) 
4 1084 1085 (-1992 1032 120 ) (-1992 1032 408 ) (-1992 1040 408 ) (-1992 1040 120 ) 
4 1085 1089 (-1992 1032 120 ) (-2040 1032 120 ) (-2040 1040 120 ) (-1992 1040 120 ) 
4 1086 1088 (-1144 2048 32 ) (-1144 2016 32 ) (-1144 2016 120 ) (-1144 2048 120 ) 
4 1090 1098 (-352 1024 2576 ) (-8 1024 2576 ) (-8 888 2576 ) (-352 888 2576 ) 
4 1090 1092 (-352 888 2576 ) (-8 888 2576 ) (-8 888 2784 ) (-352 888 2784 ) 
4 1091 1092 (-504 888 2784 ) (-504 888 2616 ) (-384 888 2616 ) (-384 888 2784 ) 
4 1092 1123 (-384 712 2576 ) (-504 712 2576 ) (-504 752 2576 ) (-384 752 2576 ) 
4 1092 1121 (-504 752 2576 ) (-504 888 2576 ) (-384 888 2576 ) (-384 752 2576 ) 
4 1092 1107 (-352 712 2576 ) (-384 712 2576 ) (-384 720 2576 ) (-352 720 2576 ) 
4 1092 1106 (-8 720 2576 ) (-8 712 2576 ) (-352 712 2576 ) (-352 720 2576 ) 
4 1092 1103 (-368 720 2576 ) (-384 720 2576 ) (-384 888 2576 ) (-368 888 2576 ) 
4 1092 1102 (-352 720 2576 ) (-368 720 2576 ) (-368 736 2576 ) (-352 736 2576 ) 
4 1092 1101 (-8 736 2576 ) (-8 720 2576 ) (-352 720 2576 ) (-352 736 2576 ) 
4 1092 1099 (-352 736 2576 ) (-368 736 2576 ) (-368 888 2576 ) (-352 888 2576 ) 
4 1092 1098 (-8 888 2576 ) (-8 736 2576 ) (-352 736 2576 ) (-352 888 2576 ) 
4 1092 1093 (-368 712 2592 ) (-368 712 2688 ) (-448 712 2688 ) (-448 712 2592 ) 
4 1093 1094 (-368 704 2592 ) (-368 704 2688 ) (-448 704 2688 ) (-448 704 2592 ) 
4 1094 1095 (-448 192 2592 ) (-448 112 2592 ) (-448 112 2688 ) (-448 192 2688 ) 
4 1095 1097 (-640 112 2592 ) (-560 112 2592 ) (-560 112 2688 ) (-640 112 2688 ) 
4 1095 1096 (-752 192 2592 ) (-752 112 2592 ) (-752 112 2688 ) (-752 192 2688 ) 
4 1097 1528 (-560 0 2688 ) (-640 0 2688 ) (-640 0 2592 ) (-560 0 2592 ) 
4 1098 1101 (-8 736 2496 ) (-8 736 2576 ) (-352 736 2576 ) (-352 736 2496 ) 
4 1098 1099 (-352 736 2496 ) (-352 736 2576 ) (-352 888 2576 ) (-352 888 2496 ) 
4 1099 1103 (-368 736 2496 ) (-368 736 2576 ) (-368 888 2576 ) (-368 888 2496 ) 
4 1099 1102 (-368 736 2576 ) (-368 736 2496 ) (-352 736 2496 ) (-352 736 2576 ) 
4 1101 1106 (-8 720 2496 ) (-8 720 2576 ) (-352 720 2576 ) (-352 720 2496 ) 
4 1101 1102 (-352 736 2576 ) (-352 736 2496 ) (-352 720 2496 ) (-352 720 2576 ) 
4 1102 1107 (-352 720 2576 ) (-368 720 2576 ) (-368 720 2496 ) (-352 720 2496 ) 
4 1102 1103 (-368 720 2496 ) (-368 720 2576 ) (-368 736 2576 ) (-368 736 2496 ) 
4 1103 1123 (-384 720 2576 ) (-384 752 2576 ) (-384 752 2496 ) (-384 720 2496 ) 
4 1103 1121 (-384 752 2576 ) (-384 888 2576 ) (-384 888 2496 ) (-384 752 2496 ) 
4 1103 1107 (-384 720 2576 ) (-384 720 2496 ) (-368 720 2496 ) (-368 720 2576 ) 
4 1104 1105 (-288 1016 768 ) (-288 720 768 ) (-288 720 800 ) (-288 1016 800 ) 
4 1106 1107 (-352 720 2576 ) (-352 720 2496 ) (-352 712 2496 ) (-352 712 2576 ) 
4 1107 1123 (-384 712 2576 ) (-384 720 2576 ) (-384 720 2496 ) (-384 712 2496 ) 
4 1108 1118 (0 544 768 ) (0 512 768 ) (-96 512 768 ) (-96 544 768 ) 
4 1108 1116 (0 640 768 ) (0 544 768 ) (-96 544 768 ) (-96 640 768 ) 
4 1108 1115 (-96 704 768 ) (0 704 768 ) (0 640 768 ) (-96 640 768 ) 
4 1108 1109 (-96 528 960 ) (-96 528 1008 ) (-96 688 1008 ) (-96 688 960 ) 
4 1109 1110 (-112 528 960 ) (-112 528 1008 ) (-112 688 1008 ) (-112 688 960 ) 
4 1110 1111 (-128 528 960 ) (-128 528 1008 ) (-128 688 1008 ) (-128 688 960 ) 
4 1111 1112 (-368 704 1008 ) (-368 704 848 ) (-368 512 848 ) (-368 512 1008 ) 
4 1112 1126 (-384 512 1008 ) (-384 704 1008 ) (-384 704 848 ) (-384 512 848 ) 
4 1113 1146 (-352 1024 648 ) (0 1024 648 ) (0 736 648 ) (-352 736 648 ) 
4 1113 1114 (-352 992 648 ) (-352 768 648 ) (-352 768 736 ) (-352 992 736 ) 
4 1114 1147 (-352 992 648 ) (-352 768 648 ) (-384 768 648 ) (-384 992 648 ) 
4 1115 1148 (0 704 648 ) (0 640 648 ) (-96 640 648 ) (-96 704 648 ) 
4 1115 1116 (-96 640 648 ) (0 640 648 ) (0 640 768 ) (-96 640 768 ) 
4 1116 1148 (0 640 648 ) (0 544 648 ) (-96 544 648 ) (-96 640 648 ) 
4 1116 1118 (-96 544 648 ) (0 544 648 ) (0 544 768 ) (-96 544 768 ) 
4 1116 1117 (-96 640 736 ) (-96 640 656 ) (-96 544 656 ) (-96 544 736 ) 
4 1117 1119 (-128 544 656 ) (-128 544 736 ) (-128 640 736 ) (-128 640 656 ) 
4 1118 1148 (0 544 648 ) (0 512 648 ) (-96 512 648 ) (-96 544 648 ) 
4 1119 1150 (-128 512 648 ) (-368 512 648 ) (-368 688 648 ) (-128 688 648 ) 
4 1120 1151 (-432 888 648 ) (-504 888 648 ) (-504 1008 648 ) (-432 1008 648 ) 
4 1120 1125 (-504 1008 648 ) (-504 888 648 ) (-504 888 784 ) (-504 1008 784 ) 
4 1120 1122 (-504 888 784 ) (-504 888 648 ) (-432 888 648 ) (-432 888 784 ) 
4 1121 1123 (-504 752 2576 ) (-504 752 2496 ) (-384 752 2496 ) (-384 752 2576 ) 
4 1122 1151 (-432 752 648 ) (-504 752 648 ) (-504 888 648 ) (-432 888 648 ) 
4 1122 1125 (-504 888 648 ) (-504 752 648 ) (-504 752 784 ) (-504 888 784 ) 
4 1122 1124 (-504 752 784 ) (-504 752 648 ) (-432 752 648 ) (-432 752 784 ) 
4 1124 1152 (-400 704 648 ) (-504 704 648 ) (-504 752 648 ) (-400 752 648 ) 
4 1124 1127 (-504 704 648 ) (-400 704 648 ) (-400 704 784 ) (-504 704 784 ) 
4 1124 1125 (-504 752 648 ) (-504 704 648 ) (-504 704 784 ) (-504 752 784 ) 
4 1125 1152 (-504 752 648 ) (-504 704 648 ) (-1008 704 648 ) (-1008 752 648 ) 
4 1125 1151 (-504 1008 648 ) (-504 752 648 ) (-1008 752 648 ) (-1008 1008 648 ) 
4 1125 1127 (-1008 704 784 ) (-1008 704 648 ) (-504 704 648 ) (-504 704 784 ) 
4 1126 1128 (-1008 512 1008 ) (-1008 512 848 ) (-384 512 848 ) (-384 512 1008 ) 
4 1127 1152 (-400 512 648 ) (-1008 512 648 ) (-1008 704 648 ) (-400 704 648 ) 
4 1127 1129 (-464 512 648 ) (-416 512 648 ) (-416 512 784 ) (-464 512 784 ) 
4 1128 1141 (-784 496 1008 ) (-1008 496 1008 ) (-1008 496 848 ) (-784 496 848 ) 
4 1129 1154 (-416 496 648 ) (-464 496 648 ) (-464 512 648 ) (-416 512 648 ) 
4 1129 1130 (-464 496 648 ) (-416 496 648 ) (-416 496 784 ) (-464 496 784 ) 
4 1130 1155 (-416 480 648 ) (-464 480 648 ) (-464 496 648 ) (-416 496 648 ) 
4 1130 1137 (-464 480 648 ) (-416 480 648 ) (-416 480 784 ) (-464 480 784 ) 
4 1131 1133 (-768 192 1024 ) (-768 336 1024 ) (0 336 1024 ) (0 192 1024 ) 
4 1132 1531 (-560 0 1200 ) (-768 0 1200 ) (-768 0 1024 ) (-560 0 1024 ) 
4 1132 1530 (-416 0 1200 ) (-560 0 1200 ) (-560 0 1024 ) (-416 0 1024 ) 
4 1132 1529 (0 0 1024 ) (0 0 1200 ) (-416 0 1200 ) (-416 0 1024 ) 
4 1133 1134 (-768 192 1008 ) (-768 336 1008 ) (0 336 1008 ) (0 192 1008 ) 
4 1134 1139 (-768 336 896 ) (-768 192 896 ) (-768 192 976 ) (-768 336 976 ) 
4 1135 1532 (0 0 848 ) (0 0 1008 ) (-576 0 1008 ) (-576 0 848 ) 
4 1135 1136 (-576 16 1008 ) (-576 16 848 ) (-576 0 848 ) (-576 0 1008 ) 
4 1136 1534 (-576 0 1008 ) (-768 0 1008 ) (-768 0 848 ) (-576 0 848 ) 
4 1137 1538 (0 0 648 ) (0 0 800 ) (-576 0 800 ) (-576 0 648 ) 
4 1137 1533 (0 0 800 ) (0 0 816 ) (-576 0 816 ) (-576 0 800 ) 
4 1137 1160 (-576 176 648 ) (-576 352 648 ) (-352 352 648 ) (-352 176 648 ) 
4 1137 1159 (-576 352 648 ) (-576 480 648 ) (-352 480 648 ) (-352 352 648 ) 
4 1137 1161 (-352 0 648 ) (-576 0 648 ) (-576 176 648 ) (-352 176 648 ) 
4 1137 1157 (-80 464 648 ) (-352 464 648 ) (-352 480 648 ) (-80 480 648 ) 
4 1137 1156 (0 480 648 ) (0 464 648 ) (-80 464 648 ) (-80 480 648 ) 
4 1137 1158 (0 464 648 ) (0 0 648 ) (-352 0 648 ) (-352 464 648 ) 
4 1138 1545 (-768 0 784 ) (-768 0 648 ) (-672 0 648 ) (-672 0 784 ) 
4 1138 1542 (-672 0 648 ) (-608 0 648 ) (-608 0 784 ) (-672 0 784 ) 
4 1138 1162 (-608 0 648 ) (-768 0 648 ) (-768 480 648 ) (-608 480 648 ) 
4 1138 1140 (-768 480 648 ) (-768 0 648 ) (-768 0 784 ) (-768 480 784 ) 
4 1139 1141 (-784 192 976 ) (-784 336 976 ) (-784 336 896 ) (-784 192 896 ) 
4 1140 1545 (-784 0 784 ) (-784 0 648 ) (-768 0 648 ) (-768 0 784 ) 
4 1140 1162 (-768 0 648 ) (-784 0 648 ) (-784 480 648 ) (-768 480 648 ) 
4 1140 1142 (-784 480 648 ) (-784 0 648 ) (-784 0 784 ) (-784 480 784 ) 
4 1141 1559 (-1008 0 1008 ) (-1008 0 848 ) (-784 0 848 ) (-784 0 1008 ) 
4 1141 1143 (-1008 256 896 ) (-1008 56 896 ) (-1008 56 992 ) (-1008 256 992 ) 
4 1142 1563 (-1008 0 784 ) (-1008 0 648 ) (-800 0 648 ) (-800 0 784 ) 
4 1142 1562 (-800 0 648 ) (-784 0 648 ) (-784 0 784 ) (-800 0 784 ) 
4 1142 1162 (-784 0 648 ) (-1008 0 648 ) (-1008 480 648 ) (-784 480 648 ) 
4 1142 1145 (-1008 36 748 ) (-1008 76 748 ) (-1008 76 688 ) (-1008 36 688 ) 
4 1142 1144 (-1008 364 748 ) (-1008 408 748 ) (-1008 408 688 ) (-1008 364 688 ) 
4 1143 1322 (-1024 56 992 ) (-1024 256 992 ) (-1024 256 896 ) (-1024 56 896 ) 
4 1144 1323 (-1024 364 748 ) (-1024 408 748 ) (-1024 408 688 ) (-1024 364 688 ) 
4 1145 1324 (-1024 36 748 ) (-1024 76 748 ) (-1024 76 688 ) (-1024 36 688 ) 
4 1146 1163 (-352 1024 608 ) (0 1024 608 ) (0 736 608 ) (-352 736 608 ) 
4 1146 1147 (-352 992 608 ) (-352 768 608 ) (-352 768 648 ) (-352 992 648 ) 
4 1147 1169 (-352 992 608 ) (-352 768 608 ) (-384 768 608 ) (-384 992 608 ) 
4 1148 1149 (0 512 624 ) (-96 512 624 ) (-96 704 624 ) (0 704 624 ) 
4 1149 1164 (0 704 608 ) (0 512 608 ) (-96 512 608 ) (-96 704 608 ) 
4 1151 1153 (-1008 1008 624 ) (-960 1008 624 ) (-960 960 624 ) (-1008 960 624 ) 
4 1151 1152 (-1008 752 624 ) (-432 752 624 ) (-432 752 648 ) (-1008 752 648 ) 
4 1152 1154 (-416 512 648 ) (-464 512 648 ) (-464 512 640 ) (-416 512 640 ) 
4 1153 1176 (-1008 1008 608 ) (-960 1008 608 ) (-960 960 608 ) (-1008 960 608 ) 
4 1154 1155 (-416 496 640 ) (-416 496 648 ) (-464 496 648 ) (-464 496 640 ) 
4 1155 1159 (-416 480 648 ) (-464 480 648 ) (-464 480 640 ) (-416 480 640 ) 
4 1156 1158 (-80 464 624 ) (0 464 624 ) (0 464 648 ) (-80 464 648 ) 
4 1156 1157 (-80 480 648 ) (-80 480 624 ) (-80 464 624 ) (-80 464 648 ) 
4 1157 1159 (-352 480 648 ) (-352 480 624 ) (-352 464 624 ) (-352 464 648 ) 
4 1157 1158 (-352 464 648 ) (-352 464 624 ) (-80 464 624 ) (-80 464 648 ) 
4 1158 1539 (0 0 624 ) (0 0 648 ) (-352 0 648 ) (-352 0 624 ) 
4 1158 1160 (-352 352 624 ) (-352 176 624 ) (-352 176 648 ) (-352 352 648 ) 
4 1158 1159 (-352 464 624 ) (-352 352 624 ) (-352 352 648 ) (-352 464 648 ) 
4 1158 1161 (-352 176 624 ) (-352 0 624 ) (-352 0 648 ) (-352 176 648 ) 
4 1159 1160 (-576 352 648 ) (-576 352 624 ) (-352 352 624 ) (-352 352 648 ) 
4 1160 1161 (-576 176 648 ) (-576 176 624 ) (-352 176 624 ) (-352 176 648 ) 
4 1161 1540 (-352 0 648 ) (-576 0 648 ) (-576 0 624 ) (-352 0 624 ) 
4 1162 1563 (-800 0 648 ) (-1008 0 648 ) (-1008 0 624 ) (-800 0 624 ) 
4 1162 1562 (-784 0 648 ) (-800 0 648 ) (-800 0 624 ) (-784 0 624 ) 
4 1162 1545 (-672 0 648 ) (-784 0 648 ) (-784 0 624 ) (-672 0 624 ) 
4 1162 1542 (-608 0 648 ) (-672 0 648 ) (-672 0 624 ) (-608 0 624 ) 
4 1163 1170 (-352 776 568 ) (-352 840 568 ) (-352 840 536 ) (-352 776 536 ) 
4 1163 1169 (-352 768 608 ) (-352 992 608 ) (-352 992 576 ) (-352 768 576 ) 
4 1163 1164 (-96 736 576 ) (0 736 576 ) (0 736 608 ) (-96 736 608 ) 
4 1163 1165 (-352 736 576 ) (-352 736 528 ) (0 736 528 ) (0 736 576 ) 
4 1164 1165 (-96 512 576 ) (-96 736 576 ) (0 736 576 ) (0 512 576 ) 
4 1165 1173 (-352 480 448 ) (-352 416 448 ) (-352 416 544 ) (-352 480 544 ) 
4 1165 1172 (-352 576 480 ) (-352 576 536 ) (-352 640 536 ) (-352 640 480 ) 
4 1165 1171 (-352 576 536 ) (-352 576 544 ) (-352 640 544 ) (-352 640 536 ) 
4 1165 1166 (-160 384 448 ) (0 384 448 ) (0 384 576 ) (-160 384 576 ) 
4 1166 1541 (0 0 448 ) (0 0 576 ) (-160 0 576 ) (-160 0 448 ) 
4 1166 1167 (-160 128 448 ) (-160 64 448 ) (-160 64 568 ) (-160 128 568 ) 
4 1167 1168 (-176 128 448 ) (-176 64 448 ) (-176 64 568 ) (-176 128 568 ) 
4 1168 1174 (-352 352 448 ) (-352 16 448 ) (-352 16 576 ) (-352 352 576 ) 
4 1170 1178 (-384 776 568 ) (-384 840 568 ) (-384 840 536 ) (-384 776 536 ) 
4 1171 1183 (-384 576 536 ) (-384 576 544 ) (-384 640 544 ) (-384 640 536 ) 
4 1171 1172 (-352 576 536 ) (-384 576 536 ) (-384 640 536 ) (-352 640 536 ) 
4 1172 1183 (-384 576 480 ) (-384 576 536 ) (-384 640 536 ) (-384 640 480 ) 
4 1173 1183 (-384 480 448 ) (-384 416 448 ) (-384 416 544 ) (-384 480 544 ) 
4 1174 1185 (-384 352 448 ) (-384 16 448 ) (-384 16 576 ) (-384 352 576 ) 
4 1175 1187 (-432 1024 448 ) (-400 1024 448 ) (-400 960 448 ) (-432 960 448 ) 
4 1175 1177 (-432 1024 448 ) (-432 960 448 ) (-432 960 528 ) (-432 1024 528 ) 
4 1177 1193 (-1008 1024 448 ) (-784 1024 448 ) (-784 960 448 ) (-1008 960 448 ) 
4 1177 1192 (-784 1024 448 ) (-768 1024 448 ) (-768 960 448 ) (-784 960 448 ) 
4 1177 1191 (-768 1024 448 ) (-736 1024 448 ) (-736 960 448 ) (-768 960 448 ) 
4 1177 1190 (-736 1024 448 ) (-560 1024 448 ) (-560 960 448 ) (-736 960 448 ) 
4 1177 1189 (-560 1024 448 ) (-528 1024 448 ) (-528 960 448 ) (-560 960 448 ) 
4 1177 1188 (-528 1024 448 ) (-464 1024 448 ) (-464 960 448 ) (-528 960 448 ) 
4 1177 1187 (-464 1024 448 ) (-432 1024 448 ) (-432 960 448 ) (-464 960 448 ) 
4 1178 1179 (-464 840 536 ) (-464 776 536 ) (-464 776 568 ) (-464 840 568 ) 
4 1179 1181 (-1008 720 448 ) (-800 720 448 ) (-800 720 576 ) (-1008 720 576 ) 
4 1179 1180 (-520 720 556 ) (-580 720 556 ) (-580 720 476 ) (-520 720 476 ) 
4 1180 1182 (-520 704 556 ) (-580 704 556 ) (-580 704 476 ) (-520 704 476 ) 
4 1181 1186 (-1008 704 448 ) (-800 704 448 ) (-800 704 576 ) (-1008 704 576 ) 
4 1182 1183 (-580 640 476 ) (-520 640 476 ) (-520 640 556 ) (-580 640 556 ) 
4 1184 1185 (-784 352 576 ) (-784 352 448 ) (-672 352 448 ) (-672 352 576 ) 
4 1186 1566 (-1008 0 576 ) (-1008 0 448 ) (-800 0 448 ) (-800 0 576 ) 
4 1186 1194 (-936 416 448 ) (-856 416 448 ) (-856 352 448 ) (-936 352 448 ) 
4 1187 1188 (-464 960 432 ) (-464 960 448 ) (-464 1024 448 ) (-464 1024 432 ) 
4 1188 1189 (-528 960 432 ) (-528 960 448 ) (-528 1024 448 ) (-528 1024 432 ) 
4 1189 1190 (-560 960 432 ) (-560 960 448 ) (-560 1024 448 ) (-560 1024 432 ) 
4 1190 1191 (-736 960 432 ) (-736 960 448 ) (-736 1024 448 ) (-736 1024 432 ) 
4 1191 1192 (-768 960 432 ) (-768 960 448 ) (-768 1024 448 ) (-768 1024 432 ) 
4 1192 1193 (-784 960 432 ) (-784 960 448 ) (-784 1024 448 ) (-784 1024 432 ) 
4 1194 1233 (-936 416 408 ) (-856 416 408 ) (-856 352 408 ) (-936 352 408 ) 
4 1195 1238 (-528 1024 272 ) (0 1024 272 ) (0 880 272 ) (-528 880 272 ) 
4 1196 1239 (0 848 272 ) (0 688 272 ) (-560 688 272 ) (-560 848 272 ) 
4 1196 1197 (-560 848 272 ) (-560 688 272 ) (-560 688 400 ) (-560 848 400 ) 
4 1197 1240 (-736 1024 272 ) (-560 1024 272 ) (-560 688 272 ) (-736 688 272 ) 
4 1198 1241 (0 656 272 ) (0 592 272 ) (-768 592 272 ) (-768 656 272 ) 
4 1198 1199 (-768 656 272 ) (-768 592 272 ) (-768 592 400 ) (-768 656 400 ) 
4 1199 1242 (-1008 1024 272 ) (-768 1024 272 ) (-768 592 272 ) (-1008 592 272 ) 
4 1200 1248 (0 320 272 ) (0 248 272 ) (-176 248 272 ) (-176 320 272 ) 
4 1200 1243 (0 568 272 ) (0 320 272 ) (-176 320 272 ) (-176 568 272 ) 
4 1200 1203 (-176 248 272 ) (0 248 272 ) (0 248 376 ) (-176 248 376 ) 
4 1200 1202 (0 248 376 ) (0 248 408 ) (-176 248 408 ) (-176 248 376 ) 
4 1200 1201 (-176 568 408 ) (-176 568 272 ) (-176 336 272 ) (-176 336 408 ) 
4 1201 1244 (-192 336 272 ) (-192 568 272 ) (-176 568 272 ) (-176 336 272 ) 
4 1201 1207 (-192 568 408 ) (-192 568 272 ) (-192 336 272 ) (-192 336 408 ) 
4 1202 1205 (-176 104 376 ) (0 104 376 ) (0 104 408 ) (-176 104 408 ) 
4 1202 1203 (0 104 376 ) (-176 104 376 ) (-176 248 376 ) (0 248 376 ) 
4 1203 1253 (0 240 272 ) (0 104 272 ) (-176 104 272 ) (-176 240 272 ) 
4 1203 1249 (0 248 272 ) (0 240 272 ) (-176 240 272 ) (-176 248 272 ) 
4 1203 1205 (-176 104 272 ) (0 104 272 ) (0 104 376 ) (-176 104 376 ) 
4 1203 1204 (-176 104 272 ) (-176 104 376 ) (-176 248 376 ) (-176 248 272 ) 
4 1204 1208 (-192 248 272 ) (-192 104 272 ) (-192 104 376 ) (-192 248 376 ) 
4 1205 1259 (0 32 272 ) (0 16 272 ) (-176 16 272 ) (-176 32 272 ) 
4 1205 1254 (0 104 272 ) (0 32 272 ) (-176 32 272 ) (-176 104 272 ) 
4 1205 1206 (-176 16 272 ) (0 16 272 ) (0 16 408 ) (-176 16 408 ) 
4 1206 1555 (0 0 272 ) (0 0 408 ) (-192 0 408 ) (-192 0 272 ) 
4 1206 1260 (-176 0 272 ) (-192 0 272 ) (-192 16 272 ) (-176 16 272 ) 
4 1206 1259 (0 16 272 ) (0 0 272 ) (-176 0 272 ) (-176 16 272 ) 
4 1206 1209 (-192 16 272 ) (-192 0 272 ) (-192 0 408 ) (-192 16 408 ) 
4 1207 1244 (-272 336 272 ) (-272 568 272 ) (-192 568 272 ) (-192 336 272 ) 
4 1207 1211 (-272 568 376 ) (-272 568 272 ) (-272 336 272 ) (-272 336 376 ) 
4 1207 1210 (-272 568 408 ) (-272 568 376 ) (-272 336 376 ) (-272 336 408 ) 
4 1208 1255 (-272 32 272 ) (-272 240 272 ) (-192 240 272 ) (-192 32 272 ) 
4 1208 1250 (-272 240 272 ) (-272 320 272 ) (-192 320 272 ) (-192 240 272 ) 
4 1208 1213 (-272 320 272 ) (-272 32 272 ) (-272 32 408 ) (-272 320 408 ) 
4 1209 1555 (-192 0 408 ) (-272 0 408 ) (-272 0 272 ) (-192 0 272 ) 
4 1209 1260 (-192 0 272 ) (-272 0 272 ) (-272 16 272 ) (-192 16 272 ) 
4 1209 1216 (-272 16 272 ) (-272 0 272 ) (-272 0 376 ) (-272 16 376 ) 
4 1209 1214 (-272 0 376 ) (-272 0 408 ) (-272 16 408 ) (-272 16 376 ) 
4 1210 1217 (-424 568 408 ) (-424 568 376 ) (-424 336 376 ) (-424 336 408 ) 
4 1210 1211 (-424 336 376 ) (-424 568 376 ) (-272 568 376 ) (-272 336 376 ) 
4 1211 1245 (-424 336 272 ) (-424 568 272 ) (-272 568 272 ) (-272 336 272 ) 
4 1211 1217 (-424 568 376 ) (-424 568 272 ) (-424 336 272 ) (-424 336 376 ) 
4 1211 1212 (-272 336 272 ) (-272 336 376 ) (-424 336 376 ) (-424 336 272 ) 
4 1212 1213 (-424 320 376 ) (-424 320 272 ) (-272 320 272 ) (-272 320 376 ) 
4 1213 1255 (-424 32 272 ) (-424 240 272 ) (-272 240 272 ) (-272 32 272 ) 
4 1213 1250 (-424 240 272 ) (-424 320 272 ) (-272 320 272 ) (-272 240 272 ) 
4 1213 1218 (-424 320 272 ) (-424 32 272 ) (-424 32 408 ) (-424 320 408 ) 
4 1213 1215 (-424 32 376 ) (-424 32 272 ) (-272 32 272 ) (-272 32 376 ) 
4 1214 1555 (-272 0 408 ) (-424 0 408 ) (-424 0 376 ) (-272 0 376 ) 
4 1214 1219 (-424 0 376 ) (-424 0 408 ) (-424 16 408 ) (-424 16 376 ) 
4 1214 1216 (-424 0 376 ) (-424 16 376 ) (-272 16 376 ) (-272 0 376 ) 
4 1215 1216 (-272 16 272 ) (-272 16 376 ) (-424 16 376 ) (-424 16 272 ) 
4 1216 1555 (-424 0 376 ) (-424 0 272 ) (-272 0 272 ) (-272 0 376 ) 
4 1216 1261 (-272 0 272 ) (-424 0 272 ) (-424 16 272 ) (-272 16 272 ) 
4 1216 1219 (-424 16 272 ) (-424 0 272 ) (-424 0 376 ) (-424 16 376 ) 
4 1217 1246 (-504 336 272 ) (-504 568 272 ) (-424 568 272 ) (-424 336 272 ) 
4 1217 1220 (-504 568 408 ) (-504 568 272 ) (-504 336 272 ) (-504 336 408 ) 
4 1218 1255 (-504 32 272 ) (-504 240 272 ) (-424 240 272 ) (-424 32 272 ) 
4 1218 1250 (-504 240 272 ) (-504 320 272 ) (-424 320 272 ) (-424 240 272 ) 
4 1218 1221 (-504 240 272 ) (-504 112 272 ) (-504 112 408 ) (-504 240 408 ) 
4 1219 1555 (-424 0 408 ) (-504 0 408 ) (-504 0 272 ) (-424 0 272 ) 
4 1219 1262 (-424 0 272 ) (-504 0 272 ) (-504 16 272 ) (-424 16 272 ) 
4 1219 1222 (-504 16 272 ) (-504 0 272 ) (-504 0 408 ) (-504 16 408 ) 
4 1220 1246 (-520 336 272 ) (-520 568 272 ) (-504 568 272 ) (-504 336 272 ) 
4 1220 1223 (-520 568 408 ) (-520 568 272 ) (-520 336 272 ) (-520 336 408 ) 
4 1221 1256 (-520 112 272 ) (-520 240 272 ) (-504 240 272 ) (-504 112 272 ) 
4 1221 1223 (-520 240 272 ) (-520 112 272 ) (-520 112 408 ) (-520 240 408 ) 
4 1222 1555 (-504 0 408 ) (-520 0 408 ) (-520 0 272 ) (-504 0 272 ) 
4 1222 1262 (-504 0 272 ) (-520 0 272 ) (-520 16 272 ) (-504 16 272 ) 
4 1222 1223 (-520 16 272 ) (-520 0 272 ) (-520 0 408 ) (-520 16 408 ) 
4 1223 1555 (-520 0 408 ) (-688 0 408 ) (-688 0 272 ) (-520 0 272 ) 
4 1223 1263 (-520 0 272 ) (-688 0 272 ) (-688 32 272 ) (-520 32 272 ) 
4 1223 1258 (-688 32 272 ) (-688 112 272 ) (-520 112 272 ) (-520 32 272 ) 
4 1223 1257 (-688 112 272 ) (-688 240 272 ) (-520 240 272 ) (-520 112 272 ) 
4 1223 1251 (-688 240 272 ) (-688 320 272 ) (-520 320 272 ) (-520 240 272 ) 
4 1223 1247 (-688 320 272 ) (-688 568 272 ) (-520 568 272 ) (-520 320 272 ) 
4 1223 1226 (-688 96 272 ) (-688 0 272 ) (-688 0 408 ) (-688 96 408 ) 
4 1223 1224 (-688 568 408 ) (-688 568 272 ) (-688 256 272 ) (-688 256 408 ) 
4 1223 1225 (-688 240 272 ) (-688 112 272 ) (-688 112 408 ) (-688 240 408 ) 
4 1224 1252 (-776 256 272 ) (-776 320 272 ) (-688 320 272 ) (-688 256 272 ) 
4 1224 1247 (-776 320 272 ) (-776 568 272 ) (-688 568 272 ) (-688 320 272 ) 
4 1224 1227 (-776 472 320 ) (-776 312 320 ) (-776 312 392 ) (-776 472 392 ) 
4 1225 1264 (-776 112 272 ) (-776 240 272 ) (-688 240 272 ) (-688 112 272 ) 
4 1225 1228 (-776 240 272 ) (-776 112 272 ) (-776 112 408 ) (-776 240 408 ) 
4 1226 1555 (-688 0 408 ) (-776 0 408 ) (-776 0 272 ) (-688 0 272 ) 
4 1226 1265 (-688 0 272 ) (-776 0 272 ) (-776 96 272 ) (-688 96 272 ) 
4 1227 1229 (-784 472 320 ) (-784 312 320 ) (-784 312 392 ) (-784 472 392 ) 
4 1228 1264 (-784 112 272 ) (-784 240 272 ) (-776 240 272 ) (-776 112 272 ) 
4 1228 1230 (-784 240 272 ) (-784 112 272 ) (-784 112 408 ) (-784 240 408 ) 
4 1229 1236 (-800 352 320 ) (-800 312 320 ) (-800 312 392 ) (-800 352 392 ) 
4 1229 1232 (-800 416 320 ) (-800 352 320 ) (-800 352 392 ) (-800 416 392 ) 
4 1229 1231 (-800 472 320 ) (-800 416 320 ) (-800 416 392 ) (-800 472 392 ) 
4 1230 1567 (-784 0 408 ) (-800 0 408 ) (-800 0 272 ) (-784 0 272 ) 
4 1230 1267 (-784 0 272 ) (-800 0 272 ) (-800 264 272 ) (-784 264 272 ) 
4 1230 1237 (-800 264 272 ) (-800 0 272 ) (-800 0 408 ) (-800 264 408 ) 
4 1231 1266 (-1008 496 272 ) (-800 496 272 ) (-800 416 272 ) (-1008 416 272 ) 
4 1231 1235 (-1008 416 272 ) (-936 416 272 ) (-936 416 400 ) (-1008 416 400 ) 
4 1231 1234 (-936 416 272 ) (-856 416 272 ) (-856 416 400 ) (-936 416 400 ) 
4 1231 1232 (-856 416 272 ) (-800 416 272 ) (-800 416 400 ) (-856 416 400 ) 
4 1232 1266 (-856 416 272 ) (-800 416 272 ) (-800 352 272 ) (-856 352 272 ) 
4 1232 1236 (-856 352 272 ) (-800 352 272 ) (-800 352 400 ) (-856 352 400 ) 
4 1232 1234 (-856 416 400 ) (-856 416 272 ) (-856 352 272 ) (-856 352 400 ) 
4 1233 1234 (-936 352 400 ) (-936 416 400 ) (-856 416 400 ) (-856 352 400 ) 
4 1234 1266 (-936 416 272 ) (-856 416 272 ) (-856 352 272 ) (-936 352 272 ) 
4 1234 1236 (-936 352 272 ) (-856 352 272 ) (-856 352 400 ) (-936 352 400 ) 
4 1234 1235 (-936 416 400 ) (-936 416 272 ) (-936 352 272 ) (-936 352 400 ) 
4 1235 1266 (-1008 416 272 ) (-936 416 272 ) (-936 352 272 ) (-1008 352 272 ) 
4 1235 1236 (-1008 352 272 ) (-936 352 272 ) (-936 352 400 ) (-1008 352 400 ) 
4 1236 1266 (-1008 352 272 ) (-800 352 272 ) (-800 288 272 ) (-1008 288 272 ) 
4 1237 1569 (-1008 0 408 ) (-1016 0 408 ) (-1016 0 272 ) (-1008 0 272 ) 
4 1237 1567 (-800 0 408 ) (-1008 0 408 ) (-1008 0 272 ) (-800 0 272 ) 
4 1237 1267 (-800 0 272 ) (-1016 0 272 ) (-1016 264 272 ) (-800 264 272 ) 
4 1239 1240 (-560 688 240 ) (-560 688 272 ) (-560 848 272 ) (-560 848 240 ) 
4 1241 1242 (-768 592 240 ) (-768 592 272 ) (-768 656 272 ) (-768 656 240 ) 
4 1243 1248 (-176 320 232 ) (0 320 232 ) (0 320 272 ) (-176 320 272 ) 
4 1243 1244 (-176 568 272 ) (-176 568 232 ) (-176 336 232 ) (-176 336 272 ) 
4 1244 1245 (-272 568 272 ) (-272 568 232 ) (-272 336 232 ) (-272 336 272 ) 
4 1245 1246 (-424 568 272 ) (-424 568 232 ) (-424 336 232 ) (-424 336 272 ) 
4 1246 1247 (-520 568 272 ) (-520 568 232 ) (-520 336 232 ) (-520 336 272 ) 
4 1247 1252 (-776 320 232 ) (-688 320 232 ) (-688 320 272 ) (-776 320 272 ) 
4 1247 1251 (-688 320 232 ) (-520 320 232 ) (-520 320 272 ) (-688 320 272 ) 
4 1248 1249 (-176 248 232 ) (0 248 232 ) (0 248 272 ) (-176 248 272 ) 
4 1249 1253 (-176 240 232 ) (0 240 232 ) (0 240 272 ) (-176 240 272 ) 
4 1250 1255 (-504 240 232 ) (-192 240 232 ) (-192 240 272 ) (-504 240 272 ) 
4 1251 1257 (-688 240 232 ) (-520 240 232 ) (-520 240 272 ) (-688 240 272 ) 
4 1251 1252 (-688 320 272 ) (-688 320 232 ) (-688 256 232 ) (-688 256 272 ) 
4 1253 1254 (-176 104 232 ) (0 104 232 ) (0 104 272 ) (-176 104 272 ) 
4 1254 1259 (-176 32 232 ) (0 32 232 ) (0 32 272 ) (-176 32 272 ) 
4 1255 1256 (-504 240 272 ) (-504 240 232 ) (-504 112 232 ) (-504 112 272 ) 
4 1256 1257 (-520 240 272 ) (-520 240 232 ) (-520 112 232 ) (-520 112 272 ) 
4 1257 1264 (-688 240 272 ) (-688 240 232 ) (-688 112 232 ) (-688 112 272 ) 
4 1257 1258 (-688 112 272 ) (-688 112 232 ) (-520 112 232 ) (-520 112 272 ) 
4 1258 1265 (-688 96 232 ) (-688 32 232 ) (-688 32 272 ) (-688 96 272 ) 
4 1258 1263 (-688 32 272 ) (-688 32 232 ) (-520 32 232 ) (-520 32 272 ) 
4 1259 1555 (0 0 232 ) (0 0 272 ) (-176 0 272 ) (-176 0 232 ) 
4 1259 1260 (-176 16 232 ) (-176 0 232 ) (-176 0 272 ) (-176 16 272 ) 
4 1260 1555 (-176 0 272 ) (-272 0 272 ) (-272 0 232 ) (-176 0 232 ) 
4 1260 1261 (-272 16 232 ) (-272 0 232 ) (-272 0 272 ) (-272 16 272 ) 
4 1261 1555 (-272 0 272 ) (-424 0 272 ) (-424 0 232 ) (-272 0 232 ) 
4 1261 1262 (-424 16 232 ) (-424 0 232 ) (-424 0 272 ) (-424 16 272 ) 
4 1262 1555 (-424 0 272 ) (-520 0 272 ) (-520 0 232 ) (-424 0 232 ) 
4 1262 1263 (-520 16 232 ) (-520 0 232 ) (-520 0 272 ) (-520 16 272 ) 
4 1263 1555 (-520 0 272 ) (-688 0 272 ) (-688 0 232 ) (-520 0 232 ) 
4 1263 1265 (-688 32 232 ) (-688 0 232 ) (-688 0 272 ) (-688 32 272 ) 
4 1264 1267 (-784 240 232 ) (-784 112 232 ) (-784 112 272 ) (-784 240 272 ) 
4 1265 1555 (-688 0 272 ) (-776 0 272 ) (-776 0 232 ) (-688 0 232 ) 
4 1266 1281 (-800 488 232 ) (-800 288 232 ) (-1008 288 232 ) (-1008 488 232 ) 
4 1266 1275 (-1008 496 232 ) (-800 496 232 ) (-800 488 232 ) (-1008 488 232 ) 
4 1267 1569 (-1008 0 272 ) (-1016 0 272 ) (-1016 0 232 ) (-1008 0 232 ) 
4 1267 1567 (-784 0 272 ) (-1008 0 272 ) (-1008 0 232 ) (-784 0 232 ) 
4 1268 1285 (-128 1024 88 ) (0 1024 88 ) (0 1008 88 ) (-128 1008 88 ) 
4 1268 1269 (-128 1008 88 ) (0 1008 88 ) (0 1008 120 ) (-128 1008 120 ) 
4 1269 1287 (0 1008 88 ) (0 488 88 ) (-352 488 88 ) (-352 1008 88 ) 
4 1269 1276 (-352 488 88 ) (0 488 88 ) (0 488 208 ) (-352 488 208 ) 
4 1270 1272 (-1008 1016 128 ) (-944 1016 128 ) (-944 1016 216 ) (-1008 1016 216 ) 
4 1270 1271 (-1008 1024 128 ) (-1008 1016 128 ) (-1008 1016 216 ) (-1008 1024 216 ) 
4 1271 1272 (-1016 1016 216 ) (-1016 1016 128 ) (-1008 1016 128 ) (-1008 1016 216 ) 
4 1272 1293 (-384 1008 88 ) (-384 568 88 ) (-1016 568 88 ) (-1016 1008 88 ) 
4 1272 1292 (-944 1008 88 ) (-1016 1008 88 ) (-1016 1016 88 ) (-944 1016 88 ) 
4 1272 1290 (-864 1008 88 ) (-944 1008 88 ) (-944 1016 88 ) (-864 1016 88 ) 
4 1272 1289 (-384 1016 88 ) (-384 1008 88 ) (-864 1008 88 ) (-864 1016 88 ) 
4 1272 1273 (-1016 568 216 ) (-1016 568 88 ) (-384 568 88 ) (-384 568 216 ) 
4 1273 1293 (-384 568 88 ) (-384 536 88 ) (-1016 536 88 ) (-1016 568 88 ) 
4 1273 1274 (-752 536 88 ) (-384 536 88 ) (-384 536 216 ) (-752 536 216 ) 
4 1274 1302 (-384 496 88 ) (-384 488 88 ) (-752 488 88 ) (-752 496 88 ) 
4 1274 1301 (-512 496 88 ) (-752 496 88 ) (-752 528 88 ) (-512 528 88 ) 
4 1274 1299 (-464 496 88 ) (-512 496 88 ) (-512 528 88 ) (-464 528 88 ) 
4 1274 1298 (-384 528 88 ) (-384 496 88 ) (-464 496 88 ) (-464 528 88 ) 
4 1274 1295 (-384 536 88 ) (-384 528 88 ) (-752 528 88 ) (-752 536 88 ) 
4 1274 1278 (-464 488 88 ) (-424 488 88 ) (-424 488 144 ) (-464 488 144 ) 
4 1275 1313 (-800 488 88 ) (-1008 488 88 ) (-1008 496 88 ) (-800 496 88 ) 
4 1275 1281 (-1008 488 88 ) (-800 488 88 ) (-800 488 232 ) (-1008 488 232 ) 
4 1276 1556 (0 0 88 ) (0 0 208 ) (-352 0 208 ) (-352 0 88 ) 
4 1276 1287 (0 488 88 ) (0 0 88 ) (-352 0 88 ) (-352 488 88 ) 
4 1276 1277 (-352 56 88 ) (-352 0 88 ) (-352 0 144 ) (-352 56 144 ) 
4 1277 1288 (-352 0 88 ) (-368 0 88 ) (-368 56 88 ) (-352 56 88 ) 
4 1277 1280 (-368 56 88 ) (-368 0 88 ) (-368 0 144 ) (-368 56 144 ) 
4 1278 1306 (-464 488 88 ) (-424 488 88 ) (-424 472 88 ) (-464 472 88 ) 
4 1278 1279 (-464 472 88 ) (-424 472 88 ) (-424 472 144 ) (-464 472 144 ) 
4 1279 1314 (-760 72 88 ) (-760 288 88 ) (-376 288 88 ) (-376 72 88 ) 
4 1279 1310 (-760 288 88 ) (-760 472 88 ) (-384 472 88 ) (-384 288 88 ) 
4 1279 1309 (-384 472 88 ) (-376 472 88 ) (-376 288 88 ) (-384 288 88 ) 
4 1279 1282 (-760 232 88 ) (-760 160 88 ) (-760 160 144 ) (-760 232 144 ) 
4 1280 1315 (-368 0 88 ) (-760 0 88 ) (-760 56 88 ) (-368 56 88 ) 
4 1280 1284 (-760 56 88 ) (-760 0 88 ) (-760 0 144 ) (-760 56 144 ) 
4 1281 1313 (-1008 488 88 ) (-800 488 88 ) (-800 288 88 ) (-1008 288 88 ) 
4 1282 1316 (-760 232 88 ) (-760 160 88 ) (-960 160 88 ) (-960 232 88 ) 
4 1282 1283 (-880 160 144 ) (-960 160 144 ) (-960 160 88 ) (-880 160 88 ) 
4 1283 1317 (-880 56 88 ) (-960 56 88 ) (-960 160 88 ) (-880 160 88 ) 
4 1283 1284 (-960 56 88 ) (-880 56 88 ) (-880 56 144 ) (-960 56 144 ) 
4 1284 1571 (-1024 0 144 ) (-1024 0 88 ) (-1016 0 88 ) (-1016 0 144 ) 
4 1284 1570 (-1016 0 88 ) (-1008 0 88 ) (-1008 0 144 ) (-1016 0 144 ) 
4 1284 1568 (-1008 0 88 ) (-984 0 88 ) (-984 0 144 ) (-1008 0 144 ) 
4 1284 1325 (-1024 56 88 ) (-1024 16 88 ) (-1024 16 144 ) (-1024 56 144 ) 
4 1284 1318 (-760 0 88 ) (-1024 0 88 ) (-1024 56 88 ) (-760 56 88 ) 
4 1285 1287 (0 1008 8 ) (0 1008 88 ) (-128 1008 88 ) (-128 1008 8 ) 
4 1286 1287 (-160 1008 -224 ) (-160 1008 -16 ) (-304 1008 -16 ) (-304 1008 -224 ) 
4 1287 1575 (0 0 -224 ) (0 0 88 ) (-352 0 88 ) (-352 0 -224 ) 
4 1287 1288 (-352 0 32 ) (-352 0 88 ) (-352 56 88 ) (-352 56 32 ) 
4 1288 1315 (-368 0 32 ) (-368 0 88 ) (-368 56 88 ) (-368 56 32 ) 
4 1289 1293 (-384 1008 88 ) (-864 1008 88 ) (-864 1008 32 ) (-384 1008 32 ) 
4 1289 1290 (-864 1008 32 ) (-864 1008 88 ) (-864 1016 88 ) (-864 1016 32 ) 
4 1290 1293 (-864 1008 88 ) (-944 1008 88 ) (-944 1008 32 ) (-864 1008 32 ) 
4 1290 1292 (-944 1008 32 ) (-944 1008 88 ) (-944 1016 88 ) (-944 1016 32 ) 
4 1291 1294 (-944 1008 -112 ) (-944 1008 -224 ) (-864 1008 -224 ) (-864 1008 -112 ) 
4 1292 1293 (-944 1008 32 ) (-944 1008 88 ) (-1016 1008 88 ) (-1016 1008 32 ) 
4 1293 1295 (-384 536 32 ) (-384 536 88 ) (-752 536 88 ) (-752 536 32 ) 
4 1294 1319 (-1008 1008 -320 ) (-384 1008 -320 ) (-384 536 -320 ) (-1008 536 -320 ) 
4 1294 1297 (-1008 536 -320 ) (-752 536 -320 ) (-752 536 -16 ) (-1008 536 -16 ) 
4 1294 1296 (-752 536 -320 ) (-384 536 -320 ) (-384 536 -16 ) (-752 536 -16 ) 
4 1295 1301 (-512 528 88 ) (-752 528 88 ) (-752 528 32 ) (-512 528 32 ) 
4 1295 1299 (-464 528 88 ) (-512 528 88 ) (-512 528 32 ) (-464 528 32 ) 
4 1295 1298 (-384 528 32 ) (-384 528 88 ) (-464 528 88 ) (-464 528 32 ) 
4 1296 1319 (-752 536 -320 ) (-384 536 -320 ) (-384 528 -320 ) (-752 528 -320 ) 
4 1296 1300 (-464 528 -224 ) (-464 528 -128 ) (-512 528 -128 ) (-512 528 -224 ) 
4 1296 1297 (-752 536 -16 ) (-752 536 -320 ) (-752 528 -320 ) (-752 528 -16 ) 
4 1297 1319 (-1008 536 -320 ) (-752 536 -320 ) (-752 528 -320 ) (-1008 528 -320 ) 
4 1298 1302 (-384 496 32 ) (-384 496 88 ) (-464 496 88 ) (-464 496 32 ) 
4 1298 1299 (-464 528 88 ) (-464 528 32 ) (-464 496 32 ) (-464 496 88 ) 
4 1299 1302 (-464 496 32 ) (-464 496 88 ) (-512 496 88 ) (-512 496 32 ) 
4 1299 1301 (-512 528 88 ) (-512 528 32 ) (-512 496 32 ) (-512 496 88 ) 
4 1300 1303 (-464 496 -224 ) (-464 496 -128 ) (-512 496 -128 ) (-512 496 -224 ) 
4 1301 1302 (-512 496 32 ) (-512 496 88 ) (-752 496 88 ) (-752 496 32 ) 
4 1302 1306 (-424 488 88 ) (-464 488 88 ) (-464 488 64 ) (-424 488 64 ) 
4 1303 1308 (-464 488 -112 ) (-752 488 -112 ) (-752 488 -224 ) (-464 488 -224 ) 
4 1303 1307 (-424 488 -112 ) (-464 488 -112 ) (-464 488 -224 ) (-424 488 -224 ) 
4 1303 1305 (-384 488 -224 ) (-384 488 -112 ) (-424 488 -112 ) (-424 488 -224 ) 
4 1303 1304 (-752 496 -112 ) (-752 496 -224 ) (-752 488 -224 ) (-752 488 -112 ) 
4 1304 1312 (-760 496 -112 ) (-760 496 -224 ) (-760 488 -224 ) (-760 488 -112 ) 
4 1304 1308 (-760 488 -112 ) (-760 488 -224 ) (-752 488 -224 ) (-752 488 -112 ) 
4 1305 1311 (-384 472 -224 ) (-384 472 -112 ) (-424 472 -112 ) (-424 472 -224 ) 
4 1305 1307 (-424 488 -112 ) (-424 488 -224 ) (-424 472 -224 ) (-424 472 -112 ) 
4 1306 1310 (-424 472 64 ) (-424 472 88 ) (-464 472 88 ) (-464 472 64 ) 
4 1307 1311 (-424 472 -224 ) (-424 472 -112 ) (-464 472 -112 ) (-464 472 -224 ) 
4 1307 1308 (-464 488 -112 ) (-464 488 -224 ) (-464 472 -224 ) (-464 472 -112 ) 
4 1308 1312 (-760 472 -224 ) (-760 472 -112 ) (-760 488 -112 ) (-760 488 -224 ) 
4 1308 1311 (-760 472 -112 ) (-760 472 -224 ) (-464 472 -224 ) (-464 472 -112 ) 
4 1309 1314 (-376 288 32 ) (-376 288 88 ) (-384 288 88 ) (-384 288 32 ) 
4 1309 1310 (-384 472 88 ) (-384 472 32 ) (-384 288 32 ) (-384 288 88 ) 
4 1310 1314 (-384 288 32 ) (-384 288 88 ) (-760 288 88 ) (-760 288 32 ) 
4 1311 1312 (-760 288 -224 ) (-760 288 -112 ) (-760 472 -112 ) (-760 472 -224 ) 
4 1312 1313 (-800 496 -112 ) (-800 496 -224 ) (-800 288 -224 ) (-800 288 -112 ) 
4 1313 1321 (-1008 496 -320 ) (-800 496 -320 ) (-800 288 -320 ) (-1008 288 -320 ) 
4 1314 1316 (-760 232 32 ) (-760 160 32 ) (-760 160 88 ) (-760 232 88 ) 
4 1315 1318 (-760 0 32 ) (-760 0 88 ) (-760 56 88 ) (-760 56 32 ) 
4 1316 1317 (-960 160 88 ) (-960 160 32 ) (-880 160 32 ) (-880 160 88 ) 
4 1317 1318 (-880 56 32 ) (-880 56 88 ) (-960 56 88 ) (-960 56 32 ) 
4 1318 1577 (-984 0 88 ) (-1024 0 88 ) (-1024 0 32 ) (-984 0 32 ) 
4 1318 1338 (-1024 16 88 ) (-1024 56 88 ) (-1024 56 32 ) (-1024 16 32 ) 
4 1322 1329 (-1040 256 896 ) (-1040 56 896 ) (-1040 56 992 ) (-1040 256 992 ) 
4 1323 1329 (-1040 408 688 ) (-1040 364 688 ) (-1040 364 748 ) (-1040 408 748 ) 
4 1324 1329 (-1040 76 688 ) (-1040 36 688 ) (-1040 36 748 ) (-1040 76 748 ) 
4 1325 1338 (-1024 56 88 ) (-1024 16 88 ) (-1040 16 88 ) (-1040 56 88 ) 
4 1325 1329 (-1040 56 88 ) (-1040 16 88 ) (-1040 16 144 ) (-1040 56 144 ) 
4 1326 1331 (-1328 1008 896 ) (-1488 1008 896 ) (-1488 1008 784 ) (-1328 1008 784 ) 
4 1326 1329 (-1088 1008 896 ) (-1328 1008 896 ) (-1328 1008 784 ) (-1088 1008 784 ) 
4 1327 1336 (-1760 1008 520 ) (-2000 1008 520 ) (-2000 1008 456 ) (-1760 1008 456 ) 
4 1328 1330 (-1328 1008 2032 ) (-1328 1008 1040 ) (-1328 16 1040 ) (-1328 16 2032 ) 
4 1329 1339 (-1328 1008 88 ) (-1040 1008 88 ) (-1040 16 88 ) (-1328 16 88 ) 
4 1329 1334 (-1328 304 88 ) (-1328 16 88 ) (-1328 16 1008 ) (-1328 304 1008 ) 
4 1329 1333 (-1328 720 88 ) (-1328 304 88 ) (-1328 304 1008 ) (-1328 720 1008 ) 
4 1329 1331 (-1328 1008 1008 ) (-1328 1008 88 ) (-1328 720 88 ) (-1328 720 1008 ) 
4 1330 1335 (-1744 1008 2032 ) (-1744 1008 1040 ) (-1744 16 1040 ) (-1744 16 2032 ) 
4 1330 1332 (-1744 304 1040 ) (-1744 720 1040 ) (-1328 720 1040 ) (-1328 304 1040 ) 
4 1331 1339 (-1744 1008 88 ) (-1328 1008 88 ) (-1328 720 88 ) (-1744 720 88 ) 
4 1331 1336 (-1744 1008 1008 ) (-1744 1008 88 ) (-1744 720 88 ) (-1744 720 1008 ) 
4 1331 1333 (-1328 720 88 ) (-1328 720 1008 ) (-1744 720 1008 ) (-1744 720 88 ) 
4 1332 1333 (-1328 304 1008 ) (-1744 304 1008 ) (-1744 720 1008 ) (-1328 720 1008 ) 
4 1333 1339 (-1328 720 88 ) (-1328 304 88 ) (-1744 304 88 ) (-1744 720 88 ) 
4 1333 1336 (-1744 720 88 ) (-1744 304 88 ) (-1744 304 1008 ) (-1744 720 1008 ) 
4 1333 1334 (-1328 304 88 ) (-1328 304 1008 ) (-1744 304 1008 ) (-1744 304 88 ) 
4 1334 1339 (-1328 304 88 ) (-1328 16 88 ) (-1744 16 88 ) (-1744 304 88 ) 
4 1334 1337 (-1648 16 272 ) (-1648 16 392 ) (-1744 16 392 ) (-1744 16 272 ) 
4 1334 1336 (-1744 304 88 ) (-1744 16 88 ) (-1744 16 1008 ) (-1744 304 1008 ) 
4 1336 1339 (-2032 1008 88 ) (-1744 1008 88 ) (-1744 16 88 ) (-2032 16 88 ) 
4 1336 1337 (-1744 16 272 ) (-1744 16 392 ) (-1968 16 392 ) (-1968 16 272 ) 
4 1337 1660 (-1968 0 392 ) (-1968 0 272 ) (-1648 0 272 ) (-1648 0 392 ) 
4 1338 1339 (-1040 16 88 ) (-1040 56 88 ) (-1040 56 32 ) (-1040 16 32 ) 
4 1340 1341 (-2048 4096 432 ) (-2048 4096 664 ) (-2547.388916 4096 664 ) (-2547.388916 4096 432 ) 
4 1341 1344 (-2241.890625 3072 664 ) (-2328.887939 3072 664 ) (-2328.887939 3072 432 ) (-2241.890625 3072 432 ) 
4 1341 1343 (-2328.887939 3072 664 ) (-3072 3072 664 ) (-3072 3072 432 ) (-2328.887939 3072 432 ) 
4 1341 1342 (-3072 3072 432 ) (-3072 3072 664 ) (-3072 3714.848389 664 ) (-3072 3714.848389 432 ) 
4 1342 1345 (-3072 3072 432 ) (-3072 3072 664 ) (-3574.837402 3072 664 ) (-3574.837402 3072 432 ) 
4 1343 1345 (-3072 3072 664 ) (-3072 3072 432 ) (-3072 2049.191162 432 ) (-3072 2049.191162 664 ) 
4 1343 1344 (-2426.147949 2938.129395 432 ) (-2328.885742 3072 432 ) (-2328.884766 3072 664 ) (-2426.146484 2938.130615 664 ) 
4 1345 1351 (-3072.865479 2048 664 ) (-3137.760010 2048 664 ) (-3137.760010 2048 432 ) (-3072.865479 2048 432 ) 
4 1345 1350 (-3137.760010 2048 664 ) (-4096 2048 664 ) (-4096 2048 432 ) (-3137.760010 2048 432 ) 
4 1345 1346 (-4096 2048 432 ) (-4096 2048 664 ) (-4096 2354.679688 664 ) (-4096 2354.679688 432 ) 
4 1346 1363 (-4096 2048 432 ) (-4096 2048 664 ) (-4197.639160 2048 664 ) (-4197.639648 2048 432 ) 
4 1347 1348 (-2920 1056 624 ) (-2920 1056 560 ) (-2872 1056 560 ) (-2872 1056 624 ) 
4 1348 1349 (-2872 1040 560 ) (-2872 1040 624 ) (-2920 1040 624 ) (-2920 1040 560 ) 
4 1349 1355 (-2872 1024 544 ) (-2872 1024 624 ) (-2920 1024 624 ) (-2920 1024 544 ) 
4 1350 1363 (-4096 2048 664 ) (-4096 2048 432 ) (-4096 1024 432 ) (-4096 1024 664 ) 
4 1350 1361 (-3470.482666 1024 664 ) (-4096 1024 664 ) (-4096 1024 432 ) (-3470.482666 1024 432 ) 
4 1350 1351 (-3190.264160 1886.414307 432 ) (-3137.760742 2048 432 ) (-3137.759277 2048 664 ) (-3190.260986 1886.418335 664 ) 
4 1352 1354 (-2720 960 656 ) (-2720 960 544 ) (-2720 896 544 ) (-2720 896 656 ) 
4 1352 1353 (-2480 848 544 ) (-2352 848 544 ) (-2352 848 752 ) (-2480 848 752 ) 
4 1354 1360 (-2736 896 544 ) (-2736 896 656 ) (-2736 960 656 ) (-2736 960 544 ) 
4 1355 1360 (-2872 1008 544 ) (-2872 1008 624 ) (-2920 1008 624 ) (-2920 1008 544 ) 
4 1356 1359 (-3056 1008 976 ) (-2936 1008 976 ) (-2936 512 976 ) (-3056 512 976 ) 
4 1356 1358 (-2936 1008 976 ) (-2856 1008 976 ) (-2856 512 976 ) (-2936 512 976 ) 
4 1356 1357 (-2856 1008 976 ) (-2736 1008 976 ) (-2736 512 976 ) (-2856 512 976 ) 
4 1357 1360 (-2856 1008 728 ) (-2736 1008 728 ) (-2736 512 728 ) (-2856 512 728 ) 
4 1357 1358 (-2856 1008 728 ) (-2856 512 728 ) (-2856 512 976 ) (-2856 1008 976 ) 
4 1358 1360 (-2936 1008 728 ) (-2856 1008 728 ) (-2856 512 728 ) (-2936 512 728 ) 
4 1358 1359 (-2936 1008 728 ) (-2936 512 728 ) (-2936 512 976 ) (-2936 1008 976 ) 
4 1359 1360 (-3056 1008 728 ) (-2936 1008 728 ) (-2936 512 728 ) (-3056 512 728 ) 
4 1361 1680 (-3803.205566 0 664 ) (-4096 0 664 ) (-4096 0 432 ) (-3803.205566 0 432 ) 
4 1361 1364 (-4096 0 432 ) (-4096 0 664 ) (-4096 1024 664 ) (-4096 1024 432 ) 
4 1361 1362 (-3803.205078 0 432 ) (-3592 650.013306 432 ) (-3592 650.011353 664 ) (-3803.204590 0 664 ) 
4 1362 1681 (-3592 0 664 ) (-3803.205566 0 664 ) (-3803.205566 0 432 ) (-3592 0 432 ) 
4 1363 1364 (-4096 1024 432 ) (-4096 1024 664 ) (-4530.354492 1024 664 ) (-4530.354980 1024 432 ) 
4 1364 1687 (-4096 0 432 ) (-4096 0 664 ) (-4600 0 664 ) (-4600 0 432 ) 
4 1365 1394 (1024 0 3056 ) (1024 0 1232 ) (1024 -256 1232 ) (1024 -256 3056 ) 
4 1365 1366 (1024 -256 1232 ) (1024 0 1232 ) (2032 0 1232 ) (2032 -256 1232 ) 
4 1366 1394 (1024 0 1232 ) (1024 0 1176 ) (1024 -256 1176 ) (1024 -256 1232 ) 
4 1366 1383 (1024 -256 1176 ) (1024 0 1176 ) (2032 0 1176 ) (2032 -256 1176 ) 
4 1366 1379 (1024 -256 1176 ) (1040 -256 1176 ) (1040 -256 1232 ) (1024 -256 1232 ) 
4 1366 1376 (1088 -256 1176 ) (1136 -256 1176 ) (1136 -256 1232 ) (1088 -256 1232 ) 
4 1366 1373 (1184 -256 1176 ) (1232 -256 1176 ) (1232 -256 1232 ) (1184 -256 1232 ) 
4 1366 1370 (1280 -256 1176 ) (1328 -256 1176 ) (1328 -256 1232 ) (1280 -256 1232 ) 
4 1366 1367 (1376 -256 1176 ) (1424 -256 1176 ) (1424 -256 1232 ) (1376 -256 1232 ) 
4 1367 1368 (1376 -257 1232 ) (1376 -257 1176 ) (1424 -257 1176 ) (1424 -257 1232 ) 
4 1368 1369 (1376 -259 1232 ) (1376 -259 1176 ) (1424 -259 1176 ) (1424 -259 1232 ) 
4 1369 1382 (1376 -288 1176 ) (1424 -288 1176 ) (1424 -288 1232 ) (1376 -288 1232 ) 
4 1370 1371 (1280 -257 1232 ) (1280 -257 1176 ) (1328 -257 1176 ) (1328 -257 1232 ) 
4 1371 1372 (1280 -259 1232 ) (1280 -259 1176 ) (1328 -259 1176 ) (1328 -259 1232 ) 
4 1372 1382 (1280 -288 1176 ) (1328 -288 1176 ) (1328 -288 1232 ) (1280 -288 1232 ) 
4 1373 1374 (1184 -257 1232 ) (1184 -257 1176 ) (1232 -257 1176 ) (1232 -257 1232 ) 
4 1374 1375 (1184 -259 1232 ) (1184 -259 1176 ) (1232 -259 1176 ) (1232 -259 1232 ) 
4 1375 1382 (1184 -288 1176 ) (1232 -288 1176 ) (1232 -288 1232 ) (1184 -288 1232 ) 
4 1376 1377 (1088 -257 1232 ) (1088 -257 1176 ) (1136 -257 1176 ) (1136 -257 1232 ) 
4 1377 1378 (1088 -259 1232 ) (1088 -259 1176 ) (1136 -259 1176 ) (1136 -259 1232 ) 
4 1378 1382 (1088 -288 1176 ) (1136 -288 1176 ) (1136 -288 1232 ) (1088 -288 1232 ) 
4 1379 1395 (1024 -256 1176 ) (1024 -257 1176 ) (1024 -257 1232 ) (1024 -256 1232 ) 
4 1379 1380 (1024 -257 1176 ) (1040 -257 1176 ) (1040 -257 1232 ) (1024 -257 1232 ) 
4 1380 1396 (1024 -257 1176 ) (1024 -259 1176 ) (1024 -259 1232 ) (1024 -257 1232 ) 
4 1380 1381 (1024 -259 1176 ) (1040 -259 1176 ) (1040 -259 1232 ) (1024 -259 1232 ) 
4 1381 1397 (1024 -259 1176 ) (1024 -288 1176 ) (1024 -288 1232 ) (1024 -259 1232 ) 
4 1381 1382 (1024 -288 1176 ) (1040 -288 1176 ) (1040 -288 1232 ) (1024 -288 1232 ) 
4 1382 1398 (1024 -288 1176 ) (1024 -400 1176 ) (1024 -400 1232 ) (1024 -288 1232 ) 
4 1382 1384 (1024 -400 1176 ) (1024 -288 1176 ) (1472 -288 1176 ) (1472 -400 1176 ) 
4 1383 1416 (1024 0 1024 ) (1024 0 816 ) (1024 -256 816 ) (1024 -256 1024 ) 
4 1383 1394 (1024 0 1176 ) (1024 0 1024 ) (1024 -256 1024 ) (1024 -256 1176 ) 
4 1384 1398 (1024 -400 1040 ) (1024 -400 1176 ) (1024 -288 1176 ) (1024 -288 1040 ) 
4 1385 1387 (1048 -312 416 ) (1944 -312 416 ) (1944 -312 776 ) (1048 -312 776 ) 
4 1386 1393 (1040 0 400 ) (1040 0 240 ) (1040 -48 240 ) (1040 -48 400 ) 
4 1387 1388 (1048 -312 540 ) (1048 -312 424 ) (1048 -480 424 ) (1048 -480 540 ) 
4 1388 1390 (1040 -480 424 ) (1040 -480 540 ) (1040 -312 540 ) (1040 -312 424 ) 
4 1389 1391 (1032 -176 624 ) (1032 -176 784 ) (1032 0 784 ) (1032 0 624 ) 
4 1390 1392 (1032 -480 424 ) (1032 -480 540 ) (1032 -312 540 ) (1032 -312 424 ) 
4 1391 1428 (1024 0 784 ) (1024 0 624 ) (1024 -176 624 ) (1024 -176 784 ) 
4 1392 1449 (1024 -616 424 ) (1024 -616 600 ) (1024 -488 600 ) (1024 -488 424 ) 
4 1392 1448 (1024 -312 432 ) (1024 -312 424 ) (1024 -488 424 ) (1024 -488 432 ) 
4 1392 1446 (1024 -312 592 ) (1024 -312 432 ) (1024 -488 432 ) (1024 -488 592 ) 
4 1392 1445 (1024 -488 600 ) (1024 -312 600 ) (1024 -312 592 ) (1024 -488 592 ) 
4 1392 1444 (1024 -312 600 ) (1024 -296 600 ) (1024 -296 424 ) (1024 -312 424 ) 
4 1393 1472 (1024 0 400 ) (1024 0 240 ) (1024 -48 240 ) (1024 -48 400 ) 
4 1394 1416 (736 0 1024 ) (1024 0 1024 ) (1024 -256 1024 ) (736 -256 1024 ) 
4 1394 1395 (1024 -256 1176 ) (1024 -256 1232 ) (992 -256 1232 ) (992 -256 1176 ) 
4 1395 1396 (992 -257 1232 ) (992 -257 1176 ) (1024 -257 1176 ) (1024 -257 1232 ) 
4 1396 1397 (992 -259 1232 ) (992 -259 1176 ) (1024 -259 1176 ) (1024 -259 1232 ) 
4 1397 1398 (992 -288 1176 ) (1024 -288 1176 ) (1024 -288 1232 ) (992 -288 1232 ) 
4 1398 1400 (720 -320 1040 ) (720 -368 1040 ) (720 -368 1136 ) (720 -320 1136 ) 
4 1398 1399 (992 -400 1040 ) (720 -400 1040 ) (720 -288 1040 ) (992 -288 1040 ) 
4 1399 1417 (720 -400 1024 ) (720 -288 1024 ) (992 -288 1024 ) (992 -400 1024 ) 
4 1400 1402 (704 -368 1136 ) (704 -320 1136 ) (704 -320 1040 ) (704 -368 1040 ) 
4 1401 1403 (496 -288 1136 ) (496 -240 1136 ) (496 -240 1040 ) (496 -288 1040 ) 
4 1401 1402 (496 -288 1040 ) (592 -288 1040 ) (592 -288 1136 ) (496 -288 1136 ) 
4 1402 1403 (496 -320 1136 ) (496 -288 1136 ) (496 -288 1040 ) (496 -320 1040 ) 
4 1403 1404 (480 -240 1136 ) (480 -240 1040 ) (480 -320 1040 ) (480 -320 1136 ) 
4 1404 1406 (192 -256 1024 ) (192 -320 1024 ) (192 -320 1136 ) (192 -256 1136 ) 
4 1404 1405 (480 -320 1216 ) (192 -320 1216 ) (192 -320 1024 ) (480 -320 1024 ) 
4 1405 1414 (192 -640 1024 ) (192 -848 1024 ) (192 -848 1216 ) (192 -640 1216 ) 
4 1405 1406 (192 -320 1024 ) (192 -336 1024 ) (192 -336 1136 ) (192 -320 1136 ) 
4 1406 1408 (176 -256 1024 ) (176 -336 1024 ) (176 -336 1136 ) (176 -256 1136 ) 
4 1407 1409 (64 0 1024 ) (64 -224 1024 ) (64 -224 1200 ) (64 0 1200 ) 
4 1408 1420 (80 -336 1024 ) (80 -256 1024 ) (160 -256 1024 ) (160 -336 1024 ) 
4 1408 1412 (80 -352 1024 ) (160 -352 1024 ) (160 -352 1136 ) (80 -352 1136 ) 
4 1408 1410 (64 -256 1024 ) (64 -336 1024 ) (64 -336 1136 ) (64 -256 1136 ) 
4 1409 1411 (48 0 1200 ) (48 0 1024 ) (48 -224 1024 ) (48 -224 1200 ) 
4 1410 1411 (48 -256 1024 ) (48 -336 1024 ) (48 -336 1136 ) (48 -256 1136 ) 
4 1411 1591 (0 -240 1024 ) (0 -352 1024 ) (0 -352 1200 ) (0 -240 1200 ) 
4 1411 1580 (0 -224 1024 ) (0 -240 1024 ) (0 -240 1200 ) (0 -224 1200 ) 
4 1411 1529 (0 0 1200 ) (0 0 1024 ) (0 -224 1024 ) (0 -224 1200 ) 
4 1412 1413 (80 -368 1024 ) (160 -368 1024 ) (160 -368 1136 ) (80 -368 1136 ) 
4 1413 1415 (0 -624 1200 ) (0 -624 1024 ) (112 -624 1024 ) (112 -624 1200 ) 
4 1417 1423 (720 -288 1008 ) (720 -288 816 ) (720 -400 816 ) (720 -400 1008 ) 
4 1417 1418 (720 -400 1024 ) (720 -288 1024 ) (720 -288 1008 ) (720 -400 1008 ) 
4 1418 1423 (720 -288 1008 ) (720 -400 1008 ) (704 -400 1008 ) (704 -288 1008 ) 
4 1418 1419 (704 -288 1008 ) (704 -400 1008 ) (704 -400 1024 ) (704 -288 1024 ) 
4 1419 1424 (528 -208 1008 ) (704 -208 1008 ) (704 -400 1008 ) (528 -400 1008 ) 
4 1420 1425 (80 -336 1008 ) (80 -256 1008 ) (160 -256 1008 ) (160 -336 1008 ) 
4 1421 1430 (96 0 800 ) (704 0 800 ) (704 -176 800 ) (96 -176 800 ) 
4 1421 1422 (576 -176 816 ) (648 -176 816 ) (648 -176 912 ) (576 -176 912 ) 
4 1422 1424 (648 -208 912 ) (576 -208 912 ) (576 -208 816 ) (648 -208 816 ) 
4 1423 1424 (704 -288 816 ) (704 -400 816 ) (704 -400 1008 ) (704 -288 1008 ) 
4 1426 1532 (0 0 1008 ) (0 0 848 ) (0 -208 848 ) (0 -208 1008 ) 
4 1427 1533 (0 0 816 ) (0 0 800 ) (0 -208 800 ) (0 -208 816 ) 
4 1427 1438 (64 -192 800 ) (64 -208 800 ) (0 -208 800 ) (0 -192 800 ) 
4 1427 1435 (64 -176 800 ) (64 -192 800 ) (0 -192 800 ) (0 -176 800 ) 
4 1427 1431 (0 0 800 ) (64 0 800 ) (64 -176 800 ) (0 -176 800 ) 
4 1428 1433 (736 -176 720 ) (736 -176 624 ) (832 -176 624 ) (832 -176 720 ) 
4 1428 1429 (712 0 624 ) (712 -16 624 ) (712 -16 784 ) (712 0 784 ) 
4 1429 1430 (704 0 624 ) (704 -16 624 ) (704 -16 784 ) (704 0 784 ) 
4 1430 1434 (288 -176 784 ) (288 -176 624 ) (432 -176 624 ) (432 -176 784 ) 
4 1431 1538 (0 0 800 ) (0 0 648 ) (0 -176 648 ) (0 -176 800 ) 
4 1431 1435 (64 -176 648 ) (64 -176 800 ) (0 -176 800 ) (0 -176 648 ) 
4 1431 1432 (64 0 648 ) (64 -176 648 ) (0 -176 648 ) (0 0 648 ) 
4 1432 1539 (0 0 648 ) (0 0 624 ) (0 -176 624 ) (0 -176 648 ) 
4 1432 1436 (64 -176 624 ) (64 -176 648 ) (0 -176 648 ) (0 -176 624 ) 
4 1433 1437 (832 -192 624 ) (832 -192 720 ) (736 -192 720 ) (736 -192 624 ) 
4 1435 1538 (0 -192 648 ) (0 -192 800 ) (0 -176 800 ) (0 -176 648 ) 
4 1435 1438 (64 -192 648 ) (64 -192 800 ) (0 -192 800 ) (0 -192 648 ) 
4 1435 1436 (0 -176 648 ) (64 -176 648 ) (64 -192 648 ) (0 -192 648 ) 
4 1436 1539 (0 -192 624 ) (0 -192 648 ) (0 -176 648 ) (0 -176 624 ) 
4 1436 1439 (64 -192 624 ) (64 -192 648 ) (0 -192 648 ) (0 -192 624 ) 
4 1437 1440 (832 -208 720 ) (736 -208 720 ) (736 -208 624 ) (832 -208 624 ) 
4 1438 1538 (0 -208 648 ) (0 -208 800 ) (0 -192 800 ) (0 -192 648 ) 
4 1438 1439 (0 -192 648 ) (64 -192 648 ) (64 -208 648 ) (0 -208 648 ) 
4 1439 1539 (0 -208 624 ) (0 -208 648 ) (0 -192 648 ) (0 -192 624 ) 
4 1440 1525 (832 -1024 720 ) (736 -1024 720 ) (736 -1024 624 ) (832 -1024 624 ) 
4 1441 1442 (320 -480 624 ) (400 -480 624 ) (400 -544 624 ) (320 -544 624 ) 
4 1442 1464 (400 -544 608 ) (320 -544 608 ) (320 -480 608 ) (400 -480 608 ) 
4 1444 1448 (584 -312 424 ) (1024 -312 424 ) (1024 -312 432 ) (584 -312 432 ) 
4 1444 1446 (1024 -312 432 ) (1024 -312 592 ) (584 -312 592 ) (584 -312 432 ) 
4 1444 1445 (1024 -312 592 ) (1024 -312 600 ) (584 -312 600 ) (584 -312 592 ) 
4 1445 1449 (584 -488 592 ) (1024 -488 592 ) (1024 -488 600 ) (584 -488 600 ) 
4 1445 1446 (1024 -488 592 ) (584 -488 592 ) (584 -312 592 ) (1024 -312 592 ) 
4 1446 1449 (584 -488 432 ) (1024 -488 432 ) (1024 -488 592 ) (584 -488 592 ) 
4 1446 1448 (1024 -488 432 ) (584 -488 432 ) (584 -312 432 ) (1024 -312 432 ) 
4 1446 1447 (584 -312 432 ) (584 -488 432 ) (584 -488 592 ) (584 -312 592 ) 
4 1447 1465 (560 -488 432 ) (560 -488 592 ) (560 -480 592 ) (560 -480 432 ) 
4 1447 1459 (560 -480 592 ) (560 -368 592 ) (560 -368 432 ) (560 -480 432 ) 
4 1447 1456 (560 -368 592 ) (560 -312 592 ) (560 -312 432 ) (560 -368 432 ) 
4 1448 1449 (584 -488 424 ) (1024 -488 424 ) (1024 -488 432 ) (584 -488 432 ) 
4 1450 1526 (1024 -1024 432 ) (1024 -1024 608 ) (592 -1024 608 ) (592 -1024 432 ) 
4 1450 1451 (592 -848 560 ) (592 -848 432 ) (592 -960 432 ) (592 -960 560 ) 
4 1451 1452 (584 -848 432 ) (584 -960 432 ) (584 -960 560 ) (584 -848 560 ) 
4 1452 1453 (568 -848 432 ) (568 -960 432 ) (568 -960 560 ) (568 -848 560 ) 
4 1453 1466 (560 -960 432 ) (560 -960 560 ) (560 -848 560 ) (560 -848 432 ) 
4 1454 1456 (560 -32 432 ) (560 -32 592 ) (352 -32 592 ) (352 -32 432 ) 
4 1455 1457 (32 -32 592 ) (32 -32 432 ) (288 -32 432 ) (288 -32 592 ) 
4 1456 1459 (560 -368 432 ) (560 -368 592 ) (352 -368 592 ) (352 -368 432 ) 
4 1457 1462 (32 -368 592 ) (32 -368 432 ) (176 -368 432 ) (176 -368 592 ) 
4 1457 1458 (32 -32 432 ) (176 -32 432 ) (176 -368 432 ) (32 -368 432 ) 
4 1458 1470 (176 -368 420 ) (32 -368 420 ) (32 -32 420 ) (176 -32 420 ) 
4 1458 1463 (32 -368 432 ) (32 -368 420 ) (176 -368 420 ) (176 -368 432 ) 
4 1459 1465 (560 -480 432 ) (560 -480 592 ) (352 -480 592 ) (352 -480 432 ) 
4 1459 1460 (352 -400 432 ) (352 -480 432 ) (352 -480 592 ) (352 -400 592 ) 
4 1460 1465 (352 -480 432 ) (352 -480 592 ) (208 -480 592 ) (208 -480 432 ) 
4 1460 1461 (208 -400 528 ) (208 -400 448 ) (208 -464 448 ) (208 -464 528 ) 
4 1461 1462 (176 -464 448 ) (176 -464 528 ) (176 -400 528 ) (176 -400 448 ) 
4 1462 1463 (32 -480 432 ) (32 -368 432 ) (176 -368 432 ) (176 -480 432 ) 
4 1463 1471 (176 -480 420 ) (32 -480 420 ) (32 -368 420 ) (176 -368 420 ) 
4 1464 1465 (400 -544 592 ) (320 -544 592 ) (320 -480 592 ) (400 -480 592 ) 
4 1465 1468 (208 -512 432 ) (208 -544 432 ) (208 -544 592 ) (208 -512 592 ) 
4 1465 1467 (208 -544 592 ) (208 -544 432 ) (352 -544 432 ) (352 -544 592 ) 
4 1465 1466 (352 -544 432 ) (560 -544 432 ) (560 -544 592 ) (352 -544 592 ) 
4 1466 1467 (352 -544 592 ) (352 -544 432 ) (352 -768 432 ) (352 -768 592 ) 
4 1467 1468 (208 -544 432 ) (208 -656 432 ) (208 -656 592 ) (208 -544 592 ) 
4 1468 1469 (16 -656 432 ) (16 -656 592 ) (16 -512 592 ) (16 -512 432 ) 
4 1469 1594 (0 -656 432 ) (0 -656 592 ) (0 -512 592 ) (0 -512 432 ) 
4 1470 1476 (176 -368 416 ) (32 -368 416 ) (32 -216 416 ) (176 -216 416 ) 
4 1470 1474 (32 -216 416 ) (32 -32 416 ) (176 -32 416 ) (176 -216 416 ) 
4 1470 1471 (32 -368 420 ) (32 -368 416 ) (176 -368 416 ) (176 -368 420 ) 
4 1471 1476 (176 -480 416 ) (32 -480 416 ) (32 -368 416 ) (176 -368 416 ) 
4 1472 1473 (992 -48 240 ) (208 -48 240 ) (208 0 240 ) (992 0 240 ) 
4 1473 1477 (208 0 236 ) (992 0 236 ) (992 -48 236 ) (208 -48 236 ) 
4 1474 1505 (176 -32 236 ) (176 -216 236 ) (32 -216 236 ) (32 -32 236 ) 
4 1474 1476 (32 -216 236 ) (176 -216 236 ) (176 -216 416 ) (32 -216 416 ) 
4 1475 1555 (0 0 408 ) (0 0 236 ) (0 -216 236 ) (0 -216 408 ) 
4 1475 1507 (0 -216 236 ) (0 -208 236 ) (8 -208 236 ) (8 -216 236 ) 
4 1475 1506 (0 -208 236 ) (0 0 236 ) (8 0 236 ) (8 -208 236 ) 
4 1476 1505 (32 -216 236 ) (176 -216 236 ) (176 -480 236 ) (32 -480 236 ) 
4 1478 1481 (976 -160 -128 ) (976 -160 -224 ) (1024 -160 -224 ) (1024 -160 -128 ) 
4 1478 1479 (880 -16 -224 ) (880 -160 -224 ) (880 -160 -16 ) (880 -16 -16 ) 
4 1479 1480 (384 -16 -224 ) (384 -160 -224 ) (384 -160 -16 ) (384 -16 -16 ) 
4 1480 1488 (208 -160 -128 ) (208 -160 -224 ) (256 -160 -224 ) (256 -160 -128 ) 
4 1481 1489 (976 -352 -128 ) (976 -352 -224 ) (1024 -352 -224 ) (1024 -352 -128 ) 
4 1482 1492 (816 -352 -128 ) (816 -352 -224 ) (880 -352 -224 ) (880 -352 -128 ) 
4 1482 1490 (896 -352 -128 ) (896 -352 -224 ) (960 -352 -224 ) (960 -352 -128 ) 
4 1482 1483 (816 -176 -16 ) (816 -176 -224 ) (816 -240 -224 ) (816 -240 -16 ) 
4 1483 1484 (800 -176 -16 ) (800 -176 -224 ) (800 -240 -224 ) (800 -240 -16 ) 
4 1484 1486 (432 -176 -16 ) (432 -176 -224 ) (432 -240 -224 ) (432 -240 -16 ) 
4 1485 1493 (800 -352 -16 ) (432 -352 -16 ) (432 -352 -224 ) (800 -352 -224 ) 
4 1486 1487 (416 -176 -16 ) (416 -176 -224 ) (416 -240 -224 ) (416 -240 -16 ) 
4 1487 1495 (272 -352 -128 ) (272 -352 -224 ) (336 -352 -224 ) (336 -352 -128 ) 
4 1487 1494 (352 -352 -128 ) (352 -352 -224 ) (416 -352 -224 ) (416 -352 -128 ) 
4 1488 1496 (208 -352 -128 ) (208 -352 -224 ) (256 -352 -224 ) (256 -352 -128 ) 
4 1489 1491 (976 -368 -224 ) (1024 -368 -224 ) (1024 -368 -128 ) (976 -368 -128 ) 
4 1490 1491 (896 -368 -128 ) (896 -368 -224 ) (960 -368 -224 ) (960 -368 -128 ) 
4 1491 1498 (1024 -384 -16 ) (896 -384 -16 ) (896 -384 -224 ) (1024 -384 -224 ) 
4 1492 1499 (816 -384 -128 ) (816 -384 -224 ) (880 -384 -224 ) (880 -384 -128 ) 
4 1493 1499 (800 -384 -16 ) (432 -384 -16 ) (432 -384 -224 ) (800 -384 -224 ) 
4 1494 1499 (352 -384 -128 ) (352 -384 -224 ) (416 -384 -224 ) (416 -384 -128 ) 
4 1495 1497 (336 -368 -224 ) (336 -368 -128 ) (272 -368 -128 ) (272 -368 -224 ) 
4 1496 1497 (208 -368 -128 ) (208 -368 -224 ) (256 -368 -224 ) (256 -368 -128 ) 
4 1497 1500 (336 -384 -16 ) (208 -384 -16 ) (208 -384 -224 ) (336 -384 -224 ) 
4 1498 1501 (1024 -544 -16 ) (896 -544 -16 ) (896 -544 -224 ) (1024 -544 -224 ) 
4 1500 1503 (336 -544 -16 ) (208 -544 -16 ) (208 -544 -224 ) (336 -544 -224 ) 
4 1501 1502 (896 -560 -224 ) (896 -1008 -224 ) (896 -1008 -16 ) (896 -560 -16 ) 
4 1502 1503 (336 -560 -224 ) (336 -1008 -224 ) (336 -1008 -16 ) (336 -560 -16 ) 
4 1504 1508 (16 0 -224 ) (16 -16 -224 ) (16 -16 208 ) (16 0 208 ) 
4 1506 1555 (0 0 236 ) (0 0 232 ) (0 -208 232 ) (0 -208 236 ) 
4 1506 1507 (8 -208 232 ) (8 -208 236 ) (0 -208 236 ) (0 -208 232 ) 
4 1507 1555 (0 -216 232 ) (0 -216 236 ) (0 -208 236 ) (0 -208 232 ) 
4 1508 1575 (0 0 88 ) (0 0 -224 ) (0 -16 -224 ) (0 -16 88 ) 
4 1508 1556 (0 0 208 ) (0 0 88 ) (0 -16 88 ) (0 -16 208 ) 
4 1508 1509 (0 -16 -224 ) (16 -16 -224 ) (16 -16 208 ) (0 -16 208 ) 
4 1509 1576 (0 -16 -224 ) (0 -208 -224 ) (0 -208 88 ) (0 -16 88 ) 
4 1509 1557 (0 -208 88 ) (0 -208 208 ) (0 -16 208 ) (0 -16 88 ) 
4 1510 1522 (592 -8 -664 ) (472 -8 -664 ) (472 -8 -800 ) (592 -8 -800 ) 
4 1511 1519 (792 -416 -1704 ) (792 -440 -1704 ) (792 -440 -1656 ) (792 -416 -1656 ) 
4 1511 1518 (792 -360 -712 ) (792 -360 -800 ) (792 -408 -800 ) (792 -408 -712 ) 
4 1511 1513 (872 -480 -1792 ) (840 -480 -1792 ) (840 -416 -1792 ) (872 -416 -1792 ) 
4 1511 1512 (904 -480 -1792 ) (872 -480 -1792 ) (872 -360 -1792 ) (904 -360 -1792 ) 
4 1511 1514 (840 -480 -1792 ) (792 -480 -1792 ) (792 -360 -1792 ) (840 -360 -1792 ) 
4 1512 1515 (904 -480 -1816 ) (872 -480 -1816 ) (872 -360 -1816 ) (904 -360 -1816 ) 
4 1512 1513 (872 -416 -1816 ) (872 -480 -1816 ) (872 -480 -1792 ) (872 -416 -1792 ) 
4 1513 1515 (872 -480 -1816 ) (840 -480 -1816 ) (840 -416 -1816 ) (872 -416 -1816 ) 
4 1513 1514 (840 -416 -1816 ) (840 -480 -1816 ) (840 -480 -1792 ) (840 -416 -1792 ) 
4 1514 1516 (840 -480 -1816 ) (792 -480 -1816 ) (792 -372 -1816 ) (840 -372 -1816 ) 
4 1515 1524 (840 -360 -1864 ) (904 -360 -1864 ) (904 -480 -1864 ) (840 -480 -1864 ) 
4 1515 1516 (840 -480 -1840 ) (840 -480 -1816 ) (840 -372 -1816 ) (840 -384 -1840 ) 
4 1515 1517 (840 -480 -1864 ) (840 -480 -1840 ) (840 -360 -1840 ) (840 -360 -1864 ) 
4 1516 1517 (840 -384 -1840 ) (840 -480 -1840 ) (792 -480 -1840 ) (792 -384 -1840 ) 
4 1517 1524 (792 -480 -1864 ) (792 -360 -1864 ) (840 -360 -1864 ) (840 -480 -1864 ) 
4 1518 1520 (784 -360 -712 ) (784 -360 -800 ) (784 -408 -800 ) (784 -408 -712 ) 
4 1520 1521 (776 -408 -800 ) (776 -408 -712 ) (776 -360 -712 ) (776 -360 -800 ) 
4 1521 1522 (656 -8 -664 ) (656 -8 -800 ) (656 -144 -800 ) (656 -144 -664 ) 
4 1522 1523 (408 -8 -664 ) (408 -8 -800 ) (408 -144 -800 ) (408 -144 -664 ) 
4 1525 1527 (736 -2048 624 ) (832 -2048 624 ) (832 -2048 720 ) (736 -2048 720 ) 
4 1528 1578 (-560 -224 2688 ) (-640 -224 2688 ) (-640 -224 2592 ) (-560 -224 2592 ) 
4 1529 1580 (0 -224 1024 ) (0 -224 1200 ) (-416 -224 1200 ) (-416 -224 1024 ) 
4 1529 1530 (-416 0 1024 ) (-416 -208 1024 ) (-416 -208 1200 ) (-416 0 1200 ) 
4 1530 1531 (-560 0 1024 ) (-560 -80 1024 ) (-560 -80 1200 ) (-560 0 1200 ) 
4 1532 1535 (-576 -208 848 ) (-576 -208 1008 ) (-576 -96 1008 ) (-576 -96 848 ) 
4 1532 1534 (-576 -96 1008 ) (-576 0 1008 ) (-576 0 848 ) (-576 -96 848 ) 
4 1533 1538 (-576 0 800 ) (0 0 800 ) (0 -208 800 ) (-576 -208 800 ) 
4 1533 1536 (-576 -96 800 ) (-576 -208 800 ) (-576 -208 816 ) (-576 -96 816 ) 
4 1534 1535 (-768 -96 1008 ) (-768 -96 848 ) (-576 -96 848 ) (-576 -96 1008 ) 
4 1535 1537 (-768 -96 992 ) (-768 -96 896 ) (-768 -176 896 ) (-768 -176 992 ) 
4 1536 1550 (-768 -208 800 ) (-768 -96 800 ) (-576 -96 800 ) (-576 -208 800 ) 
4 1537 1560 (-784 -96 992 ) (-784 -96 896 ) (-784 -176 896 ) (-784 -176 992 ) 
4 1538 1550 (-576 -208 648 ) (-576 -208 800 ) (-576 -96 800 ) (-576 -96 648 ) 
4 1538 1540 (-352 -208 648 ) (-576 -208 648 ) (-576 0 648 ) (-352 0 648 ) 
4 1538 1539 (0 -208 648 ) (-352 -208 648 ) (-352 0 648 ) (0 0 648 ) 
4 1539 1540 (-352 0 624 ) (-352 -208 624 ) (-352 -208 648 ) (-352 0 648 ) 
4 1540 1550 (-576 -208 624 ) (-576 -208 648 ) (-576 -96 648 ) (-576 -96 624 ) 
4 1541 1554 (-576 -208 448 ) (0 -208 448 ) (0 -208 576 ) (-576 -208 576 ) 
4 1541 1551 (-576 -96 448 ) (-576 -208 448 ) (-576 -208 576 ) (-576 -96 576 ) 
4 1541 1544 (-576 -64 448 ) (-576 -96 448 ) (-576 -96 576 ) (-576 -64 576 ) 
4 1541 1543 (-576 0 448 ) (-576 -64 448 ) (-576 -64 576 ) (-576 0 576 ) 
4 1542 1545 (-672 0 784 ) (-672 0 624 ) (-672 -64 624 ) (-672 -64 784 ) 
4 1543 1546 (-672 0 448 ) (-672 -64 448 ) (-672 -64 576 ) (-672 0 576 ) 
4 1543 1544 (-576 -64 448 ) (-576 -64 576 ) (-672 -64 576 ) (-672 -64 448 ) 
4 1544 1551 (-672 -96 448 ) (-576 -96 448 ) (-576 -96 576 ) (-672 -96 576 ) 
4 1544 1548 (-672 -64 448 ) (-672 -96 448 ) (-672 -96 576 ) (-672 -64 576 ) 
4 1545 1562 (-784 0 784 ) (-784 0 624 ) (-784 -64 624 ) (-784 -64 784 ) 
4 1545 1547 (-672 -64 624 ) (-672 -64 736 ) (-736 -64 736 ) (-736 -64 624 ) 
4 1546 1566 (-784 0 576 ) (-784 0 448 ) (-784 -64 448 ) (-784 -64 576 ) 
4 1546 1549 (-784 -64 448 ) (-736 -64 448 ) (-736 -64 576 ) (-784 -64 576 ) 
4 1546 1548 (-736 -64 448 ) (-672 -64 448 ) (-672 -64 576 ) (-736 -64 576 ) 
4 1547 1550 (-672 -96 624 ) (-672 -96 736 ) (-736 -96 736 ) (-736 -96 624 ) 
4 1548 1551 (-736 -96 448 ) (-672 -96 448 ) (-672 -96 576 ) (-736 -96 576 ) 
4 1548 1549 (-736 -64 576 ) (-736 -64 448 ) (-736 -96 448 ) (-736 -96 576 ) 
4 1549 1566 (-784 -64 576 ) (-784 -64 448 ) (-784 -96 448 ) (-784 -96 576 ) 
4 1549 1553 (-784 -96 448 ) (-768 -96 448 ) (-768 -96 576 ) (-784 -96 576 ) 
4 1549 1551 (-768 -96 448 ) (-736 -96 448 ) (-736 -96 576 ) (-768 -96 576 ) 
4 1550 1552 (-768 -96 800 ) (-768 -96 688 ) (-768 -176 688 ) (-768 -176 800 ) 
4 1551 1554 (-768 -208 448 ) (-576 -208 448 ) (-576 -208 576 ) (-768 -208 576 ) 
4 1551 1553 (-768 -96 576 ) (-768 -96 448 ) (-768 -208 448 ) (-768 -208 576 ) 
4 1552 1564 (-784 -176 800 ) (-784 -96 800 ) (-784 -96 688 ) (-784 -176 688 ) 
4 1553 1566 (-784 -96 576 ) (-784 -96 448 ) (-784 -208 448 ) (-784 -208 576 ) 
4 1553 1554 (-784 -208 448 ) (-768 -208 448 ) (-768 -208 576 ) (-784 -208 576 ) 
4 1554 1583 (-288 -224 560 ) (-752 -224 560 ) (-752 -224 496 ) (-288 -224 496 ) 
4 1554 1581 (-176 -224 560 ) (-240 -224 560 ) (-240 -224 448 ) (-176 -224 448 ) 
4 1554 1566 (-784 -224 448 ) (-784 -224 576 ) (-784 -208 576 ) (-784 -208 448 ) 
4 1555 1558 (-248 -216 232 ) (-168 -216 232 ) (-168 -216 296 ) (-248 -216 296 ) 
4 1556 1575 (-352 0 88 ) (0 0 88 ) (0 -16 88 ) (-352 -16 88 ) 
4 1556 1557 (0 -16 208 ) (-352 -16 208 ) (-352 -16 88 ) (0 -16 88 ) 
4 1557 1576 (0 -16 88 ) (0 -208 88 ) (-352 -208 88 ) (-352 -16 88 ) 
4 1558 1584 (-248 -224 296 ) (-248 -224 232 ) (-240 -224 232 ) (-240 -224 296 ) 
4 1558 1582 (-240 -224 232 ) (-168 -224 232 ) (-168 -224 296 ) (-240 -224 296 ) 
4 1560 1561 (-800 -96 992 ) (-800 -96 896 ) (-800 -176 896 ) (-800 -176 992 ) 
4 1561 1579 (-896 -224 1216 ) (-800 -224 1216 ) (-800 -224 1296 ) (-896 -224 1296 ) 
4 1561 1565 (-1008 -224 800 ) (-1008 -96 800 ) (-800 -96 800 ) (-800 -224 800 ) 
4 1562 1563 (-800 -64 624 ) (-800 -64 784 ) (-800 0 784 ) (-800 0 624 ) 
4 1564 1565 (-800 -96 800 ) (-800 -96 688 ) (-800 -176 688 ) (-800 -176 800 ) 
4 1565 1566 (-1008 -224 576 ) (-1008 -96 576 ) (-800 -96 576 ) (-800 -224 576 ) 
4 1567 1573 (-1008 -64 232 ) (-1008 -208 232 ) (-1008 -208 408 ) (-1008 -64 408 ) 
4 1567 1572 (-1008 -8 232 ) (-1008 -64 232 ) (-1008 -64 408 ) (-1008 -8 408 ) 
4 1567 1569 (-1008 0 408 ) (-1008 0 232 ) (-1008 -8 232 ) (-1008 -8 408 ) 
4 1568 1585 (-1008 -224 144 ) (-1008 -224 88 ) (-984 -224 88 ) (-984 -224 144 ) 
4 1568 1577 (-984 -224 88 ) (-1008 -224 88 ) (-1008 0 88 ) (-984 0 88 ) 
4 1568 1574 (-1008 -8 88 ) (-1008 -224 88 ) (-1008 -224 144 ) (-1008 -8 144 ) 
4 1568 1570 (-1008 0 144 ) (-1008 0 88 ) (-1008 -8 88 ) (-1008 -8 144 ) 
4 1569 1572 (-1008 -8 232 ) (-1008 -8 408 ) (-1016 -8 408 ) (-1016 -8 232 ) 
4 1570 1577 (-1016 0 88 ) (-1008 0 88 ) (-1008 -8 88 ) (-1016 -8 88 ) 
4 1570 1574 (-1016 -8 88 ) (-1008 -8 88 ) (-1008 -8 144 ) (-1016 -8 144 ) 
4 1570 1571 (-1016 0 88 ) (-1016 -8 88 ) (-1016 -8 144 ) (-1016 0 144 ) 
4 1571 1577 (-1024 -8 88 ) (-1024 0 88 ) (-1016 0 88 ) (-1016 -8 88 ) 
4 1571 1574 (-1024 -8 88 ) (-1016 -8 88 ) (-1016 -8 144 ) (-1024 -8 144 ) 
4 1572 1661 (-1024 -8 408 ) (-1024 -8 232 ) (-1024 -64 232 ) (-1024 -64 408 ) 
4 1572 1573 (-1024 -64 232 ) (-1008 -64 232 ) (-1008 -64 408 ) (-1024 -64 408 ) 
4 1573 1661 (-1024 -64 408 ) (-1024 -64 232 ) (-1024 -208 232 ) (-1024 -208 408 ) 
4 1574 1585 (-1024 -224 144 ) (-1024 -224 88 ) (-1008 -224 88 ) (-1008 -224 144 ) 
4 1574 1577 (-1008 -224 88 ) (-1024 -224 88 ) (-1024 -8 88 ) (-1008 -8 88 ) 
4 1575 1576 (-352 -16 88 ) (-352 -16 -224 ) (0 -16 -224 ) (0 -16 88 ) 
4 1577 1595 (-984 -224 32 ) (-984 -224 88 ) (-1024 -224 88 ) (-1024 -224 32 ) 
4 1578 1587 (-560 -240 2688 ) (-640 -240 2688 ) (-640 -240 2592 ) (-560 -240 2592 ) 
4 1579 1589 (-800 -240 1296 ) (-896 -240 1296 ) (-896 -240 1216 ) (-800 -240 1216 ) 
4 1580 1591 (0 -240 1024 ) (0 -240 1200 ) (-416 -240 1200 ) (-416 -240 1024 ) 
4 1581 1594 (-176 -240 560 ) (-240 -240 560 ) (-240 -240 448 ) (-176 -240 448 ) 
4 1582 1594 (-240 -240 296 ) (-240 -240 232 ) (-168 -240 232 ) (-168 -240 296 ) 
4 1582 1584 (-240 -224 232 ) (-240 -240 232 ) (-240 -240 296 ) (-240 -224 296 ) 
4 1583 1594 (-288 -240 560 ) (-752 -240 560 ) (-752 -240 496 ) (-288 -240 496 ) 
4 1584 1594 (-248 -240 232 ) (-240 -240 232 ) (-240 -240 296 ) (-248 -240 296 ) 
4 1585 1595 (-1024 -240 88 ) (-1024 -224 88 ) (-984 -224 88 ) (-984 -240 88 ) 
4 1585 1594 (-1024 -240 88 ) (-984 -240 88 ) (-984 -240 144 ) (-1024 -240 144 ) 
4 1586 1588 (-640 -256 3072 ) (-336 -256 3072 ) (-336 -1008 3072 ) (-640 -1008 3072 ) 
4 1587 1588 (-640 -256 2688 ) (-640 -256 2592 ) (-560 -256 2592 ) (-560 -256 2688 ) 
4 1588 1589 (-336 -256 2048 ) (-336 -1008 2048 ) (-640 -1008 2048 ) (-640 -256 2048 ) 
4 1589 1592 (-128 -384 1216 ) (-128 -896 1216 ) (-896 -896 1216 ) (-896 -384 1216 ) 
4 1589 1590 (-392 -240 1216 ) (-288 -240 1216 ) (-288 -344 1216 ) (-392 -344 1216 ) 
4 1590 1591 (-392 -344 1200 ) (-392 -240 1200 ) (-288 -240 1200 ) (-288 -344 1200 ) 
4 1592 1593 (-896 -896 1024 ) (-896 -384 1024 ) (-128 -384 1024 ) (-128 -896 1024 ) 
4 1593 1594 (-128 -384 1008 ) (-128 -896 1008 ) (-896 -896 1008 ) (-896 -384 1008 ) 
4 1594 1667 (-1024 -1008 432 ) (-1024 -912 432 ) (-1024 -912 320 ) (-1024 -1008 320 ) 
4 1594 1658 (-1024 -912 512 ) (-1024 -912 432 ) (-1024 -1008 432 ) (-1024 -1008 512 ) 
4 1594 1596 (-1024 -1024 88 ) (-1024 -240 88 ) (0 -240 88 ) (0 -1024 88 ) 
4 1595 1596 (-984 -240 32 ) (-984 -240 88 ) (-1024 -240 88 ) (-1024 -240 32 ) 
4 1597 1616 (-1056 -240 760 ) (-1056 -541.050781 760 ) (-1248 -541.050720 760 ) (-1248 -240 760 ) 
4 1597 1601 (-1056 -541.050781 760 ) (-1056 -1008 760 ) (-1248 -1008 760 ) (-1248 -541.050720 760 ) 
5 1597 1599 (-1248 -659.878845 760 ) (-1248 -1008 760 ) (-1248 -1008 1008 ) (-1248 -734.545471 1008 ) (-1248 -592 840 ) 
4 1597 1598 (-1248 -240 1008 ) (-1248 -240 760 ) (-1248 -524.121216 760 ) (-1248 -734.545471 1008 ) 
4 1598 1623 (-1624 -368 760 ) (-1601.599976 -368 760 ) (-1601.600098 -524.121277 760 ) (-1624 -524.121277 760 ) 
4 1598 1622 (-1601.599976 -368 760 ) (-1248 -368 760 ) (-1248 -524.121216 760 ) (-1601.600098 -524.121277 760 ) 
4 1598 1621 (-1888 -524.121277 760 ) (-1888 -368 760 ) (-1624 -368 760 ) (-1624 -524.121277 760 ) 
4 1598 1620 (-1310.400146 -240 760 ) (-1248 -240 760 ) (-1248 -368 760 ) (-1310.400146 -368 760 ) 
4 1598 1619 (-1624 -240 760 ) (-1310.400146 -240 760 ) (-1310.400146 -368 760 ) (-1624 -368 760 ) 
4 1598 1618 (-1888 -368 760 ) (-1888 -240 760 ) (-1624 -240 760 ) (-1624 -368 760 ) 
4 1598 1600 (-1888 -240 1008 ) (-1888 -240 760 ) (-1888 -524.121216 760 ) (-1888 -734.545471 1008 ) 
4 1598 1599 (-1248 -592 840 ) (-1248 -734.546875 1008 ) (-1888 -734.546875 1008 ) (-1888 -592 840 ) 
4 1599 1614 (-1520 -1008 760 ) (-1888 -1008 760 ) (-1888 -659.878845 760 ) (-1520 -659.878845 760 ) 
4 1599 1609 (-1504 -1008 760 ) (-1520 -1008 760 ) (-1520 -659.878845 760 ) (-1504 -659.878845 760 ) 
4 1599 1606 (-1248 -1008 760 ) (-1504 -1008 760 ) (-1504 -659.878845 760 ) (-1248 -659.878845 760 ) 
5 1599 1600 (-1888 -659.878845 760 ) (-1888 -1008 760 ) (-1888 -1008 1008 ) (-1888 -734.545471 1008 ) (-1888 -592 840 ) 
4 1600 1679 (-2048 -240 760 ) (-2048 -1008 760 ) (-2048 -1008 1008 ) (-2048 -240 1008 ) 
4 1600 1624 (-2048 -541.050720 760 ) (-2048 -240 760 ) (-1888 -240 760 ) (-1888 -541.050781 760 ) 
4 1600 1615 (-1888 -1008 760 ) (-2048 -1008 760 ) (-2048 -541.050720 760 ) (-1888 -541.050781 760 ) 
4 1601 1657 (-1056 -912 576 ) (-1056 -1008 576 ) (-1248 -1008 576 ) (-1248 -912 576 ) 
4 1601 1656 (-1056 -816 576 ) (-1056 -912 576 ) (-1248 -912 576 ) (-1248 -816 576 ) 
4 1601 1651 (-1056 -800 576 ) (-1056 -816 576 ) (-1248 -816 576 ) (-1248 -800 576 ) 
4 1601 1632 (-1056 -384 576 ) (-1056 -800 576 ) (-1248 -800 576 ) (-1248 -384 576 ) 
4 1601 1616 (-1248 -541.052795 760 ) (-1056 -541.052795 760 ) (-1056 -384.002075 576 ) (-1248 -384.002075 576 ) 
4 1601 1606 (-1248 -816 576 ) (-1248 -1008 576 ) (-1248 -1008 760 ) (-1248 -659.878784 760 ) 
4 1601 1603 (-1248 -632 608 ) (-1248 -632 688 ) (-1248 -552 688 ) (-1248 -552 608 ) 
4 1602 1607 (-1504 -480 576 ) (-1504 -544 576 ) (-1504 -544 672 ) (-1504 -480 672 ) 
4 1602 1604 (-1504 -552 760 ) (-1504 -552 576 ) (-1264 -552 576 ) (-1264 -552 760 ) 
4 1603 1604 (-1264 -552 688 ) (-1264 -552 608 ) (-1264 -632 608 ) (-1264 -632 688 ) 
4 1604 1608 (-1504 -560 576 ) (-1504 -624 576 ) (-1504 -624 672 ) (-1504 -560 672 ) 
4 1604 1605 (-1504 -632 760 ) (-1504 -632 576 ) (-1264 -632 576 ) (-1264 -632 760 ) 
4 1606 1657 (-1504 -1008 576 ) (-1504 -912 576 ) (-1248 -912 576 ) (-1248 -1008 576 ) 
4 1606 1656 (-1504 -912 576 ) (-1504 -816 576 ) (-1248 -816 576 ) (-1248 -912 576 ) 
4 1606 1609 (-1504 -816 576 ) (-1504 -1008 576 ) (-1504 -1008 760 ) (-1504 -659.878784 760 ) 
4 1607 1610 (-1520 -480 576 ) (-1520 -544 576 ) (-1520 -544 672 ) (-1520 -480 672 ) 
4 1608 1610 (-1520 -560 576 ) (-1520 -624 576 ) (-1520 -624 672 ) (-1520 -560 672 ) 
4 1609 1657 (-1520 -1008 576 ) (-1520 -912 576 ) (-1504 -912 576 ) (-1504 -1008 576 ) 
4 1609 1656 (-1520 -912 576 ) (-1520 -816 576 ) (-1504 -816 576 ) (-1504 -912 576 ) 
4 1609 1614 (-1520 -816 576 ) (-1520 -1008 576 ) (-1520 -1008 760 ) (-1520 -659.878845 760 ) 
4 1610 1635 (-1632 -384 576 ) (-1520 -384 576 ) (-1520 -592 576 ) (-1632 -592 576 ) 
4 1610 1611 (-1632 -560 672 ) (-1632 -560 576 ) (-1632 -624 576 ) (-1632 -624 672 ) 
4 1611 1612 (-1648 -560 672 ) (-1648 -560 576 ) (-1648 -624 576 ) (-1648 -624 672 ) 
4 1612 1613 (-1872 -552 688 ) (-1872 -552 608 ) (-1872 -632 608 ) (-1872 -632 688 ) 
4 1613 1615 (-1888 -632 608 ) (-1888 -632 688 ) (-1888 -552 688 ) (-1888 -552 608 ) 
4 1614 1657 (-1888 -1008 576 ) (-1888 -912 576 ) (-1520 -912 576 ) (-1520 -1008 576 ) 
4 1614 1656 (-1888 -912 576 ) (-1888 -816 576 ) (-1520 -816 576 ) (-1520 -912 576 ) 
4 1614 1615 (-1888 -816 576 ) (-1888 -1008 576 ) (-1888 -1008 760 ) (-1888 -659.878845 760 ) 
4 1615 1679 (-2048 -384 576 ) (-2048 -1008 576 ) (-2048 -1008 760 ) (-2048 -541.050720 760 ) 
4 1615 1657 (-2048 -1008 576 ) (-2048 -912 576 ) (-1888 -912 576 ) (-1888 -1008 576 ) 
4 1615 1656 (-2048 -912 576 ) (-2048 -816 576 ) (-1888 -816 576 ) (-1888 -912 576 ) 
4 1615 1655 (-2048 -816 576 ) (-2048 -800 576 ) (-1888 -800 576 ) (-1888 -816 576 ) 
4 1615 1650 (-2048 -800 576 ) (-2048 -384 576 ) (-1888 -384 576 ) (-1888 -800 576 ) 
4 1615 1624 (-2048 -541.052795 760 ) (-1888 -541.052795 760 ) (-1888 -384.002106 576 ) (-2048 -384.002106 576 ) 
4 1616 1628 (-1056 -368 576 ) (-1056 -384 576 ) (-1248 -384 576 ) (-1248 -368 576 ) 
4 1616 1625 (-1056 -240 576 ) (-1056 -368 576 ) (-1248 -368 576 ) (-1248 -240 576 ) 
3 1616 1622 (-1248 -368 576 ) (-1248 -524.121216 760 ) (-1248 -368 760 ) 
4 1616 1620 (-1248 -240 760 ) (-1248 -240 576 ) (-1248 -368 576 ) (-1248 -368 760 ) 
4 1617 1626 (-1545.599976 -240 576 ) (-1366.399902 -240 576 ) (-1366.399902 -368 576 ) (-1545.599976 -368 576 ) 
4 1618 1627 (-1888 -368 576 ) (-1888 -240 576 ) (-1568 -240 576 ) (-1568 -368 576 ) 
5 1618 1621 (-1888 -368 760 ) (-1888 -368 576 ) (-1568 -368 576 ) (-1467.200073 -368 648 ) (-1624 -368 760 ) 
4 1618 1619 (-1623.991699 -368 760 ) (-1467.196289 -368 648.002869 ) (-1467.196167 -240 648.002869 ) (-1623.991577 -240 760 ) 
4 1618 1624 (-1888 -240 760 ) (-1888 -240 576 ) (-1888 -368 576 ) (-1888 -368 760 ) 
4 1619 1623 (-1601.600098 -368 760 ) (-1624 -368 760 ) (-1467.200073 -368 648 ) (-1456 -368 656 ) 
3 1619 1622 (-1310.400146 -368 760 ) (-1601.600098 -368 760 ) (-1456 -368 656 ) 
4 1619 1620 (-1310.403320 -368 760 ) (-1456 -368 656 ) (-1456 -240 656 ) (-1310.403320 -240 760 ) 
4 1620 1625 (-1344 -240 576 ) (-1248 -240 576 ) (-1248 -368 576 ) (-1344 -368 576 ) 
5 1620 1622 (-1344 -368 576 ) (-1248 -368 576 ) (-1248 -368 760 ) (-1310.400146 -368 760 ) (-1456 -368 656 ) 
4 1621 1623 (-1467.196533 -368 648.002625 ) (-1623.992920 -368 760 ) (-1623.992920 -524.121216 760 ) (-1467.196533 -429.093109 648.002625 ) 
3 1621 1624 (-1888 -368 576 ) (-1888 -524.121216 760 ) (-1888 -368 760 ) 
4 1622 1623 (-1456 -435.881683 656 ) (-1601.601562 -524.124512 760 ) (-1601.601562 -368 760 ) (-1456 -368 656 ) 
4 1624 1679 (-2048 -240 576 ) (-2048 -384 576 ) (-2048 -541.050720 760 ) (-2048 -240 760 ) 
4 1624 1631 (-1888 -384 576 ) (-2048 -384 576 ) (-2048 -368 576 ) (-1888 -368 576 ) 
4 1624 1627 (-2048 -368 576 ) (-2048 -240 576 ) (-1888 -240 576 ) (-1888 -368 576 ) 
4 1625 1662 (-1344 -240 432 ) (-1056 -240 432 ) (-1056 -368 432 ) (-1344 -368 432 ) 
4 1625 1628 (-1248 -368 432 ) (-1056 -368 432 ) (-1056 -368 576 ) (-1248 -368 576 ) 
4 1625 1626 (-1344 -240 560 ) (-1344 -240 432 ) (-1344 -368 432 ) (-1344 -368 560 ) 
4 1626 1629 (-1488 -368 432 ) (-1424 -368 432 ) (-1424 -368 528 ) (-1488 -368 528 ) 
4 1626 1627 (-1568 -240 560 ) (-1568 -240 432 ) (-1568 -368 432 ) (-1568 -368 560 ) 
4 1627 1679 (-2048 -240 432 ) (-2048 -368 432 ) (-2048 -368 576 ) (-2048 -240 576 ) 
4 1627 1663 (-2048 -368 432 ) (-2048 -240 432 ) (-1568 -240 432 ) (-1568 -368 432 ) 
4 1627 1631 (-2048 -368 432 ) (-1888 -368 432 ) (-1888 -368 576 ) (-2048 -368 576 ) 
4 1627 1630 (-1700 -368 464 ) (-1700 -368 544 ) (-1780 -368 544 ) (-1780 -368 464 ) 
4 1628 1664 (-1248 -368 432 ) (-1056 -368 432 ) (-1056 -384 432 ) (-1248 -384 432 ) 
4 1628 1632 (-1248 -384 432 ) (-1056 -384 432 ) (-1056 -384 576 ) (-1248 -384 576 ) 
4 1629 1641 (-1488 -384 432 ) (-1424 -384 432 ) (-1424 -384 528 ) (-1488 -384 528 ) 
4 1630 1647 (-1700 -384 464 ) (-1700 -384 544 ) (-1780 -384 544 ) (-1780 -384 464 ) 
4 1631 1679 (-2048 -368 432 ) (-2048 -384 432 ) (-2048 -384 576 ) (-2048 -368 576 ) 
4 1631 1666 (-2048 -384 432 ) (-2048 -368 432 ) (-1888 -368 432 ) (-1888 -384 432 ) 
4 1631 1650 (-2048 -384 432 ) (-1888 -384 432 ) (-1888 -384 576 ) (-2048 -384 576 ) 
4 1632 1664 (-1248 -384 432 ) (-1056 -384 432 ) (-1056 -800 432 ) (-1248 -800 432 ) 
4 1632 1651 (-1248 -800 432 ) (-1056 -800 432 ) (-1056 -800 576 ) (-1248 -800 576 ) 
4 1632 1634 (-1248 -720 464 ) (-1248 -720 544 ) (-1248 -640 544 ) (-1248 -640 464 ) 
4 1632 1633 (-1248 -544 464 ) (-1248 -544 544 ) (-1248 -464 544 ) (-1248 -464 464 ) 
4 1633 1636 (-1264 -544 464 ) (-1264 -544 544 ) (-1264 -464 544 ) (-1264 -464 464 ) 
4 1634 1637 (-1264 -720 464 ) (-1264 -720 544 ) (-1264 -640 544 ) (-1264 -640 464 ) 
4 1635 1645 (-1632 -384 560 ) (-1520 -384 560 ) (-1520 -592 560 ) (-1632 -592 560 ) 
4 1636 1638 (-1392 -528 528 ) (-1392 -528 432 ) (-1392 -592 432 ) (-1392 -592 528 ) 
4 1637 1652 (-1356 -800 464 ) (-1356 -800 544 ) (-1392 -800 544 ) (-1392 -800 464 ) 
4 1637 1639 (-1392 -800 432 ) (-1392 -800 560 ) (-1392 -608 560 ) (-1392 -608 432 ) 
4 1638 1644 (-1408 -528 528 ) (-1408 -528 432 ) (-1408 -592 432 ) (-1408 -592 528 ) 
4 1639 1652 (-1392 -800 464 ) (-1392 -800 544 ) (-1408 -800 544 ) (-1408 -800 464 ) 
4 1639 1644 (-1408 -800 432 ) (-1408 -800 560 ) (-1408 -608 560 ) (-1408 -608 432 ) 
4 1640 1641 (-1424 -496 560 ) (-1424 -384 560 ) (-1424 -384 432 ) (-1424 -496 432 ) 
4 1641 1643 (-1488 -496 560 ) (-1488 -384 560 ) (-1488 -384 432 ) (-1488 -496 432 ) 
4 1641 1642 (-1488 -496 528 ) (-1488 -496 432 ) (-1424 -496 432 ) (-1424 -496 528 ) 
4 1642 1644 (-1488 -512 432 ) (-1424 -512 432 ) (-1424 -512 528 ) (-1488 -512 528 ) 
4 1644 1652 (-1408 -800 464 ) (-1408 -800 544 ) (-1436 -800 544 ) (-1436 -800 464 ) 
4 1644 1645 (-1520 -592 560 ) (-1520 -512 560 ) (-1520 -512 432 ) (-1520 -592 432 ) 
4 1644 1646 (-1520 -800 432 ) (-1520 -800 560 ) (-1520 -608 560 ) (-1520 -608 432 ) 
4 1646 1653 (-1528 -800 464 ) (-1528 -800 544 ) (-1608 -800 544 ) (-1608 -800 464 ) 
4 1646 1647 (-1648 -800 432 ) (-1648 -800 560 ) (-1648 -608 560 ) (-1648 -608 432 ) 
4 1647 1654 (-1700 -800 464 ) (-1700 -800 544 ) (-1780 -800 544 ) (-1780 -800 464 ) 
4 1647 1649 (-1872 -720 464 ) (-1872 -720 544 ) (-1872 -640 544 ) (-1872 -640 464 ) 
4 1647 1648 (-1872 -544 464 ) (-1872 -544 544 ) (-1872 -464 544 ) (-1872 -464 464 ) 
4 1648 1650 (-1888 -544 464 ) (-1888 -544 544 ) (-1888 -464 544 ) (-1888 -464 464 ) 
4 1649 1650 (-1888 -720 464 ) (-1888 -720 544 ) (-1888 -640 544 ) (-1888 -640 464 ) 
4 1650 1679 (-2048 -384 432 ) (-2048 -800 432 ) (-2048 -800 576 ) (-2048 -384 576 ) 
4 1650 1666 (-2048 -800 432 ) (-2048 -384 432 ) (-1888 -384 432 ) (-1888 -800 432 ) 
4 1650 1655 (-2048 -800 432 ) (-1888 -800 432 ) (-1888 -800 576 ) (-2048 -800 576 ) 
4 1651 1664 (-1248 -800 432 ) (-1056 -800 432 ) (-1056 -816 432 ) (-1248 -816 432 ) 
4 1651 1656 (-1248 -816 432 ) (-1056 -816 432 ) (-1056 -816 576 ) (-1248 -816 576 ) 
4 1652 1656 (-1356 -816 464 ) (-1356 -816 544 ) (-1436 -816 544 ) (-1436 -816 464 ) 
4 1653 1656 (-1528 -816 464 ) (-1528 -816 544 ) (-1608 -816 544 ) (-1608 -816 464 ) 
4 1654 1656 (-1700 -816 464 ) (-1700 -816 544 ) (-1780 -816 544 ) (-1780 -816 464 ) 
4 1655 1679 (-2048 -800 432 ) (-2048 -816 432 ) (-2048 -816 576 ) (-2048 -800 576 ) 
4 1655 1666 (-2048 -816 432 ) (-2048 -800 432 ) (-1888 -800 432 ) (-1888 -816 432 ) 
4 1655 1656 (-2048 -816 432 ) (-1888 -816 432 ) (-1888 -816 576 ) (-2048 -816 576 ) 
4 1656 1679 (-2048 -816 432 ) (-2048 -912 432 ) (-2048 -912 576 ) (-2048 -816 576 ) 
4 1656 1665 (-1888 -816 432 ) (-1248 -816 432 ) (-1248 -912 432 ) (-1888 -912 432 ) 
4 1656 1664 (-1248 -816 432 ) (-1056 -816 432 ) (-1056 -912 432 ) (-1248 -912 432 ) 
4 1656 1666 (-2048 -912 432 ) (-2048 -816 432 ) (-1888 -816 432 ) (-1888 -912 432 ) 
4 1656 1659 (-2048 -912 432 ) (-1056 -912 432 ) (-1056 -912 512 ) (-2048 -912 512 ) 
4 1656 1657 (-1056 -912 512 ) (-1056 -912 576 ) (-2048 -912 576 ) (-2048 -912 512 ) 
4 1657 1679 (-2048 -1008 512 ) (-2048 -1008 576 ) (-2048 -912 576 ) (-2048 -912 512 ) 
4 1657 1659 (-1056 -1008 512 ) (-2048 -1008 512 ) (-2048 -912 512 ) (-1056 -912 512 ) 
4 1658 1667 (-1040 -912 432 ) (-1024 -912 432 ) (-1024 -1008 432 ) (-1040 -1008 432 ) 
4 1658 1659 (-1040 -1008 432 ) (-1040 -1008 512 ) (-1040 -912 512 ) (-1040 -912 432 ) 
4 1659 1679 (-2048 -912 432 ) (-2048 -1008 432 ) (-2048 -1008 512 ) (-2048 -912 512 ) 
4 1659 1668 (-2048 -1008 432 ) (-2048 -912 432 ) (-1040 -912 432 ) (-1040 -1008 432 ) 
4 1660 1661 (-1968 -8 392 ) (-1968 -8 272 ) (-1648 -8 272 ) (-1648 -8 392 ) 
4 1662 1664 (-1248 -368 384 ) (-1056 -368 384 ) (-1056 -368 432 ) (-1248 -368 432 ) 
4 1663 1679 (-2048 -368 432 ) (-2048 -240 432 ) (-2048 -240 384 ) (-2048 -368 384 ) 
4 1663 1666 (-2048 -368 384 ) (-1888 -368 384 ) (-1888 -368 432 ) (-2048 -368 432 ) 
4 1664 1668 (-1056 -912 384 ) (-1056 -912 432 ) (-1248 -912 432 ) (-1248 -912 384 ) 
4 1664 1665 (-1248 -816 384 ) (-1248 -912 384 ) (-1248 -912 432 ) (-1248 -816 432 ) 
4 1665 1668 (-1248 -912 432 ) (-1888 -912 432 ) (-1888 -912 384 ) (-1248 -912 384 ) 
4 1665 1666 (-1888 -816 384 ) (-1888 -912 384 ) (-1888 -912 432 ) (-1888 -816 432 ) 
4 1666 1679 (-2048 -912 384 ) (-2048 -912 432 ) (-2048 -368 432 ) (-2048 -368 384 ) 
4 1666 1668 (-1888 -912 432 ) (-2048 -912 432 ) (-2048 -912 384 ) (-1888 -912 384 ) 
4 1667 1668 (-1040 -912 432 ) (-1040 -912 320 ) (-1040 -1008 320 ) (-1040 -1008 432 ) 
4 1668 1679 (-2048 -1008 384 ) (-2048 -1008 432 ) (-2048 -912 432 ) (-2048 -912 384 ) 
4 1669 1670 (2048 -4096 432 ) (2048 -4096 664 ) (1186.638428 -4096 664 ) (1186.638550 -4096 432 ) 
4 1670 1672 (1024 -4148.845215 432 ) (1024 -5112 432 ) (1024 -5112 664 ) (1024 -4148.845215 664 ) 
4 1670 1671 (1162.013916 -4104 432 ) (1024 -4148.844238 432 ) (1024 -4148.844238 664 ) (1162.014648 -4104 664 ) 
4 1671 1672 (1024 -4104 432 ) (1024 -4148.845215 432 ) (1024 -4148.845215 664 ) (1024 -4104 664 ) 
4 1672 1677 (0 -4148.832031 664 ) (0 -4104 664 ) (0 -4104 432 ) (0 -4148.832031 432 ) 
4 1672 1676 (0 -5112 664 ) (0 -4148.832031 664 ) (0 -4148.832031 432 ) (0 -5112 432 ) 
4 1673 1676 (-162.602356 -4096 664 ) (-1024 -4096 664 ) (-1024 -4096 432 ) (-162.602356 -4096 432 ) 
4 1673 1674 (-1024 -4096 432 ) (-1024 -4096 664 ) (-1024 -3816.118408 664 ) (-1024 -3816.118408 432 ) 
4 1674 1690 (-2048 -4096 432 ) (-2048 -4096 664 ) (-2048 -3483.404785 664 ) (-2048 -3483.404785 432 ) 
4 1674 1678 (-2048 -4096 664 ) (-2048 -4096 432 ) (-1024 -4096 432 ) (-1024 -4096 664 ) 
4 1674 1675 (-1374.396118 -3702.269775 432 ) (-2048 -3483.405273 432 ) (-2048 -3483.405518 664 ) (-1374.395996 -3702.270020 664 ) 
4 1675 1690 (-2048 -3483.404785 664 ) (-2048 -3212.863037 664 ) (-2048 -3212.863037 432 ) (-2048 -3483.404785 432 ) 
4 1676 1678 (-1024 -4096 664 ) (-1024 -4096 432 ) (-1024 -4875.985352 432 ) (-1024 -4875.984863 664 ) 
4 1676 1677 (0 -4148.832031 432 ) (-137.980484 -4104 432 ) (-137.983215 -4104 664 ) (0 -4148.832031 664 ) 
4 1678 1692 (-2048 -4458.825684 664 ) (-2048 -4096 664 ) (-2048 -4096 432 ) (-2048 -4458.825684 432 ) 
4 1680 1687 (-4096 0 664 ) (-4096 0 432 ) (-4096 -1024 432 ) (-4096 -1024 664 ) 
4 1680 1683 (-3470.475098 -1024 664 ) (-3816.835938 -1024 664 ) (-3816.835938 -1024 432 ) (-3470.475098 -1024 432 ) 
4 1680 1682 (-3816.835938 -1024 664 ) (-4096 -1024 664 ) (-4096 -1024 432 ) (-3816.835938 -1024 432 ) 
4 1680 1681 (-3592 -649.983154 432 ) (-3803.189697 0 432 ) (-3803.189453 0 664 ) (-3592 -649.983826 664 ) 
4 1682 1688 (-4096 -2048 432 ) (-4096 -2048 664 ) (-4096 -1024 664 ) (-4096 -1024 432 ) 
4 1682 1686 (-4096 -2048 664 ) (-4096 -2048 432 ) (-3072.858154 -2048 432 ) (-3072.858154 -2048 664 ) 
4 1682 1683 (-3190.270752 -1886.391235 432 ) (-3816.833252 -1024 432 ) (-3816.835938 -1024 664 ) (-3190.267578 -1886.400879 664 ) 
4 1684 1690 (-2241.879395 -3072 664 ) (-3072 -3072 664 ) (-3072 -3072 432 ) (-2241.879395 -3072 432 ) 
4 1684 1686 (-3072 -2468.875244 432 ) (-3072 -3072 432 ) (-3072 -3072 664 ) (-3072 -2468.875244 664 ) 
4 1684 1685 (-2426.152100 -2938.116699 432 ) (-3072 -2468.875977 432 ) (-3072 -2468.874512 664 ) (-2426.153076 -2938.115234 664 ) 
4 1685 1686 (-3072 -2049.181396 432 ) (-3072 -2468.875244 432 ) (-3072 -2468.875244 664 ) (-3072 -2049.181152 664 ) 
4 1686 1691 (-3072 -3072 432 ) (-3072 -3072 664 ) (-3574.833252 -3072 664 ) (-3574.833252 -3072 432 ) 
4 1686 1689 (-4096 -2354.679932 664 ) (-4096 -2048 664 ) (-4096 -2048 432 ) (-4096 -2354.679932 432 ) 
4 1687 1688 (-4096 -1024 432 ) (-4096 -1024 664 ) (-4530.356445 -1024 664 ) (-4530.353516 -1024 432 ) 
4 1688 1689 (-4096 -2048 432 ) (-4096 -2048 664 ) (-4197.632812 -2048 664 ) (-4197.629395 -2048 432 ) 
4 1690 1692 (-2048 -4096 432 ) (-2048 -4096 664 ) (-2547.383301 -4096 664 ) (-2547.383301 -4096 432 ) 
4 1690 1691 (-3072 -3714.841309 664 ) (-3072 -3072 664 ) (-3072 -3072 432 ) (-3072 -3714.841309 432 ) 
