PRT1
1514
2802
4 0 1 (7168 1216 240 ) (7168 1216 400 ) (7168 1392 400 ) (7168 1392 240 ) 
4 1 3 (6144 1216 240 ) (6144 1216 400 ) (6144 1392 400 ) (6144 1392 240 ) 
4 2 9 (6344 1024 544 ) (6344 1024 624 ) (6296 1024 624 ) (6296 1024 544 ) 
4 3 4 (5120 1216 240 ) (5120 1216 400 ) (5120 1392 400 ) (5120 1392 240 ) 
4 4 5 (4096 1216 240 ) (4096 1216 400 ) (4096 1392 400 ) (4096 1392 240 ) 
4 5 18 (3072 1216 240 ) (3072 1216 400 ) (3072 1392 400 ) (3072 1392 240 ) 
4 6 8 (6496 960 656 ) (6496 960 544 ) (6496 896 544 ) (6496 896 656 ) 
4 6 7 (6736 848 544 ) (6864 848 544 ) (6864 848 752 ) (6736 848 752 ) 
4 8 14 (6480 896 544 ) (6480 896 656 ) (6480 960 656 ) (6480 960 544 ) 
4 9 14 (6344 1008 544 ) (6344 1008 624 ) (6296 1008 624 ) (6296 1008 544 ) 
4 10 13 (6160 1008 976 ) (6280 1008 976 ) (6280 512 976 ) (6160 512 976 ) 
4 10 12 (6280 1008 976 ) (6360 1008 976 ) (6360 512 976 ) (6280 512 976 ) 
4 10 11 (6360 1008 976 ) (6480 1008 976 ) (6480 512 976 ) (6360 512 976 ) 
4 11 14 (6360 1008 728 ) (6480 1008 728 ) (6480 512 728 ) (6360 512 728 ) 
4 11 12 (6360 1008 728 ) (6360 512 728 ) (6360 512 976 ) (6360 1008 976 ) 
4 12 14 (6280 1008 728 ) (6360 1008 728 ) (6360 512 728 ) (6280 512 728 ) 
4 12 13 (6280 1008 728 ) (6280 512 728 ) (6280 512 976 ) (6280 1008 976 ) 
4 13 14 (6160 1008 728 ) (6280 1008 728 ) (6280 512 728 ) (6160 512 728 ) 
4 16 509 (3056 1024 912 ) (2192 1024 912 ) (2192 1024 816 ) (3056 1024 816 ) 
4 16 17 (2192 1152 816 ) (2192 1024 816 ) (2192 1024 912 ) (2192 1152 912 ) 
4 17 509 (2192 1024 912 ) (2048 1024 912 ) (2048 1024 816 ) (2192 1024 816 ) 
4 17 27 (2048 1024 816 ) (2048 1024 912 ) (2048 1152 912 ) (2048 1152 816 ) 
4 18 56 (2048 1216 240 ) (2048 1216 400 ) (2048 1392 400 ) (2048 1392 240 ) 
4 19 20 (1344 2032 1960 ) (1344 1296 1960 ) (1104 1296 1960 ) (1104 2032 1960 ) 
4 20 24 (1344 2032 1840 ) (1344 1296 1840 ) (1104 1296 1840 ) (1104 2032 1840 ) 
4 20 21 (1152 1296 1840 ) (1280 1296 1840 ) (1280 1296 1960 ) (1152 1296 1960 ) 
4 21 22 (1152 1267 1960 ) (1152 1267 1840 ) (1280 1267 1840 ) (1280 1267 1960 ) 
4 22 23 (1152 1265 1960 ) (1152 1265 1840 ) (1280 1265 1840 ) (1280 1265 1960 ) 
4 23 28 (1280 1264 1960 ) (1152 1264 1960 ) (1152 1264 1840 ) (1280 1264 1840 ) 
4 24 29 (1344 2032 800 ) (1344 1296 800 ) (1104 1296 800 ) (1104 2032 800 ) 
4 24 25 (1104 1752 896 ) (1104 1824 896 ) (1104 1824 808 ) (1104 1752 808 ) 
4 25 26 (1080 1752 896 ) (1080 1824 896 ) (1080 1824 808 ) (1080 1752 808 ) 
4 26 70 (1024 1288 864 ) (1024 1288 984 ) (1024 1296 984 ) (1024 1296 864 ) 
4 26 69 (1024 1296 984 ) (1024 1936 984 ) (1024 1936 864 ) (1024 1296 864 ) 
4 26 75 (1024 1288 808 ) (1024 1288 864 ) (1024 1936 864 ) (1024 1936 808 ) 
4 26 68 (1024 1288 984 ) (1024 1288 1016 ) (1024 1488 1016 ) (1024 1488 984 ) 
4 26 67 (1024 1488 1016 ) (1024 1616 1016 ) (1024 1616 984 ) (1024 1488 984 ) 
4 26 66 (1024 1616 1016 ) (1024 1936 1016 ) (1024 1936 984 ) (1024 1616 984 ) 
4 27 520 (2048 1024 816 ) (2048 1024 912 ) (2032 1024 912 ) (2032 1024 816 ) 
4 27 28 (2032 1152 816 ) (2032 1024 816 ) (2032 1024 912 ) (2032 1152 912 ) 
4 28 674 (1024 1024 3056 ) (1024 1024 816 ) (1056 1024 816 ) (1056 1024 3056 ) 
4 28 650 (1056 1024 816 ) (1072 1024 816 ) (1072 1024 3056 ) (1056 1024 3056 ) 
4 28 587 (1072 1024 816 ) (1088 1024 816 ) (1088 1024 3056 ) (1072 1024 3056 ) 
4 28 573 (1088 1024 816 ) (1680 1024 816 ) (1680 1024 3056 ) (1088 1024 3056 ) 
4 28 521 (1680 1024 816 ) (2032 1024 816 ) (2032 1024 3056 ) (1680 1024 3056 ) 
4 28 79 (1024 1024 816 ) (1024 1024 3056 ) (1024 1264 3056 ) (1024 1264 816 ) 
4 29 40 (1344 2032 576 ) (1344 1296 576 ) (1104 1296 576 ) (1104 2032 576 ) 
4 29 33 (1216 1296 728 ) (1216 1296 792 ) (1168 1296 792 ) (1168 1296 728 ) 
4 29 30 (1104 1824 576 ) (1104 1664 576 ) (1104 1664 752 ) (1104 1824 752 ) 
4 30 31 (1088 1664 576 ) (1088 1664 752 ) (1088 1824 752 ) (1088 1824 576 ) 
4 31 97 (1024 1824 576 ) (1024 1664 576 ) (1024 1664 752 ) (1024 1824 752 ) 
4 32 98 (1024 1296 592 ) (1024 1296 752 ) (1024 1632 752 ) (1024 1632 592 ) 
4 32 34 (1072 1296 592 ) (1072 1296 752 ) (1024 1296 752 ) (1024 1296 592 ) 
4 33 37 (1216 1272 728 ) (1216 1272 768 ) (1168 1272 768 ) (1168 1272 728 ) 
4 33 35 (1216 1272 768 ) (1216 1272 792 ) (1168 1272 792 ) (1168 1272 768 ) 
4 34 98 (1024 1296 752 ) (1024 1296 592 ) (1024 1272 592 ) (1024 1272 752 ) 
4 34 38 (1072 1272 592 ) (1072 1272 752 ) (1024 1272 752 ) (1024 1272 592 ) 
4 35 85 (1024 1160 800 ) (1024 1272 800 ) (1024 1272 768 ) (1024 1160 768 ) 
4 35 37 (1088 1272 768 ) (1464 1272 768 ) (1464 1160 768 ) (1088 1160 768 ) 
4 35 36 (1024 1160 768 ) (1072 1160 768 ) (1072 1160 800 ) (1024 1160 800 ) 
4 36 675 (1056 1024 800 ) (1024 1024 800 ) (1024 1024 768 ) (1056 1024 768 ) 
4 36 651 (1072 1024 800 ) (1056 1024 800 ) (1056 1024 768 ) (1072 1024 768 ) 
4 36 95 (1024 1024 768 ) (1024 1024 800 ) (1024 1040 800 ) (1024 1040 768 ) 
4 36 93 (1024 1040 800 ) (1024 1056 800 ) (1024 1056 768 ) (1024 1040 768 ) 
4 36 90 (1024 1056 800 ) (1024 1104 800 ) (1024 1104 768 ) (1024 1056 768 ) 
4 36 85 (1024 1104 800 ) (1024 1160 800 ) (1024 1160 768 ) (1024 1104 768 ) 
4 38 98 (1024 1272 752 ) (1024 1272 592 ) (1024 1168 592 ) (1024 1168 752 ) 
4 39 676 (1024 1024 752 ) (1024 1024 592 ) (1056 1024 592 ) (1056 1024 752 ) 
4 39 652 (1056 1024 592 ) (1072 1024 592 ) (1072 1024 752 ) (1056 1024 752 ) 
4 39 607 (1072 1024 592 ) (1088 1024 592 ) (1088 1024 656 ) (1072 1024 656 ) 
4 39 588 (1088 1024 656 ) (1088 1024 752 ) (1072 1024 752 ) (1072 1024 656 ) 
4 39 574 (1088 1024 592 ) (1680 1024 592 ) (1680 1024 752 ) (1088 1024 752 ) 
4 39 103 (1024 1024 592 ) (1024 1024 752 ) (1024 1136 752 ) (1024 1136 592 ) 
4 40 44 (1104 1296 544 ) (1104 1408 544 ) (1344 1408 544 ) (1344 1296 544 ) 
4 40 43 (1104 1408 544 ) (1104 2032 544 ) (1216 2032 544 ) (1216 1408 544 ) 
4 40 42 (1216 2032 544 ) (1344 2032 544 ) (1344 1408 544 ) (1216 1408 544 ) 
4 41 46 (1936 1032 544 ) (1856 1032 544 ) (1856 1032 424 ) (1936 1032 424 ) 
4 41 45 (1368 1272 424 ) (1368 1032 424 ) (1368 1032 544 ) (1368 1272 544 ) 
4 42 55 (1216 2032 424 ) (1344 2032 424 ) (1344 1408 424 ) (1216 1408 424 ) 
4 42 44 (1344 1408 432 ) (1344 1408 544 ) (1216 1408 544 ) (1216 1408 432 ) 
4 42 43 (1216 2032 544 ) (1216 2032 432 ) (1216 1408 432 ) (1216 1408 544 ) 
4 43 44 (1216 1408 544 ) (1104 1408 544 ) (1104 1408 432 ) (1216 1408 432 ) 
4 44 47 (1104 1392 520 ) (1104 1392 432 ) (1104 1312 432 ) (1104 1312 520 ) 
4 45 53 (1104 1112 424 ) (1104 1032 424 ) (1104 1032 544 ) (1104 1112 544 ) 
4 45 52 (1104 1184 424 ) (1104 1112 424 ) (1104 1112 432 ) (1104 1184 432 ) 
4 45 50 (1104 1112 432 ) (1104 1112 520 ) (1104 1184 520 ) (1104 1184 432 ) 
4 45 49 (1104 1112 520 ) (1104 1112 544 ) (1104 1184 544 ) (1104 1184 520 ) 
4 45 48 (1104 1272 424 ) (1104 1184 424 ) (1104 1184 544 ) (1104 1272 544 ) 
4 46 544 (1856 1024 480 ) (1856 1024 424 ) (1936 1024 424 ) (1936 1024 480 ) 
4 46 524 (1936 1024 544 ) (1856 1024 544 ) (1856 1024 480 ) (1936 1024 480 ) 
4 47 54 (1072 1312 432 ) (1072 1312 520 ) (1072 1392 520 ) (1072 1392 432 ) 
4 48 52 (1096 1184 424 ) (1104 1184 424 ) (1104 1184 432 ) (1096 1184 432 ) 
4 48 50 (1104 1184 432 ) (1104 1184 520 ) (1096 1184 520 ) (1096 1184 432 ) 
4 48 49 (1104 1184 520 ) (1104 1184 544 ) (1096 1184 544 ) (1096 1184 520 ) 
4 49 53 (1096 1112 520 ) (1104 1112 520 ) (1104 1112 544 ) (1096 1112 544 ) 
4 49 50 (1104 1112 520 ) (1096 1112 520 ) (1096 1184 520 ) (1104 1184 520 ) 
4 50 53 (1096 1112 432 ) (1104 1112 432 ) (1104 1112 520 ) (1096 1112 520 ) 
4 50 52 (1104 1112 432 ) (1096 1112 432 ) (1096 1184 432 ) (1104 1184 432 ) 
4 50 51 (1096 1184 432 ) (1096 1112 432 ) (1096 1112 520 ) (1096 1184 520 ) 
4 51 54 (1072 1112 432 ) (1072 1112 520 ) (1072 1184 520 ) (1072 1184 432 ) 
4 52 53 (1096 1112 424 ) (1104 1112 424 ) (1104 1112 432 ) (1096 1112 432 ) 
4 54 689 (1024 1024 480 ) (1024 1024 432 ) (1056 1024 432 ) (1056 1024 480 ) 
4 54 684 (1024 1024 560 ) (1024 1024 480 ) (1056 1024 480 ) (1056 1024 560 ) 
4 54 659 (1056 1024 432 ) (1072 1024 432 ) (1072 1024 560 ) (1056 1024 560 ) 
4 54 115 (1024 1024 432 ) (1024 1024 544 ) (1024 1376 544 ) (1024 1376 432 ) 
4 54 110 (1024 1376 544 ) (1024 1632 544 ) (1024 1632 432 ) (1024 1376 432 ) 
4 54 106 (1024 1024 544 ) (1024 1024 560 ) (1024 1632 560 ) (1024 1632 544 ) 
4 56 60 (1408 1392 400 ) (1408 1392 240 ) (1408 1216 240 ) (1408 1216 400 ) 
4 57 575 (1432 1024 216 ) (1432 1024 96 ) (1680 1024 96 ) (1680 1024 216 ) 
4 57 571 (1680 1024 96 ) (1712 1024 96 ) (1712 1024 216 ) (1680 1024 216 ) 
4 57 547 (1712 1024 96 ) (1720 1024 96 ) (1720 1024 216 ) (1712 1024 216 ) 
4 57 545 (1720 1024 96 ) (1776 1024 96 ) (1776 1024 216 ) (1720 1024 216 ) 
4 57 58 (1776 1024 96 ) (1432 1024 96 ) (1432 1192 96 ) (1776 1192 96 ) 
4 58 576 (1680 1024 96 ) (1432 1024 96 ) (1432 1024 8 ) (1680 1024 8 ) 
4 58 571 (1712 1024 96 ) (1680 1024 96 ) (1680 1024 8 ) (1712 1024 8 ) 
4 58 547 (1720 1024 96 ) (1712 1024 96 ) (1712 1024 8 ) (1720 1024 8 ) 
4 58 545 (1776 1024 8 ) (1776 1024 96 ) (1720 1024 96 ) (1720 1024 8 ) 
4 58 59 (1432 1024 96 ) (1432 1128 96 ) (1432 1128 40 ) (1432 1024 40 ) 
4 59 577 (1432 1024 40 ) (1432 1024 96 ) (1408 1024 96 ) (1408 1024 40 ) 
4 59 61 (1408 1128 40 ) (1408 1024 40 ) (1408 1024 96 ) (1408 1128 96 ) 
4 60 130 (1024 1216 240 ) (1024 1216 400 ) (1024 1392 400 ) (1024 1392 240 ) 
4 61 62 (1056 1184 16 ) (1056 1024 16 ) (1056 1024 400 ) (1056 1184 400 ) 
4 62 691 (1056 1024 400 ) (1024 1024 400 ) (1024 1024 16 ) (1056 1024 16 ) 
4 62 133 (1024 1024 16 ) (1024 1024 400 ) (1024 1184 400 ) (1024 1184 16 ) 
4 63 65 (144 2040 808 ) (256 2040 808 ) (256 2040 928 ) (144 2040 928 ) 
4 64 205 (0 2032 10224 ) (0 2032 9232 ) (0 1288 9232 ) (0 1288 10224 ) 
4 64 82 (0 1288 10224 ) (0 1288 9232 ) (720 1288 9232 ) (720 1288 10224 ) 
4 64 77 (720 1288 9232 ) (1008 1288 9232 ) (1008 1288 10224 ) (720 1288 10224 ) 
4 65 74 (24 1936 984 ) (24 1936 864 ) (384 1936 864 ) (384 1936 984 ) 
4 65 75 (24 1936 864 ) (24 1936 808 ) (384 1936 808 ) (384 1936 864 ) 
4 65 66 (24 1936 1016 ) (24 1936 984 ) (384 1936 984 ) (384 1936 1016 ) 
4 66 72 (504 1936 984 ) (608 1936 984 ) (608 1616 984 ) (504 1616 984 ) 
4 66 71 (608 1936 984 ) (920 1936 984 ) (920 1616 984 ) (608 1616 984 ) 
4 66 74 (24 1616 984 ) (24 1936 984 ) (504 1936 984 ) (504 1616 984 ) 
4 66 69 (920 1936 984 ) (1024 1936 984 ) (1024 1616 984 ) (920 1616 984 ) 
4 66 67 (24 1616 1016 ) (24 1616 984 ) (1024 1616 984 ) (1024 1616 1016 ) 
4 67 72 (504 1616 984 ) (608 1616 984 ) (608 1488 984 ) (504 1488 984 ) 
4 67 71 (608 1616 984 ) (920 1616 984 ) (920 1488 984 ) (608 1488 984 ) 
4 67 74 (24 1488 984 ) (24 1616 984 ) (504 1616 984 ) (504 1488 984 ) 
4 67 69 (920 1616 984 ) (1024 1616 984 ) (1024 1488 984 ) (920 1488 984 ) 
4 67 68 (24 1488 1016 ) (24 1488 984 ) (1024 1488 984 ) (1024 1488 1016 ) 
4 68 73 (608 1288 984 ) (504 1288 984 ) (504 1296 984 ) (608 1296 984 ) 
4 68 72 (504 1296 984 ) (504 1488 984 ) (608 1488 984 ) (608 1296 984 ) 
4 68 71 (920 1288 984 ) (608 1288 984 ) (608 1488 984 ) (920 1488 984 ) 
4 68 74 (504 1288 984 ) (24 1288 984 ) (24 1488 984 ) (504 1488 984 ) 
4 68 70 (1024 1288 984 ) (920 1288 984 ) (920 1296 984 ) (1024 1296 984 ) 
4 68 69 (920 1296 984 ) (920 1488 984 ) (1024 1488 984 ) (1024 1296 984 ) 
4 69 71 (920 1936 864 ) (920 1296 864 ) (920 1296 984 ) (920 1936 984 ) 
4 69 75 (920 1296 864 ) (920 1936 864 ) (1024 1936 864 ) (1024 1296 864 ) 
4 69 70 (920 1296 984 ) (920 1296 864 ) (1024 1296 864 ) (1024 1296 984 ) 
4 70 71 (920 1296 864 ) (920 1288 864 ) (920 1288 984 ) (920 1296 984 ) 
4 70 75 (1024 1288 864 ) (920 1288 864 ) (920 1296 864 ) (1024 1296 864 ) 
4 71 73 (608 1296 864 ) (608 1288 864 ) (608 1288 984 ) (608 1296 984 ) 
4 71 72 (608 1936 864 ) (608 1296 864 ) (608 1296 984 ) (608 1936 984 ) 
4 71 75 (920 1288 864 ) (608 1288 864 ) (608 1936 864 ) (920 1936 864 ) 
4 72 75 (504 1296 864 ) (504 1936 864 ) (608 1936 864 ) (608 1296 864 ) 
4 72 74 (504 1936 864 ) (504 1296 864 ) (504 1296 984 ) (504 1936 984 ) 
4 72 73 (504 1296 984 ) (504 1296 864 ) (608 1296 864 ) (608 1296 984 ) 
4 73 75 (608 1288 864 ) (504 1288 864 ) (504 1296 864 ) (608 1296 864 ) 
4 73 74 (504 1296 864 ) (504 1288 864 ) (504 1288 984 ) (504 1296 984 ) 
4 74 76 (24 1552 864 ) (24 1488 864 ) (24 1488 896 ) (24 1552 896 ) 
4 74 75 (504 1288 864 ) (24 1288 864 ) (24 1936 864 ) (504 1936 864 ) 
4 75 76 (24 1552 808 ) (24 1488 808 ) (24 1488 864 ) (24 1552 864 ) 
4 76 247 (0 1552 808 ) (0 1488 808 ) (0 1488 836 ) (0 1552 836 ) 
4 76 222 (0 1488 836 ) (0 1488 896 ) (0 1552 896 ) (0 1552 836 ) 
4 77 82 (720 1288 10224 ) (720 1288 9232 ) (720 1264 9232 ) (720 1264 10224 ) 
4 77 80 (720 1264 10224 ) (720 1264 9232 ) (736 1264 9232 ) (736 1264 10224 ) 
4 77 78 (736 1264 9232 ) (1008 1264 9232 ) (1008 1264 10224 ) (736 1264 10224 ) 
4 78 80 (736 1264 10224 ) (736 1264 9232 ) (736 1040 9232 ) (736 1040 10224 ) 
4 79 743 (1024 1024 816 ) (1024 1024 1024 ) (736 1024 1024 ) (736 1024 816 ) 
4 79 709 (1024 1024 1024 ) (1024 1024 3056 ) (736 1024 3056 ) (736 1024 1024 ) 
4 79 81 (912 1056 816 ) (912 1104 816 ) (960 1104 816 ) (960 1056 816 ) 
4 80 83 (720 1040 10224 ) (720 1264 10224 ) (720 1264 9232 ) (720 1040 9232 ) 
4 81 91 (912 1056 800 ) (912 1104 800 ) (960 1104 800 ) (960 1056 800 ) 
4 82 205 (0 1288 10224 ) (0 1288 9232 ) (0 1264 9232 ) (0 1264 10224 ) 
4 82 83 (0 1264 10224 ) (0 1264 9232 ) (720 1264 9232 ) (720 1264 10224 ) 
4 83 205 (0 1040 10224 ) (0 1264 10224 ) (0 1264 9232 ) (0 1040 9232 ) 
4 84 745 (704 1024 816 ) (704 1024 1008 ) (32 1024 1008 ) (32 1024 816 ) 
4 85 90 (1008 1104 768 ) (1024 1104 768 ) (1024 1104 800 ) (1008 1104 800 ) 
4 85 87 (1008 1272 768 ) (1008 1104 768 ) (1008 1104 800 ) (1008 1272 800 ) 
4 86 88 (896 1320 768 ) (976 1320 768 ) (976 1320 800 ) (896 1320 800 ) 
4 86 87 (976 1320 768 ) (1008 1320 768 ) (1008 1320 800 ) (976 1320 800 ) 
4 86 89 (40 1320 768 ) (896 1320 768 ) (896 1320 800 ) (40 1320 800 ) 
4 87 90 (976 1104 768 ) (1008 1104 768 ) (1008 1104 800 ) (976 1104 800 ) 
4 87 88 (976 1320 800 ) (976 1320 768 ) (976 1120 768 ) (976 1120 800 ) 
4 88 89 (896 1320 800 ) (896 1320 768 ) (896 1120 768 ) (896 1120 800 ) 
4 89 257 (0 1104 800 ) (0 1320 800 ) (0 1320 768 ) (0 1104 768 ) 
4 89 92 (0 1104 768 ) (896 1104 768 ) (896 1104 800 ) (0 1104 800 ) 
4 90 93 (976 1056 768 ) (1024 1056 768 ) (1024 1056 800 ) (976 1056 800 ) 
4 91 102 (912 1104 768 ) (960 1104 768 ) (960 1056 768 ) (912 1056 768 ) 
4 92 257 (0 1056 800 ) (0 1104 800 ) (0 1104 768 ) (0 1056 768 ) 
4 92 94 (0 1056 768 ) (896 1056 768 ) (896 1056 800 ) (0 1056 800 ) 
4 93 95 (976 1040 768 ) (1024 1040 768 ) (1024 1040 800 ) (976 1040 800 ) 
4 94 257 (0 1040 800 ) (0 1056 800 ) (0 1056 768 ) (0 1040 768 ) 
4 94 96 (0 1040 768 ) (32 1040 768 ) (32 1040 800 ) (0 1040 800 ) 
4 94 95 (720 1040 768 ) (896 1040 768 ) (896 1040 800 ) (720 1040 800 ) 
4 95 793 (736 1024 800 ) (720 1024 800 ) (720 1024 768 ) (736 1024 768 ) 
4 95 783 (1024 1024 768 ) (1024 1024 800 ) (736 1024 800 ) (736 1024 768 ) 
4 96 814 (32 1024 800 ) (0 1024 800 ) (0 1024 768 ) (32 1024 768 ) 
4 96 257 (0 1024 768 ) (0 1024 800 ) (0 1040 800 ) (0 1040 768 ) 
4 97 261 (0 1824 752 ) (0 1824 576 ) (0 1664 576 ) (0 1664 752 ) 
4 97 101 (16 1664 576 ) (32 1664 576 ) (32 1664 752 ) (16 1664 752 ) 
4 97 100 (32 1664 576 ) (112 1664 576 ) (112 1664 752 ) (32 1664 752 ) 
4 98 99 (736 1168 592 ) (816 1168 592 ) (816 1168 752 ) (736 1168 752 ) 
4 99 104 (736 1136 576 ) (816 1136 576 ) (816 1136 752 ) (736 1136 752 ) 
4 100 104 (32 1136 576 ) (112 1136 576 ) (112 1136 752 ) (32 1136 752 ) 
4 100 101 (32 1664 752 ) (32 1664 576 ) (32 1344 576 ) (32 1344 752 ) 
4 102 103 (912 1056 752 ) (912 1104 752 ) (960 1104 752 ) (960 1056 752 ) 
4 103 826 (1024 1024 592 ) (1024 1024 608 ) (848 1024 608 ) (848 1024 592 ) 
4 103 784 (1024 1024 608 ) (1024 1024 752 ) (848 1024 752 ) (848 1024 608 ) 
4 104 105 (736 1056 576 ) (816 1056 576 ) (816 1056 752 ) (736 1056 752 ) 
4 105 827 (736 1024 608 ) (736 1024 576 ) (816 1024 576 ) (816 1024 608 ) 
4 105 785 (736 1024 752 ) (736 1024 608 ) (816 1024 608 ) (816 1024 752 ) 
4 106 828 (1024 1024 544 ) (1024 1024 560 ) (912 1024 560 ) (912 1024 544 ) 
4 106 115 (1024 1376 544 ) (1024 1024 544 ) (912 1024 544 ) (912 1376 544 ) 
4 106 110 (1024 1632 544 ) (1024 1376 544 ) (912 1376 544 ) (912 1632 544 ) 
4 107 112 (880 1632 544 ) (880 1424 544 ) (400 1424 544 ) (400 1632 544 ) 
4 108 114 (368 1456 544 ) (144 1456 544 ) (144 1632 544 ) (368 1632 544 ) 
4 108 109 (144 1456 544 ) (368 1456 544 ) (368 1456 576 ) (144 1456 576 ) 
4 109 114 (144 1424 544 ) (144 1456 544 ) (368 1456 544 ) (368 1424 544 ) 
4 110 115 (1024 1376 432 ) (1024 1376 544 ) (912 1376 544 ) (912 1376 432 ) 
4 110 111 (912 1552 544 ) (912 1616 544 ) (912 1616 432 ) (912 1552 432 ) 
4 111 112 (880 1552 432 ) (880 1552 544 ) (880 1616 544 ) (880 1616 432 ) 
4 112 126 (600 1424 400 ) (400 1424 400 ) (400 1632 400 ) (600 1632 400 ) 
4 112 124 (880 1632 400 ) (880 1424 400 ) (600 1424 400 ) (600 1632 400 ) 
4 112 113 (400 1456 432 ) (400 1456 544 ) (400 1600 544 ) (400 1600 432 ) 
4 113 114 (368 1456 432 ) (368 1456 544 ) (368 1600 544 ) (368 1600 432 ) 
4 114 274 (0 1504 544 ) (0 1600 544 ) (0 1600 432 ) (0 1504 432 ) 
4 115 828 (1024 1024 432 ) (1024 1024 544 ) (912 1024 544 ) (912 1024 432 ) 
4 116 829 (752 1024 528 ) (752 1024 432 ) (880 1024 432 ) (880 1024 528 ) 
4 116 119 (832 1088 432 ) (832 1024 432 ) (768 1024 432 ) (768 1088 432 ) 
4 116 117 (752 1376 528 ) (752 1376 432 ) (752 1072 432 ) (752 1072 528 ) 
4 117 118 (704 1376 432 ) (704 1072 432 ) (704 1072 528 ) (704 1376 528 ) 
4 118 122 (128 1248 432 ) (128 1184 432 ) (128 1184 528 ) (128 1248 528 ) 
4 119 120 (768 1024 420 ) (768 1088 420 ) (832 1088 420 ) (832 1024 420 ) 
4 120 121 (768 1024 412 ) (768 1088 412 ) (832 1088 412 ) (832 1024 412 ) 
4 121 138 (784 1024 400 ) (768 1024 400 ) (768 1088 400 ) (784 1088 400 ) 
4 121 134 (832 1024 400 ) (784 1024 400 ) (784 1088 400 ) (832 1088 400 ) 
4 122 123 (112 1184 432 ) (112 1184 528 ) (112 1248 528 ) (112 1248 432 ) 
4 123 287 (0 1088 432 ) (0 1072 432 ) (0 1072 528 ) (0 1088 528 ) 
4 123 285 (0 1168 432 ) (0 1088 432 ) (0 1088 528 ) (0 1168 528 ) 
4 123 284 (0 1184 432 ) (0 1168 432 ) (0 1168 528 ) (0 1184 528 ) 
4 123 283 (0 1216 432 ) (0 1184 432 ) (0 1184 528 ) (0 1216 528 ) 
4 123 282 (0 1376 528 ) (0 1376 432 ) (0 1216 432 ) (0 1216 528 ) 
4 124 126 (600 1424 240 ) (600 1424 400 ) (600 1632 400 ) (600 1632 240 ) 
4 125 349 (0 1640 120 ) (0 1640 8 ) (0 1632 8 ) (0 1632 120 ) 
4 125 319 (0 1640 216 ) (0 1640 120 ) (0 1632 120 ) (0 1632 216 ) 
4 125 127 (0 1632 8 ) (600 1632 8 ) (600 1632 216 ) (0 1632 216 ) 
4 126 316 (0 1632 272 ) (0 1632 240 ) (0 1424 240 ) (0 1424 272 ) 
4 126 276 (0 1424 400 ) (0 1504 400 ) (0 1504 272 ) (0 1424 272 ) 
4 126 275 (0 1504 400 ) (0 1600 400 ) (0 1600 272 ) (0 1504 272 ) 
4 126 273 (0 1600 400 ) (0 1632 400 ) (0 1632 272 ) (0 1600 272 ) 
4 127 349 (0 1632 120 ) (0 1632 8 ) (0 1424 8 ) (0 1424 120 ) 
4 127 319 (0 1632 216 ) (0 1632 120 ) (0 1424 120 ) (0 1424 216 ) 
4 127 128 (0 1424 8 ) (600 1424 8 ) (600 1424 216 ) (0 1424 216 ) 
4 128 349 (0 1424 120 ) (0 1424 8 ) (0 1408 8 ) (0 1408 120 ) 
4 128 319 (0 1424 216 ) (0 1424 120 ) (0 1408 120 ) (0 1408 216 ) 
4 128 129 (0 1408 8 ) (600 1408 8 ) (600 1408 216 ) (0 1408 216 ) 
4 129 349 (0 1408 120 ) (0 1408 8 ) (0 1392 8 ) (0 1392 120 ) 
4 129 319 (0 1408 216 ) (0 1408 120 ) (0 1392 120 ) (0 1392 216 ) 
4 129 131 (0 1392 8 ) (600 1392 8 ) (600 1392 216 ) (0 1392 216 ) 
4 130 321 (0 1392 272 ) (0 1392 240 ) (0 1216 240 ) (0 1216 272 ) 
4 130 288 (0 1216 400 ) (0 1392 400 ) (0 1392 272 ) (0 1216 272 ) 
4 131 349 (0 1392 120 ) (0 1392 8 ) (0 1216 8 ) (0 1216 120 ) 
4 131 322 (0 1392 216 ) (0 1392 120 ) (0 1216 120 ) (0 1216 216 ) 
4 131 132 (0 1216 8 ) (600 1216 8 ) (600 1216 216 ) (0 1216 216 ) 
4 132 349 (0 1216 120 ) (0 1216 8 ) (0 1184 8 ) (0 1184 120 ) 
4 132 324 (0 1216 216 ) (0 1216 120 ) (0 1184 120 ) (0 1184 216 ) 
4 132 143 (0 1184 216 ) (0 1184 8 ) (600 1184 8 ) (600 1184 216 ) 
4 133 920 (1024 1024 16 ) (1024 1024 236 ) (848 1024 236 ) (848 1024 16 ) 
4 133 831 (1024 1024 236 ) (1024 1024 400 ) (848 1024 400 ) (848 1024 236 ) 
4 133 134 (848 1184 400 ) (848 1184 16 ) (848 1024 16 ) (848 1024 400 ) 
4 134 920 (784 1024 236 ) (784 1024 16 ) (848 1024 16 ) (848 1024 236 ) 
4 134 831 (848 1024 400 ) (784 1024 400 ) (784 1024 236 ) (848 1024 236 ) 
4 134 138 (784 1184 400 ) (784 1184 16 ) (784 1024 16 ) (784 1024 400 ) 
4 134 135 (784 1056 16 ) (784 1120 16 ) (848 1120 16 ) (848 1056 16 ) 
4 135 136 (848 1056 4 ) (784 1056 4 ) (784 1120 4 ) (848 1120 4 ) 
4 136 137 (848 1056 -4 ) (784 1056 -4 ) (784 1120 -4 ) (848 1120 -4 ) 
4 137 185 (784 1056 -16 ) (784 1120 -16 ) (848 1120 -16 ) (848 1056 -16 ) 
4 138 920 (624 1024 236 ) (624 1024 16 ) (784 1024 16 ) (784 1024 236 ) 
4 138 842 (736 1024 400 ) (624 1024 400 ) (624 1024 236 ) (736 1024 236 ) 
4 138 831 (784 1024 400 ) (736 1024 400 ) (736 1024 236 ) (784 1024 236 ) 
4 138 140 (624 1184 368 ) (624 1184 272 ) (624 1104 272 ) (624 1104 368 ) 
4 139 851 (592 1024 400 ) (0 1024 400 ) (0 1024 368 ) (592 1024 368 ) 
4 139 289 (0 1024 368 ) (0 1024 400 ) (0 1184 400 ) (0 1184 368 ) 
4 139 141 (0 1024 368 ) (0 1184 368 ) (592 1184 368 ) (592 1024 368 ) 
4 140 141 (592 1184 272 ) (592 1104 272 ) (592 1104 368 ) (592 1184 368 ) 
4 141 851 (0 1024 368 ) (0 1024 272 ) (592 1024 272 ) (592 1024 368 ) 
4 141 289 (0 1024 272 ) (0 1024 368 ) (0 1184 368 ) (0 1184 272 ) 
4 141 149 (200 1024 272 ) (0 1024 272 ) (0 1032 272 ) (200 1032 272 ) 
4 141 147 (592 1032 272 ) (592 1024 272 ) (200 1024 272 ) (200 1032 272 ) 
4 141 142 (0 1184 272 ) (592 1184 272 ) (592 1032 272 ) (0 1032 272 ) 
4 142 326 (0 1032 272 ) (0 1184 272 ) (0 1184 240 ) (0 1032 240 ) 
4 142 149 (200 1032 272 ) (0 1032 272 ) (0 1032 240 ) (200 1032 240 ) 
4 142 147 (592 1032 272 ) (200 1032 272 ) (200 1032 240 ) (592 1032 240 ) 
4 143 349 (0 1184 120 ) (0 1184 8 ) (0 1040 8 ) (0 1040 120 ) 
4 143 327 (0 1184 216 ) (0 1184 120 ) (0 1040 120 ) (0 1040 216 ) 
4 143 145 (208 1040 216 ) (0 1040 216 ) (0 1040 8 ) (208 1040 8 ) 
4 143 144 (600 1040 8 ) (600 1040 216 ) (208 1040 216 ) (208 1040 8 ) 
4 144 148 (592 1032 216 ) (208 1032 216 ) (208 1032 8 ) (592 1032 8 ) 
4 144 146 (600 1032 8 ) (600 1032 216 ) (592 1032 216 ) (592 1032 8 ) 
4 144 145 (208 1040 216 ) (208 1040 8 ) (208 1032 8 ) (208 1032 216 ) 
4 145 350 (0 1032 8 ) (0 1032 120 ) (0 1040 120 ) (0 1040 8 ) 
4 145 327 (0 1032 120 ) (0 1032 216 ) (0 1040 216 ) (0 1040 120 ) 
4 145 150 (0 1032 120 ) (0 1032 8 ) (104 1032 8 ) (104 1032 120 ) 
4 145 148 (208 1032 8 ) (208 1032 216 ) (200 1032 216 ) (200 1032 8 ) 
4 146 921 (600 1024 8 ) (600 1024 216 ) (592 1024 216 ) (592 1024 8 ) 
4 146 148 (592 1032 216 ) (592 1032 8 ) (592 1024 8 ) (592 1024 216 ) 
4 147 853 (592 1024 272 ) (200 1024 272 ) (200 1024 240 ) (592 1024 240 ) 
4 147 149 (200 1032 272 ) (200 1032 240 ) (200 1024 240 ) (200 1024 272 ) 
4 148 926 (200 1024 216 ) (200 1024 8 ) (208 1024 8 ) (208 1024 216 ) 
4 148 924 (208 1024 8 ) (592 1024 8 ) (592 1024 216 ) (208 1024 216 ) 
4 149 853 (0 1024 272 ) (0 1024 240 ) (200 1024 240 ) (200 1024 272 ) 
4 149 330 (0 1024 240 ) (0 1024 272 ) (0 1032 272 ) (0 1032 240 ) 
4 150 954 (0 1024 120 ) (0 1024 8 ) (104 1024 8 ) (104 1024 120 ) 
4 150 353 (0 1024 8 ) (0 1024 120 ) (0 1032 120 ) (0 1032 8 ) 
4 151 155 (768 1600 -224 ) (1024 1600 -224 ) (1024 1600 -16 ) (768 1600 -16 ) 
4 151 152 (768 2032 -16 ) (768 2032 -224 ) (768 1744 -224 ) (768 1744 -16 ) 
4 152 153 (752 2032 -16 ) (752 2032 -224 ) (752 1744 -224 ) (752 1744 -16 ) 
4 153 165 (656 1744 -224 ) (656 1680 -224 ) (656 1680 -16 ) (656 1744 -16 ) 
4 153 162 (656 2032 -16 ) (656 2032 -224 ) (656 1760 -224 ) (656 1760 -16 ) 
4 154 166 (656 1664 -224 ) (656 1600 -224 ) (656 1600 -16 ) (656 1664 -16 ) 
4 154 155 (672 1600 -224 ) (752 1600 -224 ) (752 1600 -16 ) (672 1600 -16 ) 
4 156 158 (896 1520 -16 ) (896 1520 -224 ) (896 1424 -224 ) (896 1424 -16 ) 
4 157 184 (960 1168 -224 ) (1024 1168 -224 ) (1024 1168 -16 ) (960 1168 -16 ) 
4 157 158 (896 1328 -224 ) (896 1168 -224 ) (896 1168 -16 ) (896 1328 -16 ) 
4 158 159 (752 1520 -16 ) (752 1520 -224 ) (752 1360 -224 ) (752 1360 -16 ) 
4 159 160 (736 1520 -16 ) (736 1520 -224 ) (736 1360 -224 ) (736 1360 -16 ) 
4 160 161 (672 1360 -224 ) (672 1168 -224 ) (672 1168 -16 ) (672 1360 -16 ) 
4 161 170 (656 1344 -224 ) (656 1168 -224 ) (656 1168 -16 ) (656 1344 -16 ) 
4 161 167 (656 1360 -224 ) (656 1344 -224 ) (656 1344 -16 ) (656 1360 -16 ) 
4 163 165 (384 1744 -224 ) (400 1744 -224 ) (400 1744 -16 ) (384 1744 -16 ) 
4 163 164 (384 1968 -16 ) (384 1968 -224 ) (384 1824 -224 ) (384 1824 -16 ) 
4 164 173 (368 1968 -224 ) (368 1824 -224 ) (368 1824 -16 ) (368 1968 -16 ) 
4 166 167 (512 1584 -224 ) (656 1584 -224 ) (656 1584 -16 ) (512 1584 -16 ) 
4 166 168 (384 1584 -16 ) (384 1584 -224 ) (496 1584 -224 ) (496 1584 -16 ) 
4 167 171 (512 1344 -224 ) (608 1344 -224 ) (608 1344 -16 ) (512 1344 -16 ) 
4 167 170 (608 1344 -224 ) (656 1344 -224 ) (656 1344 -16 ) (608 1344 -16 ) 
4 168 171 (384 1344 -224 ) (496 1344 -224 ) (496 1344 -16 ) (384 1344 -16 ) 
4 168 169 (384 1520 -224 ) (384 1344 -224 ) (384 1344 -16 ) (384 1520 -16 ) 
4 169 176 (368 1520 -224 ) (368 1344 -224 ) (368 1344 -16 ) (368 1520 -16 ) 
4 169 171 (368 1344 -16 ) (368 1344 -224 ) (384 1344 -224 ) (384 1344 -16 ) 
4 170 171 (608 1344 -16 ) (608 1344 -224 ) (608 1248 -224 ) (608 1248 -16 ) 
4 170 172 (608 1232 -224 ) (608 1168 -224 ) (608 1168 -16 ) (608 1232 -16 ) 
4 171 176 (368 1344 -224 ) (368 1248 -224 ) (368 1248 -16 ) (368 1344 -16 ) 
4 172 187 (368 1168 -224 ) (592 1168 -224 ) (592 1168 -16 ) (368 1168 -16 ) 
4 172 177 (368 1232 -224 ) (368 1168 -224 ) (368 1168 -16 ) (368 1232 -16 ) 
4 173 174 (320 1968 -224 ) (320 1824 -224 ) (320 1824 -16 ) (320 1968 -16 ) 
4 174 175 (208 2032 -16 ) (208 2032 -224 ) (208 1824 -224 ) (208 1824 -16 ) 
4 175 181 (16 1824 -224 ) (64 1824 -224 ) (64 1824 -16 ) (16 1824 -16 ) 
4 175 180 (64 1824 -224 ) (144 1824 -224 ) (144 1824 -16 ) (64 1824 -16 ) 
4 176 178 (208 1808 -224 ) (208 1248 -224 ) (208 1248 -16 ) (208 1808 -16 ) 
4 177 187 (208 1168 -224 ) (368 1168 -224 ) (368 1168 -16 ) (208 1168 -16 ) 
4 177 179 (208 1232 -224 ) (208 1168 -224 ) (208 1168 -16 ) (208 1232 -16 ) 
4 178 180 (144 1808 -224 ) (144 1248 -224 ) (144 1248 -16 ) (144 1808 -16 ) 
4 179 188 (144 1168 -224 ) (208 1168 -224 ) (208 1168 -16 ) (144 1168 -16 ) 
4 179 183 (144 1232 -224 ) (144 1168 -224 ) (144 1168 -16 ) (144 1232 -16 ) 
4 180 181 (64 1824 -16 ) (64 1824 -224 ) (64 1568 -224 ) (64 1568 -16 ) 
4 180 182 (64 1552 -224 ) (64 1248 -224 ) (64 1248 -16 ) (64 1552 -16 ) 
4 181 368 (0 1568 -16 ) (0 1664 -16 ) (0 1664 -224 ) (0 1568 -224 ) 
4 181 356 (0 1664 -16 ) (0 1824 -16 ) (0 1824 -224 ) (0 1664 -224 ) 
4 182 370 (0 1248 -16 ) (0 1552 -16 ) (0 1552 -224 ) (0 1248 -224 ) 
4 183 379 (0 1168 -16 ) (0 1232 -16 ) (0 1232 -224 ) (0 1168 -224 ) 
4 183 188 (0 1168 -224 ) (144 1168 -224 ) (144 1168 -16 ) (0 1168 -16 ) 
4 184 189 (960 1040 -224 ) (1024 1040 -224 ) (1024 1040 -16 ) (960 1040 -16 ) 
4 185 186 (608 1104 -224 ) (608 1040 -224 ) (608 1040 -16 ) (608 1104 -16 ) 
4 186 187 (592 1104 -224 ) (592 1040 -224 ) (592 1040 -16 ) (592 1104 -16 ) 
4 187 190 (448 1040 -224 ) (464 1040 -224 ) (464 1040 -16 ) (448 1040 -16 ) 
4 187 188 (208 1168 -16 ) (208 1168 -224 ) (208 1040 -224 ) (208 1040 -16 ) 
4 188 379 (0 1040 -16 ) (0 1168 -16 ) (0 1168 -224 ) (0 1040 -224 ) 
4 189 923 (1024 1024 -224 ) (1024 1024 -16 ) (960 1024 -16 ) (960 1024 -224 ) 
4 190 925 (464 1024 -16 ) (448 1024 -16 ) (448 1024 -224 ) (464 1024 -224 ) 
4 191 197 (-256 3064 -480 ) (-8 3064 -480 ) (-8 2816 -480 ) (-256 2816 -480 ) 
4 191 193 (-256 2816 -480 ) (-8 2816 -480 ) (-8 2816 216 ) (-256 2816 216 ) 
4 191 192 (-256 3064 216 ) (-256 3064 -480 ) (-256 2816 -480 ) (-256 2816 216 ) 
4 192 198 (-1024 3064 216 ) (-1024 3064 -480 ) (-1024 2816 -480 ) (-1024 2816 216 ) 
4 192 197 (-1024 2816 -480 ) (-1024 3064 -480 ) (-256 3064 -480 ) (-256 2816 -480 ) 
4 192 194 (-1024 2816 216 ) (-1024 2816 -480 ) (-256 2816 -480 ) (-256 2816 216 ) 
4 193 197 (-256 2816 -480 ) (-8 2816 -480 ) (-8 2304 -480 ) (-256 2304 -480 ) 
4 193 195 (-256 2304 -480 ) (-8 2304 -480 ) (-8 2304 216 ) (-256 2304 216 ) 
4 193 194 (-256 2816 216 ) (-256 2816 -480 ) (-256 2304 -480 ) (-256 2304 216 ) 
4 194 200 (-1024 2816 1016 ) (-1024 2816 -480 ) (-1024 2304 -480 ) (-1024 2304 1016 ) 
4 194 197 (-1024 2304 -480 ) (-1024 2816 -480 ) (-256 2816 -480 ) (-256 2304 -480 ) 
4 194 196 (-1024 2304 216 ) (-1024 2304 -480 ) (-256 2304 -480 ) (-256 2304 216 ) 
4 195 343 (-256 2048 120 ) (-256 2048 32 ) (-8 2048 32 ) (-8 2048 120 ) 
4 195 309 (-256 2048 216 ) (-256 2048 120 ) (-8 2048 120 ) (-8 2048 216 ) 
4 195 197 (-8 2048 -480 ) (-256 2048 -480 ) (-256 2304 -480 ) (-8 2304 -480 ) 
4 195 196 (-256 2304 216 ) (-256 2304 -480 ) (-256 2048 -480 ) (-256 2048 216 ) 
4 196 354 (-816 2048 -200 ) (-464 2048 -200 ) (-464 2048 -120 ) (-816 2048 -120 ) 
4 196 344 (-1024 2048 120 ) (-1024 2048 32 ) (-640 2048 32 ) (-640 2048 120 ) 
4 196 343 (-640 2048 32 ) (-256 2048 32 ) (-256 2048 120 ) (-640 2048 120 ) 
4 196 310 (-1024 2048 216 ) (-1024 2048 120 ) (-640 2048 120 ) (-640 2048 216 ) 
4 196 309 (-640 2048 120 ) (-256 2048 120 ) (-256 2048 216 ) (-640 2048 216 ) 
4 196 202 (-1024 2048 -480 ) (-1024 2048 216 ) (-1024 2304 216 ) (-1024 2304 -480 ) 
4 196 197 (-256 2048 -480 ) (-1024 2048 -480 ) (-1024 2304 -480 ) (-256 2304 -480 ) 
4 197 204 (-1024 2048 -1016 ) (-1024 2048 -480 ) (-1024 3064 -480 ) (-1024 3064 -1016 ) 
4 198 204 (-1024 3064 -480 ) (-1024 2816 -480 ) (-1792 2816 -480 ) (-1792 3064 -480 ) 
4 198 200 (-1792 2816 -480 ) (-1024 2816 -480 ) (-1024 2816 216 ) (-1792 2816 216 ) 
4 198 199 (-1792 3064 216 ) (-1792 3064 -480 ) (-1792 2816 -480 ) (-1792 2816 216 ) 
4 199 204 (-1792 2816 -480 ) (-2040 2816 -480 ) (-2040 3064 -480 ) (-1792 3064 -480 ) 
4 199 201 (-2040 2816 -480 ) (-1792 2816 -480 ) (-1792 2816 216 ) (-2040 2816 216 ) 
4 200 204 (-1024 2816 -480 ) (-1024 2304 -480 ) (-1792 2304 -480 ) (-1792 2816 -480 ) 
4 200 202 (-1792 2304 -480 ) (-1024 2304 -480 ) (-1024 2304 216 ) (-1792 2304 216 ) 
4 200 201 (-1792 2816 216 ) (-1792 2816 -480 ) (-1792 2304 -480 ) (-1792 2304 216 ) 
4 201 204 (-1792 2304 -480 ) (-2040 2304 -480 ) (-2040 2816 -480 ) (-1792 2816 -480 ) 
4 201 203 (-2040 2304 216 ) (-2040 2304 -480 ) (-1792 2304 -480 ) (-1792 2304 216 ) 
4 202 504 (-1144 2048 120 ) (-1792 2048 120 ) (-1792 2048 32 ) (-1144 2048 32 ) 
4 202 502 (-1024 2048 32 ) (-1024 2048 120 ) (-1144 2048 120 ) (-1144 2048 32 ) 
4 202 404 (-1504 2048 216 ) (-1792 2048 216 ) (-1792 2048 120 ) (-1504 2048 120 ) 
4 202 401 (-1024 2048 120 ) (-1024 2048 216 ) (-1504 2048 216 ) (-1504 2048 120 ) 
4 202 204 (-1024 2304 -480 ) (-1024 2048 -480 ) (-1792 2048 -480 ) (-1792 2304 -480 ) 
4 202 203 (-1792 2304 216 ) (-1792 2304 -480 ) (-1792 2048 -480 ) (-1792 2048 216 ) 
4 203 504 (-2040 2048 120 ) (-2040 2048 32 ) (-1792 2048 32 ) (-1792 2048 120 ) 
4 203 425 (-2040 2048 216 ) (-2040 2048 120 ) (-2032 2048 120 ) (-2032 2048 216 ) 
4 203 424 (-2032 2048 120 ) (-1856 2048 120 ) (-1856 2048 216 ) (-2032 2048 216 ) 
4 203 404 (-1856 2048 120 ) (-1792 2048 120 ) (-1792 2048 216 ) (-1856 2048 216 ) 
4 203 204 (-1792 2048 -480 ) (-2040 2048 -480 ) (-2040 2304 -480 ) (-1792 2304 -480 ) 
4 205 206 (-16 1488 9232 ) (-496 1488 9232 ) (-496 1616 9232 ) (-16 1616 9232 ) 
4 206 207 (-16 1488 3064 ) (-496 1488 3064 ) (-496 1616 3064 ) (-16 1616 3064 ) 
4 207 211 (-496 1488 2752 ) (-496 1616 2752 ) (-480 1616 2752 ) (-480 1488 2752 ) 
4 207 209 (-480 1616 2752 ) (-384 1616 2752 ) (-384 1488 2752 ) (-480 1488 2752 ) 
4 207 208 (-384 1616 2752 ) (-16 1616 2752 ) (-16 1488 2752 ) (-384 1488 2752 ) 
4 208 212 (-384 1488 2616 ) (-384 1616 2616 ) (-16 1616 2616 ) (-16 1488 2616 ) 
4 208 209 (-384 1616 2616 ) (-384 1488 2616 ) (-384 1488 2752 ) (-384 1616 2752 ) 
4 209 212 (-480 1488 2616 ) (-480 1616 2616 ) (-384 1616 2616 ) (-384 1488 2616 ) 
4 209 211 (-480 1616 2616 ) (-480 1488 2616 ) (-480 1488 2752 ) (-480 1616 2752 ) 
4 209 210 (-480 1488 2752 ) (-480 1488 2616 ) (-384 1488 2616 ) (-384 1488 2752 ) 
4 210 216 (-384 1464 2752 ) (-480 1464 2752 ) (-480 1464 2616 ) (-384 1464 2616 ) 
4 211 212 (-496 1488 2616 ) (-496 1616 2616 ) (-480 1616 2616 ) (-480 1488 2616 ) 
4 212 218 (-16 1616 2608 ) (-16 1488 2608 ) (-496 1488 2608 ) (-496 1616 2608 ) 
4 213 215 (-8 1360 2616 ) (-8 1360 3064 ) (-128 1360 3064 ) (-128 1360 2616 ) 
4 213 214 (-128 1464 3064 ) (-128 1464 2616 ) (-128 1360 2616 ) (-128 1360 3064 ) 
4 214 219 (-352 1360 2608 ) (-352 1464 2608 ) (-128 1464 2608 ) (-128 1360 2608 ) 
4 214 215 (-352 1360 3064 ) (-352 1360 2616 ) (-128 1360 2616 ) (-128 1360 3064 ) 
4 215 1210 (-8 1024 3064 ) (-352 1024 3064 ) (-352 1024 2616 ) (-8 1024 2616 ) 
4 216 221 (-504 1360 2608 ) (-504 1464 2608 ) (-496 1464 2608 ) (-496 1360 2608 ) 
4 216 220 (-496 1464 2608 ) (-384 1464 2608 ) (-384 1360 2608 ) (-496 1360 2608 ) 
4 216 217 (-504 1360 2784 ) (-504 1360 2608 ) (-384 1360 2608 ) (-384 1360 2784 ) 
4 217 1211 (-504 1024 2784 ) (-504 1024 2616 ) (-384 1024 2616 ) (-384 1024 2784 ) 
4 217 221 (-496 1024 2608 ) (-504 1024 2608 ) (-504 1360 2608 ) (-496 1360 2608 ) 
4 217 220 (-384 1024 2608 ) (-496 1024 2608 ) (-496 1360 2608 ) (-384 1360 2608 ) 
4 218 223 (-16 1616 2584 ) (-16 1488 2584 ) (-496 1488 2584 ) (-496 1616 2584 ) 
4 219 231 (-128 1360 2584 ) (-352 1360 2584 ) (-352 1456 2584 ) (-128 1456 2584 ) 
4 219 229 (-352 1456 2584 ) (-352 1464 2584 ) (-336 1464 2584 ) (-336 1456 2584 ) 
4 219 227 (-336 1464 2584 ) (-240 1464 2584 ) (-240 1456 2584 ) (-336 1456 2584 ) 
4 219 226 (-240 1464 2584 ) (-128 1464 2584 ) (-128 1456 2584 ) (-240 1456 2584 ) 
4 220 246 (-384 1024 2584 ) (-496 1024 2584 ) (-496 1040 2584 ) (-384 1040 2584 ) 
4 220 241 (-496 1040 2584 ) (-496 1248 2584 ) (-384 1248 2584 ) (-384 1040 2584 ) 
4 220 235 (-496 1248 2584 ) (-496 1464 2584 ) (-384 1464 2584 ) (-384 1248 2584 ) 
4 220 221 (-496 1464 2584 ) (-496 1024 2584 ) (-496 1024 2608 ) (-496 1464 2608 ) 
4 221 246 (-496 1040 2584 ) (-496 1024 2584 ) (-504 1024 2584 ) (-504 1040 2584 ) 
4 221 241 (-496 1248 2584 ) (-496 1040 2584 ) (-504 1040 2584 ) (-504 1248 2584 ) 
4 221 235 (-496 1464 2584 ) (-496 1248 2584 ) (-504 1248 2584 ) (-504 1464 2584 ) 
4 222 247 (0 1552 836 ) (0 1488 836 ) (-16 1488 836 ) (-16 1552 836 ) 
4 222 223 (-16 1552 836 ) (-16 1488 836 ) (-16 1488 896 ) (-16 1552 896 ) 
4 223 248 (-16 1616 836 ) (-16 1488 836 ) (-496 1488 836 ) (-496 1616 836 ) 
4 223 224 (-240 1488 864 ) (-240 1488 976 ) (-336 1488 976 ) (-336 1488 864 ) 
4 224 228 (-240 1472 864 ) (-240 1472 976 ) (-336 1472 976 ) (-336 1472 864 ) 
4 225 414 (-1024 1640 836 ) (-1024 1472 836 ) (-1024 1472 1008 ) (-1024 1640 1008 ) 
4 225 411 (-1024 1648 836 ) (-1024 1640 836 ) (-1024 1640 1008 ) (-1024 1648 1008 ) 
4 225 408 (-1024 1656 836 ) (-1024 1648 836 ) (-1024 1648 1008 ) (-1024 1656 1008 ) 
4 225 405 (-1024 1712 836 ) (-1024 1656 836 ) (-1024 1656 1008 ) (-1024 1712 1008 ) 
4 225 249 (-752 1712 836 ) (-752 1472 836 ) (-1024 1472 836 ) (-1024 1712 836 ) 
4 225 237 (-808 1472 844 ) (-808 1472 976 ) (-880 1472 976 ) (-880 1472 844 ) 
4 226 231 (-128 1456 2496 ) (-128 1456 2584 ) (-240 1456 2584 ) (-240 1456 2496 ) 
4 226 227 (-240 1456 2496 ) (-240 1456 2584 ) (-240 1464 2584 ) (-240 1464 2496 ) 
4 227 231 (-240 1456 2496 ) (-240 1456 2584 ) (-336 1456 2584 ) (-336 1456 2496 ) 
4 227 229 (-336 1456 2496 ) (-336 1456 2584 ) (-336 1464 2584 ) (-336 1464 2496 ) 
4 228 232 (-240 1456 864 ) (-240 1456 976 ) (-336 1456 976 ) (-336 1456 864 ) 
4 229 231 (-336 1456 2496 ) (-336 1456 2584 ) (-352 1456 2584 ) (-352 1456 2496 ) 
4 230 251 (0 1440 836 ) (0 1248 836 ) (-128 1248 836 ) (-128 1440 836 ) 
4 230 250 (0 1456 836 ) (0 1440 836 ) (-128 1440 836 ) (-128 1456 836 ) 
4 230 240 (-128 1248 836 ) (0 1248 836 ) (0 1248 1008 ) (-128 1248 1008 ) 
4 230 233 (-128 1360 836 ) (-128 1248 836 ) (-128 1248 1008 ) (-128 1360 1008 ) 
4 230 232 (-128 1456 1008 ) (-128 1456 836 ) (-128 1360 836 ) (-128 1360 1008 ) 
4 232 251 (-352 1360 836 ) (-352 1440 836 ) (-128 1440 836 ) (-128 1360 836 ) 
4 232 250 (-352 1440 836 ) (-352 1456 836 ) (-128 1456 836 ) (-128 1440 836 ) 
4 232 234 (-352 1456 1008 ) (-352 1456 836 ) (-352 1360 836 ) (-352 1360 1008 ) 
4 232 233 (-352 1360 1008 ) (-352 1360 836 ) (-128 1360 836 ) (-128 1360 1008 ) 
4 233 251 (-128 1248 836 ) (-352 1248 836 ) (-352 1360 836 ) (-128 1360 836 ) 
4 233 240 (-352 1248 836 ) (-128 1248 836 ) (-128 1248 1008 ) (-352 1248 1008 ) 
4 233 234 (-352 1360 836 ) (-352 1248 836 ) (-352 1248 1008 ) (-352 1360 1008 ) 
4 234 251 (-352 1248 836 ) (-368 1248 836 ) (-368 1440 836 ) (-352 1440 836 ) 
4 234 250 (-368 1440 836 ) (-368 1456 836 ) (-352 1456 836 ) (-352 1440 836 ) 
4 234 240 (-368 1248 836 ) (-352 1248 836 ) (-352 1248 1008 ) (-368 1248 1008 ) 
4 235 241 (-384 1248 2056 ) (-384 1248 2584 ) (-504 1248 2584 ) (-504 1248 2056 ) 
4 236 252 (-752 1248 836 ) (-808 1248 836 ) (-808 1440 836 ) (-752 1440 836 ) 
4 236 242 (-808 1248 836 ) (-752 1248 836 ) (-752 1248 1008 ) (-808 1248 1008 ) 
4 236 238 (-808 1440 836 ) (-808 1248 836 ) (-808 1248 1008 ) (-808 1440 1008 ) 
4 237 238 (-880 1440 976 ) (-880 1440 844 ) (-808 1440 844 ) (-808 1440 976 ) 
4 238 252 (-808 1248 836 ) (-880 1248 836 ) (-880 1440 836 ) (-808 1440 836 ) 
4 238 242 (-880 1248 836 ) (-808 1248 836 ) (-808 1248 1008 ) (-880 1248 1008 ) 
4 238 239 (-880 1440 836 ) (-880 1248 836 ) (-880 1248 1008 ) (-880 1440 1008 ) 
4 239 451 (-1024 1264 836 ) (-1024 1248 836 ) (-1024 1248 1008 ) (-1024 1264 1008 ) 
4 239 429 (-1024 1440 836 ) (-1024 1264 836 ) (-1024 1264 1008 ) (-1024 1440 1008 ) 
4 239 252 (-880 1248 836 ) (-1024 1248 836 ) (-1024 1440 836 ) (-880 1440 836 ) 
4 239 242 (-1024 1248 836 ) (-880 1248 836 ) (-880 1248 1008 ) (-1024 1248 1008 ) 
4 240 251 (0 1248 836 ) (0 1040 836 ) (-368 1040 836 ) (-368 1248 836 ) 
4 240 245 (-368 1040 836 ) (-352 1040 836 ) (-352 1040 1008 ) (-368 1040 1008 ) 
4 240 244 (-352 1040 836 ) (-8 1040 836 ) (-8 1040 1008 ) (-352 1040 1008 ) 
4 240 243 (-8 1040 836 ) (0 1040 836 ) (0 1040 1008 ) (-8 1040 1008 ) 
4 241 246 (-384 1040 2056 ) (-384 1040 2584 ) (-504 1040 2584 ) (-504 1040 2056 ) 
4 242 462 (-1024 1248 836 ) (-1024 1040 836 ) (-1024 1040 1544 ) (-1024 1248 1544 ) 
4 242 252 (-752 1040 836 ) (-1024 1040 836 ) (-1024 1248 836 ) (-752 1248 836 ) 
4 243 1220 (0 1024 836 ) (0 1024 1008 ) (-8 1024 1008 ) (-8 1024 836 ) 
4 243 251 (0 1040 836 ) (0 1024 836 ) (-8 1024 836 ) (-8 1040 836 ) 
4 243 244 (-8 1040 1008 ) (-8 1040 836 ) (-8 1024 836 ) (-8 1024 1008 ) 
4 244 1220 (-352 1024 1008 ) (-352 1024 836 ) (-8 1024 836 ) (-8 1024 1008 ) 
4 244 251 (-8 1024 836 ) (-352 1024 836 ) (-352 1040 836 ) (-8 1040 836 ) 
4 244 245 (-352 1040 1008 ) (-352 1040 836 ) (-352 1024 836 ) (-352 1024 1008 ) 
4 245 1220 (-368 1024 1008 ) (-368 1024 836 ) (-352 1024 836 ) (-352 1024 1008 ) 
4 245 251 (-352 1024 836 ) (-368 1024 836 ) (-368 1040 836 ) (-352 1040 836 ) 
4 247 248 (-16 1488 836 ) (-16 1552 836 ) (-16 1552 808 ) (-16 1488 808 ) 
4 248 254 (-16 1616 800 ) (-16 1488 800 ) (-496 1488 800 ) (-496 1616 800 ) 
4 249 414 (-1024 1640 800 ) (-1024 1472 800 ) (-1024 1472 836 ) (-1024 1640 836 ) 
4 249 411 (-1024 1648 800 ) (-1024 1640 800 ) (-1024 1640 836 ) (-1024 1648 836 ) 
4 249 408 (-1024 1656 800 ) (-1024 1648 800 ) (-1024 1648 836 ) (-1024 1656 836 ) 
4 249 405 (-1024 1712 800 ) (-1024 1656 800 ) (-1024 1656 836 ) (-1024 1712 836 ) 
4 249 255 (-1024 1472 800 ) (-1024 1712 800 ) (-752 1712 800 ) (-752 1472 800 ) 
4 250 251 (-368 1440 816 ) (0 1440 816 ) (0 1440 836 ) (-368 1440 836 ) 
4 251 1220 (0 1024 816 ) (0 1024 836 ) (-368 1024 836 ) (-368 1024 816 ) 
4 252 462 (-1024 1040 836 ) (-1024 1248 836 ) (-1024 1248 816 ) (-1024 1040 816 ) 
4 252 451 (-1024 1248 836 ) (-1024 1264 836 ) (-1024 1264 816 ) (-1024 1248 816 ) 
4 252 429 (-1024 1264 836 ) (-1024 1440 836 ) (-1024 1440 816 ) (-1024 1264 816 ) 
4 252 253 (-1024 1040 816 ) (-1024 1440 816 ) (-752 1440 816 ) (-752 1040 816 ) 
4 253 462 (-1024 1248 800 ) (-1024 1040 800 ) (-1024 1040 816 ) (-1024 1248 816 ) 
4 253 451 (-1024 1264 800 ) (-1024 1248 800 ) (-1024 1248 816 ) (-1024 1264 816 ) 
4 253 429 (-1024 1440 800 ) (-1024 1264 800 ) (-1024 1264 816 ) (-1024 1440 816 ) 
4 253 260 (-1024 1040 800 ) (-1024 1440 800 ) (-752 1440 800 ) (-752 1040 800 ) 
4 254 262 (-16 1616 768 ) (-16 1488 768 ) (-496 1488 768 ) (-496 1616 768 ) 
4 255 414 (-1024 1640 768 ) (-1024 1472 768 ) (-1024 1472 800 ) (-1024 1640 800 ) 
4 255 411 (-1024 1648 768 ) (-1024 1640 768 ) (-1024 1640 800 ) (-1024 1648 800 ) 
4 255 408 (-1024 1656 768 ) (-1024 1648 768 ) (-1024 1648 800 ) (-1024 1656 800 ) 
4 255 405 (-1024 1712 768 ) (-1024 1656 768 ) (-1024 1656 800 ) (-1024 1712 800 ) 
4 255 267 (-752 1712 768 ) (-752 1472 768 ) (-1024 1472 768 ) (-1024 1712 768 ) 
4 256 258 (-288 1440 768 ) (-56 1440 768 ) (-56 1440 800 ) (-288 1440 800 ) 
4 257 1224 (0 1024 768 ) (0 1024 800 ) (-56 1024 800 ) (-56 1024 768 ) 
4 257 259 (-56 1040 768 ) (-56 1024 768 ) (-56 1024 800 ) (-56 1040 800 ) 
4 257 258 (-56 1320 768 ) (-56 1040 768 ) (-56 1040 800 ) (-56 1320 800 ) 
4 258 259 (-288 1040 768 ) (-56 1040 768 ) (-56 1040 800 ) (-288 1040 800 ) 
4 259 1224 (-56 1024 800 ) (-288 1024 800 ) (-288 1024 768 ) (-56 1024 768 ) 
4 260 462 (-1024 1040 800 ) (-1024 1248 800 ) (-1024 1248 784 ) (-1024 1040 784 ) 
4 260 451 (-1024 1248 800 ) (-1024 1264 800 ) (-1024 1264 784 ) (-1024 1248 784 ) 
4 260 429 (-1024 1264 800 ) (-1024 1440 800 ) (-1024 1440 784 ) (-1024 1264 784 ) 
4 261 264 (-544 1664 576 ) (-544 1664 672 ) (-544 1824 672 ) (-544 1824 576 ) 
4 262 278 (-496 1488 544 ) (-496 1616 544 ) (-16 1616 544 ) (-16 1488 544 ) 
4 263 269 (-64 1312 576 ) (-64 1312 736 ) (-352 1312 736 ) (-352 1312 576 ) 
4 263 265 (-544 1312 576 ) (-544 1312 736 ) (-544 1440 736 ) (-544 1440 576 ) 
4 264 265 (-704 1440 672 ) (-704 1440 576 ) (-544 1440 576 ) (-544 1440 672 ) 
4 265 266 (-704 1424 720 ) (-704 1424 576 ) (-704 1328 576 ) (-704 1328 720 ) 
4 266 268 (-736 1424 720 ) (-736 1424 576 ) (-736 1328 576 ) (-736 1328 720 ) 
4 267 414 (-1024 1640 544 ) (-1024 1472 544 ) (-1024 1472 768 ) (-1024 1640 768 ) 
4 267 411 (-1024 1648 544 ) (-1024 1640 544 ) (-1024 1640 768 ) (-1024 1648 768 ) 
4 267 408 (-1024 1656 544 ) (-1024 1648 544 ) (-1024 1648 768 ) (-1024 1656 768 ) 
4 267 405 (-1024 1712 544 ) (-1024 1656 544 ) (-1024 1656 768 ) (-1024 1712 768 ) 
4 267 306 (-1024 1472 544 ) (-1024 1632 544 ) (-1008 1632 544 ) (-1008 1472 544 ) 
4 267 305 (-1024 1632 544 ) (-1024 1712 544 ) (-1008 1712 544 ) (-1008 1632 544 ) 
4 267 296 (-752 1632 544 ) (-752 1472 544 ) (-1008 1472 544 ) (-1008 1632 544 ) 
4 267 295 (-1008 1712 544 ) (-752 1712 544 ) (-752 1632 544 ) (-1008 1632 544 ) 
4 268 430 (-1024 1440 544 ) (-1024 1312 544 ) (-1024 1312 752 ) (-1024 1440 752 ) 
4 268 307 (-1024 1312 544 ) (-1024 1440 544 ) (-1008 1440 544 ) (-1008 1312 544 ) 
4 268 302 (-736 1424 544 ) (-736 1312 544 ) (-1008 1312 544 ) (-1008 1424 544 ) 
4 268 299 (-1008 1440 544 ) (-736 1440 544 ) (-736 1424 544 ) (-1008 1424 544 ) 
4 268 270 (-1024 1312 544 ) (-736 1312 544 ) (-736 1312 752 ) (-1024 1312 752 ) 
4 269 1282 (0 1024 576 ) (0 1024 608 ) (-352 1024 608 ) (-352 1024 576 ) 
4 269 1265 (0 1024 608 ) (0 1024 648 ) (-352 1024 648 ) (-352 1024 608 ) 
4 269 1233 (0 1024 648 ) (0 1024 736 ) (-352 1024 736 ) (-352 1024 648 ) 
4 270 430 (-1024 1312 544 ) (-1024 1296 544 ) (-1024 1296 752 ) (-1024 1312 752 ) 
4 270 307 (-1024 1296 544 ) (-1024 1312 544 ) (-1008 1312 544 ) (-1008 1296 544 ) 
4 270 302 (-1008 1312 544 ) (-736 1312 544 ) (-736 1296 544 ) (-1008 1296 544 ) 
4 271 468 (-1024 1040 560 ) (-1024 1040 752 ) (-1024 1184 752 ) (-1024 1184 560 ) 
4 271 463 (-1024 1184 752 ) (-1024 1248 752 ) (-1024 1248 560 ) (-1024 1184 560 ) 
4 271 452 (-1024 1248 752 ) (-1024 1264 752 ) (-1024 1264 560 ) (-1024 1248 560 ) 
4 271 272 (-432 1040 608 ) (-1024 1040 608 ) (-1024 1040 560 ) (-432 1040 560 ) 
4 272 1295 (-1024 1024 608 ) (-1024 1024 560 ) (-1008 1024 560 ) (-1008 1024 608 ) 
4 272 1292 (-1008 1024 560 ) (-432 1024 560 ) (-432 1024 608 ) (-1008 1024 608 ) 
4 273 316 (0 1632 272 ) (0 1600 272 ) (-16 1600 272 ) (-16 1632 272 ) 
4 273 279 (-16 1616 272 ) (-16 1600 272 ) (-16 1600 400 ) (-16 1616 400 ) 
4 273 277 (-16 1632 272 ) (-16 1616 272 ) (-16 1616 400 ) (-16 1632 400 ) 
4 273 275 (-16 1600 400 ) (-16 1600 272 ) (0 1600 272 ) (0 1600 400 ) 
4 274 278 (-16 1504 432 ) (-16 1504 544 ) (-16 1600 544 ) (-16 1600 432 ) 
4 275 316 (0 1600 272 ) (0 1504 272 ) (-16 1504 272 ) (-16 1600 272 ) 
4 275 279 (-16 1600 272 ) (-16 1504 272 ) (-16 1504 400 ) (-16 1600 400 ) 
4 275 276 (-16 1504 400 ) (-16 1504 272 ) (0 1504 272 ) (0 1504 400 ) 
4 276 316 (0 1504 272 ) (0 1424 272 ) (-16 1424 272 ) (-16 1504 272 ) 
4 276 280 (-16 1488 272 ) (-16 1424 272 ) (-16 1424 400 ) (-16 1488 400 ) 
4 276 279 (-16 1504 272 ) (-16 1488 272 ) (-16 1488 400 ) (-16 1504 400 ) 
4 277 318 (-496 1632 272 ) (-392 1632 272 ) (-392 1616 272 ) (-496 1616 272 ) 
4 277 317 (-392 1632 272 ) (-152 1632 272 ) (-152 1616 272 ) (-392 1616 272 ) 
4 277 316 (-152 1632 272 ) (-16 1632 272 ) (-16 1616 272 ) (-152 1616 272 ) 
4 277 281 (-496 1632 400 ) (-496 1632 272 ) (-496 1616 272 ) (-496 1616 400 ) 
4 277 279 (-496 1616 400 ) (-496 1616 272 ) (-16 1616 272 ) (-16 1616 400 ) 
4 279 318 (-392 1488 272 ) (-496 1488 272 ) (-496 1616 272 ) (-392 1616 272 ) 
4 279 317 (-152 1488 272 ) (-392 1488 272 ) (-392 1616 272 ) (-152 1616 272 ) 
4 279 316 (-16 1616 272 ) (-16 1488 272 ) (-152 1488 272 ) (-152 1616 272 ) 
4 279 281 (-496 1616 272 ) (-496 1488 272 ) (-496 1488 400 ) (-496 1616 400 ) 
4 279 280 (-496 1488 400 ) (-496 1488 272 ) (-16 1488 272 ) (-16 1488 400 ) 
4 280 318 (-392 1424 272 ) (-496 1424 272 ) (-496 1488 272 ) (-392 1488 272 ) 
4 280 317 (-152 1424 272 ) (-392 1424 272 ) (-392 1488 272 ) (-152 1488 272 ) 
4 280 316 (-16 1488 272 ) (-16 1424 272 ) (-152 1424 272 ) (-152 1488 272 ) 
4 280 281 (-496 1488 272 ) (-496 1424 272 ) (-496 1424 400 ) (-496 1488 400 ) 
4 281 318 (-736 1424 272 ) (-736 1632 272 ) (-496 1632 272 ) (-496 1424 272 ) 
4 281 300 (-736 1472 272 ) (-736 1424 272 ) (-736 1424 400 ) (-736 1472 400 ) 
4 281 297 (-736 1632 272 ) (-736 1472 272 ) (-736 1472 400 ) (-736 1632 400 ) 
4 282 283 (0 1216 528 ) (-368 1216 528 ) (-368 1216 432 ) (0 1216 432 ) 
4 283 284 (0 1184 528 ) (-368 1184 528 ) (-368 1184 432 ) (0 1184 432 ) 
4 284 285 (0 1168 432 ) (0 1168 528 ) (-368 1168 528 ) (-368 1168 432 ) 
4 285 287 (0 1088 432 ) (0 1088 528 ) (-368 1088 528 ) (-368 1088 432 ) 
4 285 286 (-368 1168 528 ) (-368 1168 432 ) (-368 1088 432 ) (-368 1088 528 ) 
4 286 292 (-400 1088 432 ) (-400 1088 528 ) (-400 1168 528 ) (-400 1168 432 ) 
4 288 321 (-400 1216 272 ) (-400 1392 272 ) (0 1392 272 ) (0 1216 272 ) 
4 288 290 (-400 1392 400 ) (-400 1392 272 ) (-400 1216 272 ) (-400 1216 400 ) 
4 289 1315 (0 1024 272 ) (0 1024 400 ) (-400 1024 400 ) (-400 1024 272 ) 
4 289 330 (0 1024 272 ) (-400 1024 272 ) (-400 1032 272 ) (0 1032 272 ) 
4 289 326 (-400 1032 272 ) (-400 1184 272 ) (0 1184 272 ) (0 1032 272 ) 
4 289 293 (-400 1184 272 ) (-400 1024 272 ) (-400 1024 400 ) (-400 1184 400 ) 
4 290 321 (-560 1392 272 ) (-400 1392 272 ) (-400 1216 272 ) (-560 1216 272 ) 
4 290 291 (-560 1392 400 ) (-560 1392 272 ) (-560 1216 272 ) (-560 1216 400 ) 
4 291 331 (-736 1184 272 ) (-736 1392 272 ) (-560 1392 272 ) (-560 1184 272 ) 
4 291 294 (-736 1184 400 ) (-736 1184 272 ) (-560 1184 272 ) (-560 1184 400 ) 
4 292 1293 (-736 1024 528 ) (-736 1024 432 ) (-432 1024 432 ) (-432 1024 528 ) 
4 292 1291 (-432 1024 432 ) (-400 1024 432 ) (-400 1024 528 ) (-432 1024 528 ) 
4 292 303 (-736 1024 432 ) (-736 1024 528 ) (-736 1184 528 ) (-736 1184 432 ) 
4 293 1315 (-528 1024 272 ) (-400 1024 272 ) (-400 1024 400 ) (-528 1024 400 ) 
4 293 330 (-400 1024 272 ) (-528 1024 272 ) (-528 1032 272 ) (-400 1032 272 ) 
4 293 326 (-528 1032 272 ) (-528 1184 272 ) (-400 1184 272 ) (-400 1032 272 ) 
4 294 1317 (-736 1024 400 ) (-736 1024 272 ) (-560 1024 272 ) (-560 1024 400 ) 
4 294 331 (-560 1024 272 ) (-736 1024 272 ) (-736 1184 272 ) (-560 1184 272 ) 
4 295 305 (-1008 1632 432 ) (-1008 1632 544 ) (-1008 1712 544 ) (-1008 1712 432 ) 
4 295 296 (-1008 1632 544 ) (-1008 1632 432 ) (-752 1632 432 ) (-752 1632 544 ) 
4 296 306 (-1008 1472 432 ) (-1008 1472 544 ) (-1008 1632 544 ) (-1008 1632 432 ) 
4 297 334 (-768 1632 272 ) (-736 1632 272 ) (-736 1472 272 ) (-768 1472 272 ) 
4 297 300 (-768 1472 272 ) (-736 1472 272 ) (-736 1472 400 ) (-768 1472 400 ) 
4 297 298 (-768 1472 272 ) (-768 1472 400 ) (-768 1632 400 ) (-768 1632 272 ) 
4 298 337 (-1008 1472 272 ) (-1008 1632 272 ) (-768 1632 272 ) (-768 1472 272 ) 
4 298 301 (-1008 1472 400 ) (-1008 1472 272 ) (-768 1472 272 ) (-768 1472 400 ) 
4 299 307 (-1008 1424 432 ) (-1008 1424 544 ) (-1008 1440 544 ) (-1008 1440 432 ) 
4 299 302 (-1008 1424 544 ) (-1008 1424 432 ) (-736 1424 432 ) (-736 1424 544 ) 
4 300 334 (-768 1472 272 ) (-736 1472 272 ) (-736 1424 272 ) (-768 1424 272 ) 
4 300 301 (-768 1424 272 ) (-768 1424 400 ) (-768 1472 400 ) (-768 1472 272 ) 
4 301 337 (-1008 1424 272 ) (-1008 1472 272 ) (-768 1472 272 ) (-768 1424 272 ) 
4 301 304 (-1008 1424 400 ) (-1008 1424 272 ) (-768 1424 272 ) (-768 1424 400 ) 
4 302 307 (-1008 1296 544 ) (-1008 1424 544 ) (-1008 1424 432 ) (-1008 1296 432 ) 
4 303 1294 (-1008 1024 528 ) (-1008 1024 432 ) (-736 1024 432 ) (-736 1024 528 ) 
4 303 308 (-1008 1088 528 ) (-1008 1152 528 ) (-1008 1152 432 ) (-1008 1088 432 ) 
4 304 1319 (-1008 1024 400 ) (-1008 1024 272 ) (-768 1024 272 ) (-768 1024 400 ) 
4 304 337 (-768 1024 272 ) (-1008 1024 272 ) (-1008 1424 272 ) (-768 1424 272 ) 
4 305 414 (-1024 1632 432 ) (-1024 1632 544 ) (-1024 1640 544 ) (-1024 1640 432 ) 
4 305 411 (-1024 1640 544 ) (-1024 1648 544 ) (-1024 1648 432 ) (-1024 1640 432 ) 
4 305 408 (-1024 1648 544 ) (-1024 1656 544 ) (-1024 1656 432 ) (-1024 1648 432 ) 
4 305 405 (-1024 1656 544 ) (-1024 1712 544 ) (-1024 1712 432 ) (-1024 1656 432 ) 
4 305 306 (-1008 1632 432 ) (-1008 1632 544 ) (-1024 1632 544 ) (-1024 1632 432 ) 
4 306 414 (-1024 1472 432 ) (-1024 1472 544 ) (-1024 1632 544 ) (-1024 1632 432 ) 
4 307 430 (-1024 1296 432 ) (-1024 1296 544 ) (-1024 1440 544 ) (-1024 1440 432 ) 
4 308 469 (-1024 1088 432 ) (-1024 1088 528 ) (-1024 1152 528 ) (-1024 1152 432 ) 
4 309 343 (-640 2048 120 ) (-8 2048 120 ) (-8 1656 120 ) (-640 1656 120 ) 
4 309 313 (-640 1968 120 ) (-640 1888 120 ) (-640 1888 160 ) (-640 1968 160 ) 
4 309 310 (-640 2048 120 ) (-640 2016 120 ) (-640 2016 216 ) (-640 2048 216 ) 
4 310 401 (-1024 2048 216 ) (-1024 2048 120 ) (-1024 2016 120 ) (-1024 2016 216 ) 
4 310 344 (-1024 2016 120 ) (-1024 2048 120 ) (-640 2048 120 ) (-640 2016 120 ) 
4 311 402 (-1024 2008 120 ) (-1024 1968 120 ) (-1024 1968 216 ) (-1024 2008 216 ) 
4 311 345 (-1024 1968 120 ) (-1024 2008 120 ) (-648 2008 120 ) (-648 1968 120 ) 
4 311 314 (-1024 1968 120 ) (-648 1968 120 ) (-648 1968 160 ) (-1024 1968 160 ) 
4 311 312 (-648 1968 160 ) (-648 1968 216 ) (-1024 1968 216 ) (-1024 1968 160 ) 
4 312 402 (-1024 1888 160 ) (-1024 1888 216 ) (-1024 1968 216 ) (-1024 1968 160 ) 
4 312 315 (-648 1888 216 ) (-1024 1888 216 ) (-1024 1888 160 ) (-648 1888 160 ) 
4 312 314 (-648 1888 160 ) (-1024 1888 160 ) (-1024 1968 160 ) (-648 1968 160 ) 
4 313 346 (-648 1968 120 ) (-640 1968 120 ) (-640 1888 120 ) (-648 1888 120 ) 
4 313 314 (-648 1888 120 ) (-648 1888 160 ) (-648 1968 160 ) (-648 1968 120 ) 
4 314 402 (-1024 1968 120 ) (-1024 1888 120 ) (-1024 1888 160 ) (-1024 1968 160 ) 
4 314 347 (-1024 1888 120 ) (-1024 1968 120 ) (-648 1968 120 ) (-648 1888 120 ) 
4 314 315 (-1024 1888 120 ) (-648 1888 120 ) (-648 1888 160 ) (-1024 1888 160 ) 
4 315 406 (-1024 1712 120 ) (-1024 1656 120 ) (-1024 1656 216 ) (-1024 1712 216 ) 
4 315 402 (-1024 1888 120 ) (-1024 1712 120 ) (-1024 1712 216 ) (-1024 1888 216 ) 
4 315 348 (-1024 1656 120 ) (-1024 1888 120 ) (-648 1888 120 ) (-648 1656 120 ) 
4 316 317 (-152 1632 272 ) (-152 1632 240 ) (-152 1424 240 ) (-152 1424 272 ) 
4 317 318 (-392 1632 272 ) (-392 1632 240 ) (-392 1424 240 ) (-392 1424 272 ) 
4 318 334 (-736 1424 240 ) (-736 1424 272 ) (-736 1632 272 ) (-736 1632 240 ) 
4 319 349 (-152 1640 120 ) (0 1640 120 ) (0 1392 120 ) (-152 1392 120 ) 
4 319 322 (-152 1392 120 ) (0 1392 120 ) (0 1392 216 ) (-152 1392 216 ) 
4 320 351 (-736 1392 120 ) (-736 1640 120 ) (-392 1640 120 ) (-392 1392 120 ) 
4 320 336 (-736 1424 120 ) (-736 1392 120 ) (-736 1392 216 ) (-736 1424 216 ) 
4 320 335 (-736 1632 120 ) (-736 1424 120 ) (-736 1424 216 ) (-736 1632 216 ) 
4 320 333 (-736 1640 216 ) (-736 1640 120 ) (-736 1632 120 ) (-736 1632 216 ) 
4 320 332 (-736 1392 216 ) (-736 1392 120 ) (-560 1392 120 ) (-560 1392 216 ) 
4 320 323 (-560 1392 120 ) (-392 1392 120 ) (-392 1392 216 ) (-560 1392 216 ) 
4 321 331 (-560 1392 272 ) (-560 1392 240 ) (-560 1216 240 ) (-560 1216 272 ) 
4 322 349 (-152 1392 120 ) (0 1392 120 ) (0 1216 120 ) (-152 1216 120 ) 
4 322 324 (-152 1216 120 ) (0 1216 120 ) (0 1216 216 ) (-152 1216 216 ) 
4 323 351 (-560 1216 120 ) (-560 1392 120 ) (-392 1392 120 ) (-392 1216 120 ) 
4 323 332 (-560 1392 216 ) (-560 1392 120 ) (-560 1216 120 ) (-560 1216 216 ) 
4 323 325 (-560 1216 216 ) (-560 1216 120 ) (-392 1216 120 ) (-392 1216 216 ) 
4 324 349 (-152 1216 120 ) (0 1216 120 ) (0 1184 120 ) (-152 1184 120 ) 
4 324 327 (-152 1184 120 ) (0 1184 120 ) (0 1184 216 ) (-152 1184 216 ) 
4 325 351 (-560 1184 120 ) (-560 1216 120 ) (-392 1216 120 ) (-392 1184 120 ) 
4 325 332 (-560 1216 120 ) (-560 1184 120 ) (-560 1184 216 ) (-560 1216 216 ) 
4 325 329 (-560 1184 216 ) (-560 1184 120 ) (-528 1184 120 ) (-528 1184 216 ) 
4 325 328 (-528 1184 120 ) (-392 1184 120 ) (-392 1184 216 ) (-528 1184 216 ) 
4 326 330 (0 1032 240 ) (0 1032 272 ) (-528 1032 272 ) (-528 1032 240 ) 
4 327 350 (0 1040 120 ) (0 1032 120 ) (-152 1032 120 ) (-152 1040 120 ) 
4 327 349 (-152 1184 120 ) (0 1184 120 ) (0 1040 120 ) (-152 1040 120 ) 
4 328 352 (-392 1040 120 ) (-392 1032 120 ) (-528 1032 120 ) (-528 1040 120 ) 
4 328 351 (-528 1184 120 ) (-392 1184 120 ) (-392 1040 120 ) (-528 1040 120 ) 
4 328 329 (-528 1184 216 ) (-528 1184 120 ) (-528 1032 120 ) (-528 1032 216 ) 
4 329 352 (-560 1032 120 ) (-560 1040 120 ) (-528 1040 120 ) (-528 1032 120 ) 
4 329 351 (-560 1040 120 ) (-560 1184 120 ) (-528 1184 120 ) (-528 1040 120 ) 
4 329 332 (-560 1184 120 ) (-560 1032 120 ) (-560 1032 216 ) (-560 1184 216 ) 
4 330 1353 (0 1024 240 ) (0 1024 272 ) (-528 1024 272 ) (-528 1024 240 ) 
4 331 1355 (-560 1024 272 ) (-736 1024 272 ) (-736 1024 240 ) (-560 1024 240 ) 
4 332 352 (-736 1032 120 ) (-736 1040 120 ) (-560 1040 120 ) (-560 1032 120 ) 
4 332 351 (-736 1040 120 ) (-736 1392 120 ) (-560 1392 120 ) (-560 1040 120 ) 
4 332 336 (-736 1392 120 ) (-736 1032 120 ) (-736 1032 216 ) (-736 1392 216 ) 
4 333 415 (-1024 1640 120 ) (-1024 1632 120 ) (-1024 1632 216 ) (-1024 1640 216 ) 
4 333 351 (-1024 1632 120 ) (-1024 1640 120 ) (-736 1640 120 ) (-736 1632 120 ) 
4 333 342 (-1024 1632 120 ) (-1016 1632 120 ) (-1016 1632 216 ) (-1024 1632 216 ) 
4 333 339 (-1016 1632 120 ) (-1008 1632 120 ) (-1008 1632 216 ) (-1016 1632 216 ) 
4 333 338 (-1008 1632 120 ) (-768 1632 120 ) (-768 1632 216 ) (-1008 1632 216 ) 
4 333 335 (-768 1632 120 ) (-736 1632 120 ) (-736 1632 216 ) (-768 1632 216 ) 
4 334 337 (-768 1632 272 ) (-768 1632 240 ) (-768 1424 240 ) (-768 1424 272 ) 
4 335 351 (-768 1424 120 ) (-768 1632 120 ) (-736 1632 120 ) (-736 1424 120 ) 
4 335 338 (-768 1632 216 ) (-768 1632 120 ) (-768 1424 120 ) (-768 1424 216 ) 
4 335 336 (-768 1424 216 ) (-768 1424 120 ) (-736 1424 120 ) (-736 1424 216 ) 
4 336 352 (-768 1032 120 ) (-768 1040 120 ) (-736 1040 120 ) (-736 1032 120 ) 
4 336 351 (-768 1040 120 ) (-768 1424 120 ) (-736 1424 120 ) (-736 1040 120 ) 
4 336 338 (-768 1424 120 ) (-768 1032 120 ) (-768 1032 216 ) (-768 1424 216 ) 
4 337 1357 (-768 1024 272 ) (-1008 1024 272 ) (-1008 1024 240 ) (-768 1024 240 ) 
4 338 352 (-768 1040 120 ) (-768 1032 120 ) (-1008 1032 120 ) (-1008 1040 120 ) 
4 338 351 (-1008 1632 120 ) (-768 1632 120 ) (-768 1040 120 ) (-1008 1040 120 ) 
4 338 340 (-944 1032 216 ) (-1008 1032 216 ) (-1008 1032 128 ) (-944 1032 128 ) 
4 338 339 (-1008 1032 120 ) (-1008 1032 216 ) (-1008 1632 216 ) (-1008 1632 120 ) 
4 339 352 (-1016 1032 120 ) (-1016 1040 120 ) (-1008 1040 120 ) (-1008 1032 120 ) 
4 339 351 (-1016 1040 120 ) (-1016 1632 120 ) (-1008 1632 120 ) (-1008 1040 120 ) 
4 339 342 (-1016 1632 216 ) (-1016 1632 120 ) (-1016 1032 120 ) (-1016 1032 216 ) 
4 339 341 (-1016 1032 216 ) (-1016 1032 128 ) (-1008 1032 128 ) (-1008 1032 216 ) 
4 340 1385 (-1008 1024 128 ) (-944 1024 128 ) (-944 1024 216 ) (-1008 1024 216 ) 
4 340 341 (-1008 1032 216 ) (-1008 1032 128 ) (-1008 1024 128 ) (-1008 1024 216 ) 
4 341 1385 (-1016 1024 216 ) (-1016 1024 128 ) (-1008 1024 128 ) (-1008 1024 216 ) 
4 342 499 (-1024 1040 120 ) (-1024 1032 120 ) (-1024 1032 216 ) (-1024 1040 216 ) 
4 342 470 (-1024 1184 120 ) (-1024 1040 120 ) (-1024 1040 216 ) (-1024 1184 216 ) 
4 342 464 (-1024 1248 120 ) (-1024 1184 120 ) (-1024 1184 216 ) (-1024 1248 216 ) 
4 342 453 (-1024 1264 120 ) (-1024 1248 120 ) (-1024 1248 216 ) (-1024 1264 216 ) 
4 342 436 (-1024 1296 120 ) (-1024 1264 120 ) (-1024 1264 216 ) (-1024 1296 216 ) 
4 342 435 (-1024 1440 120 ) (-1024 1296 120 ) (-1024 1296 216 ) (-1024 1440 216 ) 
4 342 416 (-1024 1472 120 ) (-1024 1440 120 ) (-1024 1440 216 ) (-1024 1472 216 ) 
4 342 415 (-1024 1632 120 ) (-1024 1472 120 ) (-1024 1472 216 ) (-1024 1632 216 ) 
4 342 352 (-1024 1032 120 ) (-1024 1040 120 ) (-1016 1040 120 ) (-1016 1032 120 ) 
4 342 351 (-1024 1040 120 ) (-1024 1632 120 ) (-1016 1632 120 ) (-1016 1040 120 ) 
4 343 346 (-640 1968 32 ) (-640 1888 32 ) (-640 1888 120 ) (-640 1968 120 ) 
4 343 344 (-640 2048 32 ) (-640 2016 32 ) (-640 2016 120 ) (-640 2048 120 ) 
4 344 502 (-1024 2048 120 ) (-1024 2048 32 ) (-1024 2016 32 ) (-1024 2016 120 ) 
4 345 503 (-1024 2008 32 ) (-1024 1968 32 ) (-1024 1968 120 ) (-1024 2008 120 ) 
4 345 347 (-1024 1968 32 ) (-648 1968 32 ) (-648 1968 120 ) (-1024 1968 120 ) 
4 346 347 (-648 1968 120 ) (-648 1968 32 ) (-648 1888 32 ) (-648 1888 120 ) 
4 347 503 (-1024 1968 32 ) (-1024 1888 32 ) (-1024 1888 120 ) (-1024 1968 120 ) 
4 347 348 (-1024 1888 32 ) (-648 1888 32 ) (-648 1888 120 ) (-1024 1888 120 ) 
4 348 503 (-1024 1888 32 ) (-1024 1656 32 ) (-1024 1656 120 ) (-1024 1888 120 ) 
4 349 350 (-152 1040 120 ) (-152 1040 8 ) (0 1040 8 ) (0 1040 120 ) 
4 350 353 (0 1032 8 ) (0 1032 120 ) (-128 1032 120 ) (-128 1032 8 ) 
4 351 505 (-1024 1040 32 ) (-1024 1040 120 ) (-1024 1640 120 ) (-1024 1640 32 ) 
4 351 352 (-392 1040 32 ) (-392 1040 120 ) (-1024 1040 120 ) (-1024 1040 32 ) 
4 352 505 (-1024 1032 32 ) (-1024 1032 120 ) (-1024 1040 120 ) (-1024 1040 32 ) 
4 353 1399 (0 1024 8 ) (0 1024 88 ) (-128 1024 88 ) (-128 1024 8 ) 
4 353 1383 (0 1024 88 ) (0 1024 120 ) (-128 1024 120 ) (-128 1024 88 ) 
4 354 383 (-768 2032 -120 ) (-816 2032 -120 ) (-816 2032 -200 ) (-768 2032 -200 ) 
4 354 382 (-752 2032 -120 ) (-768 2032 -120 ) (-768 2032 -200 ) (-752 2032 -200 ) 
4 354 362 (-512 2032 -120 ) (-752 2032 -120 ) (-752 2032 -200 ) (-512 2032 -200 ) 
4 354 361 (-464 2032 -120 ) (-512 2032 -120 ) (-512 2032 -200 ) (-464 2032 -200 ) 
4 355 357 (-160 1984 -224 ) (-160 1840 -224 ) (-160 1840 -16 ) (-160 1984 -16 ) 
4 356 368 (-160 1664 -224 ) (0 1664 -224 ) (0 1664 -16 ) (-160 1664 -16 ) 
4 356 357 (-160 1824 -224 ) (-160 1664 -224 ) (-160 1664 -16 ) (-160 1824 -16 ) 
4 357 368 (-240 1664 -224 ) (-160 1664 -224 ) (-160 1664 -16 ) (-240 1664 -16 ) 
4 357 358 (-240 1984 -224 ) (-240 1840 -224 ) (-240 1840 -16 ) (-240 1984 -16 ) 
4 357 359 (-240 1824 -224 ) (-240 1664 -224 ) (-240 1664 -16 ) (-240 1824 -16 ) 
4 359 368 (-384 1664 -224 ) (-240 1664 -224 ) (-240 1664 -16 ) (-384 1664 -16 ) 
4 359 360 (-384 1824 -224 ) (-384 1664 -224 ) (-384 1664 -16 ) (-384 1824 -16 ) 
4 360 368 (-400 1664 -224 ) (-384 1664 -224 ) (-384 1664 -16 ) (-400 1664 -16 ) 
4 360 363 (-400 1824 -224 ) (-400 1664 -224 ) (-400 1664 -16 ) (-400 1824 -16 ) 
4 361 363 (-512 1936 -224 ) (-400 1936 -224 ) (-400 1936 -16 ) (-512 1936 -16 ) 
4 361 362 (-512 2032 -16 ) (-512 2032 -224 ) (-512 1952 -224 ) (-512 1952 -16 ) 
4 362 382 (-752 2032 -16 ) (-752 2032 -224 ) (-752 1952 -224 ) (-752 1952 -16 ) 
4 363 364 (-560 1936 -16 ) (-560 1936 -224 ) (-560 1872 -224 ) (-560 1872 -16 ) 
4 364 365 (-576 1936 -16 ) (-576 1936 -224 ) (-576 1872 -224 ) (-576 1872 -16 ) 
4 365 376 (-688 1664 -224 ) (-576 1664 -224 ) (-576 1664 -16 ) (-688 1664 -16 ) 
4 365 366 (-688 1936 -16 ) (-688 1936 -224 ) (-688 1776 -224 ) (-688 1776 -16 ) 
4 365 367 (-688 1760 -224 ) (-688 1664 -224 ) (-688 1664 -16 ) (-688 1760 -16 ) 
4 367 390 (-752 1696 -224 ) (-752 1664 -224 ) (-752 1664 -16 ) (-752 1696 -16 ) 
4 367 388 (-752 1760 -224 ) (-752 1696 -224 ) (-752 1696 -16 ) (-752 1760 -16 ) 
4 367 377 (-752 1664 -16 ) (-752 1664 -224 ) (-704 1664 -224 ) (-704 1664 -16 ) 
4 368 374 (-400 1648 -224 ) (-400 1568 -224 ) (-400 1568 -160 ) (-400 1648 -160 ) 
4 368 369 (-256 1568 -224 ) (-160 1568 -224 ) (-160 1568 -16 ) (-256 1568 -16 ) 
4 368 373 (-400 1568 -16 ) (-400 1568 -224 ) (-256 1568 -224 ) (-256 1568 -16 ) 
4 369 372 (-256 1552 -16 ) (-256 1552 -224 ) (-240 1552 -224 ) (-240 1552 -16 ) 
4 369 371 (-240 1552 -224 ) (-172 1552 -224 ) (-172 1552 -16 ) (-240 1552 -16 ) 
4 369 373 (-256 1568 -16 ) (-256 1568 -224 ) (-256 1552 -224 ) (-256 1552 -16 ) 
4 371 372 (-240 1552 -16 ) (-240 1552 -224 ) (-240 1461.333374 -224 ) (-240 1461.333374 -16 ) 
4 372 373 (-256 1552 -224 ) (-256 1440 -224 ) (-256 1440 -16 ) (-256 1552 -16 ) 
4 373 374 (-400 1568 -224 ) (-400 1552 -224 ) (-400 1552 -160 ) (-400 1568 -160 ) 
4 373 378 (-400 1392 -224 ) (-400 1248 -224 ) (-400 1248 -16 ) (-400 1392 -16 ) 
4 374 375 (-416 1648 -224 ) (-416 1552 -224 ) (-416 1552 -160 ) (-416 1648 -160 ) 
4 375 376 (-576 1648 -224 ) (-576 1408 -224 ) (-576 1408 -16 ) (-576 1648 -16 ) 
4 377 392 (-752 1488 -224 ) (-752 1392 -224 ) (-752 1392 -16 ) (-752 1488 -16 ) 
4 377 390 (-752 1664 -224 ) (-752 1488 -224 ) (-752 1488 -16 ) (-752 1664 -16 ) 
4 377 378 (-752 1392 -16 ) (-752 1392 -224 ) (-704 1392 -224 ) (-704 1392 -16 ) 
4 378 392 (-752 1392 -224 ) (-752 1376 -224 ) (-752 1376 -16 ) (-752 1392 -16 ) 
4 379 398 (-304 1040 -224 ) (-160 1040 -224 ) (-160 1040 -16 ) (-304 1040 -16 ) 
4 379 380 (-720 1120 -224 ) (-720 1040 -224 ) (-720 1040 -16 ) (-720 1120 -16 ) 
4 380 381 (-736 1120 -224 ) (-736 1040 -224 ) (-736 1040 -16 ) (-736 1120 -16 ) 
4 381 394 (-752 1232 -224 ) (-752 1040 -224 ) (-752 1040 -16 ) (-752 1232 -16 ) 
4 382 383 (-768 2032 -16 ) (-768 2032 -224 ) (-768 1952 -224 ) (-768 1952 -16 ) 
4 383 384 (-832 2032 -16 ) (-832 2032 -224 ) (-832 1856 -224 ) (-832 1856 -16 ) 
4 383 385 (-832 1840 -224 ) (-832 1776 -224 ) (-832 1776 -16 ) (-832 1840 -16 ) 
4 385 386 (-912 1840 -224 ) (-912 1776 -224 ) (-912 1776 -16 ) (-912 1840 -16 ) 
4 386 387 (-928 1840 -224 ) (-928 1776 -224 ) (-928 1776 -16 ) (-928 1840 -16 ) 
4 387 389 (-1008 1776 -16 ) (-1008 1776 -224 ) (-928 1776 -224 ) (-928 1776 -16 ) 
4 388 391 (-928 1696 -224 ) (-864 1696 -224 ) (-864 1696 -16 ) (-928 1696 -16 ) 
4 388 390 (-816 1696 -224 ) (-752 1696 -224 ) (-752 1696 -16 ) (-816 1696 -16 ) 
4 388 389 (-928 1760 -224 ) (-928 1696 -224 ) (-928 1696 -16 ) (-928 1760 -16 ) 
4 389 391 (-960 1696 -224 ) (-928 1696 -224 ) (-928 1696 -16 ) (-960 1696 -16 ) 
4 390 392 (-816 1488 -224 ) (-752 1488 -224 ) (-752 1488 -16 ) (-816 1488 -16 ) 
4 391 392 (-960 1488 -224 ) (-864 1488 -224 ) (-864 1488 -16 ) (-960 1488 -16 ) 
4 393 395 (-848 1232 -224 ) (-832 1232 -224 ) (-832 1232 -16 ) (-848 1232 -16 ) 
4 393 394 (-832 1232 -224 ) (-768 1232 -224 ) (-768 1232 -16 ) (-832 1232 -16 ) 
4 393 396 (-928 1232 -224 ) (-848 1232 -224 ) (-848 1232 -16 ) (-928 1232 -16 ) 
4 394 395 (-832 1232 -16 ) (-832 1232 -224 ) (-832 1200 -224 ) (-832 1200 -16 ) 
4 395 396 (-848 1232 -16 ) (-848 1232 -224 ) (-848 1200 -224 ) (-848 1200 -16 ) 
4 396 399 (-928 1040 -224 ) (-864 1040 -224 ) (-864 1040 -112 ) (-928 1040 -112 ) 
4 396 397 (-928 1136 -224 ) (-928 1040 -224 ) (-928 1040 -16 ) (-928 1136 -16 ) 
4 397 399 (-944 1040 -224 ) (-928 1040 -224 ) (-928 1040 -112 ) (-944 1040 -112 ) 
4 398 1400 (-160 1024 -16 ) (-304 1024 -16 ) (-304 1024 -224 ) (-160 1024 -224 ) 
4 399 1405 (-944 1024 -112 ) (-944 1024 -224 ) (-864 1024 -224 ) (-864 1024 -112 ) 
4 400 405 (-1504 1712 1008 ) (-1504 1712 432 ) (-1104 1712 432 ) (-1104 1712 1008 ) 
4 401 504 (-1144 2016 120 ) (-1504 2016 120 ) (-1504 2048 120 ) (-1144 2048 120 ) 
4 401 502 (-1024 2048 120 ) (-1024 2016 120 ) (-1144 2016 120 ) (-1144 2048 120 ) 
4 401 404 (-1504 2048 216 ) (-1504 2048 120 ) (-1504 2016 120 ) (-1504 2016 216 ) 
4 401 403 (-1144 2016 216 ) (-1504 2016 216 ) (-1504 2016 120 ) (-1144 2016 120 ) 
4 402 503 (-1024 2008 120 ) (-1024 1712 120 ) (-1136 1712 120 ) (-1136 2008 120 ) 
4 402 406 (-1136 1712 120 ) (-1024 1712 120 ) (-1024 1712 216 ) (-1136 1712 216 ) 
4 403 504 (-1144 1712 120 ) (-1504 1712 120 ) (-1504 2016 120 ) (-1144 2016 120 ) 
4 403 407 (-1504 1712 120 ) (-1144 1712 120 ) (-1144 1712 216 ) (-1504 1712 216 ) 
4 403 404 (-1504 2016 120 ) (-1504 1712 120 ) (-1504 1712 216 ) (-1504 2016 216 ) 
4 404 504 (-1504 1712 120 ) (-1856 1712 120 ) (-1856 2048 120 ) (-1504 2048 120 ) 
4 404 424 (-1856 2048 120 ) (-1856 1712 120 ) (-1856 1712 216 ) (-1856 2048 216 ) 
4 404 407 (-1856 1712 216 ) (-1856 1712 120 ) (-1504 1712 120 ) (-1504 1712 216 ) 
4 405 410 (-1856 1656 1008 ) (-1856 1656 432 ) (-1088 1656 432 ) (-1088 1656 1008 ) 
4 405 408 (-1088 1656 432 ) (-1024 1656 432 ) (-1024 1656 1008 ) (-1088 1656 1008 ) 
4 406 503 (-1024 1712 120 ) (-1024 1656 120 ) (-1136 1656 120 ) (-1136 1712 120 ) 
4 406 409 (-1024 1656 136 ) (-1024 1656 216 ) (-1088 1656 216 ) (-1088 1656 136 ) 
4 407 504 (-1144 1656 120 ) (-1856 1656 120 ) (-1856 1712 120 ) (-1144 1712 120 ) 
4 407 424 (-1856 1712 120 ) (-1856 1656 120 ) (-1856 1656 216 ) (-1856 1712 216 ) 
4 408 411 (-1024 1648 432 ) (-1024 1648 1008 ) (-1088 1648 1008 ) (-1088 1648 432 ) 
4 408 410 (-1088 1656 1008 ) (-1088 1656 432 ) (-1088 1648 432 ) (-1088 1648 1008 ) 
4 409 412 (-1024 1648 136 ) (-1024 1648 216 ) (-1088 1648 216 ) (-1088 1648 136 ) 
4 410 418 (-1856 1648 1008 ) (-1856 1648 432 ) (-1792 1648 432 ) (-1792 1648 1008 ) 
4 410 413 (-1792 1648 432 ) (-1088 1648 432 ) (-1088 1648 1008 ) (-1792 1648 1008 ) 
4 411 414 (-1024 1640 432 ) (-1024 1640 1008 ) (-1088 1640 1008 ) (-1088 1640 432 ) 
4 411 413 (-1088 1648 1008 ) (-1088 1648 432 ) (-1088 1640 432 ) (-1088 1640 1008 ) 
4 412 415 (-1024 1640 136 ) (-1024 1640 216 ) (-1088 1640 216 ) (-1088 1640 136 ) 
4 413 418 (-1792 1648 1008 ) (-1792 1648 432 ) (-1792 1640 432 ) (-1792 1640 1008 ) 
4 413 414 (-1792 1640 1008 ) (-1792 1640 432 ) (-1088 1640 432 ) (-1088 1640 1008 ) 
4 414 418 (-1792 1472 432 ) (-1792 1472 1008 ) (-1792 1640 1008 ) (-1792 1640 432 ) 
4 415 505 (-1024 1640 120 ) (-1024 1472 120 ) (-1792 1472 120 ) (-1792 1640 120 ) 
4 415 419 (-1792 1640 120 ) (-1792 1472 120 ) (-1792 1472 216 ) (-1792 1640 216 ) 
4 415 417 (-1792 1472 216 ) (-1792 1472 120 ) (-1120 1472 120 ) (-1120 1472 216 ) 
4 415 416 (-1120 1472 120 ) (-1024 1472 120 ) (-1024 1472 216 ) (-1120 1472 216 ) 
4 416 505 (-1024 1472 120 ) (-1024 1440 120 ) (-1120 1440 120 ) (-1120 1472 120 ) 
4 416 435 (-1120 1440 120 ) (-1024 1440 120 ) (-1024 1440 216 ) (-1120 1440 216 ) 
4 416 417 (-1120 1472 216 ) (-1120 1472 120 ) (-1120 1440 120 ) (-1120 1440 216 ) 
4 417 505 (-1120 1440 120 ) (-1792 1440 120 ) (-1792 1472 120 ) (-1120 1472 120 ) 
4 417 435 (-1792 1440 120 ) (-1120 1440 120 ) (-1120 1440 216 ) (-1792 1440 216 ) 
4 417 421 (-1792 1472 120 ) (-1792 1440 120 ) (-1792 1440 216 ) (-1792 1472 216 ) 
4 418 422 (-1856 1568 520 ) (-1856 1640 520 ) (-1856 1640 432 ) (-1856 1568 432 ) 
4 418 420 (-1856 1472 696 ) (-1856 1472 608 ) (-1792 1472 608 ) (-1792 1472 696 ) 
4 419 505 (-1856 1472 120 ) (-1856 1640 120 ) (-1792 1640 120 ) (-1792 1472 120 ) 
4 419 426 (-1856 1640 120 ) (-1856 1472 120 ) (-1856 1472 216 ) (-1856 1640 216 ) 
4 419 421 (-1856 1472 216 ) (-1856 1472 120 ) (-1792 1472 120 ) (-1792 1472 216 ) 
4 420 433 (-1792 1440 608 ) (-1792 1440 696 ) (-1856 1440 696 ) (-1856 1440 608 ) 
4 421 505 (-1792 1440 120 ) (-1856 1440 120 ) (-1856 1472 120 ) (-1792 1472 120 ) 
4 421 435 (-1856 1440 120 ) (-1792 1440 120 ) (-1792 1440 216 ) (-1856 1440 216 ) 
4 421 426 (-1856 1472 120 ) (-1856 1440 120 ) (-1856 1440 216 ) (-1856 1472 216 ) 
4 422 423 (-1888 1640 432 ) (-1888 1568 432 ) (-1888 1568 520 ) (-1888 1640 520 ) 
4 423 446 (-2032 1440 432 ) (-1976 1440 432 ) (-1976 1440 528 ) (-2032 1440 528 ) 
4 423 445 (-1976 1440 432 ) (-1888 1440 432 ) (-1888 1440 528 ) (-1976 1440 528 ) 
4 424 504 (-2032 2048 120 ) (-1856 2048 120 ) (-1856 1656 120 ) (-2032 1656 120 ) 
4 424 425 (-2032 2048 120 ) (-2032 1656 120 ) (-2032 1656 216 ) (-2032 2048 216 ) 
4 425 504 (-2040 2048 120 ) (-2032 2048 120 ) (-2032 1656 120 ) (-2040 1656 120 ) 
4 426 505 (-1856 1440 120 ) (-1976 1440 120 ) (-1976 1640 120 ) (-1856 1640 120 ) 
4 426 447 (-1976 1440 120 ) (-1888 1440 120 ) (-1888 1440 216 ) (-1976 1440 216 ) 
4 426 438 (-1888 1440 120 ) (-1872 1440 120 ) (-1872 1440 216 ) (-1888 1440 216 ) 
4 426 435 (-1872 1440 120 ) (-1856 1440 120 ) (-1856 1440 216 ) (-1872 1440 216 ) 
4 426 427 (-1976 1640 216 ) (-1976 1640 120 ) (-1976 1440 120 ) (-1976 1440 216 ) 
4 427 505 (-1976 1440 120 ) (-2032 1440 120 ) (-2032 1640 120 ) (-1976 1640 120 ) 
4 427 447 (-2032 1440 120 ) (-1976 1440 120 ) (-1976 1440 216 ) (-2032 1440 216 ) 
4 427 428 (-2032 1640 216 ) (-2032 1640 120 ) (-2032 1440 120 ) (-2032 1440 216 ) 
4 428 505 (-2032 1440 120 ) (-2040 1440 120 ) (-2040 1640 120 ) (-2032 1640 120 ) 
4 428 449 (-2040 1440 120 ) (-2032 1440 120 ) (-2032 1440 216 ) (-2040 1440 216 ) 
4 429 451 (-1024 1264 784 ) (-1024 1264 1008 ) (-1776 1264 1008 ) (-1776 1264 784 ) 
4 430 431 (-1120 1440 432 ) (-1120 1296 432 ) (-1120 1296 528 ) (-1120 1440 528 ) 
4 431 434 (-1152 1440 432 ) (-1152 1296 432 ) (-1152 1296 528 ) (-1152 1440 528 ) 
4 432 455 (-1776 1264 752 ) (-1776 1264 560 ) (-1152 1264 560 ) (-1152 1264 752 ) 
4 432 433 (-1776 1440 560 ) (-1776 1264 560 ) (-1776 1264 752 ) (-1776 1440 752 ) 
4 433 455 (-1872 1264 752 ) (-1872 1264 560 ) (-1776 1264 560 ) (-1776 1264 752 ) 
4 433 440 (-1872 1312 560 ) (-1872 1264 560 ) (-1872 1264 752 ) (-1872 1312 752 ) 
4 433 439 (-1872 1424 560 ) (-1872 1312 560 ) (-1872 1312 752 ) (-1872 1424 752 ) 
4 433 437 (-1872 1440 752 ) (-1872 1440 560 ) (-1872 1424 560 ) (-1872 1424 752 ) 
4 434 441 (-1872 1424 432 ) (-1872 1312 432 ) (-1872 1312 528 ) (-1872 1424 528 ) 
4 435 505 (-1024 1440 120 ) (-1024 1296 120 ) (-1872 1296 120 ) (-1872 1440 120 ) 
4 435 443 (-1872 1312 120 ) (-1872 1296 120 ) (-1872 1296 216 ) (-1872 1312 216 ) 
4 435 442 (-1872 1424 120 ) (-1872 1312 120 ) (-1872 1312 216 ) (-1872 1424 216 ) 
4 435 438 (-1872 1440 216 ) (-1872 1440 120 ) (-1872 1424 120 ) (-1872 1424 216 ) 
4 435 436 (-1872 1296 216 ) (-1872 1296 120 ) (-1024 1296 120 ) (-1024 1296 216 ) 
4 436 505 (-1024 1296 120 ) (-1024 1264 120 ) (-1872 1264 120 ) (-1872 1296 120 ) 
4 436 458 (-1872 1264 120 ) (-1152 1264 120 ) (-1152 1264 216 ) (-1872 1264 216 ) 
4 436 454 (-1152 1264 120 ) (-1120 1264 120 ) (-1120 1264 216 ) (-1152 1264 216 ) 
4 436 453 (-1120 1264 120 ) (-1024 1264 120 ) (-1024 1264 216 ) (-1120 1264 216 ) 
4 436 443 (-1872 1296 120 ) (-1872 1264 120 ) (-1872 1264 216 ) (-1872 1296 216 ) 
4 437 444 (-1888 1440 752 ) (-1888 1440 560 ) (-1888 1424 560 ) (-1888 1424 752 ) 
4 437 439 (-1888 1424 752 ) (-1888 1424 560 ) (-1872 1424 560 ) (-1872 1424 752 ) 
4 438 505 (-1888 1424 120 ) (-1888 1440 120 ) (-1872 1440 120 ) (-1872 1424 120 ) 
4 438 447 (-1888 1440 216 ) (-1888 1440 120 ) (-1888 1424 120 ) (-1888 1424 216 ) 
4 438 442 (-1888 1424 216 ) (-1888 1424 120 ) (-1872 1424 120 ) (-1872 1424 216 ) 
4 439 444 (-1888 1312 752 ) (-1888 1424 752 ) (-1888 1424 560 ) (-1888 1312 560 ) 
4 439 440 (-1872 1312 560 ) (-1872 1312 752 ) (-1888 1312 752 ) (-1888 1312 560 ) 
4 440 455 (-1872 1264 560 ) (-1872 1264 752 ) (-1888 1264 752 ) (-1888 1264 560 ) 
4 440 444 (-1888 1264 560 ) (-1888 1264 752 ) (-1888 1312 752 ) (-1888 1312 560 ) 
4 441 445 (-1888 1312 432 ) (-1888 1312 528 ) (-1888 1424 528 ) (-1888 1424 432 ) 
4 442 505 (-1888 1312 120 ) (-1888 1424 120 ) (-1872 1424 120 ) (-1872 1312 120 ) 
4 442 447 (-1888 1424 120 ) (-1888 1312 120 ) (-1888 1312 216 ) (-1888 1424 216 ) 
4 442 443 (-1872 1312 120 ) (-1872 1312 216 ) (-1888 1312 216 ) (-1888 1312 120 ) 
4 443 505 (-1872 1264 120 ) (-1888 1264 120 ) (-1888 1312 120 ) (-1872 1312 120 ) 
4 443 458 (-1888 1264 120 ) (-1872 1264 120 ) (-1872 1264 216 ) (-1888 1264 216 ) 
4 443 447 (-1888 1312 120 ) (-1888 1264 120 ) (-1888 1264 216 ) (-1888 1312 216 ) 
4 444 456 (-1888 1264 560 ) (-1888 1264 752 ) (-2032 1264 752 ) (-2032 1264 560 ) 
4 444 448 (-2032 1264 560 ) (-2032 1264 752 ) (-2032 1440 752 ) (-2032 1440 560 ) 
4 445 457 (-1888 1264 432 ) (-1888 1264 528 ) (-1976 1264 528 ) (-1976 1264 432 ) 
4 445 446 (-1976 1264 432 ) (-1976 1264 528 ) (-1976 1440 528 ) (-1976 1440 432 ) 
4 446 457 (-1976 1264 528 ) (-2032 1264 528 ) (-2032 1264 432 ) (-1976 1264 432 ) 
4 447 505 (-1888 1264 120 ) (-2032 1264 120 ) (-2032 1440 120 ) (-1888 1440 120 ) 
4 447 458 (-2032 1264 120 ) (-1888 1264 120 ) (-1888 1264 216 ) (-2032 1264 216 ) 
4 447 449 (-2032 1264 120 ) (-2032 1264 216 ) (-2032 1440 216 ) (-2032 1440 120 ) 
4 448 459 (-2032 1264 560 ) (-2032 1264 752 ) (-2040 1264 752 ) (-2040 1264 560 ) 
4 448 450 (-2040 1264 560 ) (-2040 1264 752 ) (-2040 1440 752 ) (-2040 1440 560 ) 
4 449 505 (-2032 1264 120 ) (-2040 1264 120 ) (-2040 1440 120 ) (-2032 1440 120 ) 
4 449 460 (-2040 1264 120 ) (-2032 1264 120 ) (-2032 1264 216 ) (-2040 1264 216 ) 
4 450 506 (-2048 1440 752 ) (-2048 1440 560 ) (-2048 1264 560 ) (-2048 1264 752 ) 
4 450 461 (-2040 1264 560 ) (-2040 1264 752 ) (-2048 1264 752 ) (-2048 1264 560 ) 
4 451 462 (-1776 1248 784 ) (-1024 1248 784 ) (-1024 1248 1008 ) (-1776 1248 1008 ) 
4 452 463 (-1024 1248 560 ) (-1024 1248 752 ) (-1120 1248 752 ) (-1120 1248 560 ) 
4 453 505 (-1024 1264 120 ) (-1024 1248 120 ) (-1120 1248 120 ) (-1120 1264 120 ) 
4 453 464 (-1120 1248 120 ) (-1024 1248 120 ) (-1024 1248 216 ) (-1120 1248 216 ) 
4 453 454 (-1120 1248 120 ) (-1120 1248 216 ) (-1120 1264 216 ) (-1120 1264 120 ) 
4 454 505 (-1120 1248 120 ) (-1152 1248 120 ) (-1152 1264 120 ) (-1120 1264 120 ) 
4 454 465 (-1152 1248 120 ) (-1120 1248 120 ) (-1120 1248 216 ) (-1152 1248 216 ) 
4 454 458 (-1152 1248 120 ) (-1152 1248 216 ) (-1152 1264 216 ) (-1152 1264 120 ) 
4 455 480 (-1776 1248 752 ) (-1888 1248 752 ) (-1888 1248 560 ) (-1776 1248 560 ) 
4 455 466 (-1152 1248 560 ) (-1152 1248 752 ) (-1776 1248 752 ) (-1776 1248 560 ) 
4 455 456 (-1888 1248 560 ) (-1888 1248 752 ) (-1888 1264 752 ) (-1888 1264 560 ) 
4 456 480 (-1888 1248 752 ) (-2032 1248 752 ) (-2032 1248 560 ) (-1888 1248 560 ) 
4 456 459 (-2032 1248 560 ) (-2032 1248 752 ) (-2032 1264 752 ) (-2032 1264 560 ) 
4 457 482 (-2032 1248 528 ) (-2032 1248 432 ) (-1888 1248 432 ) (-1888 1248 528 ) 
4 458 505 (-1152 1248 120 ) (-2032 1248 120 ) (-2032 1264 120 ) (-1152 1264 120 ) 
4 458 490 (-2032 1248 120 ) (-1992 1248 120 ) (-1992 1248 216 ) (-2032 1248 216 ) 
4 458 488 (-1992 1248 120 ) (-1976 1248 120 ) (-1976 1248 216 ) (-1992 1248 216 ) 
4 458 486 (-1976 1248 120 ) (-1888 1248 120 ) (-1888 1248 216 ) (-1976 1248 216 ) 
4 458 484 (-1888 1248 120 ) (-1776 1248 120 ) (-1776 1248 216 ) (-1888 1248 216 ) 
4 458 467 (-1776 1248 120 ) (-1152 1248 120 ) (-1152 1248 216 ) (-1776 1248 216 ) 
4 458 460 (-2032 1248 120 ) (-2032 1248 216 ) (-2032 1264 216 ) (-2032 1264 120 ) 
4 459 480 (-2032 1248 560 ) (-2032 1248 752 ) (-2040 1248 752 ) (-2040 1248 560 ) 
4 459 461 (-2040 1248 560 ) (-2040 1248 752 ) (-2040 1264 752 ) (-2040 1264 560 ) 
4 460 505 (-2032 1248 120 ) (-2040 1248 120 ) (-2040 1264 120 ) (-2032 1264 120 ) 
4 460 491 (-2040 1248 120 ) (-2032 1248 120 ) (-2032 1248 216 ) (-2040 1248 216 ) 
4 461 506 (-2048 1264 752 ) (-2048 1264 560 ) (-2048 1248 560 ) (-2048 1248 752 ) 
4 461 480 (-2048 1248 752 ) (-2048 1248 560 ) (-2040 1248 560 ) (-2040 1248 752 ) 
4 462 497 (-1088 1040 896 ) (-1488 1040 896 ) (-1488 1040 784 ) (-1088 1040 784 ) 
4 463 468 (-1120 1184 752 ) (-1120 1184 560 ) (-1024 1184 560 ) (-1024 1184 752 ) 
4 464 505 (-1024 1248 120 ) (-1024 1184 120 ) (-1120 1184 120 ) (-1120 1248 120 ) 
4 464 470 (-1120 1184 216 ) (-1120 1184 120 ) (-1024 1184 120 ) (-1024 1184 216 ) 
4 464 465 (-1120 1184 120 ) (-1120 1184 216 ) (-1120 1248 216 ) (-1120 1248 120 ) 
4 465 505 (-1120 1184 120 ) (-1152 1184 120 ) (-1152 1248 120 ) (-1120 1248 120 ) 
4 465 473 (-1152 1184 216 ) (-1152 1184 120 ) (-1120 1184 120 ) (-1120 1184 216 ) 
4 465 467 (-1152 1184 120 ) (-1152 1184 216 ) (-1152 1248 216 ) (-1152 1248 120 ) 
4 466 480 (-1776 1248 752 ) (-1776 1248 560 ) (-1776 1184 560 ) (-1776 1184 752 ) 
4 466 477 (-1776 1184 752 ) (-1776 1184 560 ) (-1152 1184 560 ) (-1152 1184 752 ) 
4 467 505 (-1152 1184 120 ) (-1776 1184 120 ) (-1776 1248 120 ) (-1152 1248 120 ) 
4 467 484 (-1776 1248 216 ) (-1776 1248 120 ) (-1776 1184 120 ) (-1776 1184 216 ) 
4 467 479 (-1776 1184 216 ) (-1776 1184 120 ) (-1152 1184 120 ) (-1152 1184 216 ) 
4 468 471 (-1120 1184 624 ) (-1120 1184 560 ) (-1120 1104 560 ) (-1120 1104 624 ) 
4 469 475 (-1120 1056 432 ) (-1120 1040 432 ) (-1120 1040 528 ) (-1120 1056 528 ) 
4 469 474 (-1120 1104 432 ) (-1120 1056 432 ) (-1120 1056 528 ) (-1120 1104 528 ) 
4 469 472 (-1120 1184 528 ) (-1120 1184 432 ) (-1120 1104 432 ) (-1120 1104 528 ) 
4 470 505 (-1024 1184 120 ) (-1024 1040 120 ) (-1120 1040 120 ) (-1120 1184 120 ) 
4 470 499 (-1120 1040 120 ) (-1024 1040 120 ) (-1024 1040 216 ) (-1120 1040 216 ) 
4 470 476 (-1120 1104 120 ) (-1120 1040 120 ) (-1120 1040 216 ) (-1120 1104 216 ) 
4 470 473 (-1120 1184 216 ) (-1120 1184 120 ) (-1120 1104 120 ) (-1120 1104 216 ) 
4 471 477 (-1152 1184 624 ) (-1152 1184 560 ) (-1152 1104 560 ) (-1152 1104 624 ) 
4 472 478 (-1152 1184 528 ) (-1152 1184 432 ) (-1152 1104 432 ) (-1152 1104 528 ) 
4 472 474 (-1152 1104 528 ) (-1152 1104 432 ) (-1120 1104 432 ) (-1120 1104 528 ) 
4 473 505 (-1152 1104 120 ) (-1152 1184 120 ) (-1120 1184 120 ) (-1120 1104 120 ) 
4 473 479 (-1152 1184 216 ) (-1152 1184 120 ) (-1152 1104 120 ) (-1152 1104 216 ) 
4 473 476 (-1152 1104 216 ) (-1152 1104 120 ) (-1120 1104 120 ) (-1120 1104 216 ) 
4 474 478 (-1152 1104 528 ) (-1152 1104 432 ) (-1152 1056 432 ) (-1152 1056 528 ) 
4 474 475 (-1152 1056 528 ) (-1152 1056 432 ) (-1120 1056 432 ) (-1120 1056 528 ) 
4 475 478 (-1152 1040 432 ) (-1152 1040 528 ) (-1152 1056 528 ) (-1152 1056 432 ) 
4 476 505 (-1120 1040 120 ) (-1152 1040 120 ) (-1152 1104 120 ) (-1120 1104 120 ) 
4 476 499 (-1152 1040 120 ) (-1120 1040 120 ) (-1120 1040 216 ) (-1152 1040 216 ) 
4 476 479 (-1152 1104 120 ) (-1152 1040 120 ) (-1152 1040 216 ) (-1152 1104 216 ) 
4 477 480 (-1776 1184 752 ) (-1776 1184 560 ) (-1776 1056 560 ) (-1776 1056 752 ) 
4 478 498 (-1760 1040 520 ) (-1776 1040 520 ) (-1776 1040 456 ) (-1760 1040 456 ) 
4 478 483 (-1776 1040 432 ) (-1776 1040 528 ) (-1776 1056 528 ) (-1776 1056 432 ) 
4 478 481 (-1776 1056 528 ) (-1776 1184 528 ) (-1776 1184 432 ) (-1776 1056 432 ) 
4 479 505 (-1152 1040 120 ) (-1776 1040 120 ) (-1776 1184 120 ) (-1152 1184 120 ) 
4 479 499 (-1776 1040 120 ) (-1152 1040 120 ) (-1152 1040 216 ) (-1776 1040 216 ) 
4 479 485 (-1776 1184 120 ) (-1776 1040 120 ) (-1776 1040 216 ) (-1776 1184 216 ) 
4 480 506 (-2048 1248 752 ) (-2048 1248 560 ) (-2048 1056 560 ) (-2048 1056 752 ) 
4 481 483 (-1888 1056 432 ) (-1776 1056 432 ) (-1776 1056 528 ) (-1888 1056 528 ) 
4 481 482 (-1888 1184 432 ) (-1888 1056 432 ) (-1888 1056 528 ) (-1888 1184 528 ) 
4 482 494 (-1992 1080 432 ) (-1992 1056 432 ) (-2032 1056 432 ) (-2032 1080 432 ) 
4 482 483 (-2032 1056 432 ) (-1888 1056 432 ) (-1888 1056 528 ) (-2032 1056 528 ) 
4 483 498 (-1776 1040 456 ) (-1776 1040 520 ) (-2000 1040 520 ) (-2000 1040 456 ) 
4 483 494 (-1992 1040 432 ) (-2032 1040 432 ) (-2032 1056 432 ) (-1992 1056 432 ) 
4 484 505 (-1888 1184 120 ) (-1888 1248 120 ) (-1776 1248 120 ) (-1776 1184 120 ) 
4 484 487 (-1888 1224 120 ) (-1888 1184 120 ) (-1888 1184 216 ) (-1888 1224 216 ) 
4 484 486 (-1888 1248 216 ) (-1888 1248 120 ) (-1888 1224 120 ) (-1888 1224 216 ) 
4 484 485 (-1888 1184 216 ) (-1888 1184 120 ) (-1776 1184 120 ) (-1776 1184 216 ) 
4 485 505 (-1776 1040 120 ) (-1888 1040 120 ) (-1888 1184 120 ) (-1776 1184 120 ) 
4 485 499 (-1888 1040 120 ) (-1776 1040 120 ) (-1776 1040 216 ) (-1888 1040 216 ) 
4 485 487 (-1888 1040 120 ) (-1888 1040 216 ) (-1888 1184 216 ) (-1888 1184 120 ) 
4 486 505 (-1976 1224 120 ) (-1976 1248 120 ) (-1888 1248 120 ) (-1888 1224 120 ) 
4 486 488 (-1976 1248 216 ) (-1976 1248 120 ) (-1976 1224 120 ) (-1976 1224 216 ) 
4 486 487 (-1976 1224 216 ) (-1976 1224 120 ) (-1888 1224 120 ) (-1888 1224 216 ) 
4 487 505 (-1888 1040 120 ) (-1976 1040 120 ) (-1976 1224 120 ) (-1888 1224 120 ) 
4 487 499 (-1976 1040 120 ) (-1888 1040 120 ) (-1888 1040 216 ) (-1976 1040 216 ) 
4 487 489 (-1976 1040 120 ) (-1976 1040 216 ) (-1976 1224 216 ) (-1976 1224 120 ) 
4 488 505 (-1992 1224 120 ) (-1992 1248 120 ) (-1976 1248 120 ) (-1976 1224 120 ) 
4 488 490 (-1992 1248 216 ) (-1992 1248 120 ) (-1992 1224 120 ) (-1992 1224 216 ) 
4 488 489 (-1992 1224 216 ) (-1992 1224 120 ) (-1976 1224 120 ) (-1976 1224 216 ) 
4 489 505 (-1976 1040 120 ) (-1992 1040 120 ) (-1992 1224 120 ) (-1976 1224 120 ) 
4 489 500 (-1992 1040 120 ) (-1976 1040 120 ) (-1976 1040 408 ) (-1992 1040 408 ) 
4 489 495 (-1992 1040 120 ) (-1992 1040 408 ) (-1992 1080 408 ) (-1992 1080 120 ) 
4 489 492 (-1992 1080 408 ) (-1992 1224 408 ) (-1992 1224 120 ) (-1992 1080 120 ) 
4 490 505 (-2032 1248 120 ) (-1992 1248 120 ) (-1992 1224 120 ) (-2032 1224 120 ) 
4 490 492 (-2032 1224 120 ) (-1992 1224 120 ) (-1992 1224 216 ) (-2032 1224 216 ) 
4 490 491 (-2032 1224 120 ) (-2032 1224 216 ) (-2032 1248 216 ) (-2032 1248 120 ) 
4 491 505 (-2040 1224 120 ) (-2040 1248 120 ) (-2032 1248 120 ) (-2032 1224 120 ) 
4 491 493 (-2040 1224 216 ) (-2040 1224 120 ) (-2032 1224 120 ) (-2032 1224 216 ) 
4 492 505 (-2032 1224 120 ) (-1992 1224 120 ) (-1992 1080 120 ) (-2032 1080 120 ) 
4 492 495 (-2032 1080 120 ) (-1992 1080 120 ) (-1992 1080 408 ) (-2032 1080 408 ) 
4 492 493 (-2032 1224 408 ) (-2032 1224 120 ) (-2032 1080 120 ) (-2032 1080 408 ) 
4 493 505 (-2040 1080 120 ) (-2040 1224 120 ) (-2032 1224 120 ) (-2032 1080 120 ) 
4 493 496 (-2040 1080 408 ) (-2040 1080 120 ) (-2032 1080 120 ) (-2032 1080 408 ) 
4 494 495 (-2032 1040 408 ) (-2032 1080 408 ) (-1992 1080 408 ) (-1992 1040 408 ) 
4 495 505 (-1992 1040 120 ) (-2032 1040 120 ) (-2032 1080 120 ) (-1992 1080 120 ) 
4 495 501 (-2032 1040 120 ) (-1992 1040 120 ) (-1992 1040 408 ) (-2032 1040 408 ) 
4 495 496 (-2032 1080 408 ) (-2032 1080 120 ) (-2032 1040 120 ) (-2032 1040 408 ) 
4 496 505 (-2032 1040 120 ) (-2040 1040 120 ) (-2040 1080 120 ) (-2032 1080 120 ) 
4 496 501 (-2040 1040 120 ) (-2032 1040 120 ) (-2032 1040 408 ) (-2040 1040 408 ) 
4 497 1440 (-1088 1024 896 ) (-1488 1024 896 ) (-1488 1024 784 ) (-1088 1024 784 ) 
4 498 1441 (-1760 1024 520 ) (-2000 1024 520 ) (-2000 1024 456 ) (-1760 1024 456 ) 
4 499 505 (-1024 1040 120 ) (-1024 1032 120 ) (-1976 1032 120 ) (-1976 1040 120 ) 
4 499 500 (-1976 1032 120 ) (-1976 1032 216 ) (-1976 1040 216 ) (-1976 1040 120 ) 
4 500 505 (-1976 1032 120 ) (-1992 1032 120 ) (-1992 1040 120 ) (-1976 1040 120 ) 
4 500 501 (-1992 1032 120 ) (-1992 1032 408 ) (-1992 1040 408 ) (-1992 1040 120 ) 
4 501 505 (-1992 1032 120 ) (-2040 1032 120 ) (-2040 1040 120 ) (-1992 1040 120 ) 
4 502 504 (-1144 2048 32 ) (-1144 2016 32 ) (-1144 2016 120 ) (-1144 2048 120 ) 
4 506 507 (-2920 1056 624 ) (-2920 1056 560 ) (-2872 1056 560 ) (-2872 1056 624 ) 
4 507 508 (-2872 1040 560 ) (-2872 1040 624 ) (-2920 1040 624 ) (-2920 1040 560 ) 
4 508 1508 (-2872 1024 544 ) (-2872 1024 624 ) (-2920 1024 624 ) (-2920 1024 544 ) 
4 509 520 (2048 1024 912 ) (2048 1024 816 ) (2048 656 816 ) (2048 656 912 ) 
4 510 517 (2496 688 72 ) (2496 592 72 ) (2384 592 72 ) (2384 688 72 ) 
4 510 516 (2384 976 72 ) (2496 976 72 ) (2496 688 72 ) (2384 688 72 ) 
4 510 518 (2496 592 72 ) (2496 352 72 ) (2384 352 72 ) (2384 592 72 ) 
4 510 515 (2496 976 72 ) (3056 976 72 ) (3056 352 72 ) (2496 352 72 ) 
4 510 519 (2160 976 72 ) (2384 976 72 ) (2384 352 72 ) (2160 352 72 ) 
4 510 513 (2160 968 72 ) (2160 352 72 ) (2160 352 400 ) (2160 968 400 ) 
4 510 511 (2160 976 400 ) (2160 976 72 ) (2160 968 72 ) (2160 968 400 ) 
4 511 550 (2048 976 72 ) (2048 968 72 ) (2048 968 400 ) (2048 976 400 ) 
4 511 519 (2048 968 72 ) (2048 976 72 ) (2160 976 72 ) (2160 968 72 ) 
4 511 513 (2048 968 72 ) (2160 968 72 ) (2160 968 400 ) (2048 968 400 ) 
4 512 549 (2048 352 424 ) (2048 352 480 ) (2048 968 480 ) (2048 968 424 ) 
4 512 525 (2048 352 480 ) (2048 352 544 ) (2048 968 544 ) (2048 968 480 ) 
4 512 523 (2048 352 544 ) (2048 352 576 ) (2048 968 576 ) (2048 968 544 ) 
4 512 522 (2048 352 576 ) (2048 352 608 ) (2048 968 608 ) (2048 968 576 ) 
4 512 514 (2160 352 424 ) (2160 352 608 ) (2048 352 608 ) (2048 352 424 ) 
4 513 550 (2048 968 72 ) (2048 352 72 ) (2048 352 400 ) (2048 968 400 ) 
4 513 519 (2048 352 72 ) (2048 968 72 ) (2160 968 72 ) (2160 352 72 ) 
4 514 549 (2048 24 424 ) (2048 24 480 ) (2048 352 480 ) (2048 352 424 ) 
4 514 525 (2048 24 480 ) (2048 24 544 ) (2048 352 544 ) (2048 352 480 ) 
4 514 523 (2048 24 544 ) (2048 24 576 ) (2048 352 576 ) (2048 352 544 ) 
4 514 522 (2048 24 576 ) (2048 24 608 ) (2048 352 608 ) (2048 352 576 ) 
4 515 517 (2496 688 16 ) (2496 592 16 ) (2496 592 72 ) (2496 688 72 ) 
4 515 516 (2496 976 72 ) (2496 976 16 ) (2496 688 16 ) (2496 688 72 ) 
4 515 518 (2496 592 16 ) (2496 352 16 ) (2496 352 72 ) (2496 592 72 ) 
4 516 519 (2384 976 72 ) (2384 976 16 ) (2384 688 16 ) (2384 688 72 ) 
4 516 517 (2384 688 72 ) (2384 688 16 ) (2496 688 16 ) (2496 688 72 ) 
4 517 518 (2384 592 72 ) (2384 592 16 ) (2496 592 16 ) (2496 592 72 ) 
4 517 519 (2384 688 16 ) (2384 592 16 ) (2384 592 72 ) (2384 688 72 ) 
4 518 519 (2384 592 16 ) (2384 352 16 ) (2384 352 72 ) (2384 592 72 ) 
4 519 550 (2048 352 16 ) (2048 352 72 ) (2048 976 72 ) (2048 976 16 ) 
4 520 521 (2032 1024 912 ) (2032 1024 816 ) (2032 656 816 ) (2032 656 912 ) 
4 521 1077 (1680 0 1176 ) (1680 0 816 ) (2032 0 816 ) (2032 0 1176 ) 
4 521 1060 (1680 0 1232 ) (1680 0 1176 ) (2032 0 1176 ) (2032 0 1232 ) 
4 521 1059 (1680 0 3056 ) (1680 0 1232 ) (2032 0 1232 ) (2032 0 3056 ) 
4 521 579 (1680 0 816 ) (1680 0 3056 ) (1680 976 3056 ) (1680 976 816 ) 
4 521 578 (1680 976 3056 ) (1680 1008 3056 ) (1680 1008 816 ) (1680 976 816 ) 
4 521 573 (1680 1008 3056 ) (1680 1024 3056 ) (1680 1024 816 ) (1680 1008 816 ) 
4 522 523 (1704 24 576 ) (1704 968 576 ) (2048 968 576 ) (2048 24 576 ) 
4 523 541 (1704 80 576 ) (1704 144 576 ) (1704 144 544 ) (1704 80 544 ) 
4 523 538 (1704 240 576 ) (1704 304 576 ) (1704 304 544 ) (1704 240 544 ) 
4 523 535 (1704 384 576 ) (1704 448 576 ) (1704 448 544 ) (1704 384 544 ) 
4 523 532 (1704 560 576 ) (1704 624 576 ) (1704 624 544 ) (1704 560 544 ) 
4 523 529 (1704 704 576 ) (1704 768 576 ) (1704 768 544 ) (1704 704 544 ) 
4 523 526 (1704 864 576 ) (1704 928 576 ) (1704 928 544 ) (1704 864 544 ) 
4 523 525 (1704 24 544 ) (1704 968 544 ) (2048 968 544 ) (2048 24 544 ) 
4 524 548 (1936 976 480 ) (1936 968 480 ) (1856 968 480 ) (1856 976 480 ) 
4 524 544 (1856 1024 480 ) (1936 1024 480 ) (1936 976 480 ) (1856 976 480 ) 
4 524 525 (1936 968 544 ) (1856 968 544 ) (1856 968 480 ) (1936 968 480 ) 
4 525 559 (1712 24 480 ) (1704 24 480 ) (1704 384 480 ) (1712 384 480 ) 
4 525 558 (1704 384 480 ) (1704 448 480 ) (1712 448 480 ) (1712 384 480 ) 
4 525 557 (1704 448 480 ) (1704 560 480 ) (1712 560 480 ) (1712 448 480 ) 
4 525 556 (1704 560 480 ) (1704 624 480 ) (1712 624 480 ) (1712 560 480 ) 
4 525 555 (1704 624 480 ) (1704 704 480 ) (1712 704 480 ) (1712 624 480 ) 
4 525 554 (1704 704 480 ) (1704 768 480 ) (1712 768 480 ) (1712 704 480 ) 
4 525 553 (1704 768 480 ) (1704 864 480 ) (1712 864 480 ) (1712 768 480 ) 
4 525 552 (1704 864 480 ) (1704 928 480 ) (1712 928 480 ) (1712 864 480 ) 
4 525 551 (1704 928 480 ) (1704 968 480 ) (1712 968 480 ) (1712 928 480 ) 
4 525 549 (2048 968 480 ) (2048 24 480 ) (1712 24 480 ) (1712 968 480 ) 
4 525 541 (1704 144 480 ) (1704 80 480 ) (1704 80 544 ) (1704 144 544 ) 
4 525 538 (1704 304 480 ) (1704 240 480 ) (1704 240 544 ) (1704 304 544 ) 
4 525 535 (1704 448 480 ) (1704 384 480 ) (1704 384 544 ) (1704 448 544 ) 
4 525 532 (1704 624 480 ) (1704 560 480 ) (1704 560 544 ) (1704 624 544 ) 
4 525 529 (1704 768 480 ) (1704 704 480 ) (1704 704 544 ) (1704 768 544 ) 
4 525 526 (1704 928 480 ) (1704 864 480 ) (1704 864 544 ) (1704 928 544 ) 
4 526 527 (1683 928 576 ) (1683 928 480 ) (1683 864 480 ) (1683 864 576 ) 
4 527 528 (1681 928 576 ) (1681 928 480 ) (1681 864 480 ) (1681 864 576 ) 
4 528 580 (1680 864 576 ) (1680 928 576 ) (1680 928 480 ) (1680 864 480 ) 
4 529 530 (1683 768 576 ) (1683 768 480 ) (1683 704 480 ) (1683 704 576 ) 
4 530 531 (1681 768 576 ) (1681 768 480 ) (1681 704 480 ) (1681 704 576 ) 
4 531 580 (1680 704 576 ) (1680 768 576 ) (1680 768 480 ) (1680 704 480 ) 
4 532 533 (1683 624 576 ) (1683 624 480 ) (1683 560 480 ) (1683 560 576 ) 
4 533 534 (1681 624 576 ) (1681 624 480 ) (1681 560 480 ) (1681 560 576 ) 
4 534 580 (1680 560 576 ) (1680 624 576 ) (1680 624 480 ) (1680 560 480 ) 
4 535 536 (1683 448 576 ) (1683 448 480 ) (1683 384 480 ) (1683 384 576 ) 
4 536 537 (1681 448 576 ) (1681 448 480 ) (1681 384 480 ) (1681 384 576 ) 
4 537 580 (1680 384 576 ) (1680 448 576 ) (1680 448 480 ) (1680 384 480 ) 
4 538 539 (1683 304 576 ) (1683 304 480 ) (1683 240 480 ) (1683 240 576 ) 
4 539 540 (1681 304 576 ) (1681 304 480 ) (1681 240 480 ) (1681 240 576 ) 
4 540 580 (1680 240 576 ) (1680 304 576 ) (1680 304 480 ) (1680 240 480 ) 
4 541 542 (1683 144 576 ) (1683 144 480 ) (1683 80 480 ) (1683 80 576 ) 
4 542 543 (1681 144 576 ) (1681 144 480 ) (1681 80 480 ) (1681 80 576 ) 
4 543 580 (1680 80 576 ) (1680 144 576 ) (1680 144 480 ) (1680 80 480 ) 
4 544 548 (1936 976 480 ) (1856 976 480 ) (1856 976 424 ) (1936 976 424 ) 
4 545 547 (1720 1016 216 ) (1720 1024 216 ) (1720 1024 8 ) (1720 1016 8 ) 
4 545 546 (1720 1016 8 ) (1776 1016 8 ) (1776 1016 216 ) (1720 1016 216 ) 
4 546 550 (1776 976 16 ) (1776 976 216 ) (1720 976 216 ) (1720 976 16 ) 
4 547 571 (1712 1016 8 ) (1712 1016 216 ) (1712 1024 216 ) (1712 1024 8 ) 
4 548 549 (1856 968 424 ) (1936 968 424 ) (1936 968 480 ) (1856 968 480 ) 
4 549 559 (1712 24 480 ) (1712 384 480 ) (1712 384 424 ) (1712 24 424 ) 
4 549 558 (1712 384 480 ) (1712 448 480 ) (1712 448 424 ) (1712 384 424 ) 
4 549 557 (1712 448 480 ) (1712 560 480 ) (1712 560 424 ) (1712 448 424 ) 
4 549 556 (1712 560 480 ) (1712 624 480 ) (1712 624 424 ) (1712 560 424 ) 
4 549 555 (1712 624 480 ) (1712 704 480 ) (1712 704 424 ) (1712 624 424 ) 
4 549 554 (1712 704 480 ) (1712 768 480 ) (1712 768 424 ) (1712 704 424 ) 
4 549 553 (1712 768 480 ) (1712 864 480 ) (1712 864 424 ) (1712 768 424 ) 
4 549 552 (1712 864 480 ) (1712 928 480 ) (1712 928 424 ) (1712 864 424 ) 
4 549 551 (1712 928 480 ) (1712 968 480 ) (1712 968 424 ) (1712 928 424 ) 
4 550 570 (1712 864 288 ) (1712 928 288 ) (1712 928 240 ) (1712 864 240 ) 
4 550 567 (1712 384 384 ) (1712 448 384 ) (1712 448 288 ) (1712 384 288 ) 
4 550 564 (1712 560 384 ) (1712 624 384 ) (1712 624 288 ) (1712 560 288 ) 
4 550 561 (1712 704 384 ) (1712 768 384 ) (1712 768 288 ) (1712 704 288 ) 
4 550 560 (1712 864 384 ) (1712 928 384 ) (1712 928 288 ) (1712 864 288 ) 
4 551 552 (1704 928 480 ) (1704 928 424 ) (1712 928 424 ) (1712 928 480 ) 
4 552 553 (1712 864 424 ) (1712 864 480 ) (1704 864 480 ) (1704 864 424 ) 
4 553 554 (1712 768 424 ) (1712 768 480 ) (1704 768 480 ) (1704 768 424 ) 
4 554 555 (1712 704 424 ) (1712 704 480 ) (1704 704 480 ) (1704 704 424 ) 
4 555 556 (1712 624 424 ) (1712 624 480 ) (1704 624 480 ) (1704 624 424 ) 
4 556 557 (1712 560 424 ) (1712 560 480 ) (1704 560 480 ) (1704 560 424 ) 
4 557 558 (1712 448 424 ) (1712 448 480 ) (1704 448 480 ) (1704 448 424 ) 
4 558 559 (1712 384 424 ) (1712 384 480 ) (1704 384 480 ) (1704 384 424 ) 
4 560 580 (1680 864 384 ) (1680 928 384 ) (1680 928 288 ) (1680 864 288 ) 
4 560 570 (1680 864 288 ) (1680 928 288 ) (1712 928 288 ) (1712 864 288 ) 
4 561 562 (1683 768 384 ) (1683 768 288 ) (1683 704 288 ) (1683 704 384 ) 
4 562 563 (1681 768 384 ) (1681 768 288 ) (1681 704 288 ) (1681 704 384 ) 
4 563 580 (1680 704 384 ) (1680 768 384 ) (1680 768 288 ) (1680 704 288 ) 
4 564 565 (1683 624 384 ) (1683 624 288 ) (1683 560 288 ) (1683 560 384 ) 
4 565 566 (1681 624 384 ) (1681 624 288 ) (1681 560 288 ) (1681 560 384 ) 
4 566 580 (1680 560 384 ) (1680 624 384 ) (1680 624 288 ) (1680 560 288 ) 
4 567 568 (1683 448 384 ) (1683 448 288 ) (1683 384 288 ) (1683 384 384 ) 
4 568 569 (1681 448 384 ) (1681 448 288 ) (1681 384 288 ) (1681 384 384 ) 
4 569 580 (1680 384 384 ) (1680 448 384 ) (1680 448 288 ) (1680 384 288 ) 
4 570 580 (1680 864 288 ) (1680 928 288 ) (1680 928 240 ) (1680 864 240 ) 
4 571 576 (1680 1024 96 ) (1680 1024 8 ) (1680 1016 8 ) (1680 1016 96 ) 
4 571 575 (1680 1024 216 ) (1680 1024 96 ) (1680 1016 96 ) (1680 1016 216 ) 
4 572 707 (1680 512 -3536 ) (1680 968 -3536 ) (1688 968 -3536 ) (1688 512 -3536 ) 
4 572 586 (1680 968 -3536 ) (1680 512 -3536 ) (1680 512 -2048 ) (1680 968 -2048 ) 
4 573 587 (1088 1024 3056 ) (1088 1024 816 ) (1088 1008 816 ) (1088 1008 3056 ) 
4 573 578 (1088 1008 3056 ) (1088 1008 816 ) (1680 1008 816 ) (1680 1008 3056 ) 
4 574 607 (1088 1024 656 ) (1088 1024 592 ) (1088 1008 592 ) (1088 1008 656 ) 
4 574 588 (1088 1024 752 ) (1088 1024 656 ) (1088 1008 656 ) (1088 1008 752 ) 
4 575 576 (1432 1016 96 ) (1432 1024 96 ) (1680 1024 96 ) (1680 1016 96 ) 
4 576 577 (1432 1016 40 ) (1432 1016 96 ) (1432 1024 96 ) (1432 1024 40 ) 
4 578 587 (1088 976 816 ) (1088 976 3056 ) (1088 1008 3056 ) (1088 1008 816 ) 
4 578 579 (1088 976 3056 ) (1088 976 816 ) (1680 976 816 ) (1680 976 3056 ) 
4 579 1077 (1088 0 1176 ) (1088 0 816 ) (1680 0 816 ) (1680 0 1176 ) 
4 579 1060 (1088 0 1232 ) (1088 0 1176 ) (1680 0 1176 ) (1680 0 1232 ) 
4 579 1059 (1088 0 3056 ) (1088 0 1232 ) (1680 0 1232 ) (1680 0 3056 ) 
4 579 587 (1088 0 816 ) (1088 0 3056 ) (1088 976 3056 ) (1088 976 816 ) 
4 579 580 (1088 32 816 ) (1088 976 816 ) (1680 976 816 ) (1680 32 816 ) 
4 580 649 (1088 144 240 ) (1088 80 240 ) (1088 80 288 ) (1088 144 288 ) 
4 580 641 (1088 144 288 ) (1088 80 288 ) (1088 80 384 ) (1088 144 384 ) 
4 580 638 (1088 304 288 ) (1088 240 288 ) (1088 240 384 ) (1088 304 384 ) 
4 580 635 (1088 448 288 ) (1088 384 288 ) (1088 384 384 ) (1088 448 384 ) 
4 580 632 (1088 624 288 ) (1088 560 288 ) (1088 560 384 ) (1088 624 384 ) 
4 580 629 (1088 768 288 ) (1088 704 288 ) (1088 704 384 ) (1088 768 384 ) 
4 580 626 (1088 928 288 ) (1088 864 288 ) (1088 864 384 ) (1088 928 384 ) 
4 580 623 (1088 144 480 ) (1088 80 480 ) (1088 80 576 ) (1088 144 576 ) 
4 580 620 (1088 304 480 ) (1088 240 480 ) (1088 240 576 ) (1088 304 576 ) 
4 580 617 (1088 448 480 ) (1088 384 480 ) (1088 384 576 ) (1088 448 576 ) 
4 580 614 (1088 624 480 ) (1088 560 480 ) (1088 560 576 ) (1088 624 576 ) 
4 580 611 (1088 768 480 ) (1088 704 480 ) (1088 704 576 ) (1088 768 576 ) 
4 580 608 (1088 928 480 ) (1088 864 480 ) (1088 864 576 ) (1088 928 576 ) 
4 580 604 (1088 144 656 ) (1088 80 656 ) (1088 80 752 ) (1088 144 752 ) 
4 580 601 (1088 304 656 ) (1088 240 656 ) (1088 240 752 ) (1088 304 752 ) 
4 580 598 (1088 448 656 ) (1088 384 656 ) (1088 384 752 ) (1088 448 752 ) 
4 580 595 (1088 624 656 ) (1088 560 656 ) (1088 560 752 ) (1088 624 752 ) 
4 580 592 (1088 768 656 ) (1088 704 656 ) (1088 704 752 ) (1088 768 752 ) 
4 580 589 (1088 928 656 ) (1088 864 656 ) (1088 864 752 ) (1088 928 752 ) 
4 580 585 (1088 560 240 ) (1088 624 240 ) (1128 624 240 ) (1128 560 240 ) 
4 580 584 (1088 864 240 ) (1088 928 240 ) (1128 928 240 ) (1128 864 240 ) 
4 580 583 (1515.880005 744 240 ) (1384 608 240 ) (1252.120117 744 240 ) (1384 880 240 ) 
4 580 582 (1680 624 240 ) (1680 560 240 ) (1640 560 240 ) (1640 624 240 ) 
4 580 581 (1680 928 240 ) (1680 864 240 ) (1640 864 240 ) (1640 928 240 ) 
4 581 586 (1680 928 -2048 ) (1680 864 -2048 ) (1640 864 -2048 ) (1640 928 -2048 ) 
4 582 586 (1680 624 -2048 ) (1680 560 -2048 ) (1640 560 -2048 ) (1640 624 -2048 ) 
4 583 586 (1515.880005 744 -2048 ) (1384 608 -2048 ) (1252.120117 744 -2048 ) (1384 880 -2048 ) 
4 584 643 (1088 928 144 ) (1088 928 80 ) (1088 864 80 ) (1088 864 144 ) 
4 584 586 (1088 864 -2048 ) (1088 928 -2048 ) (1128 928 -2048 ) (1128 864 -2048 ) 
4 585 646 (1088 608 80 ) (1088 608 16 ) (1088 560 16 ) (1088 560 80 ) 
4 585 586 (1088 560 -2048 ) (1088 624 -2048 ) (1128 624 -2048 ) (1128 560 -2048 ) 
4 586 707 (1088 512 -3536 ) (1088 968 -3536 ) (1680 968 -3536 ) (1680 512 -3536 ) 
4 586 648 (1088 560 -3536 ) (1088 512 -3536 ) (1088 512 -2048 ) (1088 560 -2048 ) 
4 586 647 (1088 608 -3536 ) (1088 560 -3536 ) (1088 560 -2048 ) (1088 608 -2048 ) 
4 586 645 (1088 864 -3536 ) (1088 608 -3536 ) (1088 608 -2048 ) (1088 864 -2048 ) 
4 586 644 (1088 928 -3536 ) (1088 864 -3536 ) (1088 864 -2048 ) (1088 928 -2048 ) 
4 586 642 (1088 968 -3536 ) (1088 928 -3536 ) (1088 928 -2048 ) (1088 968 -2048 ) 
4 587 1077 (1072 0 1176 ) (1072 0 816 ) (1088 0 816 ) (1088 0 1176 ) 
4 587 1060 (1072 0 1232 ) (1072 0 1176 ) (1088 0 1176 ) (1088 0 1232 ) 
4 587 1059 (1072 0 3056 ) (1072 0 1232 ) (1088 0 1232 ) (1088 0 3056 ) 
4 587 650 (1072 0 816 ) (1072 0 3056 ) (1072 1024 3056 ) (1072 1024 816 ) 
4 588 652 (1072 1008 752 ) (1072 1024 752 ) (1072 1024 656 ) (1072 1008 656 ) 
4 588 607 (1072 1008 656 ) (1072 1024 656 ) (1088 1024 656 ) (1088 1008 656 ) 
4 589 590 (1087 928 752 ) (1087 928 656 ) (1087 864 656 ) (1087 864 752 ) 
4 590 591 (1085 928 752 ) (1085 928 656 ) (1085 864 656 ) (1085 864 752 ) 
4 591 653 (1072 864 752 ) (1072 928 752 ) (1072 928 656 ) (1072 864 656 ) 
4 592 593 (1087 768 752 ) (1087 768 656 ) (1087 704 656 ) (1087 704 752 ) 
4 593 594 (1085 768 752 ) (1085 768 656 ) (1085 704 656 ) (1085 704 752 ) 
4 594 653 (1072 704 752 ) (1072 768 752 ) (1072 768 656 ) (1072 704 656 ) 
4 595 596 (1087 624 752 ) (1087 624 656 ) (1087 560 656 ) (1087 560 752 ) 
4 596 597 (1085 624 752 ) (1085 624 656 ) (1085 560 656 ) (1085 560 752 ) 
4 597 654 (1072 560 752 ) (1072 624 752 ) (1072 624 656 ) (1072 560 656 ) 
4 598 599 (1087 448 752 ) (1087 448 656 ) (1087 384 656 ) (1087 384 752 ) 
4 599 600 (1085 448 752 ) (1085 448 656 ) (1085 384 656 ) (1085 384 752 ) 
4 600 655 (1072 384 752 ) (1072 448 752 ) (1072 448 656 ) (1072 384 656 ) 
4 601 602 (1087 304 752 ) (1087 304 656 ) (1087 240 656 ) (1087 240 752 ) 
4 602 603 (1085 304 752 ) (1085 304 656 ) (1085 240 656 ) (1085 240 752 ) 
4 603 656 (1072 240 752 ) (1072 304 752 ) (1072 304 656 ) (1072 240 656 ) 
4 604 605 (1087 144 752 ) (1087 144 656 ) (1087 80 656 ) (1087 80 752 ) 
4 605 606 (1085 144 752 ) (1085 144 656 ) (1085 80 656 ) (1085 80 752 ) 
4 606 657 (1072 80 752 ) (1072 144 752 ) (1072 144 656 ) (1072 80 656 ) 
4 607 652 (1072 1008 656 ) (1072 1024 656 ) (1072 1024 592 ) (1072 1008 592 ) 
4 608 609 (1087 928 576 ) (1087 928 480 ) (1087 864 480 ) (1087 864 576 ) 
4 609 610 (1085 928 576 ) (1085 928 480 ) (1085 864 480 ) (1085 864 576 ) 
4 610 659 (1072 928 560 ) (1072 928 480 ) (1072 864 480 ) (1072 864 560 ) 
4 611 612 (1087 768 576 ) (1087 768 480 ) (1087 704 480 ) (1087 704 576 ) 
4 612 613 (1085 768 576 ) (1085 768 480 ) (1085 704 480 ) (1085 704 576 ) 
4 613 659 (1072 768 560 ) (1072 768 480 ) (1072 704 480 ) (1072 704 560 ) 
4 614 615 (1087 624 576 ) (1087 624 480 ) (1087 560 480 ) (1087 560 576 ) 
4 615 616 (1085 624 576 ) (1085 624 480 ) (1085 560 480 ) (1085 560 576 ) 
4 616 660 (1072 560 576 ) (1072 624 576 ) (1072 624 480 ) (1072 560 480 ) 
4 617 618 (1087 448 576 ) (1087 448 480 ) (1087 384 480 ) (1087 384 576 ) 
4 618 619 (1085 448 576 ) (1085 448 480 ) (1085 384 480 ) (1085 384 576 ) 
4 619 661 (1072 384 576 ) (1072 448 576 ) (1072 448 480 ) (1072 384 480 ) 
4 620 621 (1087 304 576 ) (1087 304 480 ) (1087 240 480 ) (1087 240 576 ) 
4 621 622 (1085 304 576 ) (1085 304 480 ) (1085 240 480 ) (1085 240 576 ) 
4 622 662 (1072 240 576 ) (1072 304 576 ) (1072 304 480 ) (1072 240 480 ) 
4 623 624 (1087 144 576 ) (1087 144 480 ) (1087 80 480 ) (1087 80 576 ) 
4 624 625 (1085 144 576 ) (1085 144 480 ) (1085 80 480 ) (1085 80 576 ) 
4 625 663 (1072 80 576 ) (1072 144 576 ) (1072 144 480 ) (1072 80 480 ) 
4 626 627 (1087 928 384 ) (1087 928 288 ) (1087 864 288 ) (1087 864 384 ) 
4 627 628 (1085 928 384 ) (1085 928 288 ) (1085 864 288 ) (1085 864 384 ) 
4 628 665 (1072 864 384 ) (1072 928 384 ) (1072 928 288 ) (1072 864 288 ) 
4 629 630 (1087 768 384 ) (1087 768 288 ) (1087 704 288 ) (1087 704 384 ) 
4 630 631 (1085 768 384 ) (1085 768 288 ) (1085 704 288 ) (1085 704 384 ) 
4 631 666 (1072 704 384 ) (1072 768 384 ) (1072 768 288 ) (1072 704 288 ) 
4 632 633 (1087 624 384 ) (1087 624 288 ) (1087 560 288 ) (1087 560 384 ) 
4 633 634 (1085 624 384 ) (1085 624 288 ) (1085 560 288 ) (1085 560 384 ) 
4 634 667 (1072 560 384 ) (1072 624 384 ) (1072 624 288 ) (1072 560 288 ) 
4 635 636 (1087 448 384 ) (1087 448 288 ) (1087 384 288 ) (1087 384 384 ) 
4 636 637 (1085 448 384 ) (1085 448 288 ) (1085 384 288 ) (1085 384 384 ) 
4 637 668 (1072 384 384 ) (1072 448 384 ) (1072 448 288 ) (1072 384 288 ) 
4 638 639 (1087 304 384 ) (1087 304 288 ) (1087 240 288 ) (1087 240 384 ) 
4 639 640 (1085 304 384 ) (1085 304 288 ) (1085 240 288 ) (1085 240 384 ) 
4 640 669 (1072 240 384 ) (1072 304 384 ) (1072 304 288 ) (1072 240 288 ) 
4 641 670 (1072 80 384 ) (1072 144 384 ) (1072 144 288 ) (1072 80 288 ) 
4 641 649 (1072 80 288 ) (1072 144 288 ) (1088 144 288 ) (1088 80 288 ) 
4 642 707 (1088 968 -3536 ) (1088 928 -3536 ) (1080 928 -3536 ) (1080 968 -3536 ) 
4 642 644 (1088 928 -3536 ) (1088 928 -2048 ) (1080 928 -2048 ) (1080 928 -3536 ) 
4 643 672 (1072 864 80 ) (1072 864 144 ) (1072 928 144 ) (1072 928 80 ) 
4 644 707 (1080 928 -3536 ) (1088 928 -3536 ) (1088 864 -3536 ) (1080 864 -3536 ) 
4 644 645 (1088 864 -3536 ) (1088 864 -2048 ) (1080 864 -2048 ) (1080 864 -3536 ) 
4 645 707 (1080 864 -3536 ) (1088 864 -3536 ) (1088 608 -3536 ) (1080 608 -3536 ) 
4 645 647 (1088 608 -3536 ) (1088 608 -2048 ) (1080 608 -2048 ) (1080 608 -3536 ) 
4 646 673 (1072 560 16 ) (1072 560 80 ) (1072 608 80 ) (1072 608 16 ) 
4 647 707 (1080 608 -3536 ) (1088 608 -3536 ) (1088 560 -3536 ) (1080 560 -3536 ) 
4 647 648 (1088 560 -3536 ) (1088 560 -2048 ) (1080 560 -2048 ) (1080 560 -3536 ) 
4 648 707 (1080 560 -3536 ) (1088 560 -3536 ) (1088 512 -3536 ) (1080 512 -3536 ) 
4 649 671 (1072 80 240 ) (1072 80 288 ) (1072 144 288 ) (1072 144 240 ) 
4 650 1077 (1056 0 1176 ) (1056 0 816 ) (1072 0 816 ) (1072 0 1176 ) 
4 650 1060 (1056 0 1232 ) (1056 0 1176 ) (1072 0 1176 ) (1072 0 1232 ) 
4 650 1059 (1056 0 3056 ) (1056 0 1232 ) (1072 0 1232 ) (1072 0 3056 ) 
4 650 674 (1056 1024 3056 ) (1056 1024 816 ) (1056 0 816 ) (1056 0 3056 ) 
4 651 680 (1056 672 768 ) (1056 656 768 ) (1056 656 800 ) (1056 672 800 ) 
4 651 678 (1056 976 768 ) (1056 672 768 ) (1056 672 800 ) (1056 976 800 ) 
4 651 677 (1056 1008 768 ) (1056 976 768 ) (1056 976 800 ) (1056 1008 800 ) 
4 651 675 (1056 1024 800 ) (1056 1024 768 ) (1056 1008 768 ) (1056 1008 800 ) 
4 652 676 (1056 1024 752 ) (1056 1024 592 ) (1056 1008 592 ) (1056 1008 752 ) 
4 653 679 (1056 976 576 ) (1056 672 576 ) (1056 672 752 ) (1056 976 752 ) 
4 654 681 (1056 560 752 ) (1056 624 752 ) (1056 624 656 ) (1056 560 656 ) 
4 655 681 (1056 384 752 ) (1056 448 752 ) (1056 448 656 ) (1056 384 656 ) 
4 656 682 (1056 240 656 ) (1056 240 752 ) (1056 304 752 ) (1056 304 656 ) 
4 657 682 (1056 80 752 ) (1056 144 752 ) (1056 144 656 ) (1056 80 656 ) 
4 658 683 (1056 224 576 ) (1056 32 576 ) (1056 32 592 ) (1056 224 592 ) 
4 658 663 (1056 32 576 ) (1056 224 576 ) (1072 224 576 ) (1072 32 576 ) 
4 659 689 (1056 1024 480 ) (1056 1024 432 ) (1056 704 432 ) (1056 704 480 ) 
4 659 684 (1056 1024 560 ) (1056 1024 480 ) (1056 704 480 ) (1056 704 560 ) 
4 660 685 (1056 560 576 ) (1056 624 576 ) (1056 624 480 ) (1056 560 480 ) 
4 661 686 (1056 384 576 ) (1056 448 576 ) (1056 448 480 ) (1056 384 480 ) 
4 662 687 (1056 240 576 ) (1056 304 576 ) (1056 304 480 ) (1056 240 480 ) 
4 663 688 (1056 32 576 ) (1056 224 576 ) (1056 224 480 ) (1056 32 480 ) 
4 663 664 (1056 32 480 ) (1056 224 480 ) (1072 224 480 ) (1072 32 480 ) 
4 664 690 (1056 32 448 ) (1056 32 480 ) (1056 224 480 ) (1056 224 448 ) 
4 665 691 (1056 928 288 ) (1056 864 288 ) (1056 864 384 ) (1056 928 384 ) 
4 666 692 (1056 768 288 ) (1056 704 288 ) (1056 704 384 ) (1056 768 384 ) 
4 667 698 (1056 608 288 ) (1056 560 288 ) (1056 560 384 ) (1056 608 384 ) 
4 667 695 (1056 624 288 ) (1056 608 288 ) (1056 608 384 ) (1056 624 384 ) 
4 668 703 (1056 448 288 ) (1056 384 288 ) (1056 384 384 ) (1056 448 384 ) 
4 669 703 (1056 304 288 ) (1056 240 288 ) (1056 240 384 ) (1056 304 384 ) 
4 670 706 (1056 144 288 ) (1056 80 288 ) (1056 80 384 ) (1056 144 384 ) 
4 670 671 (1056 80 288 ) (1056 144 288 ) (1072 144 288 ) (1072 80 288 ) 
4 671 706 (1056 80 240 ) (1056 80 288 ) (1056 144 288 ) (1056 144 240 ) 
4 672 691 (1056 928 80 ) (1056 864 80 ) (1056 864 144 ) (1056 928 144 ) 
4 673 699 (1056 560 16 ) (1056 560 80 ) (1056 608 80 ) (1056 608 16 ) 
4 674 1077 (1024 0 1176 ) (1024 0 816 ) (1056 0 816 ) (1056 0 1176 ) 
4 674 1060 (1024 0 1232 ) (1024 0 1176 ) (1056 0 1176 ) (1056 0 1232 ) 
4 674 1059 (1024 0 3056 ) (1024 0 1232 ) (1056 0 1232 ) (1056 0 3056 ) 
4 674 743 (1024 1024 1024 ) (1024 1024 816 ) (1024 0 816 ) (1024 0 1024 ) 
4 674 709 (1024 1024 3056 ) (1024 1024 1024 ) (1024 0 1024 ) (1024 0 3056 ) 
4 675 783 (1024 1024 800 ) (1024 1024 768 ) (1024 1008 768 ) (1024 1008 800 ) 
4 675 677 (1056 1008 768 ) (1056 1008 800 ) (1024 1008 800 ) (1024 1008 768 ) 
4 676 826 (1024 1024 608 ) (1024 1024 592 ) (1024 1008 592 ) (1024 1008 608 ) 
4 676 784 (1024 1024 752 ) (1024 1024 608 ) (1024 1008 608 ) (1024 1008 752 ) 
4 677 783 (1024 976 768 ) (1024 976 800 ) (1024 1008 800 ) (1024 1008 768 ) 
4 677 678 (1056 976 768 ) (1056 976 800 ) (1024 976 800 ) (1024 976 768 ) 
4 678 783 (1024 672 768 ) (1024 672 800 ) (1024 976 800 ) (1024 976 768 ) 
4 678 680 (1056 672 768 ) (1056 672 800 ) (1024 672 800 ) (1024 672 768 ) 
4 679 833 (1024 976 576 ) (1024 672 576 ) (1024 672 608 ) (1024 976 608 ) 
4 679 786 (1024 672 608 ) (1024 672 752 ) (1024 976 752 ) (1024 976 608 ) 
4 680 787 (1024 656 768 ) (1024 656 800 ) (1024 672 800 ) (1024 672 768 ) 
4 681 790 (1024 336 624 ) (1024 336 784 ) (1024 640 784 ) (1024 640 624 ) 
4 682 1079 (1024 0 784 ) (1024 0 624 ) (1056 0 624 ) (1056 0 784 ) 
4 682 792 (1024 0 624 ) (1024 0 784 ) (1024 304 784 ) (1024 304 624 ) 
4 683 885 (1024 224 576 ) (1024 32 576 ) (1024 32 592 ) (1024 224 592 ) 
4 683 688 (1024 32 576 ) (1024 224 576 ) (1056 224 576 ) (1056 32 576 ) 
4 684 834 (1024 976 480 ) (1024 704 480 ) (1024 704 560 ) (1024 976 560 ) 
4 684 830 (1024 992 480 ) (1024 976 480 ) (1024 976 560 ) (1024 992 560 ) 
4 684 828 (1024 1024 560 ) (1024 1024 480 ) (1024 992 480 ) (1024 992 560 ) 
4 684 689 (1024 1024 480 ) (1056 1024 480 ) (1056 704 480 ) (1024 704 480 ) 
4 685 861 (1024 624 480 ) (1024 560 480 ) (1024 560 576 ) (1024 624 576 ) 
4 686 875 (1024 448 480 ) (1024 384 480 ) (1024 384 576 ) (1024 448 576 ) 
4 687 881 (1024 304 480 ) (1024 240 480 ) (1024 240 576 ) (1024 304 576 ) 
4 688 885 (1024 224 480 ) (1024 32 480 ) (1024 32 576 ) (1024 224 576 ) 
4 688 690 (1056 224 480 ) (1056 32 480 ) (1024 32 480 ) (1024 224 480 ) 
4 689 834 (1024 976 432 ) (1024 704 432 ) (1024 704 480 ) (1024 976 480 ) 
4 689 830 (1024 992 432 ) (1024 976 432 ) (1024 976 480 ) (1024 992 480 ) 
4 689 828 (1024 1024 480 ) (1024 1024 432 ) (1024 992 432 ) (1024 992 480 ) 
4 690 885 (1024 32 448 ) (1024 32 480 ) (1024 224 480 ) (1024 224 448 ) 
4 691 920 (1024 1024 236 ) (1024 1024 16 ) (1024 832 16 ) (1024 832 236 ) 
4 691 836 (1024 976 236 ) (1024 832 236 ) (1024 832 400 ) (1024 976 400 ) 
4 691 832 (1024 992 236 ) (1024 976 236 ) (1024 976 400 ) (1024 992 400 ) 
4 691 831 (1024 1024 400 ) (1024 1024 236 ) (1024 992 236 ) (1024 992 400 ) 
4 692 838 (1024 688 288 ) (1024 688 400 ) (1024 704 400 ) (1024 704 288 ) 
4 692 837 (1024 704 400 ) (1024 800 400 ) (1024 800 288 ) (1024 704 288 ) 
4 693 934 (1024 808 216 ) (1024 808 8 ) (1024 800 8 ) (1024 800 216 ) 
4 693 694 (1024 800 8 ) (1048 800 8 ) (1048 800 216 ) (1024 800 216 ) 
4 694 934 (1024 688 8 ) (1024 688 216 ) (1024 800 216 ) (1024 800 8 ) 
4 694 696 (1048 688 8 ) (1048 688 216 ) (1024 688 216 ) (1024 688 8 ) 
4 695 862 (1024 608 240 ) (1024 608 400 ) (1024 624 400 ) (1024 624 240 ) 
4 695 860 (1024 624 400 ) (1024 656 400 ) (1024 656 240 ) (1024 624 240 ) 
4 695 700 (1048 608 400 ) (1024 608 400 ) (1024 608 240 ) (1048 608 240 ) 
4 695 698 (1056 608 240 ) (1056 608 400 ) (1048 608 400 ) (1048 608 240 ) 
4 696 934 (1024 688 216 ) (1024 688 8 ) (1024 656 8 ) (1024 656 216 ) 
4 696 697 (1024 656 8 ) (1048 656 8 ) (1048 656 216 ) (1024 656 216 ) 
4 697 934 (1024 608 8 ) (1024 608 216 ) (1024 656 216 ) (1024 656 8 ) 
4 697 701 (1048 608 8 ) (1048 608 216 ) (1024 608 216 ) (1024 608 8 ) 
4 698 702 (1056 560 240 ) (1056 560 400 ) (1048 560 400 ) (1048 560 240 ) 
4 698 700 (1048 608 400 ) (1048 608 240 ) (1048 560 240 ) (1048 560 400 ) 
4 699 701 (1048 608 80 ) (1048 608 16 ) (1048 560 16 ) (1048 560 80 ) 
4 700 862 (1024 560 240 ) (1024 560 400 ) (1024 608 400 ) (1024 608 240 ) 
4 700 702 (1048 560 240 ) (1048 560 400 ) (1024 560 400 ) (1024 560 240 ) 
4 701 934 (1024 560 8 ) (1024 560 216 ) (1024 608 216 ) (1024 608 8 ) 
4 701 704 (1048 560 8 ) (1048 560 216 ) (1024 560 216 ) (1024 560 8 ) 
4 702 862 (1024 528 400 ) (1024 560 400 ) (1024 560 240 ) (1024 528 240 ) 
4 703 893 (1024 208 400 ) (1024 240 400 ) (1024 240 240 ) (1024 208 240 ) 
4 703 883 (1024 240 400 ) (1024 496 400 ) (1024 496 240 ) (1024 240 240 ) 
4 704 934 (1024 496 8 ) (1024 496 216 ) (1024 560 216 ) (1024 560 8 ) 
4 704 705 (1048 496 8 ) (1048 496 216 ) (1024 496 216 ) (1024 496 8 ) 
4 705 934 (1024 184 8 ) (1024 184 216 ) (1024 496 216 ) (1024 496 8 ) 
4 706 1080 (1024 0 400 ) (1024 0 240 ) (1056 0 240 ) (1056 0 400 ) 
4 706 894 (1024 0 240 ) (1024 0 400 ) (1024 176 400 ) (1024 176 240 ) 
4 707 708 (1080 808 -3728 ) (1080 680 -3728 ) (1080 680 -3608 ) (1080 808 -3608 ) 
4 708 1056 (1024 808 -3728 ) (1024 680 -3728 ) (1024 680 -3608 ) (1024 808 -3608 ) 
4 709 1081 (1024 0 1024 ) (1024 0 3056 ) (736 0 3056 ) (736 0 1024 ) 
4 709 743 (1024 0 1024 ) (736 0 1024 ) (736 1024 1024 ) (1024 1024 1024 ) 
4 709 711 (736 320 1312 ) (736 80 1312 ) (736 80 1400 ) (736 320 1400 ) 
4 709 710 (736 936 1312 ) (736 656 1312 ) (736 656 1400 ) (736 936 1400 ) 
4 710 712 (712 656 1400 ) (712 936 1400 ) (712 936 1312 ) (712 656 1312 ) 
4 711 712 (712 80 1400 ) (712 320 1400 ) (712 320 1312 ) (712 80 1312 ) 
4 712 719 (552 8 1264 ) (552 8 1432 ) (552 216 1432 ) (552 256 1264 ) 
3 712 718 (552 248 1432 ) (552 306.404419 1432 ) (552 280.002411 1343.993408 ) 
4 712 713 (552 306.404419 1432 ) (552 1024 1432 ) (552 1024 1264 ) (552 256.004395 1264 ) 
4 713 718 (552 280.002777 1343.992310 ) (552 306.405090 1432 ) (496 306.404785 1432 ) (496 280.002686 1343.992554 ) 
4 713 717 (496 344 1264 ) (496 256.003906 1264 ) (496 264.446564 1292.142212 ) (496 528 1376 ) 
4 713 716 (496 704 1432 ) (496 1024 1432 ) (496 1024 1391.499878 ) (496 600 1312 ) 
3 713 715 (496 1024 1264 ) (496 344 1264 ) (496 1024 1391.499878 ) 
3 713 714 (496 264.446564 1292.142212 ) (496 306.403931 1432 ) (496 704 1432 ) 
3 714 721 (408 264.447083 1292.142334 ) (408 306.404419 1432 ) (408 704 1432 ) 
4 714 720 (408 306.404297 1432 ) (408 264.447662 1292.142578 ) (472 264.447723 1292.142578 ) (472 306.404663 1432 ) 
4 714 718 (496 280.002686 1343.992676 ) (496 306.404785 1432 ) (472 306.404663 1432 ) (472 280.002655 1343.992676 ) 
4 714 717 (496 528.003662 1376.002319 ) (496 264.445312 1292.142578 ) (408 264.445312 1292.142578 ) (408 528.002930 1376.001831 ) 
3 715 721 (408 1024 1391.499878 ) (408 1024 1264 ) (408 344 1264 ) 
4 715 716 (408 1024 1391.499878 ) (408 600 1312 ) (496 600 1312 ) (496 1024 1391.499634 ) 
4 716 721 (408 704 1432 ) (408 1024 1432 ) (408 1024 1391.499878 ) (408 600 1312 ) 
4 717 721 (408 256.004395 1264 ) (408 264.447083 1292.142334 ) (408 528 1376 ) (408 344 1264 ) 
4 717 720 (408 264.447662 1292.142578 ) (408 256.005005 1264 ) (472 256.005035 1264 ) (472 264.447723 1292.142578 ) 
3 718 720 (472 306.404297 1432 ) (472 280.002563 1343.992920 ) (472 248 1432 ) 
4 719 720 (472 256 1264 ) (472 8 1264 ) (472 8 1432 ) (472 216 1432 ) 
4 720 721 (408 8 1264 ) (408 8 1432 ) (408 306.404419 1432 ) (408 256.004395 1264 ) 
4 722 726 (88 1024 1248 ) (88 1024 1032 ) (88 712 1032 ) (88 712 1248 ) 
4 722 727 (88 712 1032 ) (88 504 1032 ) (88 504 1248 ) (88 712 1248 ) 
4 722 724 (88 504 1032 ) (88 712 1032 ) (712 712 1032 ) (712 504 1032 ) 
4 722 725 (88 500 1032 ) (88 504 1032 ) (712 504 1032 ) (712 500 1032 ) 
4 722 723 (88 500 1032 ) (712 500 1032 ) (712 500 1248 ) (88 500 1248 ) 
4 723 728 (88 240 1200 ) (88 288 1200 ) (88 288 1152 ) (88 240 1152 ) 
4 723 725 (88 328 1032 ) (88 500 1032 ) (712 500 1032 ) (712 328 1032 ) 
4 724 763 (88 504 1024 ) (88 640 1024 ) (96 640 1024 ) (96 504 1024 ) 
4 724 761 (88 640 1024 ) (88 712 1024 ) (96 712 1024 ) (96 640 1024 ) 
4 724 755 (712 704 1024 ) (712 504 1024 ) (96 504 1024 ) (96 704 1024 ) 
4 724 753 (96 712 1024 ) (144 712 1024 ) (144 704 1024 ) (96 704 1024 ) 
4 724 750 (144 712 1024 ) (224 712 1024 ) (224 704 1024 ) (144 704 1024 ) 
4 724 748 (224 712 1024 ) (712 712 1024 ) (712 704 1024 ) (224 704 1024 ) 
4 724 727 (88 712 1024 ) (88 504 1024 ) (88 504 1032 ) (88 712 1032 ) 
4 724 725 (712 504 1024 ) (712 504 1032 ) (88 504 1032 ) (88 504 1024 ) 
4 725 766 (88 328 1024 ) (88 504 1024 ) (96 504 1024 ) (96 328 1024 ) 
4 725 756 (96 504 1024 ) (712 504 1024 ) (712 328 1024 ) (96 328 1024 ) 
4 726 733 (80 1024 1152 ) (80 1024 1032 ) (80 712 1032 ) (80 712 1152 ) 
4 726 730 (80 1024 1200 ) (80 1024 1152 ) (80 712 1152 ) (80 712 1200 ) 
4 726 729 (80 1024 1248 ) (80 1024 1200 ) (80 712 1200 ) (80 712 1248 ) 
4 726 727 (88 712 1032 ) (88 712 1248 ) (80 712 1248 ) (80 712 1032 ) 
4 727 763 (80 504 1024 ) (80 640 1024 ) (88 640 1024 ) (88 504 1024 ) 
4 727 761 (80 640 1024 ) (80 712 1024 ) (88 712 1024 ) (88 640 1024 ) 
4 727 734 (80 712 1024 ) (80 504 1024 ) (80 504 1152 ) (80 712 1152 ) 
4 727 730 (80 504 1152 ) (80 504 1200 ) (80 712 1200 ) (80 712 1152 ) 
4 727 729 (80 504 1200 ) (80 504 1248 ) (80 712 1248 ) (80 712 1200 ) 
4 728 731 (80 240 1200 ) (80 288 1200 ) (80 288 1152 ) (80 240 1152 ) 
4 729 739 (64 1024 1216 ) (64 1024 1200 ) (64 712 1200 ) (64 712 1216 ) 
4 729 740 (64 712 1200 ) (64 504 1200 ) (64 504 1216 ) (64 712 1216 ) 
4 729 738 (64 504 1248 ) (64 512 1248 ) (64 512 1216 ) (64 504 1216 ) 
4 729 737 (64 512 1248 ) (64 704 1248 ) (64 704 1216 ) (64 512 1216 ) 
4 729 736 (64 704 1248 ) (64 1024 1248 ) (64 1024 1216 ) (64 704 1216 ) 
4 729 730 (64 504 1200 ) (64 1024 1200 ) (80 1024 1200 ) (80 504 1200 ) 
4 730 739 (64 712 1200 ) (64 1024 1200 ) (64 1024 1152 ) (64 712 1152 ) 
4 730 740 (64 504 1200 ) (64 712 1200 ) (64 712 1152 ) (64 504 1152 ) 
4 730 733 (64 712 1152 ) (64 1024 1152 ) (80 1024 1152 ) (80 712 1152 ) 
4 730 734 (64 504 1152 ) (64 712 1152 ) (80 712 1152 ) (80 504 1152 ) 
4 731 741 (64 240 1200 ) (64 288 1200 ) (64 288 1152 ) (64 240 1152 ) 
4 732 1094 (64 0 1200 ) (64 0 1152 ) (80 0 1152 ) (80 0 1200 ) 
4 732 742 (64 0 1152 ) (64 0 1200 ) (64 176 1200 ) (64 176 1152 ) 
4 732 735 (64 0 1152 ) (64 176 1152 ) (80 176 1152 ) (80 0 1152 ) 
4 733 739 (64 712 1032 ) (64 712 1152 ) (64 1024 1152 ) (64 1024 1032 ) 
4 733 734 (80 712 1032 ) (80 712 1152 ) (64 712 1152 ) (64 712 1032 ) 
4 734 772 (64 504 1024 ) (64 712 1024 ) (78 712 1024 ) (78 504 1024 ) 
4 734 770 (80 640 1024 ) (80 504 1024 ) (78 504 1024 ) (78 640 1024 ) 
4 734 769 (78 712 1024 ) (80 712 1024 ) (80 640 1024 ) (78 640 1024 ) 
4 734 740 (64 712 1024 ) (64 504 1024 ) (64 504 1152 ) (64 712 1152 ) 
4 735 1094 (64 0 1152 ) (64 0 1024 ) (80 0 1024 ) (80 0 1152 ) 
4 735 742 (64 176 1024 ) (64 0 1024 ) (64 0 1152 ) (64 176 1152 ) 
4 736 739 (18 1024 1216 ) (64 1024 1216 ) (64 712 1216 ) (18 712 1216 ) 
4 736 740 (64 712 1216 ) (64 704 1216 ) (18 704 1216 ) (18 712 1216 ) 
4 736 737 (18 704 1216 ) (64 704 1216 ) (64 704 1248 ) (18 704 1248 ) 
4 737 740 (18 704 1216 ) (64 704 1216 ) (64 512 1216 ) (18 512 1216 ) 
4 737 738 (18 512 1216 ) (64 512 1216 ) (64 512 1248 ) (18 512 1248 ) 
4 738 740 (18 512 1216 ) (64 512 1216 ) (64 504 1216 ) (18 504 1216 ) 
4 739 740 (18 712 1216 ) (18 712 1032 ) (64 712 1032 ) (64 712 1216 ) 
4 740 772 (64 712 1024 ) (64 504 1024 ) (18 504 1024 ) (18 712 1024 ) 
4 741 1250 (0 336 1024 ) (0 192 1024 ) (0 192 1216 ) (0 336 1216 ) 
4 741 775 (0 192 1024 ) (0 336 1024 ) (64 336 1024 ) (64 192 1024 ) 
4 742 1251 (0 176 1024 ) (0 0 1024 ) (0 0 1200 ) (0 176 1200 ) 
4 742 1099 (0 0 1200 ) (0 0 1024 ) (48 0 1024 ) (48 0 1200 ) 
4 742 1096 (48 0 1024 ) (64 0 1024 ) (64 0 1200 ) (48 0 1200 ) 
4 743 1103 (1024 0 816 ) (1024 0 1024 ) (736 0 1024 ) (736 0 816 ) 
4 743 744 (736 480 928 ) (736 480 832 ) (736 384 832 ) (736 384 928 ) 
4 744 757 (720 384 832 ) (720 384 928 ) (720 480 928 ) (720 480 832 ) 
4 745 747 (144 736 928 ) (144 736 832 ) (224 736 832 ) (224 736 928 ) 
4 745 746 (32 752 944 ) (32 832 944 ) (32 832 848 ) (32 752 848 ) 
4 746 1220 (0 832 848 ) (0 752 848 ) (0 752 944 ) (0 832 944 ) 
4 747 751 (224 720 832 ) (224 720 928 ) (144 720 928 ) (144 720 832 ) 
4 748 755 (712 704 1024 ) (224 704 1024 ) (224 704 952 ) (712 704 952 ) 
4 748 750 (224 712 952 ) (224 704 952 ) (224 704 1024 ) (224 712 1024 ) 
4 749 758 (224 704 800 ) (720 704 800 ) (720 704 816 ) (224 704 816 ) 
4 749 752 (224 720 816 ) (224 720 800 ) (224 704 800 ) (224 704 816 ) 
4 750 755 (224 704 952 ) (224 704 1024 ) (144 704 1024 ) (144 704 952 ) 
4 750 753 (144 712 952 ) (144 704 952 ) (144 704 1024 ) (144 712 1024 ) 
4 751 757 (224 704 832 ) (224 704 928 ) (144 704 928 ) (144 704 832 ) 
4 752 758 (144 704 800 ) (224 704 800 ) (224 704 816 ) (144 704 816 ) 
4 752 754 (144 720 816 ) (144 720 800 ) (144 704 800 ) (144 704 816 ) 
4 753 761 (96 712 952 ) (96 704 952 ) (96 704 1024 ) (96 712 1024 ) 
4 753 755 (96 704 1024 ) (96 704 952 ) (144 704 952 ) (144 704 1024 ) 
4 754 762 (96 720 816 ) (96 720 800 ) (96 704 800 ) (96 704 816 ) 
4 754 758 (96 704 816 ) (96 704 800 ) (144 704 800 ) (144 704 816 ) 
4 755 763 (96 504 1024 ) (96 640 1024 ) (96 640 952 ) (96 504 952 ) 
4 755 761 (96 640 1024 ) (96 704 1024 ) (96 704 952 ) (96 640 952 ) 
4 755 756 (96 504 1024 ) (96 504 952 ) (712 504 952 ) (712 504 1024 ) 
4 756 766 (96 328 1024 ) (96 504 1024 ) (96 504 952 ) (96 328 952 ) 
4 757 764 (96 640 856 ) (96 640 832 ) (96 504 832 ) (96 504 856 ) 
4 758 767 (96 504 800 ) (96 336 800 ) (96 336 816 ) (96 504 816 ) 
4 758 765 (96 640 800 ) (96 504 800 ) (96 504 816 ) (96 640 816 ) 
4 758 762 (96 704 800 ) (96 640 800 ) (96 640 816 ) (96 704 816 ) 
4 758 759 (720 336 800 ) (720 336 816 ) (96 336 816 ) (96 336 800 ) 
4 759 768 (96 336 800 ) (96 320 800 ) (96 320 816 ) (96 336 816 ) 
4 760 1108 (96 0 1008 ) (96 0 800 ) (704 0 800 ) (704 0 1008 ) 
4 760 812 (704 0 800 ) (96 0 800 ) (96 304 800 ) (704 304 800 ) 
4 761 769 (80 712 952 ) (80 640 952 ) (80 640 1024 ) (80 712 1024 ) 
4 761 763 (80 640 1024 ) (80 640 952 ) (96 640 952 ) (96 640 1024 ) 
4 762 765 (80 640 816 ) (80 640 800 ) (96 640 800 ) (96 640 816 ) 
4 763 770 (80 504 952 ) (80 504 1024 ) (80 640 1024 ) (80 640 952 ) 
4 763 766 (88 504 952 ) (96 504 952 ) (96 504 1024 ) (88 504 1024 ) 
4 764 771 (80 504 832 ) (80 504 856 ) (80 640 856 ) (80 640 832 ) 
4 765 767 (80 504 816 ) (80 504 800 ) (96 504 800 ) (96 504 816 ) 
4 767 774 (80 480 800 ) (80 464 800 ) (80 464 816 ) (80 480 816 ) 
4 767 768 (96 336 800 ) (96 336 816 ) (80 336 816 ) (80 336 800 ) 
4 769 772 (78 712 952 ) (78 640 952 ) (78 640 1024 ) (78 712 1024 ) 
4 769 770 (78 640 1024 ) (78 640 952 ) (80 640 952 ) (80 640 1024 ) 
4 770 772 (78 504 952 ) (78 504 1024 ) (78 640 1024 ) (78 640 952 ) 
4 771 773 (78 504 832 ) (78 504 856 ) (78 640 856 ) (78 640 832 ) 
4 772 773 (78 712 952 ) (78 504 952 ) (18 504 952 ) (18 712 952 ) 
4 774 821 (64 464 800 ) (64 480 800 ) (80 480 800 ) (80 464 800 ) 
4 774 777 (64 480 816 ) (64 480 800 ) (64 464 800 ) (64 464 816 ) 
4 775 1252 (0 192 1024 ) (0 336 1024 ) (0 336 1008 ) (0 192 1008 ) 
4 775 776 (0 192 1008 ) (0 336 1008 ) (64 336 1008 ) (64 192 1008 ) 
4 776 1253 (0 48 848 ) (0 48 1008 ) (0 480 1008 ) (0 480 848 ) 
4 776 778 (64 48 944 ) (64 48 1008 ) (16 48 1008 ) (16 48 944 ) 
4 777 1256 (0 480 800 ) (0 48 800 ) (0 48 816 ) (0 480 816 ) 
4 777 823 (0 48 800 ) (0 480 800 ) (64 480 800 ) (64 48 800 ) 
4 777 780 (0 48 800 ) (16 48 800 ) (16 48 816 ) (0 48 816 ) 
4 777 779 (16 48 800 ) (64 48 800 ) (64 48 816 ) (16 48 816 ) 
4 778 781 (64 16 944 ) (64 16 1008 ) (16 16 1008 ) (16 16 944 ) 
4 779 823 (16 48 800 ) (64 48 800 ) (64 16 800 ) (16 16 800 ) 
4 779 782 (16 16 800 ) (64 16 800 ) (64 16 816 ) (16 16 816 ) 
4 779 780 (16 48 816 ) (16 48 800 ) (16 16 800 ) (16 16 816 ) 
4 780 1256 (0 48 800 ) (0 16 800 ) (0 16 816 ) (0 48 816 ) 
4 780 823 (0 16 800 ) (0 48 800 ) (16 48 800 ) (16 16 800 ) 
4 780 782 (0 16 800 ) (16 16 800 ) (16 16 816 ) (0 16 816 ) 
4 781 1254 (0 0 848 ) (0 0 1008 ) (0 16 1008 ) (0 16 848 ) 
4 781 1113 (0 0 1008 ) (0 0 848 ) (64 0 848 ) (64 0 1008 ) 
4 782 1256 (0 16 800 ) (0 0 800 ) (0 0 816 ) (0 16 816 ) 
4 782 1114 (0 0 816 ) (0 0 800 ) (64 0 800 ) (64 0 816 ) 
4 782 823 (64 0 800 ) (0 0 800 ) (0 16 800 ) (64 16 800 ) 
4 783 793 (736 672 768 ) (736 672 800 ) (736 1024 800 ) (736 1024 768 ) 
4 783 788 (736 672 800 ) (736 672 768 ) (832 672 768 ) (832 672 800 ) 
4 783 787 (832 672 768 ) (1024 672 768 ) (1024 672 800 ) (832 672 800 ) 
4 784 826 (848 1024 608 ) (1024 1024 608 ) (1024 1008 608 ) (848 1008 608 ) 
4 785 827 (736 976 608 ) (736 1024 608 ) (816 1024 608 ) (816 976 608 ) 
4 785 786 (816 976 752 ) (736 976 752 ) (736 976 608 ) (816 976 608 ) 
4 786 833 (736 672 608 ) (736 976 608 ) (1024 976 608 ) (1024 672 608 ) 
4 786 789 (736 672 720 ) (736 672 624 ) (832 672 624 ) (832 672 720 ) 
4 787 788 (832 672 800 ) (832 672 768 ) (832 656 768 ) (832 656 800 ) 
4 788 793 (736 656 800 ) (736 672 800 ) (736 672 768 ) (736 656 768 ) 
4 789 790 (736 640 720 ) (736 640 624 ) (832 640 624 ) (832 640 720 ) 
4 790 795 (736 352 736 ) (736 432 736 ) (736 432 624 ) (736 352 624 ) 
4 790 791 (736 336 720 ) (736 336 624 ) (832 336 624 ) (832 336 720 ) 
4 791 792 (736 304 720 ) (736 304 624 ) (832 304 624 ) (832 304 720 ) 
4 792 1115 (1024 0 624 ) (1024 0 784 ) (736 0 784 ) (736 0 624 ) 
4 792 796 (736 0 624 ) (736 0 736 ) (736 304 736 ) (736 304 624 ) 
4 792 794 (736 0 736 ) (736 0 784 ) (736 304 784 ) (736 304 736 ) 
4 794 1115 (720 0 784 ) (720 0 736 ) (736 0 736 ) (736 0 784 ) 
4 794 798 (720 0 736 ) (720 0 784 ) (720 304 784 ) (720 304 736 ) 
4 794 796 (720 0 736 ) (720 304 736 ) (736 304 736 ) (736 0 736 ) 
4 795 797 (720 432 624 ) (720 352 624 ) (720 352 736 ) (720 432 736 ) 
4 796 1115 (720 0 736 ) (720 0 624 ) (736 0 624 ) (736 0 736 ) 
4 796 798 (720 304 624 ) (720 0 624 ) (720 0 736 ) (720 304 736 ) 
4 797 808 (704 432 624 ) (704 352 624 ) (704 352 736 ) (704 432 736 ) 
4 798 1115 (712 0 624 ) (720 0 624 ) (720 0 784 ) (712 0 784 ) 
4 798 799 (712 0 784 ) (712 144 784 ) (712 144 624 ) (712 0 624 ) 
4 799 1116 (704 0 784 ) (704 0 624 ) (712 0 624 ) (712 0 784 ) 
4 799 812 (704 0 624 ) (704 0 784 ) (704 144 784 ) (704 144 624 ) 
4 800 803 (704 896 624 ) (704 896 784 ) (256 896 784 ) (256 896 624 ) 
4 800 801 (256 896 624 ) (256 896 736 ) (256 976 736 ) (256 976 624 ) 
4 801 802 (224 896 624 ) (224 896 736 ) (224 976 736 ) (224 976 624 ) 
4 802 813 (96 896 624 ) (96 896 784 ) (96 1024 784 ) (96 1024 624 ) 
4 802 807 (96 896 784 ) (96 896 624 ) (224 896 624 ) (224 896 784 ) 
4 803 806 (256 808 784 ) (256 808 624 ) (704 808 624 ) (704 808 784 ) 
4 803 804 (544 808 624 ) (352 808 624 ) (352 896 624 ) (544 896 624 ) 
4 804 805 (352 808 612 ) (352 896 612 ) (544 896 612 ) (544 808 612 ) 
4 805 848 (352 896 608 ) (544 896 608 ) (544 808 608 ) (352 808 608 ) 
4 806 808 (704 704 624 ) (704 704 784 ) (608 704 784 ) (608 704 624 ) 
4 807 813 (96 704 624 ) (96 704 784 ) (96 896 784 ) (96 896 624 ) 
4 807 809 (96 704 784 ) (96 704 624 ) (224 704 624 ) (224 704 784 ) 
4 809 813 (96 672 624 ) (96 672 784 ) (96 704 784 ) (96 704 624 ) 
4 809 810 (96 672 784 ) (96 672 624 ) (224 672 624 ) (224 672 784 ) 
4 810 822 (96 448 768 ) (96 448 624 ) (96 352 624 ) (96 352 768 ) 
4 810 813 (96 512 784 ) (96 672 784 ) (96 672 624 ) (96 512 624 ) 
4 810 811 (464 336 624 ) (544 336 624 ) (544 336 736 ) (464 336 736 ) 
4 811 812 (464 304 624 ) (544 304 624 ) (544 304 736 ) (464 304 736 ) 
4 812 1117 (704 0 800 ) (96 0 800 ) (96 0 624 ) (704 0 624 ) 
4 814 1224 (0 1024 800 ) (0 1024 768 ) (0 960 768 ) (0 960 800 ) 
4 814 815 (32 960 768 ) (32 960 800 ) (0 960 800 ) (0 960 768 ) 
4 815 1224 (0 864 768 ) (0 864 800 ) (0 960 800 ) (0 960 768 ) 
4 815 818 (16 864 800 ) (0 864 800 ) (0 864 768 ) (16 864 768 ) 
4 815 817 (32 864 768 ) (32 864 800 ) (16 864 800 ) (16 864 768 ) 
4 815 816 (32 864 768 ) (0 864 768 ) (0 960 768 ) (32 960 768 ) 
4 816 1233 (0 864 712 ) (0 864 736 ) (0 960 736 ) (0 960 712 ) 
4 817 819 (32 704 768 ) (32 704 800 ) (16 704 800 ) (16 704 768 ) 
4 817 818 (16 864 800 ) (16 864 768 ) (16 720 768 ) (16 720 800 ) 
4 818 1224 (0 720 800 ) (0 864 800 ) (0 864 768 ) (0 720 768 ) 
4 819 820 (16 512 608 ) (32 512 608 ) (32 512 800 ) (16 512 800 ) 
4 821 824 (64 464 624 ) (64 464 648 ) (64 480 648 ) (64 480 624 ) 
4 821 823 (64 464 648 ) (64 464 800 ) (64 480 800 ) (64 480 648 ) 
4 822 825 (64 352 624 ) (64 352 648 ) (64 448 648 ) (64 448 624 ) 
4 822 823 (64 352 648 ) (64 352 768 ) (64 448 768 ) (64 448 648 ) 
4 823 1256 (0 0 648 ) (0 0 800 ) (0 480 800 ) (0 480 648 ) 
4 823 1120 (64 0 800 ) (0 0 800 ) (0 0 648 ) (64 0 648 ) 
4 823 825 (64 464 648 ) (64 0 648 ) (0 0 648 ) (0 464 648 ) 
4 823 824 (0 480 648 ) (64 480 648 ) (64 464 648 ) (0 464 648 ) 
4 824 1275 (0 464 648 ) (0 480 648 ) (0 480 624 ) (0 464 624 ) 
4 824 825 (0 464 624 ) (64 464 624 ) (64 464 648 ) (0 464 648 ) 
4 825 1277 (0 0 624 ) (0 0 648 ) (0 464 648 ) (0 464 624 ) 
4 825 1121 (0 0 648 ) (0 0 624 ) (64 0 624 ) (64 0 648 ) 
4 827 833 (736 976 608 ) (736 976 576 ) (816 976 576 ) (816 976 608 ) 
4 828 830 (912 992 432 ) (1024 992 432 ) (1024 992 560 ) (912 992 560 ) 
4 830 834 (912 976 432 ) (1024 976 432 ) (1024 976 560 ) (912 976 560 ) 
4 831 920 (736 1024 236 ) (1024 1024 236 ) (1024 992 236 ) (736 992 236 ) 
4 831 842 (736 1024 236 ) (736 992 236 ) (736 992 400 ) (736 1024 400 ) 
4 831 832 (736 992 400 ) (736 992 236 ) (1024 992 236 ) (1024 992 400 ) 
4 832 920 (1024 992 236 ) (1024 976 236 ) (736 976 236 ) (736 992 236 ) 
4 832 842 (736 992 236 ) (736 976 236 ) (736 976 400 ) (736 992 400 ) 
4 832 836 (736 976 400 ) (736 976 236 ) (1024 976 236 ) (1024 976 400 ) 
4 833 839 (736 704 592 ) (736 880 592 ) (736 880 576 ) (736 704 576 ) 
4 833 835 (736 704 576 ) (736 880 576 ) (896 880 576 ) (896 704 576 ) 
4 835 839 (736 704 448 ) (736 704 576 ) (736 880 576 ) (736 880 448 ) 
4 836 920 (1024 976 236 ) (1024 832 236 ) (736 832 236 ) (736 976 236 ) 
4 836 842 (736 976 236 ) (736 832 236 ) (736 832 400 ) (736 976 400 ) 
4 837 843 (736 704 288 ) (736 704 400 ) (736 800 400 ) (736 800 288 ) 
4 837 838 (736 704 400 ) (736 704 288 ) (1024 704 288 ) (1024 704 400 ) 
4 838 843 (736 688 288 ) (736 688 400 ) (736 704 400 ) (736 704 288 ) 
4 839 840 (704 704 448 ) (704 704 592 ) (704 880 592 ) (704 880 448 ) 
4 840 841 (656 1024 432 ) (656 656 432 ) (656 656 592 ) (656 1024 592 ) 
4 841 864 (656 656 592 ) (624 656 592 ) (624 656 432 ) (656 656 432 ) 
4 841 847 (624 656 432 ) (624 656 592 ) (624 704 592 ) (624 704 432 ) 
4 841 845 (624 704 592 ) (624 752 592 ) (624 752 432 ) (624 704 432 ) 
4 841 844 (624 752 592 ) (624 1024 592 ) (624 1024 432 ) (624 752 432 ) 
4 842 920 (624 1024 236 ) (736 1024 236 ) (736 832 236 ) (624 832 236 ) 
4 843 846 (624 752 368 ) (624 752 288 ) (624 704 288 ) (624 704 368 ) 
4 844 850 (592 752 432 ) (592 752 592 ) (592 1024 592 ) (592 1024 432 ) 
4 844 845 (592 752 592 ) (592 752 432 ) (624 752 432 ) (624 752 592 ) 
4 845 850 (592 704 432 ) (592 704 592 ) (592 752 592 ) (592 752 432 ) 
4 845 847 (592 704 592 ) (592 704 432 ) (624 704 432 ) (624 704 592 ) 
4 846 852 (592 704 288 ) (592 704 368 ) (592 752 368 ) (592 752 288 ) 
4 847 864 (624 656 432 ) (624 656 592 ) (592 656 592 ) (592 656 432 ) 
4 847 855 (592 656 432 ) (592 656 592 ) (592 688 592 ) (592 688 432 ) 
4 847 850 (592 688 592 ) (592 704 592 ) (592 704 432 ) (592 688 432 ) 
4 848 849 (352 808 604 ) (352 896 604 ) (544 896 604 ) (544 808 604 ) 
4 849 850 (352 896 592 ) (544 896 592 ) (544 808 592 ) (352 808 592 ) 
4 850 859 (112 688 592 ) (48 688 592 ) (48 688 432 ) (112 688 432 ) 
4 850 857 (176 688 592 ) (112 688 592 ) (112 688 432 ) (176 688 432 ) 
4 850 855 (592 688 432 ) (592 688 592 ) (176 688 592 ) (176 688 432 ) 
4 851 1315 (0 1024 400 ) (0 1024 272 ) (0 880 272 ) (0 880 400 ) 
4 851 853 (0 880 272 ) (0 1024 272 ) (592 1024 272 ) (592 880 272 ) 
4 852 1316 (0 848 272 ) (0 688 272 ) (0 688 400 ) (0 848 400 ) 
4 852 858 (112 688 336 ) (112 688 272 ) (176 688 272 ) (176 688 336 ) 
4 852 856 (592 688 272 ) (592 688 400 ) (432 688 400 ) (432 688 272 ) 
4 852 854 (592 688 272 ) (0 688 272 ) (0 848 272 ) (592 848 272 ) 
4 853 1353 (0 1024 272 ) (0 1024 240 ) (0 880 240 ) (0 880 272 ) 
4 854 1354 (0 688 240 ) (0 688 272 ) (0 848 272 ) (0 848 240 ) 
4 854 858 (176 688 272 ) (112 688 272 ) (112 688 240 ) (176 688 240 ) 
4 854 856 (592 688 240 ) (592 688 272 ) (432 688 272 ) (432 688 240 ) 
4 855 864 (592 656 432 ) (592 656 592 ) (176 656 592 ) (176 656 432 ) 
4 855 857 (176 688 592 ) (176 688 432 ) (176 656 432 ) (176 656 592 ) 
4 856 866 (592 656 240 ) (592 656 400 ) (432 656 400 ) (432 656 240 ) 
4 857 864 (176 656 432 ) (176 656 592 ) (112 656 592 ) (112 656 432 ) 
4 857 859 (112 688 592 ) (112 688 432 ) (112 656 432 ) (112 656 592 ) 
4 858 867 (176 656 240 ) (176 656 336 ) (112 656 336 ) (112 656 240 ) 
4 859 864 (112 656 432 ) (112 656 592 ) (48 656 592 ) (48 656 432 ) 
4 860 865 (656 656 400 ) (656 656 240 ) (656 624 240 ) (656 624 400 ) 
4 860 863 (656 624 400 ) (656 624 240 ) (688 624 240 ) (688 624 400 ) 
4 860 862 (688 624 240 ) (1024 624 240 ) (1024 624 400 ) (688 624 400 ) 
4 861 869 (1024 528 448 ) (1024 528 592 ) (688 528 592 ) (688 528 448 ) 
4 862 863 (688 624 400 ) (688 624 240 ) (688 528 240 ) (688 528 400 ) 
4 863 868 (656 560 240 ) (656 624 240 ) (688 624 240 ) (688 560 240 ) 
4 863 865 (656 624 240 ) (656 528 240 ) (656 528 400 ) (656 624 400 ) 
4 864 870 (528 528 448 ) (528 528 560 ) (448 528 560 ) (448 528 448 ) 
4 865 868 (632 560 240 ) (632 624 240 ) (656 624 240 ) (656 560 240 ) 
4 867 872 (48 656 400 ) (48 656 240 ) (48 592 240 ) (48 592 400 ) 
4 867 871 (48 528 400 ) (48 528 240 ) (400 528 240 ) (400 528 400 ) 
4 868 931 (632 560 236 ) (632 624 236 ) (688 624 236 ) (688 560 236 ) 
4 869 875 (1024 496 448 ) (1024 496 592 ) (688 496 592 ) (688 496 448 ) 
4 870 877 (528 496 448 ) (528 496 560 ) (448 496 560 ) (448 496 448 ) 
4 871 897 (400 496 240 ) (400 496 400 ) (48 496 400 ) (48 496 240 ) 
4 872 873 (42 656 240 ) (42 592 240 ) (42 592 400 ) (42 656 400 ) 
4 873 874 (38 656 240 ) (38 592 240 ) (38 592 400 ) (38 656 400 ) 
4 874 918 (32 656 400 ) (32 656 240 ) (32 592 240 ) (32 592 400 ) 
4 875 879 (1024 368 448 ) (1024 368 592 ) (688 368 592 ) (688 368 448 ) 
4 875 876 (688 496 592 ) (688 496 448 ) (688 368 448 ) (688 368 592 ) 
4 877 896 (400 496 592 ) (400 496 448 ) (400 384 448 ) (400 384 592 ) 
4 877 878 (400 384 592 ) (400 384 448 ) (576 384 448 ) (576 384 592 ) 
4 878 896 (400 368 448 ) (400 368 592 ) (400 384 592 ) (400 384 448 ) 
4 878 880 (448 368 448 ) (528 368 448 ) (528 368 560 ) (448 368 560 ) 
4 879 881 (1024 352 448 ) (1024 352 592 ) (688 352 592 ) (688 352 448 ) 
4 880 882 (528 352 448 ) (528 352 560 ) (448 352 560 ) (448 352 448 ) 
4 882 901 (400 240 432 ) (400 240 592 ) (400 336 592 ) (400 336 432 ) 
4 882 899 (400 336 592 ) (400 352 592 ) (400 352 432 ) (400 336 432 ) 
4 882 892 (400 240 448 ) (400 240 432 ) (672 240 432 ) (672 240 448 ) 
4 882 891 (400 240 592 ) (400 240 448 ) (672 240 448 ) (672 240 592 ) 
4 883 893 (1024 240 240 ) (1024 240 400 ) (432 240 400 ) (432 240 240 ) 
4 883 884 (432 240 240 ) (432 240 400 ) (432 384 400 ) (432 384 240 ) 
4 884 903 (400 240 240 ) (400 240 400 ) (400 336 400 ) (400 336 240 ) 
4 884 900 (400 336 400 ) (400 352 400 ) (400 352 240 ) (400 336 240 ) 
4 884 897 (400 352 400 ) (400 384 400 ) (400 384 240 ) (400 352 240 ) 
4 885 886 (960 32 448 ) (960 32 592 ) (960 224 592 ) (960 224 448 ) 
4 886 888 (688 128 448 ) (688 64 448 ) (688 64 544 ) (688 128 544 ) 
4 886 887 (688 32 592 ) (688 32 448 ) (960 32 448 ) (960 32 592 ) 
4 887 1127 (688 0 592 ) (688 0 448 ) (960 0 448 ) (960 0 592 ) 
4 888 889 (681 64 448 ) (681 64 544 ) (681 128 544 ) (681 128 448 ) 
4 889 890 (679 64 448 ) (679 64 544 ) (679 128 544 ) (679 128 448 ) 
4 890 891 (672 128 448 ) (672 64 448 ) (672 64 544 ) (672 128 544 ) 
4 891 1131 (400 0 592 ) (400 0 448 ) (560 0 448 ) (560 0 592 ) 
4 891 905 (400 0 448 ) (400 0 592 ) (400 176 592 ) (400 176 448 ) 
4 891 901 (400 176 592 ) (400 240 592 ) (400 240 448 ) (400 176 448 ) 
4 891 892 (672 0 448 ) (400 0 448 ) (400 240 448 ) (672 240 448 ) 
4 892 1131 (560 0 448 ) (400 0 448 ) (400 0 432 ) (560 0 432 ) 
4 892 905 (400 0 432 ) (400 0 448 ) (400 176 448 ) (400 176 432 ) 
4 892 901 (400 176 448 ) (400 240 448 ) (400 240 432 ) (400 176 432 ) 
4 894 1132 (672 0 400 ) (400 0 400 ) (400 0 240 ) (672 0 240 ) 
4 894 1130 (688 0 400 ) (672 0 400 ) (672 0 240 ) (688 0 240 ) 
4 894 1129 (1024 0 240 ) (1024 0 400 ) (688 0 400 ) (688 0 240 ) 
4 894 910 (400 0 240 ) (400 0 400 ) (400 16 400 ) (400 16 240 ) 
4 894 907 (400 16 400 ) (400 176 400 ) (400 176 240 ) (400 16 240 ) 
4 894 895 (400 0 240 ) (400 128 240 ) (992 128 240 ) (992 0 240 ) 
4 895 1133 (992 0 240 ) (400 0 240 ) (400 0 236 ) (992 0 236 ) 
4 895 948 (432 0 236 ) (400 0 236 ) (400 128 236 ) (432 128 236 ) 
4 895 933 (624 0 236 ) (432 0 236 ) (432 128 236 ) (624 128 236 ) 
4 895 932 (992 0 236 ) (624 0 236 ) (624 128 236 ) (992 128 236 ) 
4 895 911 (400 128 236 ) (400 0 236 ) (400 0 240 ) (400 128 240 ) 
4 896 898 (48 496 592 ) (48 496 448 ) (48 368 448 ) (48 368 592 ) 
4 897 900 (400 352 240 ) (400 352 400 ) (48 352 400 ) (48 352 240 ) 
4 898 913 (32 380 568 ) (32 484 568 ) (32 484 448 ) (32 380 448 ) 
4 898 912 (32 484 588 ) (32 484 568 ) (32 380 568 ) (32 380 588 ) 
4 899 901 (400 336 432 ) (400 336 592 ) (320 336 592 ) (320 336 432 ) 
4 900 903 (400 336 240 ) (400 336 400 ) (48 336 400 ) (48 336 240 ) 
4 901 905 (320 176 432 ) (400 176 432 ) (400 176 592 ) (320 176 592 ) 
4 902 906 (32 176 592 ) (32 176 432 ) (288 176 432 ) (288 176 592 ) 
4 903 904 (80 208 384 ) (80 208 240 ) (160 208 240 ) (160 208 384 ) 
4 904 909 (160 176 240 ) (160 176 384 ) (80 176 384 ) (80 176 240 ) 
4 905 1131 (352 0 432 ) (400 0 432 ) (400 0 592 ) (352 0 592 ) 
4 906 1138 (32 0 592 ) (32 0 432 ) (288 0 432 ) (288 0 592 ) 
4 906 915 (32 64 568 ) (32 128 568 ) (32 128 448 ) (32 64 448 ) 
4 907 911 (400 128 240 ) (400 16 240 ) (208 16 240 ) (208 128 240 ) 
4 907 910 (208 16 240 ) (400 16 240 ) (400 16 400 ) (208 16 400 ) 
4 907 908 (208 176 240 ) (208 128 240 ) (208 128 400 ) (208 176 400 ) 
4 908 909 (176 176 240 ) (176 128 240 ) (176 128 400 ) (176 176 400 ) 
4 910 1140 (208 0 240 ) (320 0 240 ) (320 0 400 ) (208 0 400 ) 
4 910 1134 (320 0 240 ) (352 0 240 ) (352 0 400 ) (320 0 400 ) 
4 910 1132 (352 0 240 ) (400 0 240 ) (400 0 400 ) (352 0 400 ) 
4 910 911 (208 16 240 ) (400 16 240 ) (400 0 240 ) (208 0 240 ) 
4 911 1141 (208 0 236 ) (320 0 236 ) (320 0 240 ) (208 0 240 ) 
4 911 1137 (320 0 236 ) (352 0 236 ) (352 0 240 ) (320 0 240 ) 
4 911 1133 (352 0 236 ) (400 0 236 ) (400 0 240 ) (352 0 240 ) 
4 911 948 (400 0 236 ) (208 0 236 ) (208 128 236 ) (400 128 236 ) 
4 912 913 (32 484 568 ) (32 380 568 ) (12 380 568 ) (12 484 568 ) 
4 913 914 (12 464 448 ) (12 400 448 ) (12 400 568 ) (12 464 568 ) 
4 914 1286 (0 400 568 ) (0 464 568 ) (0 464 448 ) (0 400 448 ) 
4 915 916 (14 128 568 ) (14 128 448 ) (14 64 448 ) (14 64 568 ) 
4 916 917 (12 128 568 ) (12 128 448 ) (12 64 448 ) (12 64 568 ) 
4 917 1289 (0 64 568 ) (0 128 568 ) (0 128 448 ) (0 64 448 ) 
4 918 1356 (0 592 240 ) (0 592 272 ) (0 656 272 ) (0 656 240 ) 
4 918 1318 (0 592 272 ) (0 592 400 ) (0 656 400 ) (0 656 272 ) 
4 919 1374 (0 32 236 ) (0 0 236 ) (0 0 272 ) (0 32 272 ) 
4 919 1369 (0 104 236 ) (0 32 236 ) (0 32 272 ) (0 104 272 ) 
4 919 1368 (0 240 236 ) (0 104 236 ) (0 104 272 ) (0 240 272 ) 
4 919 1364 (0 248 236 ) (0 240 236 ) (0 240 272 ) (0 248 272 ) 
4 919 1363 (0 320 236 ) (0 248 236 ) (0 248 272 ) (0 320 272 ) 
4 919 1358 (0 568 236 ) (0 320 236 ) (0 320 272 ) (0 568 272 ) 
4 919 1325 (0 16 408 ) (0 104 408 ) (0 104 272 ) (0 16 272 ) 
4 919 1326 (0 0 272 ) (0 0 408 ) (0 16 408 ) (0 16 272 ) 
4 919 1323 (0 248 376 ) (0 248 272 ) (0 104 272 ) (0 104 376 ) 
4 919 1322 (0 104 408 ) (0 248 408 ) (0 248 376 ) (0 104 376 ) 
4 919 1320 (0 248 408 ) (0 568 408 ) (0 568 272 ) (0 248 272 ) 
4 919 1158 (0 0 408 ) (0 0 236 ) (8 0 236 ) (8 0 408 ) 
4 919 959 (8 0 236 ) (0 0 236 ) (0 568 236 ) (8 568 236 ) 
4 921 924 (592 1024 216 ) (592 1024 8 ) (592 880 8 ) (592 880 216 ) 
4 921 922 (592 880 216 ) (592 880 8 ) (600 880 8 ) (600 880 216 ) 
4 922 924 (592 824 8 ) (592 824 216 ) (592 880 216 ) (592 880 8 ) 
4 923 927 (592 824 -224 ) (1024 824 -224 ) (1024 824 -16 ) (592 824 -16 ) 
4 923 925 (592 1024 -224 ) (592 824 -224 ) (592 824 -16 ) (592 1024 -16 ) 
4 924 928 (248 824 104 ) (248 824 24 ) (288 824 24 ) (288 824 104 ) 
4 924 926 (208 824 8 ) (208 824 216 ) (208 1024 216 ) (208 1024 8 ) 
4 925 972 (208 964 -224 ) (208 1016 -224 ) (280 1016 -224 ) (280 964 -224 ) 
4 925 930 (208 824 -224 ) (248 824 -224 ) (248 824 -16 ) (208 824 -16 ) 
4 925 929 (248 824 -224 ) (288 824 -224 ) (288 824 -16 ) (248 824 -16 ) 
4 925 927 (288 824 -224 ) (592 824 -224 ) (592 824 -16 ) (288 824 -16 ) 
4 927 949 (384 808 -224 ) (432 808 -224 ) (432 808 -16 ) (384 808 -16 ) 
4 927 950 (288 808 -224 ) (384 808 -224 ) (384 808 -16 ) (288 808 -16 ) 
4 927 936 (432 808 -224 ) (1024 808 -224 ) (1024 808 -16 ) (432 808 -16 ) 
4 927 929 (288 824 -16 ) (288 824 -224 ) (288 808 -224 ) (288 808 -16 ) 
4 928 941 (288 808 24 ) (288 808 104 ) (248 808 104 ) (248 808 24 ) 
4 929 950 (248 808 -224 ) (288 808 -224 ) (288 808 -16 ) (248 808 -16 ) 
4 929 930 (248 824 -16 ) (248 824 -224 ) (248 808 -224 ) (248 808 -16 ) 
4 930 950 (208 808 -224 ) (248 808 -224 ) (248 808 -16 ) (208 808 -16 ) 
4 931 934 (688 624 216 ) (688 560 216 ) (632 560 216 ) (632 624 216 ) 
4 932 1160 (992 0 236 ) (624 0 236 ) (624 0 216 ) (992 0 216 ) 
4 932 935 (992 0 216 ) (624 0 216 ) (624 128 216 ) (992 128 216 ) 
4 932 933 (624 128 216 ) (624 0 216 ) (624 0 236 ) (624 128 236 ) 
4 933 1160 (624 0 236 ) (432 0 236 ) (432 0 216 ) (624 0 216 ) 
4 933 948 (432 128 216 ) (432 0 216 ) (432 0 236 ) (432 128 236 ) 
4 933 935 (624 0 216 ) (432 0 216 ) (432 128 216 ) (624 128 216 ) 
4 934 946 (432 240 8 ) (432 184 8 ) (432 184 216 ) (432 240 216 ) 
4 934 945 (432 384 8 ) (432 240 8 ) (432 240 216 ) (432 384 216 ) 
4 934 943 (432 656 8 ) (432 384 8 ) (432 384 216 ) (432 656 216 ) 
4 934 942 (432 688 8 ) (432 656 8 ) (432 656 216 ) (432 688 216 ) 
4 934 941 (432 808 216 ) (432 808 8 ) (432 688 8 ) (432 688 216 ) 
4 935 1160 (992 0 216 ) (432 0 216 ) (432 0 160 ) (992 0 160 ) 
4 935 948 (432 0 160 ) (432 0 216 ) (432 128 216 ) (432 128 160 ) 
4 936 949 (432 808 -16 ) (432 808 -224 ) (432 784 -224 ) (432 784 -16 ) 
4 936 938 (704 784 -16 ) (528 784 -16 ) (528 784 -224 ) (704 784 -224 ) 
4 936 937 (1024 784 -16 ) (880 784 -16 ) (880 784 -224 ) (1024 784 -224 ) 
4 937 939 (1024 768 -16 ) (880 768 -16 ) (880 768 -224 ) (1024 768 -224 ) 
4 938 940 (704 768 -16 ) (528 768 -16 ) (528 768 -224 ) (704 768 -224 ) 
4 939 1161 (1024 0 -224 ) (1024 0 -16 ) (880 0 -16 ) (880 0 -224 ) 
4 940 951 (432 768 -224 ) (432 0 -224 ) (432 0 -16 ) (432 768 -16 ) 
4 941 953 (208 808 216 ) (208 808 8 ) (208 688 8 ) (208 688 216 ) 
4 941 942 (208 688 216 ) (208 688 8 ) (432 688 8 ) (432 688 216 ) 
4 942 953 (208 656 8 ) (208 656 216 ) (208 688 216 ) (208 688 8 ) 
4 942 944 (208 656 216 ) (208 656 8 ) (400 656 8 ) (400 656 216 ) 
4 942 943 (400 656 8 ) (432 656 8 ) (432 656 216 ) (400 656 216 ) 
4 943 945 (432 384 8 ) (432 384 216 ) (400 384 216 ) (400 384 8 ) 
4 943 944 (400 656 216 ) (400 656 8 ) (400 384 8 ) (400 384 216 ) 
4 944 953 (208 384 8 ) (208 384 216 ) (208 656 216 ) (208 656 8 ) 
4 944 947 (208 384 216 ) (208 384 8 ) (400 384 8 ) (400 384 216 ) 
4 945 947 (400 384 216 ) (400 384 8 ) (400 240 8 ) (400 240 216 ) 
4 945 946 (400 240 216 ) (400 240 8 ) (432 240 8 ) (432 240 216 ) 
4 946 947 (400 184 8 ) (400 184 216 ) (400 240 216 ) (400 240 8 ) 
4 947 953 (208 184 8 ) (208 184 216 ) (208 384 216 ) (208 384 8 ) 
4 948 1160 (432 0 236 ) (208 0 236 ) (208 0 160 ) (432 0 160 ) 
4 949 950 (384 784 -16 ) (384 808 -16 ) (384 808 -224 ) (384 784 -224 ) 
4 950 952 (384 768 -16 ) (208 768 -16 ) (208 768 -224 ) (384 768 -224 ) 
4 952 1163 (208 0 -16 ) (208 0 -224 ) (384 0 -224 ) (384 0 -16 ) 
4 954 1399 (0 1024 88 ) (0 1024 8 ) (0 1008 8 ) (0 1008 88 ) 
4 954 1383 (0 1024 120 ) (0 1024 88 ) (0 1008 88 ) (0 1008 120 ) 
4 954 960 (32 1008 120 ) (0 1008 120 ) (0 1008 8 ) (32 1008 8 ) 
4 954 955 (104 1008 120 ) (32 1008 120 ) (32 1008 8 ) (104 1008 8 ) 
4 955 960 (32 1008 208 ) (32 1008 -224 ) (32 656 -224 ) (32 656 208 ) 
4 955 958 (32 656 208 ) (32 656 -224 ) (48 656 -224 ) (48 656 208 ) 
4 955 956 (48 656 -224 ) (176 656 -224 ) (176 656 208 ) (48 656 208 ) 
4 956 958 (48 656 208 ) (48 656 -224 ) (48 176 -224 ) (48 176 208 ) 
4 956 957 (48 176 208 ) (48 176 -224 ) (176 176 -224 ) (176 176 208 ) 
4 957 1187 (48 0 208 ) (48 0 -224 ) (176 0 -224 ) (176 0 208 ) 
4 957 958 (48 176 -224 ) (48 0 -224 ) (48 0 208 ) (48 176 208 ) 
4 958 1187 (32 0 208 ) (32 0 -224 ) (48 0 -224 ) (48 0 208 ) 
4 958 960 (32 656 -224 ) (32 0 -224 ) (32 0 208 ) (32 656 208 ) 
4 959 1374 (0 0 232 ) (0 0 236 ) (0 32 236 ) (0 32 232 ) 
4 959 1369 (0 32 236 ) (0 104 236 ) (0 104 232 ) (0 32 232 ) 
4 959 1368 (0 104 236 ) (0 240 236 ) (0 240 232 ) (0 104 232 ) 
4 959 1364 (0 240 236 ) (0 248 236 ) (0 248 232 ) (0 240 232 ) 
4 959 1363 (0 248 236 ) (0 320 236 ) (0 320 232 ) (0 248 232 ) 
4 959 1358 (0 320 236 ) (0 568 236 ) (0 568 232 ) (0 320 232 ) 
4 959 1188 (8 0 236 ) (0 0 236 ) (0 0 232 ) (8 0 232 ) 
4 960 1401 (0 1008 -224 ) (0 0 -224 ) (0 0 88 ) (0 1008 88 ) 
4 960 1390 (0 0 88 ) (0 0 208 ) (0 488 208 ) (0 488 88 ) 
4 960 1384 (0 488 208 ) (0 1008 208 ) (0 1008 88 ) (0 488 88 ) 
4 960 1190 (0 0 208 ) (0 0 -224 ) (16 0 -224 ) (16 0 208 ) 
4 960 1187 (16 0 -224 ) (32 0 -224 ) (32 0 208 ) (16 0 208 ) 
4 961 969 (480 1016 -248 ) (480 1016 -328 ) (480 964 -328 ) (480 964 -248 ) 
4 961 963 (816 1016 -328 ) (920 1016 -328 ) (920 964 -328 ) (816 964 -328 ) 
4 961 962 (480 964 -248 ) (480 964 -328 ) (920 964 -328 ) (920 964 -248 ) 
4 962 991 (792 840 -248 ) (768 840 -248 ) (768 840 -328 ) (792 840 -328 ) 
4 962 994 (768 840 -248 ) (480 840 -248 ) (480 840 -328 ) (768 840 -328 ) 
4 962 990 (816 840 -248 ) (792 840 -248 ) (792 840 -328 ) (816 840 -328 ) 
4 962 989 (920 840 -328 ) (920 840 -248 ) (816 840 -248 ) (816 840 -328 ) 
4 962 969 (480 964 -328 ) (480 944 -328 ) (480 944 -248 ) (480 964 -248 ) 
4 962 963 (816 964 -328 ) (920 964 -328 ) (920 840 -328 ) (816 840 -328 ) 
4 963 989 (920 840 -536 ) (920 840 -328 ) (816 840 -328 ) (816 840 -536 ) 
4 963 964 (816 1016 -536 ) (920 1016 -536 ) (920 840 -536 ) (816 840 -536 ) 
4 964 989 (920 840 -632 ) (920 840 -536 ) (816 840 -536 ) (816 840 -632 ) 
4 964 967 (816 1016 -632 ) (920 1016 -632 ) (920 840 -632 ) (816 840 -632 ) 
4 964 965 (816 1016 -632 ) (816 944 -632 ) (816 944 -536 ) (816 1016 -536 ) 
4 965 966 (792 1016 -632 ) (792 944 -632 ) (792 944 -536 ) (792 1016 -536 ) 
4 966 992 (768 840 -632 ) (792 840 -632 ) (792 840 -344 ) (768 840 -344 ) 
4 966 994 (480 840 -344 ) (480 840 -632 ) (768 840 -632 ) (768 840 -344 ) 
4 966 970 (480 1016 -528 ) (480 1016 -608 ) (480 944 -608 ) (480 944 -528 ) 
4 967 989 (920 840 -792 ) (920 840 -632 ) (816 840 -632 ) (816 840 -792 ) 
4 968 993 (768 840 -792 ) (792 840 -792 ) (792 840 -648 ) (768 840 -648 ) 
4 968 994 (480 840 -648 ) (480 840 -792 ) (768 840 -792 ) (768 840 -648 ) 
4 968 971 (480 976 -792 ) (480 888 -792 ) (480 888 -696 ) (480 976 -696 ) 
4 969 973 (472 1016 -248 ) (472 1016 -328 ) (472 944 -328 ) (472 944 -248 ) 
4 970 977 (472 1016 -528 ) (472 1016 -608 ) (472 944 -608 ) (472 944 -528 ) 
4 971 979 (472 976 -792 ) (472 888 -792 ) (472 888 -696 ) (472 976 -696 ) 
4 972 973 (208 964 -248 ) (208 1016 -248 ) (280 1016 -248 ) (280 964 -248 ) 
4 973 982 (232 848 -288 ) (176 848 -288 ) (176 848 -368 ) (232 848 -368 ) 
4 973 980 (440 848 -288 ) (384 848 -288 ) (384 848 -368 ) (440 848 -368 ) 
4 973 981 (336 848 -288 ) (288 848 -288 ) (288 848 -368 ) (336 848 -368 ) 
4 973 974 (144 880 -368 ) (144 1016 -368 ) (280 1016 -368 ) (260 964 -368 ) 
4 974 975 (144 880 -376 ) (144 1016 -376 ) (280 1016 -376 ) (260 964 -376 ) 
4 975 985 (232 848 -408 ) (176 848 -408 ) (176 848 -488 ) (232 848 -488 ) 
4 975 983 (440 848 -408 ) (384 848 -408 ) (384 848 -488 ) (440 848 -488 ) 
4 975 984 (336 848 -408 ) (288 848 -408 ) (288 848 -488 ) (336 848 -488 ) 
4 975 976 (144 880 -488 ) (144 1016 -488 ) (280 1016 -488 ) (260 964 -488 ) 
4 976 977 (144 880 -496 ) (144 1016 -496 ) (280 1016 -496 ) (260 964 -496 ) 
4 977 988 (232 848 -528 ) (176 848 -528 ) (176 848 -608 ) (232 848 -608 ) 
4 977 986 (440 848 -528 ) (384 848 -528 ) (384 848 -608 ) (440 848 -608 ) 
4 977 987 (336 848 -528 ) (288 848 -528 ) (288 848 -608 ) (336 848 -608 ) 
4 977 978 (144 880 -608 ) (144 1016 -608 ) (280 1016 -608 ) (260 964 -608 ) 
4 978 979 (144 880 -616 ) (144 1016 -616 ) (280 1016 -616 ) (260 964 -616 ) 
4 980 994 (440 840 -288 ) (384 840 -288 ) (384 840 -368 ) (440 840 -368 ) 
4 981 994 (336 840 -288 ) (288 840 -288 ) (288 840 -368 ) (336 840 -368 ) 
4 982 1046 (208 840 -288 ) (176 840 -288 ) (176 840 -368 ) (208 840 -368 ) 
4 982 1042 (232 840 -288 ) (208 840 -288 ) (208 840 -368 ) (232 840 -368 ) 
4 983 994 (440 840 -408 ) (384 840 -408 ) (384 840 -488 ) (440 840 -488 ) 
4 984 994 (336 840 -408 ) (288 840 -408 ) (288 840 -488 ) (336 840 -488 ) 
4 985 1046 (208 840 -408 ) (176 840 -408 ) (176 840 -488 ) (208 840 -488 ) 
4 985 1042 (232 840 -408 ) (208 840 -408 ) (208 840 -488 ) (232 840 -488 ) 
4 986 994 (440 840 -528 ) (384 840 -528 ) (384 840 -608 ) (440 840 -608 ) 
4 987 994 (336 840 -528 ) (288 840 -528 ) (288 840 -608 ) (336 840 -608 ) 
4 988 1052 (232 840 -528 ) (176 840 -528 ) (176 840 -608 ) (232 840 -608 ) 
4 989 997 (816 824 -792 ) (920 824 -792 ) (920 824 -680 ) (816 824 -680 ) 
4 989 996 (872 824 -384 ) (816 824 -384 ) (816 824 -472 ) (872 824 -472 ) 
4 989 995 (920 824 -328 ) (920 824 -248 ) (816 824 -248 ) (816 824 -328 ) 
4 989 990 (816 840 -248 ) (816 840 -328 ) (816 824 -328 ) (816 824 -248 ) 
4 990 991 (792 840 -248 ) (792 840 -328 ) (792 824 -328 ) (792 824 -248 ) 
4 991 994 (768 824 -328 ) (768 824 -248 ) (768 840 -248 ) (768 840 -328 ) 
4 992 994 (768 824 -632 ) (768 824 -344 ) (768 840 -344 ) (768 840 -632 ) 
4 993 994 (768 840 -792 ) (768 824 -792 ) (768 824 -648 ) (768 840 -648 ) 
4 994 1053 (288 840 -688 ) (288 840 -792 ) (288 824 -792 ) (288 824 -688 ) 
4 994 1049 (288 840 -496 ) (288 840 -664 ) (288 824 -664 ) (288 824 -496 ) 
4 994 1043 (288 840 -488 ) (288 840 -496 ) (288 824 -496 ) (288 824 -488 ) 
4 994 1042 (288 840 -248 ) (288 840 -488 ) (288 824 -488 ) (288 824 -248 ) 
4 994 1006 (328 824 -792 ) (576 824 -792 ) (576 824 -672 ) (328 824 -672 ) 
4 994 1007 (288 824 -672 ) (288 824 -792 ) (312 824 -792 ) (312 824 -672 ) 
4 994 1004 (576 824 -792 ) (680 824 -792 ) (680 824 -672 ) (576 824 -672 ) 
4 994 1003 (288 824 -248 ) (288 824 -672 ) (680 824 -672 ) (680 824 -248 ) 
4 994 998 (680 824 -792 ) (768 824 -792 ) (768 824 -248 ) (680 824 -248 ) 
4 995 999 (920 800 -328 ) (920 800 -248 ) (816 800 -248 ) (816 800 -328 ) 
4 996 999 (872 800 -384 ) (816 800 -384 ) (816 800 -472 ) (872 800 -472 ) 
4 997 999 (816 800 -792 ) (920 800 -792 ) (920 800 -680 ) (816 800 -680 ) 
4 998 1004 (680 824 -672 ) (680 824 -792 ) (680 800 -792 ) (680 800 -672 ) 
4 998 1003 (680 800 -248 ) (680 824 -248 ) (680 824 -672 ) (680 800 -672 ) 
4 998 1000 (680 800 -248 ) (680 800 -792 ) (768 800 -792 ) (768 800 -248 ) 
4 999 1001 (816 776 -792 ) (920 776 -792 ) (920 776 -248 ) (816 776 -248 ) 
4 1000 1004 (680 800 -672 ) (680 800 -792 ) (680 776 -792 ) (680 776 -672 ) 
4 1000 1003 (680 776 -248 ) (680 800 -248 ) (680 800 -672 ) (680 776 -672 ) 
4 1000 1001 (680 776 -248 ) (680 776 -792 ) (768 776 -792 ) (768 776 -248 ) 
4 1001 1004 (680 776 -672 ) (680 776 -792 ) (680 728 -792 ) (680 728 -672 ) 
4 1001 1003 (680 728 -248 ) (680 776 -248 ) (680 776 -672 ) (680 728 -672 ) 
4 1001 1002 (680 728 -248 ) (680 728 -672 ) (920 728 -672 ) (920 728 -248 ) 
4 1002 1017 (680 712 -376 ) (680 712 -672 ) (720 712 -672 ) (720 712 -376 ) 
4 1002 1014 (688 712 -248 ) (680 712 -248 ) (680 712 -376 ) (688 712 -376 ) 
4 1002 1013 (720 712 -248 ) (688 712 -248 ) (688 712 -376 ) (720 712 -376 ) 
4 1002 1010 (768 712 -248 ) (720 712 -248 ) (720 712 -672 ) (768 712 -672 ) 
4 1002 1009 (816 712 -248 ) (768 712 -248 ) (768 712 -672 ) (816 712 -672 ) 
4 1002 1008 (920 712 -672 ) (920 712 -248 ) (816 712 -248 ) (816 712 -672 ) 
4 1002 1003 (680 712 -672 ) (680 712 -248 ) (680 728 -248 ) (680 728 -672 ) 
4 1003 1049 (288 712 -664 ) (288 712 -496 ) (288 824 -496 ) (288 824 -664 ) 
4 1003 1043 (288 712 -496 ) (288 712 -488 ) (288 824 -488 ) (288 824 -496 ) 
4 1003 1042 (288 712 -488 ) (288 712 -248 ) (288 824 -248 ) (288 824 -488 ) 
4 1003 1021 (288 712 -248 ) (288 712 -672 ) (336 712 -672 ) (336 712 -248 ) 
4 1003 1019 (336 712 -672 ) (384 712 -672 ) (384 712 -376 ) (336 712 -376 ) 
4 1003 1017 (384 712 -672 ) (680 712 -672 ) (680 712 -376 ) (384 712 -376 ) 
4 1003 1014 (680 712 -376 ) (680 712 -248 ) (416 712 -248 ) (416 712 -376 ) 
4 1003 1016 (416 712 -248 ) (336 712 -248 ) (336 712 -376 ) (416 712 -376 ) 
4 1003 1006 (328 824 -672 ) (576 824 -672 ) (576 728 -672 ) (328 728 -672 ) 
4 1003 1007 (288 824 -672 ) (312 824 -672 ) (312 712 -672 ) (288 712 -672 ) 
4 1003 1004 (576 824 -672 ) (680 824 -672 ) (680 728 -672 ) (576 728 -672 ) 
4 1004 1006 (576 728 -672 ) (576 824 -672 ) (576 824 -792 ) (576 728 -792 ) 
4 1004 1005 (576 728 -696 ) (576 728 -792 ) (680 728 -792 ) (680 728 -696 ) 
4 1005 1017 (576 712 -792 ) (680 712 -792 ) (680 712 -696 ) (576 712 -696 ) 
4 1007 1053 (288 824 -792 ) (288 712 -792 ) (288 712 -688 ) (288 824 -688 ) 
4 1007 1021 (288 712 -672 ) (288 712 -792 ) (312 712 -792 ) (312 712 -672 ) 
4 1008 1055 (920 664 -792 ) (920 456 -792 ) (816 456 -792 ) (816 664 -792 ) 
4 1008 1025 (816 456 -792 ) (920 456 -792 ) (920 456 -656 ) (816 456 -656 ) 
4 1008 1024 (920 456 -656 ) (920 456 -248 ) (816 456 -248 ) (816 456 -656 ) 
4 1008 1009 (816 504 -248 ) (816 712 -248 ) (816 712 -792 ) (816 504 -792 ) 
4 1009 1010 (768 504 -248 ) (768 712 -248 ) (768 712 -792 ) (768 504 -792 ) 
4 1010 1018 (720 656 -792 ) (720 504 -792 ) (720 504 -392 ) (720 656 -392 ) 
4 1010 1017 (720 712 -376 ) (720 712 -792 ) (720 656 -792 ) (720 656 -376 ) 
4 1010 1013 (720 504 -248 ) (720 712 -248 ) (720 712 -376 ) (720 504 -376 ) 
4 1010 1011 (720 504 -248 ) (720 504 -376 ) (768 504 -376 ) (768 504 -248 ) 
4 1010 1012 (720 504 -392 ) (720 504 -792 ) (768 504 -792 ) (768 504 -392 ) 
4 1011 1024 (768 456 -376 ) (768 456 -248 ) (720 456 -248 ) (720 456 -376 ) 
4 1011 1013 (720 456 -376 ) (720 456 -248 ) (720 504 -248 ) (720 504 -376 ) 
4 1012 1027 (720 456 -792 ) (768 456 -792 ) (768 456 -656 ) (720 456 -656 ) 
4 1012 1024 (768 456 -656 ) (768 456 -392 ) (720 456 -392 ) (720 456 -656 ) 
4 1012 1018 (720 456 -792 ) (720 456 -392 ) (720 504 -392 ) (720 504 -792 ) 
4 1013 1024 (720 456 -376 ) (720 456 -248 ) (688 456 -248 ) (688 456 -376 ) 
4 1013 1017 (688 712 -376 ) (720 712 -376 ) (720 656 -376 ) (688 656 -376 ) 
4 1013 1014 (688 712 -376 ) (688 632 -376 ) (688 632 -248 ) (688 712 -248 ) 
4 1013 1015 (688 608 -376 ) (688 456 -376 ) (688 456 -248 ) (688 608 -248 ) 
4 1014 1017 (416 712 -376 ) (688 712 -376 ) (688 656 -376 ) (416 656 -376 ) 
4 1014 1016 (416 712 -376 ) (416 632 -376 ) (416 632 -248 ) (416 712 -248 ) 
4 1015 1024 (688 456 -248 ) (416 456 -248 ) (416 456 -376 ) (688 456 -376 ) 
4 1015 1016 (416 608 -376 ) (416 456 -376 ) (416 456 -248 ) (416 608 -248 ) 
4 1016 1041 (408 456 -248 ) (336 456 -248 ) (336 456 -376 ) (408 456 -376 ) 
4 1016 1024 (416 456 -248 ) (408 456 -248 ) (408 456 -376 ) (416 456 -376 ) 
4 1016 1022 (336 504 -248 ) (336 656 -248 ) (336 656 -376 ) (336 504 -376 ) 
4 1016 1021 (336 656 -248 ) (336 712 -248 ) (336 712 -376 ) (336 656 -376 ) 
4 1016 1019 (336 504 -376 ) (336 712 -376 ) (384 712 -376 ) (384 504 -376 ) 
4 1016 1017 (384 712 -376 ) (416 712 -376 ) (416 656 -376 ) (384 656 -376 ) 
4 1017 1019 (384 656 -376 ) (384 712 -376 ) (384 712 -792 ) (384 656 -792 ) 
4 1017 1018 (384 656 -392 ) (384 656 -792 ) (720 656 -792 ) (720 656 -392 ) 
4 1018 1041 (384 456 -792 ) (408 456 -792 ) (408 456 -392 ) (384 456 -392 ) 
4 1018 1027 (408 456 -792 ) (720 456 -792 ) (720 456 -656 ) (408 456 -656 ) 
4 1018 1024 (720 456 -656 ) (720 456 -392 ) (408 456 -392 ) (408 456 -656 ) 
4 1018 1020 (384 456 -792 ) (384 456 -392 ) (384 504 -392 ) (384 504 -792 ) 
4 1018 1019 (384 504 -392 ) (384 656 -392 ) (384 656 -792 ) (384 504 -792 ) 
4 1019 1022 (336 504 -376 ) (336 656 -376 ) (336 656 -488 ) (336 504 -488 ) 
4 1019 1023 (336 656 -496 ) (336 656 -792 ) (336 504 -792 ) (336 504 -496 ) 
4 1019 1021 (336 656 -376 ) (336 712 -376 ) (336 712 -792 ) (336 656 -792 ) 
4 1019 1020 (384 504 -792 ) (384 504 -392 ) (336 504 -392 ) (336 504 -792 ) 
4 1020 1041 (336 456 -792 ) (384 456 -792 ) (384 456 -392 ) (336 456 -392 ) 
4 1021 1053 (288 712 -792 ) (288 656 -792 ) (288 656 -688 ) (288 712 -688 ) 
4 1021 1049 (288 656 -664 ) (288 656 -496 ) (288 712 -496 ) (288 712 -664 ) 
4 1021 1043 (288 656 -496 ) (288 656 -488 ) (288 712 -488 ) (288 712 -496 ) 
4 1021 1042 (288 656 -488 ) (288 656 -248 ) (288 712 -248 ) (288 712 -488 ) 
4 1021 1022 (336 656 -488 ) (336 656 -248 ) (288 656 -248 ) (288 656 -488 ) 
4 1021 1023 (336 656 -792 ) (336 656 -496 ) (288 656 -496 ) (288 656 -792 ) 
4 1022 1042 (288 504 -488 ) (288 504 -248 ) (288 656 -248 ) (288 656 -488 ) 
4 1023 1053 (288 656 -792 ) (288 504 -792 ) (288 504 -688 ) (288 656 -688 ) 
4 1023 1049 (288 504 -664 ) (288 504 -496 ) (288 656 -496 ) (288 656 -664 ) 
4 1024 1041 (408 456 -248 ) (408 456 -656 ) (408 240 -656 ) (408 240 -248 ) 
4 1024 1028 (544 240 -544 ) (656 240 -544 ) (656 240 -248 ) (544 240 -248 ) 
4 1024 1029 (408 240 -248 ) (408 240 -544 ) (520 240 -544 ) (520 240 -248 ) 
4 1024 1039 (408 240 -544 ) (408 240 -656 ) (656 240 -656 ) (656 240 -544 ) 
4 1024 1026 (784 240 -656 ) (768 240 -656 ) (768 296 -656 ) (784 296 -656 ) 
4 1024 1025 (920 456 -656 ) (920 240 -656 ) (784 240 -656 ) (784 456 -656 ) 
4 1024 1027 (768 240 -656 ) (408 240 -656 ) (408 456 -656 ) (768 456 -656 ) 
4 1025 1026 (784 240 -792 ) (784 240 -656 ) (784 296 -656 ) (784 296 -792 ) 
4 1026 1027 (768 240 -792 ) (768 240 -656 ) (768 296 -656 ) (768 296 -792 ) 
4 1027 1041 (408 456 -656 ) (408 456 -792 ) (408 240 -792 ) (408 240 -656 ) 
4 1027 1039 (408 240 -656 ) (408 240 -792 ) (656 240 -792 ) (656 240 -656 ) 
4 1028 1036 (544 144 -544 ) (656 144 -544 ) (656 144 -512 ) (544 144 -512 ) 
4 1028 1032 (656 144 -496 ) (656 144 -376 ) (544 144 -376 ) (544 144 -496 ) 
4 1028 1030 (656 144 -360 ) (656 144 -248 ) (544 144 -248 ) (544 144 -360 ) 
4 1028 1039 (544 240 -544 ) (656 240 -544 ) (656 144 -544 ) (544 144 -544 ) 
4 1029 1038 (408 144 -544 ) (520 144 -544 ) (520 144 -512 ) (408 144 -512 ) 
4 1029 1034 (520 144 -360 ) (520 144 -248 ) (408 144 -248 ) (408 144 -360 ) 
4 1029 1035 (520 144 -496 ) (520 144 -376 ) (408 144 -376 ) (408 144 -496 ) 
4 1029 1039 (408 144 -544 ) (408 240 -544 ) (520 240 -544 ) (520 144 -544 ) 
4 1030 1031 (544 112 -360 ) (544 64 -360 ) (544 64 -248 ) (544 112 -248 ) 
4 1031 1034 (520 112 -360 ) (520 64 -360 ) (520 64 -248 ) (520 112 -248 ) 
4 1032 1033 (544 112 -496 ) (544 64 -496 ) (544 64 -376 ) (544 112 -376 ) 
4 1033 1035 (520 112 -496 ) (520 64 -496 ) (520 64 -376 ) (520 112 -376 ) 
4 1036 1040 (656 64 -544 ) (656 64 -512 ) (544 64 -512 ) (544 64 -544 ) 
4 1036 1037 (544 112 -544 ) (544 64 -544 ) (544 64 -512 ) (544 112 -512 ) 
4 1036 1039 (656 64 -544 ) (544 64 -544 ) (544 144 -544 ) (656 144 -544 ) 
4 1037 1040 (520 64 -512 ) (520 64 -544 ) (544 64 -544 ) (544 64 -512 ) 
4 1037 1038 (520 112 -512 ) (520 112 -544 ) (520 64 -544 ) (520 64 -512 ) 
4 1037 1039 (544 64 -544 ) (520 64 -544 ) (520 112 -544 ) (544 112 -544 ) 
4 1038 1040 (408 64 -512 ) (408 64 -544 ) (520 64 -544 ) (520 64 -512 ) 
4 1038 1039 (520 64 -544 ) (408 64 -544 ) (408 144 -544 ) (520 144 -544 ) 
4 1039 1057 (408 64 -792 ) (408 112 -792 ) (656 112 -792 ) (656 64 -792 ) 
4 1039 1040 (656 64 -792 ) (656 64 -544 ) (408 64 -544 ) (408 64 -792 ) 
4 1040 1192 (472 0 -792 ) (592 0 -792 ) (592 0 -664 ) (472 0 -664 ) 
4 1040 1057 (656 0 -792 ) (408 0 -792 ) (408 64 -792 ) (656 64 -792 ) 
4 1041 1054 (288 456 -792 ) (288 240 -792 ) (288 240 -664 ) (288 456 -664 ) 
4 1041 1049 (288 240 -664 ) (288 240 -496 ) (288 456 -496 ) (288 456 -664 ) 
4 1041 1044 (288 240 -496 ) (288 240 -488 ) (288 456 -488 ) (288 456 -496 ) 
4 1041 1042 (288 240 -488 ) (288 240 -248 ) (288 456 -248 ) (288 456 -488 ) 
4 1042 1046 (208 840 -248 ) (208 840 -488 ) (208 240 -488 ) (208 240 -248 ) 
4 1042 1045 (232 240 -488 ) (208 240 -488 ) (208 600 -488 ) (232 600 -488 ) 
4 1042 1043 (232 656 -488 ) (232 840 -488 ) (288 840 -488 ) (288 656 -488 ) 
4 1042 1044 (288 240 -488 ) (232 240 -488 ) (232 600 -488 ) (288 600 -488 ) 
4 1043 1050 (232 656 -496 ) (232 840 -496 ) (256 840 -496 ) (256 656 -496 ) 
4 1043 1049 (256 840 -496 ) (288 840 -496 ) (288 656 -496 ) (256 656 -496 ) 
4 1044 1051 (256 240 -496 ) (232 240 -496 ) (232 600 -496 ) (256 600 -496 ) 
4 1044 1049 (288 240 -496 ) (256 240 -496 ) (256 600 -496 ) (288 600 -496 ) 
4 1044 1045 (232 600 -496 ) (232 240 -496 ) (232 240 -488 ) (232 600 -488 ) 
4 1045 1052 (232 240 -496 ) (208 240 -496 ) (208 600 -496 ) (232 600 -496 ) 
4 1045 1047 (208 600 -496 ) (208 240 -496 ) (208 240 -488 ) (208 600 -488 ) 
4 1046 1048 (176 840 -248 ) (176 840 -488 ) (176 240 -488 ) (176 240 -248 ) 
4 1046 1047 (176 240 -488 ) (176 600 -488 ) (208 600 -488 ) (208 240 -488 ) 
4 1047 1052 (208 240 -496 ) (176 240 -496 ) (176 600 -496 ) (208 600 -496 ) 
4 1047 1048 (176 600 -496 ) (176 240 -496 ) (176 240 -488 ) (176 600 -488 ) 
4 1048 1052 (176 240 -496 ) (144 240 -496 ) (144 840 -496 ) (176 840 -496 ) 
4 1049 1054 (288 240 -664 ) (256 240 -664 ) (256 456 -664 ) (288 456 -664 ) 
4 1049 1050 (256 840 -664 ) (256 656 -664 ) (256 656 -496 ) (256 840 -496 ) 
4 1049 1051 (256 632 -664 ) (256 240 -664 ) (256 240 -496 ) (256 632 -496 ) 
4 1050 1052 (232 840 -664 ) (232 656 -664 ) (232 656 -496 ) (232 840 -496 ) 
4 1051 1054 (256 240 -664 ) (232 240 -664 ) (232 456 -664 ) (256 456 -664 ) 
4 1051 1052 (232 632 -664 ) (232 240 -664 ) (232 240 -496 ) (232 632 -496 ) 
4 1052 1054 (232 240 -664 ) (144 240 -664 ) (144 456 -664 ) (232 456 -664 ) 
4 1056 1058 (816 680 -3608 ) (816 808 -3608 ) (816 808 -3728 ) (816 680 -3728 ) 
4 1057 1192 (592 0 -792 ) (472 0 -792 ) (472 0 -800 ) (592 0 -800 ) 
4 1058 1434 (0 680 -3608 ) (0 808 -3608 ) (0 808 -3728 ) (0 680 -3728 ) 
4 1059 1081 (1024 0 3056 ) (1024 0 1232 ) (1024 -256 1232 ) (1024 -256 3056 ) 
4 1059 1060 (1024 -256 1232 ) (1024 0 1232 ) (2032 0 1232 ) (2032 -256 1232 ) 
4 1060 1081 (1024 0 1232 ) (1024 0 1176 ) (1024 -256 1176 ) (1024 -256 1232 ) 
4 1060 1077 (1024 0 1176 ) (2032 0 1176 ) (2032 -256 1176 ) (1024 -256 1176 ) 
4 1060 1073 (1024 -256 1176 ) (1040 -256 1176 ) (1040 -256 1232 ) (1024 -256 1232 ) 
4 1060 1070 (1088 -256 1176 ) (1136 -256 1176 ) (1136 -256 1232 ) (1088 -256 1232 ) 
4 1060 1067 (1184 -256 1176 ) (1232 -256 1176 ) (1232 -256 1232 ) (1184 -256 1232 ) 
4 1060 1064 (1280 -256 1176 ) (1328 -256 1176 ) (1328 -256 1232 ) (1280 -256 1232 ) 
4 1060 1061 (1376 -256 1176 ) (1424 -256 1176 ) (1424 -256 1232 ) (1376 -256 1232 ) 
4 1061 1062 (1376 -257 1232 ) (1376 -257 1176 ) (1424 -257 1176 ) (1424 -257 1232 ) 
4 1062 1063 (1376 -259 1232 ) (1376 -259 1176 ) (1424 -259 1176 ) (1424 -259 1232 ) 
4 1063 1076 (1376 -288 1176 ) (1424 -288 1176 ) (1424 -288 1232 ) (1376 -288 1232 ) 
4 1064 1065 (1280 -257 1232 ) (1280 -257 1176 ) (1328 -257 1176 ) (1328 -257 1232 ) 
4 1065 1066 (1280 -259 1232 ) (1280 -259 1176 ) (1328 -259 1176 ) (1328 -259 1232 ) 
4 1066 1076 (1280 -288 1176 ) (1328 -288 1176 ) (1328 -288 1232 ) (1280 -288 1232 ) 
4 1067 1068 (1184 -257 1232 ) (1184 -257 1176 ) (1232 -257 1176 ) (1232 -257 1232 ) 
4 1068 1069 (1184 -259 1232 ) (1184 -259 1176 ) (1232 -259 1176 ) (1232 -259 1232 ) 
4 1069 1076 (1184 -288 1176 ) (1232 -288 1176 ) (1232 -288 1232 ) (1184 -288 1232 ) 
4 1070 1071 (1088 -257 1232 ) (1088 -257 1176 ) (1136 -257 1176 ) (1136 -257 1232 ) 
4 1071 1072 (1088 -259 1232 ) (1088 -259 1176 ) (1136 -259 1176 ) (1136 -259 1232 ) 
4 1072 1076 (1088 -288 1176 ) (1136 -288 1176 ) (1136 -288 1232 ) (1088 -288 1232 ) 
4 1073 1082 (1024 -256 1176 ) (1024 -257 1176 ) (1024 -257 1232 ) (1024 -256 1232 ) 
4 1073 1074 (1024 -257 1176 ) (1040 -257 1176 ) (1040 -257 1232 ) (1024 -257 1232 ) 
4 1074 1083 (1024 -257 1176 ) (1024 -259 1176 ) (1024 -259 1232 ) (1024 -257 1232 ) 
4 1074 1075 (1024 -259 1176 ) (1040 -259 1176 ) (1040 -259 1232 ) (1024 -259 1232 ) 
4 1075 1084 (1024 -259 1176 ) (1024 -288 1176 ) (1024 -288 1232 ) (1024 -259 1232 ) 
4 1075 1076 (1024 -288 1176 ) (1040 -288 1176 ) (1040 -288 1232 ) (1024 -288 1232 ) 
4 1076 1085 (1024 -288 1176 ) (1024 -400 1176 ) (1024 -400 1232 ) (1024 -288 1232 ) 
4 1076 1078 (1472 -400 1176 ) (1024 -400 1176 ) (1024 -288 1176 ) (1472 -288 1176 ) 
4 1077 1103 (1024 0 1024 ) (1024 0 816 ) (1024 -256 816 ) (1024 -256 1024 ) 
4 1077 1081 (1024 0 1176 ) (1024 0 1024 ) (1024 -256 1024 ) (1024 -256 1176 ) 
4 1078 1085 (1024 -400 1040 ) (1024 -400 1176 ) (1024 -288 1176 ) (1024 -288 1040 ) 
4 1079 1115 (1024 0 784 ) (1024 0 624 ) (1024 -176 624 ) (1024 -176 784 ) 
4 1080 1129 (1024 0 400 ) (1024 0 240 ) (1024 -48 240 ) (1024 -48 400 ) 
4 1081 1103 (736 0 1024 ) (1024 0 1024 ) (1024 -256 1024 ) (736 -256 1024 ) 
4 1081 1082 (1024 -256 1176 ) (1024 -256 1232 ) (992 -256 1232 ) (992 -256 1176 ) 
4 1082 1083 (992 -257 1232 ) (992 -257 1176 ) (1024 -257 1176 ) (1024 -257 1232 ) 
4 1083 1084 (992 -259 1232 ) (992 -259 1176 ) (1024 -259 1176 ) (1024 -259 1232 ) 
4 1084 1085 (992 -288 1176 ) (1024 -288 1176 ) (1024 -288 1232 ) (992 -288 1232 ) 
4 1085 1087 (720 -320 1040 ) (720 -368 1040 ) (720 -368 1136 ) (720 -320 1136 ) 
4 1085 1086 (992 -400 1040 ) (720 -400 1040 ) (720 -288 1040 ) (992 -288 1040 ) 
4 1086 1104 (720 -400 1024 ) (720 -288 1024 ) (992 -288 1024 ) (992 -400 1024 ) 
4 1087 1089 (704 -368 1136 ) (704 -320 1136 ) (704 -320 1040 ) (704 -368 1040 ) 
4 1088 1090 (496 -288 1136 ) (496 -240 1136 ) (496 -240 1040 ) (496 -288 1040 ) 
4 1088 1089 (496 -288 1040 ) (592 -288 1040 ) (592 -288 1136 ) (496 -288 1136 ) 
4 1089 1090 (496 -320 1136 ) (496 -288 1136 ) (496 -288 1040 ) (496 -320 1040 ) 
4 1090 1091 (480 -240 1136 ) (480 -240 1040 ) (480 -320 1040 ) (480 -320 1136 ) 
4 1091 1093 (192 -256 1024 ) (192 -320 1024 ) (192 -320 1136 ) (192 -256 1136 ) 
4 1091 1092 (480 -320 1216 ) (192 -320 1216 ) (192 -320 1024 ) (480 -320 1024 ) 
4 1092 1101 (192 -640 1024 ) (192 -848 1024 ) (192 -848 1216 ) (192 -640 1216 ) 
4 1092 1093 (192 -320 1024 ) (192 -336 1024 ) (192 -336 1136 ) (192 -320 1136 ) 
4 1093 1095 (176 -256 1024 ) (176 -336 1024 ) (176 -336 1136 ) (176 -256 1136 ) 
4 1094 1096 (64 0 1200 ) (64 0 1024 ) (64 -224 1024 ) (64 -224 1200 ) 
4 1095 1107 (80 -336 1024 ) (80 -256 1024 ) (160 -256 1024 ) (160 -336 1024 ) 
4 1095 1098 (80 -352 1024 ) (160 -352 1024 ) (160 -352 1136 ) (80 -352 1136 ) 
4 1095 1097 (64 -256 1024 ) (64 -336 1024 ) (64 -336 1136 ) (64 -256 1136 ) 
4 1096 1099 (48 0 1200 ) (48 0 1024 ) (48 -224 1024 ) (48 -224 1200 ) 
4 1097 1099 (48 -256 1024 ) (48 -336 1024 ) (48 -336 1136 ) (48 -256 1136 ) 
4 1098 1100 (80 -368 1024 ) (160 -368 1024 ) (160 -368 1136 ) (80 -368 1136 ) 
4 1099 1492 (0 -240 1024 ) (0 -352 1024 ) (0 -352 1200 ) (0 -240 1200 ) 
4 1099 1485 (0 -224 1024 ) (0 -240 1024 ) (0 -240 1200 ) (0 -224 1200 ) 
4 1099 1455 (0 0 1200 ) (0 0 1024 ) (0 -224 1024 ) (0 -224 1200 ) 
4 1100 1102 (0 -624 1024 ) (112 -624 1024 ) (112 -624 1200 ) (0 -624 1200 ) 
4 1104 1110 (720 -288 1008 ) (720 -288 816 ) (720 -400 816 ) (720 -400 1008 ) 
4 1104 1105 (720 -400 1024 ) (720 -288 1024 ) (720 -288 1008 ) (720 -400 1008 ) 
4 1105 1110 (720 -288 1008 ) (720 -400 1008 ) (704 -400 1008 ) (704 -288 1008 ) 
4 1105 1106 (704 -288 1008 ) (704 -400 1008 ) (704 -400 1024 ) (704 -288 1024 ) 
4 1106 1111 (528 -208 1008 ) (704 -208 1008 ) (704 -400 1008 ) (528 -400 1008 ) 
4 1107 1112 (80 -336 1008 ) (80 -256 1008 ) (160 -256 1008 ) (160 -336 1008 ) 
4 1108 1117 (96 0 800 ) (704 0 800 ) (704 -176 800 ) (96 -176 800 ) 
4 1108 1109 (576 -176 816 ) (648 -176 816 ) (648 -176 912 ) (576 -176 912 ) 
4 1109 1111 (648 -208 912 ) (576 -208 912 ) (576 -208 816 ) (648 -208 816 ) 
4 1110 1111 (704 -288 816 ) (704 -400 816 ) (704 -400 1008 ) (704 -288 1008 ) 
4 1113 1458 (0 0 1008 ) (0 0 848 ) (0 -208 848 ) (0 -208 1008 ) 
4 1114 1459 (0 0 816 ) (0 0 800 ) (0 -208 800 ) (0 -208 816 ) 
4 1114 1123 (0 -208 800 ) (0 -192 800 ) (64 -192 800 ) (64 -208 800 ) 
4 1114 1120 (0 -192 800 ) (0 0 800 ) (64 0 800 ) (64 -192 800 ) 
4 1115 1118 (736 -176 624 ) (832 -176 624 ) (832 -176 720 ) (736 -176 720 ) 
4 1115 1116 (712 0 624 ) (712 -16 624 ) (712 -16 784 ) (712 0 784 ) 
4 1116 1117 (704 0 624 ) (704 -16 624 ) (704 -16 784 ) (704 0 784 ) 
4 1117 1119 (288 -176 624 ) (432 -176 624 ) (432 -176 784 ) (288 -176 784 ) 
4 1118 1122 (832 -192 624 ) (832 -192 720 ) (736 -192 720 ) (736 -192 624 ) 
4 1120 1477 (0 -192 800 ) (0 -96 800 ) (0 -96 648 ) (0 -192 648 ) 
4 1120 1467 (0 -96 800 ) (0 0 800 ) (0 0 648 ) (0 -96 648 ) 
4 1120 1123 (64 -192 648 ) (64 -192 800 ) (0 -192 800 ) (0 -192 648 ) 
4 1120 1121 (64 0 648 ) (64 -192 648 ) (0 -192 648 ) (0 0 648 ) 
4 1121 1478 (0 -96 624 ) (0 -192 624 ) (0 -192 648 ) (0 -96 648 ) 
4 1121 1468 (0 0 648 ) (0 0 624 ) (0 -96 624 ) (0 -96 648 ) 
4 1121 1124 (64 -192 624 ) (64 -192 648 ) (0 -192 648 ) (0 -192 624 ) 
4 1122 1125 (832 -208 720 ) (736 -208 720 ) (736 -208 624 ) (832 -208 624 ) 
4 1123 1477 (0 -208 800 ) (0 -192 800 ) (0 -192 648 ) (0 -208 648 ) 
4 1123 1124 (0 -192 648 ) (64 -192 648 ) (64 -208 648 ) (0 -208 648 ) 
4 1124 1478 (0 -192 648 ) (0 -192 624 ) (0 -208 624 ) (0 -208 648 ) 
4 1125 1207 (832 -1024 720 ) (736 -1024 720 ) (736 -1024 624 ) (832 -1024 624 ) 
4 1127 1128 (960 -48 448 ) (960 -48 592 ) (688 -48 592 ) (688 -48 448 ) 
4 1129 1133 (688 -48 240 ) (688 0 240 ) (992 0 240 ) (992 -48 240 ) 
4 1129 1130 (688 0 240 ) (688 -48 240 ) (688 -48 400 ) (688 0 400 ) 
4 1130 1133 (672 -48 240 ) (672 0 240 ) (688 0 240 ) (688 -48 240 ) 
4 1130 1132 (672 0 240 ) (672 -48 240 ) (672 -48 400 ) (672 0 400 ) 
4 1131 1150 (352 -368 592 ) (352 -368 432 ) (448 -368 432 ) (448 -368 592 ) 
4 1131 1149 (448 -368 432 ) (560 -368 432 ) (560 -368 592 ) (448 -368 592 ) 
4 1131 1135 (352 -96 592 ) (352 -32 592 ) (352 -32 528 ) (352 -96 528 ) 
4 1132 1136 (352 -48 400 ) (352 -32 400 ) (352 -32 240 ) (352 -48 240 ) 
4 1132 1134 (352 -32 400 ) (352 0 400 ) (352 0 240 ) (352 -32 240 ) 
4 1132 1133 (352 -48 240 ) (352 0 240 ) (672 0 240 ) (672 -48 240 ) 
4 1133 1160 (352 0 236 ) (992 0 236 ) (992 -48 236 ) (352 -48 236 ) 
4 1133 1137 (352 0 236 ) (352 -48 236 ) (352 -48 240 ) (352 0 240 ) 
4 1134 1140 (320 0 400 ) (320 0 240 ) (320 -32 240 ) (320 -32 400 ) 
4 1134 1137 (320 -32 240 ) (320 0 240 ) (352 0 240 ) (352 -32 240 ) 
4 1134 1136 (320 -32 400 ) (320 -32 240 ) (352 -32 240 ) (352 -32 400 ) 
4 1135 1139 (320 -96 528 ) (320 -96 592 ) (320 -32 592 ) (320 -32 528 ) 
4 1136 1140 (320 -32 400 ) (320 -32 240 ) (320 -48 240 ) (320 -48 400 ) 
4 1136 1137 (320 -48 240 ) (320 -32 240 ) (352 -32 240 ) (352 -48 240 ) 
4 1137 1160 (320 0 236 ) (352 0 236 ) (352 -48 236 ) (320 -48 236 ) 
4 1137 1141 (320 0 236 ) (320 -48 236 ) (320 -48 240 ) (320 0 240 ) 
4 1138 1139 (32 -32 592 ) (32 -32 432 ) (288 -32 432 ) (288 -32 592 ) 
4 1139 1156 (176 -368 592 ) (32 -368 592 ) (32 -368 432 ) (176 -368 432 ) 
4 1140 1141 (320 -48 240 ) (208 -48 240 ) (208 0 240 ) (320 0 240 ) 
4 1141 1160 (208 0 236 ) (320 0 236 ) (320 -48 236 ) (208 -48 236 ) 
4 1142 1144 (1024 -848 432 ) (1024 -848 560 ) (592 -848 560 ) (592 -848 432 ) 
4 1142 1143 (1024 -848 560 ) (1024 -848 608 ) (592 -848 608 ) (592 -848 560 ) 
4 1143 1148 (592 -960 560 ) (1024 -960 560 ) (1024 -960 608 ) (592 -960 608 ) 
4 1143 1144 (1024 -960 560 ) (592 -960 560 ) (592 -848 560 ) (1024 -848 560 ) 
4 1144 1148 (592 -960 432 ) (1024 -960 432 ) (1024 -960 560 ) (592 -960 560 ) 
4 1144 1145 (592 -848 432 ) (592 -960 432 ) (592 -960 560 ) (592 -848 560 ) 
4 1145 1146 (584 -848 432 ) (584 -960 432 ) (584 -960 560 ) (584 -848 560 ) 
4 1146 1147 (568 -848 432 ) (568 -960 432 ) (568 -960 560 ) (568 -848 560 ) 
4 1147 1149 (560 -960 432 ) (560 -960 560 ) (560 -848 560 ) (560 -848 432 ) 
4 1148 1208 (1024 -1024 432 ) (1024 -1024 608 ) (592 -1024 608 ) (592 -1024 432 ) 
4 1149 1150 (448 -368 432 ) (448 -768 432 ) (448 -768 592 ) (448 -368 592 ) 
4 1149 1151 (448 -784 432 ) (448 -1024 432 ) (448 -1024 592 ) (448 -784 592 ) 
4 1150 1152 (352 -400 432 ) (352 -768 432 ) (352 -768 592 ) (352 -400 592 ) 
4 1152 1157 (208 -656 592 ) (208 -512 592 ) (208 -512 432 ) (208 -656 432 ) 
4 1152 1153 (208 -400 568 ) (208 -400 432 ) (208 -464 432 ) (208 -464 568 ) 
4 1153 1154 (190 -400 432 ) (190 -464 432 ) (190 -464 568 ) (190 -400 568 ) 
4 1154 1155 (188 -400 432 ) (188 -464 432 ) (188 -464 568 ) (188 -400 568 ) 
4 1155 1156 (176 -464 432 ) (176 -464 568 ) (176 -400 568 ) (176 -400 432 ) 
4 1157 1159 (16 -656 432 ) (16 -656 592 ) (16 -512 592 ) (16 -512 432 ) 
4 1158 1496 (0 0 408 ) (0 0 236 ) (0 -216 236 ) (0 -216 408 ) 
4 1158 1189 (0 -216 236 ) (0 -208 236 ) (8 -208 236 ) (8 -216 236 ) 
4 1158 1188 (0 -208 236 ) (0 0 236 ) (8 0 236 ) (8 -208 236 ) 
4 1159 1495 (0 -656 592 ) (0 -512 592 ) (0 -512 432 ) (0 -656 432 ) 
4 1161 1164 (976 -160 -128 ) (976 -160 -224 ) (1024 -160 -224 ) (1024 -160 -128 ) 
4 1161 1162 (880 -16 -224 ) (880 -160 -224 ) (880 -160 -16 ) (880 -16 -16 ) 
4 1162 1163 (384 -16 -224 ) (384 -160 -224 ) (384 -160 -16 ) (384 -16 -16 ) 
4 1163 1171 (208 -160 -128 ) (208 -160 -224 ) (256 -160 -224 ) (256 -160 -128 ) 
4 1164 1172 (976 -352 -128 ) (976 -352 -224 ) (1024 -352 -224 ) (1024 -352 -128 ) 
4 1165 1175 (816 -352 -128 ) (816 -352 -224 ) (880 -352 -224 ) (880 -352 -128 ) 
4 1165 1173 (896 -352 -128 ) (896 -352 -224 ) (960 -352 -224 ) (960 -352 -128 ) 
4 1165 1166 (816 -176 -16 ) (816 -176 -224 ) (816 -240 -224 ) (816 -240 -16 ) 
4 1166 1167 (800 -176 -16 ) (800 -176 -224 ) (800 -240 -224 ) (800 -240 -16 ) 
4 1167 1169 (432 -176 -16 ) (432 -176 -224 ) (432 -240 -224 ) (432 -240 -16 ) 
4 1168 1176 (800 -352 -16 ) (432 -352 -16 ) (432 -352 -224 ) (800 -352 -224 ) 
4 1169 1170 (416 -176 -16 ) (416 -176 -224 ) (416 -240 -224 ) (416 -240 -16 ) 
4 1170 1178 (272 -352 -128 ) (272 -352 -224 ) (336 -352 -224 ) (336 -352 -128 ) 
4 1170 1177 (352 -352 -128 ) (352 -352 -224 ) (416 -352 -224 ) (416 -352 -128 ) 
4 1171 1179 (208 -352 -128 ) (208 -352 -224 ) (256 -352 -224 ) (256 -352 -128 ) 
4 1172 1174 (976 -368 -224 ) (1024 -368 -224 ) (1024 -368 -128 ) (976 -368 -128 ) 
4 1173 1174 (896 -368 -128 ) (896 -368 -224 ) (960 -368 -224 ) (960 -368 -128 ) 
4 1174 1181 (1024 -384 -16 ) (896 -384 -16 ) (896 -384 -224 ) (1024 -384 -224 ) 
4 1175 1182 (816 -384 -128 ) (816 -384 -224 ) (880 -384 -224 ) (880 -384 -128 ) 
4 1176 1182 (800 -384 -16 ) (432 -384 -16 ) (432 -384 -224 ) (800 -384 -224 ) 
4 1177 1182 (352 -384 -128 ) (352 -384 -224 ) (416 -384 -224 ) (416 -384 -128 ) 
4 1178 1180 (336 -368 -224 ) (336 -368 -128 ) (272 -368 -128 ) (272 -368 -224 ) 
4 1179 1180 (208 -368 -128 ) (208 -368 -224 ) (256 -368 -224 ) (256 -368 -128 ) 
4 1180 1183 (336 -384 -16 ) (208 -384 -16 ) (208 -384 -224 ) (336 -384 -224 ) 
4 1181 1184 (1024 -544 -16 ) (896 -544 -16 ) (896 -544 -224 ) (1024 -544 -224 ) 
4 1183 1186 (336 -544 -16 ) (208 -544 -16 ) (208 -544 -224 ) (336 -544 -224 ) 
4 1184 1185 (896 -560 -224 ) (896 -1008 -224 ) (896 -1008 -16 ) (896 -560 -16 ) 
4 1185 1186 (336 -560 -224 ) (336 -1008 -224 ) (336 -1008 -16 ) (336 -560 -16 ) 
4 1187 1190 (16 0 -224 ) (16 -16 -224 ) (16 -16 208 ) (16 0 208 ) 
4 1188 1496 (0 -208 236 ) (0 0 236 ) (0 0 232 ) (0 -208 232 ) 
4 1188 1189 (8 -208 232 ) (8 -208 236 ) (0 -208 236 ) (0 -208 232 ) 
4 1189 1496 (0 -216 236 ) (0 -208 236 ) (0 -208 232 ) (0 -216 232 ) 
4 1190 1497 (0 0 208 ) (0 0 -224 ) (0 -16 -224 ) (0 -16 208 ) 
4 1190 1191 (0 -16 -224 ) (16 -16 -224 ) (16 -16 208 ) (0 -16 208 ) 
4 1191 1498 (0 -16 -224 ) (0 -208 -224 ) (0 -208 208 ) (0 -16 208 ) 
4 1192 1204 (592 -8 -664 ) (472 -8 -664 ) (472 -8 -800 ) (592 -8 -800 ) 
4 1193 1201 (792 -416 -1704 ) (792 -440 -1704 ) (792 -440 -1656 ) (792 -416 -1656 ) 
4 1193 1200 (792 -360 -712 ) (792 -360 -800 ) (792 -408 -800 ) (792 -408 -712 ) 
4 1193 1195 (872 -480 -1792 ) (840 -480 -1792 ) (840 -416 -1792 ) (872 -416 -1792 ) 
4 1193 1194 (904 -480 -1792 ) (872 -480 -1792 ) (872 -360 -1792 ) (904 -360 -1792 ) 
4 1193 1196 (840 -480 -1792 ) (792 -480 -1792 ) (792 -360 -1792 ) (840 -360 -1792 ) 
4 1194 1197 (904 -480 -1816 ) (872 -480 -1816 ) (872 -360 -1816 ) (904 -360 -1816 ) 
4 1194 1195 (872 -416 -1816 ) (872 -480 -1816 ) (872 -480 -1792 ) (872 -416 -1792 ) 
4 1195 1197 (872 -480 -1816 ) (840 -480 -1816 ) (840 -416 -1816 ) (872 -416 -1816 ) 
4 1195 1196 (840 -416 -1816 ) (840 -480 -1816 ) (840 -480 -1792 ) (840 -416 -1792 ) 
4 1196 1198 (840 -480 -1816 ) (792 -480 -1816 ) (792 -372 -1816 ) (840 -372 -1816 ) 
4 1197 1206 (840 -360 -1864 ) (904 -360 -1864 ) (904 -480 -1864 ) (840 -480 -1864 ) 
4 1197 1198 (840 -480 -1840 ) (840 -480 -1816 ) (840 -372 -1816 ) (840 -384 -1840 ) 
4 1197 1199 (840 -480 -1864 ) (840 -480 -1840 ) (840 -360 -1840 ) (840 -360 -1864 ) 
4 1198 1199 (840 -384 -1840 ) (840 -480 -1840 ) (792 -480 -1840 ) (792 -384 -1840 ) 
4 1199 1206 (792 -480 -1864 ) (792 -360 -1864 ) (840 -360 -1864 ) (840 -480 -1864 ) 
4 1200 1202 (784 -360 -712 ) (784 -360 -800 ) (784 -408 -800 ) (784 -408 -712 ) 
4 1202 1203 (776 -408 -800 ) (776 -408 -712 ) (776 -360 -712 ) (776 -360 -800 ) 
4 1203 1204 (656 -8 -664 ) (656 -8 -800 ) (656 -144 -800 ) (656 -144 -664 ) 
4 1204 1205 (408 -8 -664 ) (408 -8 -800 ) (408 -144 -800 ) (408 -144 -664 ) 
4 1207 1209 (736 -2048 624 ) (832 -2048 624 ) (832 -2048 720 ) (736 -2048 720 ) 
4 1210 1218 (-352 1024 2576 ) (-8 1024 2576 ) (-8 888 2576 ) (-352 888 2576 ) 
4 1210 1212 (-8 888 2576 ) (-8 888 2784 ) (-352 888 2784 ) (-352 888 2576 ) 
4 1211 1212 (-504 888 2784 ) (-504 888 2616 ) (-384 888 2616 ) (-384 888 2784 ) 
4 1212 1242 (-384 712 2576 ) (-504 712 2576 ) (-504 752 2576 ) (-384 752 2576 ) 
4 1212 1240 (-504 752 2576 ) (-504 888 2576 ) (-384 888 2576 ) (-384 752 2576 ) 
4 1212 1227 (-352 712 2576 ) (-384 712 2576 ) (-384 720 2576 ) (-352 720 2576 ) 
4 1212 1226 (-8 720 2576 ) (-8 712 2576 ) (-352 712 2576 ) (-352 720 2576 ) 
4 1212 1223 (-368 720 2576 ) (-384 720 2576 ) (-384 888 2576 ) (-368 888 2576 ) 
4 1212 1222 (-352 720 2576 ) (-368 720 2576 ) (-368 736 2576 ) (-352 736 2576 ) 
4 1212 1221 (-8 736 2576 ) (-8 720 2576 ) (-352 720 2576 ) (-352 736 2576 ) 
4 1212 1219 (-352 736 2576 ) (-368 736 2576 ) (-368 888 2576 ) (-352 888 2576 ) 
4 1212 1218 (-8 888 2576 ) (-8 736 2576 ) (-352 736 2576 ) (-352 888 2576 ) 
4 1212 1213 (-368 712 2592 ) (-368 712 2688 ) (-448 712 2688 ) (-448 712 2592 ) 
4 1213 1214 (-368 704 2592 ) (-368 704 2688 ) (-448 704 2688 ) (-448 704 2592 ) 
4 1214 1215 (-448 192 2592 ) (-448 112 2592 ) (-448 112 2688 ) (-448 192 2688 ) 
4 1215 1217 (-640 112 2592 ) (-560 112 2592 ) (-560 112 2688 ) (-640 112 2688 ) 
4 1215 1216 (-752 192 2592 ) (-752 112 2592 ) (-752 112 2688 ) (-752 192 2688 ) 
4 1217 1454 (-560 0 2688 ) (-640 0 2688 ) (-640 0 2592 ) (-560 0 2592 ) 
4 1218 1221 (-8 736 2496 ) (-8 736 2576 ) (-352 736 2576 ) (-352 736 2496 ) 
4 1218 1219 (-352 736 2496 ) (-352 736 2576 ) (-352 888 2576 ) (-352 888 2496 ) 
4 1219 1223 (-368 736 2496 ) (-368 736 2576 ) (-368 888 2576 ) (-368 888 2496 ) 
4 1219 1222 (-368 736 2576 ) (-368 736 2496 ) (-352 736 2496 ) (-352 736 2576 ) 
4 1221 1226 (-8 720 2496 ) (-8 720 2576 ) (-352 720 2576 ) (-352 720 2496 ) 
4 1221 1222 (-352 736 2576 ) (-352 736 2496 ) (-352 720 2496 ) (-352 720 2576 ) 
4 1222 1227 (-352 720 2576 ) (-368 720 2576 ) (-368 720 2496 ) (-352 720 2496 ) 
4 1222 1223 (-368 720 2496 ) (-368 720 2576 ) (-368 736 2576 ) (-368 736 2496 ) 
4 1223 1242 (-384 720 2576 ) (-384 752 2576 ) (-384 752 2496 ) (-384 720 2496 ) 
4 1223 1240 (-384 752 2576 ) (-384 888 2576 ) (-384 888 2496 ) (-384 752 2496 ) 
4 1223 1227 (-384 720 2576 ) (-384 720 2496 ) (-368 720 2496 ) (-368 720 2576 ) 
4 1224 1225 (-288 1016 768 ) (-288 720 768 ) (-288 720 800 ) (-288 1016 800 ) 
4 1226 1227 (-352 720 2576 ) (-352 720 2496 ) (-352 712 2496 ) (-352 712 2576 ) 
4 1227 1242 (-384 712 2576 ) (-384 720 2576 ) (-384 720 2496 ) (-384 712 2496 ) 
4 1228 1236 (0 640 768 ) (0 512 768 ) (-96 512 768 ) (-96 640 768 ) 
4 1228 1235 (-96 704 768 ) (0 704 768 ) (0 640 768 ) (-96 640 768 ) 
4 1228 1229 (-96 528 960 ) (-96 528 1008 ) (-96 688 1008 ) (-96 688 960 ) 
4 1229 1230 (-112 528 960 ) (-112 528 1008 ) (-112 688 1008 ) (-112 688 960 ) 
4 1230 1231 (-128 528 960 ) (-128 528 1008 ) (-128 688 1008 ) (-128 688 960 ) 
4 1231 1232 (-368 704 1008 ) (-368 704 848 ) (-368 512 848 ) (-368 512 1008 ) 
4 1232 1245 (-384 512 1008 ) (-384 704 1008 ) (-384 704 848 ) (-384 512 848 ) 
4 1233 1265 (-352 1024 648 ) (0 1024 648 ) (0 736 648 ) (-352 736 648 ) 
4 1233 1234 (-352 992 648 ) (-352 768 648 ) (-352 768 736 ) (-352 992 736 ) 
4 1234 1266 (-352 992 648 ) (-352 768 648 ) (-384 768 648 ) (-384 992 648 ) 
4 1235 1267 (0 704 648 ) (0 640 648 ) (-96 640 648 ) (-96 704 648 ) 
4 1235 1236 (-96 640 648 ) (0 640 648 ) (0 640 768 ) (-96 640 768 ) 
4 1236 1267 (0 640 648 ) (0 512 648 ) (-96 512 648 ) (-96 640 648 ) 
4 1236 1237 (-96 640 736 ) (-96 640 656 ) (-96 544 656 ) (-96 544 736 ) 
4 1237 1238 (-128 544 656 ) (-128 544 736 ) (-128 640 736 ) (-128 640 656 ) 
4 1238 1269 (-128 512 648 ) (-368 512 648 ) (-368 688 648 ) (-128 688 648 ) 
4 1239 1270 (-432 888 648 ) (-504 888 648 ) (-504 1008 648 ) (-432 1008 648 ) 
4 1239 1244 (-504 1008 648 ) (-504 888 648 ) (-504 888 784 ) (-504 1008 784 ) 
4 1239 1241 (-504 888 784 ) (-504 888 648 ) (-432 888 648 ) (-432 888 784 ) 
4 1240 1242 (-504 752 2576 ) (-504 752 2496 ) (-384 752 2496 ) (-384 752 2576 ) 
4 1241 1270 (-432 752 648 ) (-504 752 648 ) (-504 888 648 ) (-432 888 648 ) 
4 1241 1244 (-504 888 648 ) (-504 752 648 ) (-504 752 784 ) (-504 888 784 ) 
4 1241 1243 (-504 752 784 ) (-504 752 648 ) (-432 752 648 ) (-432 752 784 ) 
4 1243 1271 (-400 704 648 ) (-504 704 648 ) (-504 752 648 ) (-400 752 648 ) 
4 1243 1246 (-504 704 648 ) (-400 704 648 ) (-400 704 784 ) (-504 704 784 ) 
4 1243 1244 (-504 752 648 ) (-504 704 648 ) (-504 704 784 ) (-504 752 784 ) 
4 1244 1271 (-504 752 648 ) (-504 704 648 ) (-1008 704 648 ) (-1008 752 648 ) 
4 1244 1270 (-504 1008 648 ) (-504 752 648 ) (-1008 752 648 ) (-1008 1008 648 ) 
4 1244 1246 (-1008 704 784 ) (-1008 704 648 ) (-504 704 648 ) (-504 704 784 ) 
4 1245 1247 (-1008 512 1008 ) (-1008 512 848 ) (-384 512 848 ) (-384 512 1008 ) 
4 1246 1271 (-400 512 648 ) (-1008 512 648 ) (-1008 704 648 ) (-400 704 648 ) 
4 1246 1248 (-464 512 648 ) (-416 512 648 ) (-416 512 784 ) (-464 512 784 ) 
4 1247 1260 (-784 496 1008 ) (-1008 496 1008 ) (-1008 496 848 ) (-784 496 848 ) 
4 1248 1273 (-416 496 648 ) (-464 496 648 ) (-464 512 648 ) (-416 512 648 ) 
4 1248 1249 (-464 496 648 ) (-416 496 648 ) (-416 496 784 ) (-464 496 784 ) 
4 1249 1274 (-464 496 648 ) (-416 496 648 ) (-416 480 648 ) (-464 480 648 ) 
4 1249 1256 (-464 480 648 ) (-416 480 648 ) (-416 480 784 ) (-464 480 784 ) 
4 1250 1252 (-768 192 1024 ) (-768 336 1024 ) (0 336 1024 ) (0 192 1024 ) 
4 1251 1457 (-560 0 1200 ) (-768 0 1200 ) (-768 0 1024 ) (-560 0 1024 ) 
4 1251 1456 (-416 0 1200 ) (-560 0 1200 ) (-560 0 1024 ) (-416 0 1024 ) 
4 1251 1455 (0 0 1024 ) (0 0 1200 ) (-416 0 1200 ) (-416 0 1024 ) 
4 1252 1253 (-768 192 1008 ) (-768 336 1008 ) (0 336 1008 ) (0 192 1008 ) 
4 1253 1258 (-768 336 896 ) (-768 192 896 ) (-768 192 976 ) (-768 336 976 ) 
4 1254 1458 (0 0 848 ) (0 0 1008 ) (-576 0 1008 ) (-576 0 848 ) 
4 1254 1255 (-576 16 1008 ) (-576 16 848 ) (-576 0 848 ) (-576 0 1008 ) 
4 1255 1460 (-576 0 1008 ) (-768 0 1008 ) (-768 0 848 ) (-576 0 848 ) 
4 1256 1467 (0 0 648 ) (0 0 800 ) (-576 0 800 ) (-576 0 648 ) 
4 1256 1459 (0 0 800 ) (0 0 816 ) (-576 0 816 ) (-576 0 800 ) 
4 1256 1279 (-576 176 648 ) (-576 352 648 ) (-352 352 648 ) (-352 176 648 ) 
4 1256 1278 (-576 352 648 ) (-576 480 648 ) (-352 480 648 ) (-352 352 648 ) 
4 1256 1280 (-352 0 648 ) (-576 0 648 ) (-576 176 648 ) (-352 176 648 ) 
4 1256 1276 (-80 464 648 ) (-352 464 648 ) (-352 480 648 ) (-80 480 648 ) 
4 1256 1275 (0 480 648 ) (0 464 648 ) (-80 464 648 ) (-80 480 648 ) 
4 1256 1277 (0 464 648 ) (0 0 648 ) (-352 0 648 ) (-352 464 648 ) 
4 1257 1471 (-768 0 784 ) (-768 0 648 ) (-672 0 648 ) (-672 0 784 ) 
4 1257 1470 (-672 0 648 ) (-608 0 648 ) (-608 0 784 ) (-672 0 784 ) 
4 1257 1281 (-608 0 648 ) (-768 0 648 ) (-768 480 648 ) (-608 480 648 ) 
4 1257 1259 (-768 480 648 ) (-768 0 648 ) (-768 0 784 ) (-768 480 784 ) 
4 1258 1260 (-784 192 976 ) (-784 336 976 ) (-784 336 896 ) (-784 192 896 ) 
4 1259 1471 (-784 0 784 ) (-784 0 648 ) (-768 0 648 ) (-768 0 784 ) 
4 1259 1281 (-768 480 648 ) (-768 0 648 ) (-784 0 648 ) (-784 480 648 ) 
4 1259 1261 (-784 480 648 ) (-784 0 648 ) (-784 0 784 ) (-784 480 784 ) 
4 1260 1464 (-1008 0 1008 ) (-1008 0 848 ) (-784 0 848 ) (-784 0 1008 ) 
4 1260 1262 (-1008 256 896 ) (-1008 56 896 ) (-1008 56 992 ) (-1008 256 992 ) 
4 1261 1471 (-1008 0 784 ) (-1008 0 648 ) (-784 0 648 ) (-784 0 784 ) 
4 1261 1281 (-784 480 648 ) (-784 0 648 ) (-1008 0 648 ) (-1008 480 648 ) 
4 1261 1264 (-1008 36 748 ) (-1008 76 748 ) (-1008 76 688 ) (-1008 36 688 ) 
4 1261 1263 (-1008 364 748 ) (-1008 408 748 ) (-1008 408 688 ) (-1008 364 688 ) 
4 1262 1436 (-1024 56 992 ) (-1024 256 992 ) (-1024 256 896 ) (-1024 56 896 ) 
4 1263 1437 (-1024 364 748 ) (-1024 408 748 ) (-1024 408 688 ) (-1024 364 688 ) 
4 1264 1438 (-1024 36 748 ) (-1024 76 748 ) (-1024 76 688 ) (-1024 36 688 ) 
4 1265 1282 (-352 1024 608 ) (0 1024 608 ) (0 736 608 ) (-352 736 608 ) 
4 1265 1266 (-352 992 608 ) (-352 768 608 ) (-352 768 648 ) (-352 992 648 ) 
4 1266 1283 (-352 992 608 ) (-352 768 608 ) (-384 768 608 ) (-384 992 608 ) 
4 1267 1268 (0 512 624 ) (-96 512 624 ) (-96 704 624 ) (0 704 624 ) 
4 1268 1285 (0 704 608 ) (0 512 608 ) (-96 512 608 ) (-96 704 608 ) 
4 1270 1272 (-1008 1008 624 ) (-960 1008 624 ) (-960 960 624 ) (-1008 960 624 ) 
4 1270 1271 (-1008 752 624 ) (-432 752 624 ) (-432 752 648 ) (-1008 752 648 ) 
4 1271 1273 (-416 512 648 ) (-464 512 648 ) (-464 512 640 ) (-416 512 640 ) 
4 1272 1292 (-1008 1008 608 ) (-960 1008 608 ) (-960 960 608 ) (-1008 960 608 ) 
4 1273 1274 (-416 496 640 ) (-416 496 648 ) (-464 496 648 ) (-464 496 640 ) 
4 1274 1278 (-416 480 648 ) (-464 480 648 ) (-464 480 640 ) (-416 480 640 ) 
4 1275 1277 (-80 464 624 ) (0 464 624 ) (0 464 648 ) (-80 464 648 ) 
4 1275 1276 (-80 480 648 ) (-80 480 624 ) (-80 464 624 ) (-80 464 648 ) 
4 1276 1278 (-352 480 648 ) (-352 480 624 ) (-352 464 624 ) (-352 464 648 ) 
4 1276 1277 (-352 464 648 ) (-352 464 624 ) (-80 464 624 ) (-80 464 648 ) 
4 1277 1468 (0 0 624 ) (0 0 648 ) (-352 0 648 ) (-352 0 624 ) 
4 1277 1279 (-352 352 624 ) (-352 176 624 ) (-352 176 648 ) (-352 352 648 ) 
4 1277 1278 (-352 464 624 ) (-352 352 624 ) (-352 352 648 ) (-352 464 648 ) 
4 1277 1280 (-352 176 624 ) (-352 0 624 ) (-352 0 648 ) (-352 176 648 ) 
4 1278 1279 (-576 352 648 ) (-576 352 624 ) (-352 352 624 ) (-352 352 648 ) 
4 1279 1280 (-576 176 648 ) (-576 176 624 ) (-352 176 624 ) (-352 176 648 ) 
4 1280 1469 (-352 0 648 ) (-576 0 648 ) (-576 0 624 ) (-352 0 624 ) 
4 1281 1471 (-672 0 648 ) (-1008 0 648 ) (-1008 0 624 ) (-672 0 624 ) 
4 1281 1470 (-608 0 648 ) (-672 0 648 ) (-672 0 624 ) (-608 0 624 ) 
4 1282 1285 (0 736 576 ) (0 736 608 ) (-96 736 608 ) (-96 736 576 ) 
4 1282 1286 (0 736 528 ) (0 736 576 ) (-352 736 576 ) (-352 736 528 ) 
4 1282 1284 (-352 776 568 ) (-352 840 568 ) (-352 840 536 ) (-352 776 536 ) 
4 1282 1283 (-352 768 608 ) (-352 992 608 ) (-352 992 576 ) (-352 768 576 ) 
4 1284 1296 (-384 776 568 ) (-384 840 568 ) (-384 840 536 ) (-384 776 536 ) 
4 1285 1286 (-96 512 576 ) (-96 736 576 ) (0 736 576 ) (0 512 576 ) 
4 1286 1289 (0 384 448 ) (0 384 576 ) (-160 384 576 ) (-160 384 448 ) 
4 1286 1288 (-352 480 448 ) (-352 416 448 ) (-352 416 544 ) (-352 480 544 ) 
4 1286 1287 (-352 640 480 ) (-352 512 480 ) (-352 512 544 ) (-352 640 544 ) 
4 1287 1307 (-384 512 480 ) (-384 512 544 ) (-384 640 544 ) (-384 640 480 ) 
4 1288 1307 (-384 416 448 ) (-384 416 544 ) (-384 480 544 ) (-384 480 448 ) 
4 1289 1473 (0 0 448 ) (0 0 576 ) (-160 0 576 ) (-160 0 448 ) 
4 1290 1312 (-384 16 448 ) (-384 16 576 ) (-384 352 576 ) (-384 352 448 ) 
4 1291 1293 (-432 960 432 ) (-432 960 528 ) (-432 1024 528 ) (-432 1024 432 ) 
4 1292 1295 (-1008 944 560 ) (-1008 944 608 ) (-1008 1024 608 ) (-1008 1024 560 ) 
4 1293 1294 (-736 960 432 ) (-736 960 528 ) (-736 1024 528 ) (-736 1024 432 ) 
4 1296 1297 (-464 840 536 ) (-464 776 536 ) (-464 776 568 ) (-464 840 568 ) 
4 1297 1302 (-800 720 576 ) (-1008 720 576 ) (-1008 720 448 ) (-800 720 448 ) 
4 1297 1299 (-760 720 560 ) (-760 720 448 ) (-696 720 448 ) (-696 720 560 ) 
4 1297 1298 (-584 720 560 ) (-584 720 448 ) (-520 720 448 ) (-520 720 560 ) 
4 1298 1303 (-520 704 448 ) (-520 704 560 ) (-584 704 560 ) (-584 704 448 ) 
4 1299 1300 (-760 713 448 ) (-696 713 448 ) (-696 713 560 ) (-760 713 560 ) 
4 1300 1301 (-760 711 448 ) (-696 711 448 ) (-696 711 560 ) (-760 711 560 ) 
4 1301 1305 (-696 704 448 ) (-696 704 560 ) (-760 704 560 ) (-760 704 448 ) 
4 1302 1314 (-800 704 448 ) (-800 704 576 ) (-1008 704 576 ) (-1008 704 448 ) 
4 1303 1304 (-584 688 560 ) (-584 688 448 ) (-520 688 448 ) (-520 688 560 ) 
4 1304 1306 (-520 656 448 ) (-520 656 560 ) (-584 656 560 ) (-584 656 448 ) 
4 1305 1311 (-784 656 576 ) (-784 656 448 ) (-672 656 448 ) (-672 656 576 ) 
4 1306 1307 (-520 640 448 ) (-520 640 560 ) (-584 640 560 ) (-584 640 448 ) 
4 1307 1308 (-616 384 448 ) (-552 384 448 ) (-552 384 560 ) (-616 384 560 ) 
4 1308 1309 (-616 369 448 ) (-552 369 448 ) (-552 369 560 ) (-616 369 560 ) 
4 1309 1310 (-616 367 448 ) (-552 367 448 ) (-552 367 560 ) (-616 367 560 ) 
4 1310 1312 (-552 352 448 ) (-552 352 560 ) (-616 352 560 ) (-616 352 448 ) 
4 1311 1313 (-784 352 576 ) (-784 352 448 ) (-776 352 448 ) (-776 352 576 ) 
4 1311 1312 (-776 352 448 ) (-672 352 448 ) (-672 352 576 ) (-776 352 576 ) 
4 1312 1313 (-776 352 576 ) (-776 352 448 ) (-776 16 448 ) (-776 16 576 ) 
4 1314 1476 (-1008 0 576 ) (-1008 0 448 ) (-800 0 448 ) (-800 0 576 ) 
4 1315 1353 (-528 1024 272 ) (0 1024 272 ) (0 880 272 ) (-528 880 272 ) 
4 1316 1354 (0 848 272 ) (0 688 272 ) (-560 688 272 ) (-560 848 272 ) 
4 1316 1317 (-560 848 272 ) (-560 688 272 ) (-560 688 400 ) (-560 848 400 ) 
4 1317 1355 (-736 1024 272 ) (-560 1024 272 ) (-560 688 272 ) (-736 688 272 ) 
4 1318 1356 (0 656 272 ) (0 592 272 ) (-768 592 272 ) (-768 656 272 ) 
4 1318 1319 (-768 656 272 ) (-768 592 272 ) (-768 592 400 ) (-768 656 400 ) 
4 1319 1357 (-1008 1024 272 ) (-768 1024 272 ) (-768 592 272 ) (-1008 592 272 ) 
4 1320 1363 (0 320 272 ) (0 248 272 ) (-176 248 272 ) (-176 320 272 ) 
4 1320 1358 (-176 568 272 ) (0 568 272 ) (0 320 272 ) (-176 320 272 ) 
4 1320 1323 (-176 248 272 ) (0 248 272 ) (0 248 376 ) (-176 248 376 ) 
4 1320 1322 (0 248 376 ) (0 248 408 ) (-176 248 408 ) (-176 248 376 ) 
4 1320 1321 (-176 568 408 ) (-176 568 272 ) (-176 336 272 ) (-176 336 408 ) 
4 1321 1359 (-192 568 272 ) (-176 568 272 ) (-176 336 272 ) (-192 336 272 ) 
4 1321 1327 (-192 568 408 ) (-192 568 272 ) (-192 336 272 ) (-192 336 408 ) 
4 1322 1325 (-176 104 376 ) (0 104 376 ) (0 104 408 ) (-176 104 408 ) 
4 1322 1323 (0 104 376 ) (-176 104 376 ) (-176 248 376 ) (0 248 376 ) 
4 1323 1368 (0 240 272 ) (0 104 272 ) (-176 104 272 ) (-176 240 272 ) 
4 1323 1364 (0 248 272 ) (0 240 272 ) (-176 240 272 ) (-176 248 272 ) 
4 1323 1325 (-176 104 272 ) (0 104 272 ) (0 104 376 ) (-176 104 376 ) 
4 1323 1324 (-176 104 272 ) (-176 104 376 ) (-176 248 376 ) (-176 248 272 ) 
4 1324 1328 (-192 248 272 ) (-192 104 272 ) (-192 104 376 ) (-192 248 376 ) 
4 1325 1374 (0 32 272 ) (0 16 272 ) (-176 16 272 ) (-176 32 272 ) 
4 1325 1369 (0 104 272 ) (0 32 272 ) (-176 32 272 ) (-176 104 272 ) 
4 1325 1326 (-176 16 272 ) (0 16 272 ) (0 16 408 ) (-176 16 408 ) 
4 1326 1496 (0 0 272 ) (0 0 408 ) (-192 0 408 ) (-192 0 272 ) 
4 1326 1375 (-176 0 272 ) (-192 0 272 ) (-192 16 272 ) (-176 16 272 ) 
4 1326 1374 (0 16 272 ) (0 0 272 ) (-176 0 272 ) (-176 16 272 ) 
4 1326 1329 (-192 16 272 ) (-192 0 272 ) (-192 0 408 ) (-192 16 408 ) 
4 1327 1359 (-272 568 272 ) (-192 568 272 ) (-192 336 272 ) (-272 336 272 ) 
4 1327 1331 (-272 568 376 ) (-272 568 272 ) (-272 336 272 ) (-272 336 376 ) 
4 1327 1330 (-272 568 408 ) (-272 568 376 ) (-272 336 376 ) (-272 336 408 ) 
4 1328 1370 (-192 240 272 ) (-192 32 272 ) (-272 32 272 ) (-272 240 272 ) 
4 1328 1365 (-192 320 272 ) (-192 240 272 ) (-272 240 272 ) (-272 320 272 ) 
4 1328 1333 (-272 320 272 ) (-272 32 272 ) (-272 32 408 ) (-272 320 408 ) 
4 1329 1496 (-192 0 408 ) (-272 0 408 ) (-272 0 272 ) (-192 0 272 ) 
4 1329 1375 (-192 16 272 ) (-192 0 272 ) (-272 0 272 ) (-272 16 272 ) 
4 1329 1336 (-272 16 272 ) (-272 0 272 ) (-272 0 376 ) (-272 16 376 ) 
4 1329 1334 (-272 0 376 ) (-272 0 408 ) (-272 16 408 ) (-272 16 376 ) 
4 1330 1337 (-424 568 408 ) (-424 568 376 ) (-424 336 376 ) (-424 336 408 ) 
4 1330 1331 (-424 336 376 ) (-424 568 376 ) (-272 568 376 ) (-272 336 376 ) 
4 1331 1360 (-424 568 272 ) (-272 568 272 ) (-272 336 272 ) (-424 336 272 ) 
4 1331 1337 (-424 568 376 ) (-424 568 272 ) (-424 336 272 ) (-424 336 376 ) 
4 1331 1332 (-272 336 272 ) (-272 336 376 ) (-424 336 376 ) (-424 336 272 ) 
4 1332 1333 (-424 320 376 ) (-424 320 272 ) (-272 320 272 ) (-272 320 376 ) 
4 1333 1370 (-272 240 272 ) (-272 32 272 ) (-424 32 272 ) (-424 240 272 ) 
4 1333 1365 (-272 320 272 ) (-272 240 272 ) (-424 240 272 ) (-424 320 272 ) 
4 1333 1338 (-424 320 272 ) (-424 32 272 ) (-424 32 408 ) (-424 320 408 ) 
4 1333 1335 (-424 32 376 ) (-424 32 272 ) (-272 32 272 ) (-272 32 376 ) 
4 1334 1499 (-352 0 408 ) (-424 0 408 ) (-424 0 376 ) (-352 0 376 ) 
4 1334 1496 (-272 0 408 ) (-352 0 408 ) (-352 0 376 ) (-272 0 376 ) 
4 1334 1339 (-424 0 376 ) (-424 0 408 ) (-424 16 408 ) (-424 16 376 ) 
4 1334 1336 (-424 0 376 ) (-424 16 376 ) (-272 16 376 ) (-272 0 376 ) 
4 1335 1336 (-272 16 272 ) (-272 16 376 ) (-424 16 376 ) (-424 16 272 ) 
4 1336 1499 (-424 0 376 ) (-424 0 272 ) (-352 0 272 ) (-352 0 376 ) 
4 1336 1496 (-352 0 272 ) (-272 0 272 ) (-272 0 376 ) (-352 0 376 ) 
4 1336 1376 (-272 16 272 ) (-272 0 272 ) (-424 0 272 ) (-424 16 272 ) 
4 1336 1339 (-424 16 272 ) (-424 0 272 ) (-424 0 376 ) (-424 16 376 ) 
4 1337 1361 (-504 568 272 ) (-424 568 272 ) (-424 336 272 ) (-504 336 272 ) 
4 1337 1340 (-504 568 408 ) (-504 568 272 ) (-504 336 272 ) (-504 336 408 ) 
4 1338 1370 (-424 240 272 ) (-424 32 272 ) (-504 32 272 ) (-504 240 272 ) 
4 1338 1365 (-424 320 272 ) (-424 240 272 ) (-504 240 272 ) (-504 320 272 ) 
4 1338 1341 (-504 240 272 ) (-504 112 272 ) (-504 112 408 ) (-504 240 408 ) 
4 1339 1499 (-424 0 408 ) (-504 0 408 ) (-504 0 272 ) (-424 0 272 ) 
4 1339 1377 (-424 16 272 ) (-424 0 272 ) (-504 0 272 ) (-504 16 272 ) 
4 1339 1342 (-504 16 272 ) (-504 0 272 ) (-504 0 408 ) (-504 16 408 ) 
4 1340 1361 (-520 568 272 ) (-504 568 272 ) (-504 336 272 ) (-520 336 272 ) 
4 1340 1343 (-520 568 408 ) (-520 568 272 ) (-520 336 272 ) (-520 336 408 ) 
4 1341 1371 (-504 240 272 ) (-504 112 272 ) (-520 112 272 ) (-520 240 272 ) 
4 1341 1343 (-520 240 272 ) (-520 112 272 ) (-520 112 408 ) (-520 240 408 ) 
4 1342 1499 (-504 0 408 ) (-520 0 408 ) (-520 0 272 ) (-504 0 272 ) 
4 1342 1377 (-504 16 272 ) (-504 0 272 ) (-520 0 272 ) (-520 16 272 ) 
4 1342 1343 (-520 16 272 ) (-520 0 272 ) (-520 0 408 ) (-520 16 408 ) 
4 1343 1499 (-520 0 408 ) (-688 0 408 ) (-688 0 272 ) (-520 0 272 ) 
4 1343 1378 (-520 32 272 ) (-520 0 272 ) (-688 0 272 ) (-688 32 272 ) 
4 1343 1373 (-520 112 272 ) (-520 32 272 ) (-688 32 272 ) (-688 112 272 ) 
4 1343 1372 (-520 240 272 ) (-520 112 272 ) (-688 112 272 ) (-688 240 272 ) 
4 1343 1366 (-520 320 272 ) (-520 240 272 ) (-688 240 272 ) (-688 320 272 ) 
4 1343 1362 (-688 568 272 ) (-520 568 272 ) (-520 320 272 ) (-688 320 272 ) 
4 1343 1346 (-688 96 272 ) (-688 0 272 ) (-688 0 408 ) (-688 96 408 ) 
4 1343 1344 (-688 568 408 ) (-688 568 272 ) (-688 256 272 ) (-688 256 408 ) 
4 1343 1345 (-688 240 272 ) (-688 112 272 ) (-688 112 408 ) (-688 240 408 ) 
4 1344 1367 (-688 320 272 ) (-688 256 272 ) (-776 256 272 ) (-776 320 272 ) 
4 1344 1362 (-776 568 272 ) (-688 568 272 ) (-688 320 272 ) (-776 320 272 ) 
4 1344 1347 (-776 472 320 ) (-776 312 320 ) (-776 312 392 ) (-776 472 392 ) 
4 1345 1379 (-688 240 272 ) (-688 112 272 ) (-776 112 272 ) (-776 240 272 ) 
4 1345 1348 (-776 240 272 ) (-776 112 272 ) (-776 112 408 ) (-776 240 408 ) 
4 1346 1499 (-688 0 408 ) (-776 0 408 ) (-776 0 272 ) (-688 0 272 ) 
4 1346 1380 (-688 96 272 ) (-688 0 272 ) (-776 0 272 ) (-776 96 272 ) 
4 1347 1349 (-784 472 320 ) (-784 312 320 ) (-784 312 392 ) (-784 472 392 ) 
4 1348 1379 (-776 240 272 ) (-776 112 272 ) (-784 112 272 ) (-784 240 272 ) 
4 1348 1350 (-784 240 272 ) (-784 112 272 ) (-784 112 408 ) (-784 240 408 ) 
4 1349 1351 (-800 472 320 ) (-800 312 320 ) (-800 312 392 ) (-800 472 392 ) 
4 1350 1500 (-784 0 408 ) (-800 0 408 ) (-800 0 272 ) (-784 0 272 ) 
4 1350 1382 (-784 264 272 ) (-784 0 272 ) (-800 0 272 ) (-800 264 272 ) 
4 1350 1352 (-800 264 272 ) (-800 0 272 ) (-800 0 408 ) (-800 264 408 ) 
4 1351 1381 (-800 496 272 ) (-800 288 272 ) (-1008 288 272 ) (-1008 496 272 ) 
4 1352 1500 (-800 0 408 ) (-1016 0 408 ) (-1016 0 272 ) (-800 0 272 ) 
4 1352 1382 (-1016 264 272 ) (-800 264 272 ) (-800 0 272 ) (-1016 0 272 ) 
4 1354 1355 (-560 688 240 ) (-560 688 272 ) (-560 848 272 ) (-560 848 240 ) 
4 1356 1357 (-768 592 240 ) (-768 592 272 ) (-768 656 272 ) (-768 656 240 ) 
4 1358 1363 (-176 320 232 ) (0 320 232 ) (0 320 272 ) (-176 320 272 ) 
4 1358 1359 (-176 568 272 ) (-176 568 232 ) (-176 336 232 ) (-176 336 272 ) 
4 1359 1360 (-272 568 272 ) (-272 568 232 ) (-272 336 232 ) (-272 336 272 ) 
4 1360 1361 (-424 568 272 ) (-424 568 232 ) (-424 336 232 ) (-424 336 272 ) 
4 1361 1362 (-520 568 272 ) (-520 568 232 ) (-520 336 232 ) (-520 336 272 ) 
4 1362 1367 (-776 320 232 ) (-688 320 232 ) (-688 320 272 ) (-776 320 272 ) 
4 1362 1366 (-688 320 232 ) (-520 320 232 ) (-520 320 272 ) (-688 320 272 ) 
4 1363 1364 (-176 248 232 ) (0 248 232 ) (0 248 272 ) (-176 248 272 ) 
4 1364 1368 (-176 240 232 ) (0 240 232 ) (0 240 272 ) (-176 240 272 ) 
4 1365 1370 (-504 240 232 ) (-192 240 232 ) (-192 240 272 ) (-504 240 272 ) 
4 1366 1372 (-688 240 232 ) (-520 240 232 ) (-520 240 272 ) (-688 240 272 ) 
4 1366 1367 (-688 320 272 ) (-688 320 232 ) (-688 256 232 ) (-688 256 272 ) 
4 1368 1369 (-176 104 232 ) (0 104 232 ) (0 104 272 ) (-176 104 272 ) 
4 1369 1374 (-176 32 232 ) (0 32 232 ) (0 32 272 ) (-176 32 272 ) 
4 1370 1371 (-504 240 272 ) (-504 240 232 ) (-504 112 232 ) (-504 112 272 ) 
4 1371 1372 (-520 240 272 ) (-520 240 232 ) (-520 112 232 ) (-520 112 272 ) 
4 1372 1379 (-688 240 272 ) (-688 240 232 ) (-688 112 232 ) (-688 112 272 ) 
4 1372 1373 (-688 112 272 ) (-688 112 232 ) (-520 112 232 ) (-520 112 272 ) 
4 1373 1380 (-688 96 232 ) (-688 32 232 ) (-688 32 272 ) (-688 96 272 ) 
4 1373 1378 (-688 32 272 ) (-688 32 232 ) (-520 32 232 ) (-520 32 272 ) 
4 1374 1496 (0 0 232 ) (0 0 272 ) (-176 0 272 ) (-176 0 232 ) 
4 1374 1375 (-176 16 232 ) (-176 0 232 ) (-176 0 272 ) (-176 16 272 ) 
4 1375 1496 (-176 0 272 ) (-272 0 272 ) (-272 0 232 ) (-176 0 232 ) 
4 1375 1376 (-272 16 232 ) (-272 0 232 ) (-272 0 272 ) (-272 16 272 ) 
4 1376 1499 (-352 0 272 ) (-424 0 272 ) (-424 0 232 ) (-352 0 232 ) 
4 1376 1496 (-272 0 272 ) (-352 0 272 ) (-352 0 232 ) (-272 0 232 ) 
4 1376 1377 (-424 16 232 ) (-424 0 232 ) (-424 0 272 ) (-424 16 272 ) 
4 1377 1499 (-424 0 272 ) (-520 0 272 ) (-520 0 232 ) (-424 0 232 ) 
4 1377 1378 (-520 16 232 ) (-520 0 232 ) (-520 0 272 ) (-520 16 272 ) 
4 1378 1499 (-520 0 272 ) (-688 0 272 ) (-688 0 232 ) (-520 0 232 ) 
4 1378 1380 (-688 32 232 ) (-688 0 232 ) (-688 0 272 ) (-688 32 272 ) 
4 1379 1382 (-784 240 232 ) (-784 112 232 ) (-784 112 272 ) (-784 240 272 ) 
4 1380 1499 (-688 0 272 ) (-776 0 272 ) (-776 0 232 ) (-688 0 232 ) 
4 1381 1395 (-800 488 232 ) (-800 288 232 ) (-1008 288 232 ) (-1008 488 232 ) 
4 1381 1389 (-1008 496 232 ) (-800 496 232 ) (-800 488 232 ) (-1008 488 232 ) 
4 1382 1500 (-784 0 272 ) (-1016 0 272 ) (-1016 0 232 ) (-784 0 232 ) 
4 1383 1399 (-128 1024 88 ) (0 1024 88 ) (0 1008 88 ) (-128 1008 88 ) 
4 1383 1384 (-128 1008 88 ) (0 1008 88 ) (0 1008 120 ) (-128 1008 120 ) 
4 1384 1401 (0 1008 88 ) (0 488 88 ) (-352 488 88 ) (-352 1008 88 ) 
4 1384 1390 (-352 488 88 ) (0 488 88 ) (0 488 208 ) (-352 488 208 ) 
4 1385 1386 (-1016 1016 216 ) (-1016 1016 128 ) (-944 1016 128 ) (-944 1016 216 ) 
4 1386 1407 (-384 1008 88 ) (-384 568 88 ) (-1016 568 88 ) (-1016 1008 88 ) 
4 1386 1406 (-944 1008 88 ) (-1016 1008 88 ) (-1016 1016 88 ) (-944 1016 88 ) 
4 1386 1404 (-864 1008 88 ) (-944 1008 88 ) (-944 1016 88 ) (-864 1016 88 ) 
4 1386 1403 (-384 1016 88 ) (-384 1008 88 ) (-864 1008 88 ) (-864 1016 88 ) 
4 1386 1387 (-1016 568 216 ) (-1016 568 88 ) (-384 568 88 ) (-384 568 216 ) 
4 1387 1407 (-384 568 88 ) (-384 536 88 ) (-1016 536 88 ) (-1016 568 88 ) 
4 1387 1388 (-752 536 88 ) (-384 536 88 ) (-384 536 216 ) (-752 536 216 ) 
4 1388 1416 (-384 496 88 ) (-384 488 88 ) (-752 488 88 ) (-752 496 88 ) 
4 1388 1415 (-512 496 88 ) (-752 496 88 ) (-752 528 88 ) (-512 528 88 ) 
4 1388 1413 (-464 496 88 ) (-512 496 88 ) (-512 528 88 ) (-464 528 88 ) 
4 1388 1412 (-384 528 88 ) (-384 496 88 ) (-464 496 88 ) (-464 528 88 ) 
4 1388 1409 (-752 536 88 ) (-384 536 88 ) (-384 528 88 ) (-752 528 88 ) 
4 1388 1392 (-464 488 88 ) (-424 488 88 ) (-424 488 144 ) (-464 488 144 ) 
4 1389 1427 (-1008 496 88 ) (-800 496 88 ) (-800 488 88 ) (-1008 488 88 ) 
4 1389 1395 (-1008 488 88 ) (-800 488 88 ) (-800 488 232 ) (-1008 488 232 ) 
4 1390 1497 (0 0 88 ) (0 0 208 ) (-352 0 208 ) (-352 0 88 ) 
4 1390 1401 (-352 488 88 ) (0 488 88 ) (0 0 88 ) (-352 0 88 ) 
4 1390 1391 (-352 56 88 ) (-352 0 88 ) (-352 0 144 ) (-352 56 144 ) 
4 1391 1402 (-352 56 88 ) (-352 0 88 ) (-368 0 88 ) (-368 56 88 ) 
4 1391 1394 (-368 56 88 ) (-368 0 88 ) (-368 0 144 ) (-368 56 144 ) 
4 1392 1420 (-464 488 88 ) (-424 488 88 ) (-424 472 88 ) (-464 472 88 ) 
4 1392 1393 (-464 472 88 ) (-424 472 88 ) (-424 472 144 ) (-464 472 144 ) 
4 1393 1428 (-760 72 88 ) (-760 288 88 ) (-376 288 88 ) (-376 72 88 ) 
4 1393 1424 (-760 288 88 ) (-760 472 88 ) (-384 472 88 ) (-384 288 88 ) 
4 1393 1423 (-384 472 88 ) (-376 472 88 ) (-376 288 88 ) (-384 288 88 ) 
4 1393 1396 (-760 232 88 ) (-760 160 88 ) (-760 160 144 ) (-760 232 144 ) 
4 1394 1429 (-368 56 88 ) (-368 0 88 ) (-760 0 88 ) (-760 56 88 ) 
4 1394 1398 (-760 56 88 ) (-760 0 88 ) (-760 0 144 ) (-760 56 144 ) 
4 1395 1427 (-1008 488 88 ) (-800 488 88 ) (-800 288 88 ) (-1008 288 88 ) 
4 1396 1430 (-960 232 88 ) (-760 232 88 ) (-760 160 88 ) (-960 160 88 ) 
4 1396 1397 (-880 160 144 ) (-960 160 144 ) (-960 160 88 ) (-880 160 88 ) 
4 1397 1431 (-880 56 88 ) (-960 56 88 ) (-960 160 88 ) (-880 160 88 ) 
4 1397 1398 (-960 56 88 ) (-880 56 88 ) (-880 56 144 ) (-960 56 144 ) 
4 1398 1439 (-1024 56 88 ) (-1024 16 88 ) (-1024 16 144 ) (-1024 56 144 ) 
4 1398 1432 (-1024 0 88 ) (-1024 56 88 ) (-760 56 88 ) (-760 0 88 ) 
4 1399 1401 (0 1008 8 ) (0 1008 88 ) (-128 1008 88 ) (-128 1008 8 ) 
4 1400 1401 (-160 1008 -224 ) (-160 1008 -16 ) (-304 1008 -16 ) (-304 1008 -224 ) 
4 1401 1497 (0 0 -224 ) (0 0 88 ) (-352 0 88 ) (-352 0 -224 ) 
4 1401 1402 (-352 0 32 ) (-352 0 88 ) (-352 56 88 ) (-352 56 32 ) 
4 1402 1429 (-368 0 32 ) (-368 0 88 ) (-368 56 88 ) (-368 56 32 ) 
4 1403 1407 (-384 1008 88 ) (-864 1008 88 ) (-864 1008 32 ) (-384 1008 32 ) 
4 1403 1404 (-864 1008 32 ) (-864 1008 88 ) (-864 1016 88 ) (-864 1016 32 ) 
4 1404 1407 (-864 1008 88 ) (-944 1008 88 ) (-944 1008 32 ) (-864 1008 32 ) 
4 1404 1406 (-944 1008 32 ) (-944 1008 88 ) (-944 1016 88 ) (-944 1016 32 ) 
4 1405 1408 (-944 1008 -112 ) (-944 1008 -224 ) (-864 1008 -224 ) (-864 1008 -112 ) 
4 1406 1407 (-944 1008 32 ) (-944 1008 88 ) (-1016 1008 88 ) (-1016 1008 32 ) 
4 1407 1409 (-384 536 32 ) (-384 536 88 ) (-752 536 88 ) (-752 536 32 ) 
4 1408 1433 (-1008 1008 -320 ) (-384 1008 -320 ) (-384 536 -320 ) (-1008 536 -320 ) 
4 1408 1411 (-1008 536 -320 ) (-752 536 -320 ) (-752 536 -16 ) (-1008 536 -16 ) 
4 1408 1410 (-752 536 -320 ) (-384 536 -320 ) (-384 536 -16 ) (-752 536 -16 ) 
4 1409 1415 (-512 528 88 ) (-752 528 88 ) (-752 528 32 ) (-512 528 32 ) 
4 1409 1413 (-464 528 88 ) (-512 528 88 ) (-512 528 32 ) (-464 528 32 ) 
4 1409 1412 (-384 528 32 ) (-384 528 88 ) (-464 528 88 ) (-464 528 32 ) 
4 1410 1433 (-752 536 -320 ) (-384 536 -320 ) (-384 528 -320 ) (-752 528 -320 ) 
4 1410 1414 (-464 528 -224 ) (-464 528 -128 ) (-512 528 -128 ) (-512 528 -224 ) 
4 1410 1411 (-752 536 -16 ) (-752 536 -320 ) (-752 528 -320 ) (-752 528 -16 ) 
4 1411 1433 (-1008 536 -320 ) (-752 536 -320 ) (-752 528 -320 ) (-1008 528 -320 ) 
4 1412 1416 (-384 496 32 ) (-384 496 88 ) (-464 496 88 ) (-464 496 32 ) 
4 1412 1413 (-464 528 88 ) (-464 528 32 ) (-464 496 32 ) (-464 496 88 ) 
4 1413 1416 (-464 496 32 ) (-464 496 88 ) (-512 496 88 ) (-512 496 32 ) 
4 1413 1415 (-512 528 88 ) (-512 528 32 ) (-512 496 32 ) (-512 496 88 ) 
4 1414 1417 (-464 496 -224 ) (-464 496 -128 ) (-512 496 -128 ) (-512 496 -224 ) 
4 1415 1416 (-512 496 32 ) (-512 496 88 ) (-752 496 88 ) (-752 496 32 ) 
4 1416 1420 (-424 488 88 ) (-464 488 88 ) (-464 488 64 ) (-424 488 64 ) 
4 1417 1422 (-464 488 -112 ) (-752 488 -112 ) (-752 488 -224 ) (-464 488 -224 ) 
4 1417 1421 (-424 488 -112 ) (-464 488 -112 ) (-464 488 -224 ) (-424 488 -224 ) 
4 1417 1419 (-384 488 -224 ) (-384 488 -112 ) (-424 488 -112 ) (-424 488 -224 ) 
4 1417 1418 (-752 496 -112 ) (-752 496 -224 ) (-752 488 -224 ) (-752 488 -112 ) 
4 1418 1426 (-760 496 -112 ) (-760 496 -224 ) (-760 488 -224 ) (-760 488 -112 ) 
4 1418 1422 (-760 488 -112 ) (-760 488 -224 ) (-752 488 -224 ) (-752 488 -112 ) 
4 1419 1425 (-384 472 -224 ) (-384 472 -112 ) (-424 472 -112 ) (-424 472 -224 ) 
4 1419 1421 (-424 488 -112 ) (-424 488 -224 ) (-424 472 -224 ) (-424 472 -112 ) 
4 1420 1424 (-424 472 64 ) (-424 472 88 ) (-464 472 88 ) (-464 472 64 ) 
4 1421 1425 (-424 472 -224 ) (-424 472 -112 ) (-464 472 -112 ) (-464 472 -224 ) 
4 1421 1422 (-464 488 -112 ) (-464 488 -224 ) (-464 472 -224 ) (-464 472 -112 ) 
4 1422 1426 (-760 472 -224 ) (-760 472 -112 ) (-760 488 -112 ) (-760 488 -224 ) 
4 1422 1425 (-760 472 -112 ) (-760 472 -224 ) (-464 472 -224 ) (-464 472 -112 ) 
4 1423 1428 (-376 288 32 ) (-376 288 88 ) (-384 288 88 ) (-384 288 32 ) 
4 1423 1424 (-384 472 88 ) (-384 472 32 ) (-384 288 32 ) (-384 288 88 ) 
4 1424 1428 (-384 288 32 ) (-384 288 88 ) (-760 288 88 ) (-760 288 32 ) 
4 1425 1426 (-760 288 -224 ) (-760 288 -112 ) (-760 472 -112 ) (-760 472 -224 ) 
4 1426 1427 (-800 496 -112 ) (-800 496 -224 ) (-800 288 -224 ) (-800 288 -112 ) 
4 1427 1435 (-1008 496 -320 ) (-800 496 -320 ) (-800 288 -320 ) (-1008 288 -320 ) 
4 1428 1430 (-760 232 32 ) (-760 160 32 ) (-760 160 88 ) (-760 232 88 ) 
4 1429 1432 (-760 0 32 ) (-760 0 88 ) (-760 56 88 ) (-760 56 32 ) 
4 1430 1431 (-960 160 88 ) (-960 160 32 ) (-880 160 32 ) (-880 160 88 ) 
4 1431 1432 (-880 56 32 ) (-880 56 88 ) (-960 56 88 ) (-960 56 32 ) 
4 1432 1452 (-1024 16 88 ) (-1024 56 88 ) (-1024 56 32 ) (-1024 16 32 ) 
4 1436 1443 (-1040 256 896 ) (-1040 56 896 ) (-1040 56 992 ) (-1040 256 992 ) 
4 1437 1443 (-1040 408 688 ) (-1040 364 688 ) (-1040 364 748 ) (-1040 408 748 ) 
4 1438 1443 (-1040 76 688 ) (-1040 36 688 ) (-1040 36 748 ) (-1040 76 748 ) 
4 1439 1452 (-1024 56 88 ) (-1024 16 88 ) (-1040 16 88 ) (-1040 56 88 ) 
4 1439 1443 (-1040 56 88 ) (-1040 16 88 ) (-1040 16 144 ) (-1040 56 144 ) 
4 1440 1445 (-1328 1008 896 ) (-1488 1008 896 ) (-1488 1008 784 ) (-1328 1008 784 ) 
4 1440 1443 (-1088 1008 896 ) (-1328 1008 896 ) (-1328 1008 784 ) (-1088 1008 784 ) 
4 1441 1450 (-1760 1008 520 ) (-2000 1008 520 ) (-2000 1008 456 ) (-1760 1008 456 ) 
4 1442 1444 (-1328 1008 2032 ) (-1328 1008 1040 ) (-1328 16 1040 ) (-1328 16 2032 ) 
4 1443 1453 (-1040 1008 88 ) (-1040 16 88 ) (-1328 16 88 ) (-1328 1008 88 ) 
4 1443 1448 (-1328 304 88 ) (-1328 16 88 ) (-1328 16 1008 ) (-1328 304 1008 ) 
4 1443 1447 (-1328 720 88 ) (-1328 304 88 ) (-1328 304 1008 ) (-1328 720 1008 ) 
4 1443 1445 (-1328 1008 1008 ) (-1328 1008 88 ) (-1328 720 88 ) (-1328 720 1008 ) 
4 1444 1449 (-1744 1008 2032 ) (-1744 1008 1040 ) (-1744 16 1040 ) (-1744 16 2032 ) 
4 1444 1446 (-1744 304 1040 ) (-1744 720 1040 ) (-1328 720 1040 ) (-1328 304 1040 ) 
4 1445 1453 (-1744 720 88 ) (-1744 1008 88 ) (-1328 1008 88 ) (-1328 720 88 ) 
4 1445 1450 (-1744 1008 1008 ) (-1744 1008 88 ) (-1744 720 88 ) (-1744 720 1008 ) 
4 1445 1447 (-1328 720 88 ) (-1328 720 1008 ) (-1744 720 1008 ) (-1744 720 88 ) 
4 1446 1447 (-1328 304 1008 ) (-1744 304 1008 ) (-1744 720 1008 ) (-1328 720 1008 ) 
4 1447 1453 (-1744 304 88 ) (-1744 720 88 ) (-1328 720 88 ) (-1328 304 88 ) 
4 1447 1450 (-1744 720 88 ) (-1744 304 88 ) (-1744 304 1008 ) (-1744 720 1008 ) 
4 1447 1448 (-1328 304 88 ) (-1328 304 1008 ) (-1744 304 1008 ) (-1744 304 88 ) 
4 1448 1453 (-1328 16 88 ) (-1744 16 88 ) (-1744 304 88 ) (-1328 304 88 ) 
4 1448 1451 (-1648 16 272 ) (-1648 16 392 ) (-1744 16 392 ) (-1744 16 272 ) 
4 1448 1450 (-1744 304 88 ) (-1744 16 88 ) (-1744 16 1008 ) (-1744 304 1008 ) 
4 1450 1453 (-1744 16 88 ) (-2032 16 88 ) (-2032 1008 88 ) (-1744 1008 88 ) 
4 1450 1451 (-1744 16 272 ) (-1744 16 392 ) (-1968 16 392 ) (-1968 16 272 ) 
4 1451 1503 (-1968 0 392 ) (-1968 0 272 ) (-1648 0 272 ) (-1648 0 392 ) 
4 1452 1453 (-1040 16 88 ) (-1040 56 88 ) (-1040 56 32 ) (-1040 16 32 ) 
4 1455 1488 (-240 -224 1200 ) (-416 -224 1200 ) (-416 -224 1024 ) (-240 -224 1024 ) 
4 1455 1486 (-176 -224 1200 ) (-240 -224 1200 ) (-240 -224 1024 ) (-176 -224 1024 ) 
4 1455 1485 (0 -224 1024 ) (0 -224 1200 ) (-176 -224 1200 ) (-176 -224 1024 ) 
4 1455 1456 (-416 0 1024 ) (-416 -208 1024 ) (-416 -208 1200 ) (-416 0 1200 ) 
4 1456 1457 (-560 0 1024 ) (-560 -80 1024 ) (-560 -80 1200 ) (-560 0 1200 ) 
4 1458 1461 (-576 -208 848 ) (-576 -208 1008 ) (-576 -96 1008 ) (-576 -96 848 ) 
4 1458 1460 (-576 -96 1008 ) (-576 0 1008 ) (-576 0 848 ) (-576 -96 848 ) 
4 1459 1477 (0 -96 800 ) (0 -208 800 ) (-576 -208 800 ) (-576 -96 800 ) 
4 1459 1467 (-576 0 800 ) (0 0 800 ) (0 -96 800 ) (-576 -96 800 ) 
4 1459 1462 (-576 -96 800 ) (-576 -208 800 ) (-576 -208 816 ) (-576 -96 816 ) 
4 1460 1461 (-768 -96 1008 ) (-768 -96 848 ) (-576 -96 848 ) (-576 -96 1008 ) 
4 1461 1463 (-768 -96 992 ) (-768 -96 896 ) (-768 -176 896 ) (-768 -176 992 ) 
4 1462 1480 (-768 -208 800 ) (-768 -96 800 ) (-576 -96 800 ) (-576 -208 800 ) 
4 1463 1465 (-784 -176 896 ) (-784 -176 992 ) (-784 -96 992 ) (-784 -96 896 ) 
4 1465 1466 (-800 -96 992 ) (-800 -96 896 ) (-800 -176 896 ) (-800 -176 992 ) 
4 1466 1484 (-800 -224 1216 ) (-800 -224 1296 ) (-896 -224 1296 ) (-896 -224 1216 ) 
4 1466 1482 (-800 -224 800 ) (-1008 -224 800 ) (-1008 -96 800 ) (-800 -96 800 ) 
4 1467 1477 (0 -96 648 ) (0 -96 800 ) (-576 -96 800 ) (-576 -96 648 ) 
4 1467 1469 (-352 -96 648 ) (-576 -96 648 ) (-576 0 648 ) (-352 0 648 ) 
4 1467 1468 (0 -96 648 ) (-352 -96 648 ) (-352 0 648 ) (0 0 648 ) 
4 1468 1478 (-352 -96 624 ) (0 -96 624 ) (0 -96 648 ) (-352 -96 648 ) 
4 1468 1469 (-352 0 624 ) (-352 -96 624 ) (-352 -96 648 ) (-352 0 648 ) 
4 1469 1479 (-576 -96 624 ) (-352 -96 624 ) (-352 -96 648 ) (-576 -96 648 ) 
4 1470 1471 (-672 0 624 ) (-672 -64 624 ) (-672 -64 784 ) (-672 0 784 ) 
4 1471 1472 (-736 -64 624 ) (-672 -64 624 ) (-672 -64 736 ) (-736 -64 736 ) 
4 1472 1480 (-736 -96 624 ) (-672 -96 624 ) (-672 -96 736 ) (-736 -96 736 ) 
4 1473 1475 (-672 0 448 ) (-672 -64 448 ) (-672 -64 576 ) (-672 0 576 ) 
4 1473 1474 (-672 -64 576 ) (-672 -64 448 ) (0 -64 448 ) (0 -64 576 ) 
4 1474 1483 (-672 -96 448 ) (0 -96 448 ) (0 -96 576 ) (-672 -96 576 ) 
4 1474 1475 (-672 -64 448 ) (-672 -96 448 ) (-672 -96 576 ) (-672 -64 576 ) 
4 1475 1483 (-736 -96 448 ) (-672 -96 448 ) (-672 -96 576 ) (-736 -96 576 ) 
4 1475 1476 (-736 0 448 ) (-736 -96 448 ) (-736 -96 576 ) (-736 0 576 ) 
4 1476 1483 (-1008 -96 576 ) (-1008 -96 448 ) (-736 -96 448 ) (-736 -96 576 ) 
4 1477 1479 (-352 -208 648 ) (-576 -208 648 ) (-576 -96 648 ) (-352 -96 648 ) 
4 1477 1478 (0 -208 648 ) (-352 -208 648 ) (-352 -96 648 ) (0 -96 648 ) 
4 1477 1480 (-576 -96 800 ) (-576 -96 648 ) (-576 -208 648 ) (-576 -208 800 ) 
4 1478 1479 (-352 -96 624 ) (-352 -208 624 ) (-352 -208 648 ) (-352 -96 648 ) 
4 1479 1480 (-576 -96 648 ) (-576 -96 624 ) (-576 -208 624 ) (-576 -208 648 ) 
4 1480 1481 (-768 -96 800 ) (-768 -96 688 ) (-768 -176 688 ) (-768 -176 800 ) 
4 1481 1482 (-800 -96 800 ) (-800 -96 688 ) (-800 -176 688 ) (-800 -176 800 ) 
4 1482 1483 (-800 -224 576 ) (-1008 -224 576 ) (-1008 -96 576 ) (-800 -96 576 ) 
4 1483 1489 (-752 -224 560 ) (-752 -224 448 ) (-288 -224 448 ) (-288 -224 560 ) 
4 1483 1487 (-240 -224 560 ) (-240 -224 448 ) (-176 -224 448 ) (-176 -224 560 ) 
4 1484 1490 (-896 -240 1296 ) (-896 -240 1216 ) (-800 -240 1216 ) (-800 -240 1296 ) 
4 1485 1492 (0 -240 1024 ) (0 -240 1200 ) (-176 -240 1200 ) (-176 -240 1024 ) 
4 1485 1486 (-176 -240 1024 ) (-176 -240 1200 ) (-176 -224 1200 ) (-176 -224 1024 ) 
4 1486 1492 (-176 -240 1024 ) (-176 -240 1200 ) (-240 -240 1200 ) (-240 -240 1024 ) 
4 1486 1488 (-240 -240 1024 ) (-240 -240 1200 ) (-240 -224 1200 ) (-240 -224 1024 ) 
4 1487 1495 (-176 -240 448 ) (-176 -240 560 ) (-240 -240 560 ) (-240 -240 448 ) 
4 1488 1492 (-240 -240 1024 ) (-240 -240 1200 ) (-416 -240 1200 ) (-416 -240 1024 ) 
4 1489 1495 (-288 -240 560 ) (-752 -240 560 ) (-752 -240 448 ) (-288 -240 448 ) 
4 1490 1493 (-128 -384 1216 ) (-128 -896 1216 ) (-896 -896 1216 ) (-896 -384 1216 ) 
4 1490 1491 (-392 -240 1216 ) (-288 -240 1216 ) (-288 -344 1216 ) (-392 -344 1216 ) 
4 1491 1492 (-392 -344 1200 ) (-392 -240 1200 ) (-288 -240 1200 ) (-288 -344 1200 ) 
4 1493 1494 (-896 -896 1024 ) (-896 -384 1024 ) (-128 -384 1024 ) (-128 -896 1024 ) 
4 1494 1495 (-128 -384 1008 ) (-128 -896 1008 ) (-896 -896 1008 ) (-896 -384 1008 ) 
4 1495 1502 (0 -1024 416 ) (-1024 -1024 416 ) (-1024 -240 416 ) (0 -240 416 ) 
4 1496 1499 (-352 -216 232 ) (-352 -216 408 ) (-352 0 408 ) (-352 0 232 ) 
4 1497 1498 (-352 -16 -224 ) (0 -16 -224 ) (0 -16 208 ) (-352 -16 208 ) 
4 1500 1501 (-784 -8 232 ) (-784 -8 408 ) (-1016 -8 408 ) (-1016 -8 232 ) 
4 1501 1504 (-1024 -208 232 ) (-1024 -208 408 ) (-1024 -8 408 ) (-1024 -8 232 ) 
4 1503 1504 (-1648 -8 272 ) (-1648 -8 392 ) (-1968 -8 392 ) (-1968 -8 272 ) 
4 1505 1507 (-2720 960 656 ) (-2720 960 544 ) (-2720 896 544 ) (-2720 896 656 ) 
4 1505 1506 (-2480 848 544 ) (-2352 848 544 ) (-2352 848 752 ) (-2480 848 752 ) 
4 1507 1513 (-2736 896 544 ) (-2736 896 656 ) (-2736 960 656 ) (-2736 960 544 ) 
4 1508 1513 (-2872 1008 544 ) (-2872 1008 624 ) (-2920 1008 624 ) (-2920 1008 544 ) 
4 1509 1512 (-3056 1008 976 ) (-2936 1008 976 ) (-2936 512 976 ) (-3056 512 976 ) 
4 1509 1511 (-2936 1008 976 ) (-2856 1008 976 ) (-2856 512 976 ) (-2936 512 976 ) 
4 1509 1510 (-2856 1008 976 ) (-2736 1008 976 ) (-2736 512 976 ) (-2856 512 976 ) 
4 1510 1513 (-2856 1008 728 ) (-2736 1008 728 ) (-2736 512 728 ) (-2856 512 728 ) 
4 1510 1511 (-2856 1008 728 ) (-2856 512 728 ) (-2856 512 976 ) (-2856 1008 976 ) 
4 1511 1513 (-2936 1008 728 ) (-2856 1008 728 ) (-2856 512 728 ) (-2936 512 728 ) 
4 1511 1512 (-2936 1008 728 ) (-2936 512 728 ) (-2936 512 976 ) (-2936 1008 976 ) 
4 1512 1513 (-3056 1008 728 ) (-2936 1008 728 ) (-2936 512 728 ) (-3056 512 728 ) 
