
==================================================================
Date: 2026-09-29 11:12:45
W:\Programs\Steam\steamapps\common\GarrysMod\bin\win64\vbspplusplus.exe -allowdynamicpropsasstatic -game W:\Programs\Steam\steamapps\common\GarrysMod\garrysmod w:\programs\steam\steamapps\common\garrysmod\garrysmod\addons\garrysmodmap\maps\gmm_garrymod_map_by_woowz_real_rp_normal
==================================================================
16 threads
---------------
gamedir: W:\Programs\Steam\steamapps\common\GarrysMod\garrysmod\
---------------
Loading w:\programs\steam\steamapps\common\garrysmod\garrysmod\addons\garrysmodmap\maps\gmm_garrymod_map_by_woowz_real_rp_normal.vmf
Can't find surfaceprop antlion_eggshell for material NATURE/ROCKWALL_ANTLION03A, using default
Locating GameData file 'garrysmod.fgd'...
Parsing GameData file w:\programs\steam\steamapps\common\garrysmod\bin\garrysmod.fgd
Parsing GameData file w:\programs\steam\steamapps\common\garrysmod\bin\base.fgd
Parsing GameData file w:\programs\steam\steamapps\common\garrysmod\bin\halflife2.fgd
Parsing GameData file w:\programs\steam\steamapps\common\garrysmod\bin\base.fgd
fixing up env_cubemap materials on brush sides...
FloodEntities...
FloodEntities...
Processing areas...done (0)
Building Faces...done (0)
Chop Details...done (0)
Find Visible Detail Sides...
Merged 1176 detail faces...done (0)
Merging details...done (0)
FixTjuncs...
PruneNodes...
WriteBSP...
done (0)
writing w:\programs\steam\steamapps\common\garrysmod\garrysmod\addons\garrysmodmap\maps\gmm_garrymod_map_by_woowz_real_rp_normal.prt...
Building visibility clusters...
done (0)
Generating blank default cubemaps...
Generating blank default cubemaps...
Emitted 4482 brushes and 28317 brushsides
Finding displacement neighbors...
Finding lightmap sample positions...
Building Physics collision data...
done (1) (1458127 bytes)
Emitting static props...
Model "models/props_phx/construct/metal_wire1x2x2b.mdl" is missing $staticprop. Allowing due to -allowdynamicpropsasstatic
Model "models/props_phx/construct/metal_wire_angle360x2.mdl" is missing $staticprop. Allowing due to -allowdynamicpropsasstatic
Placing detail props : 0...1...2...3...4...5...6...7...8...9...10
Water found with no water_lod_control entity, creating a default one.
Compacting texture/material tables...
Reduced 2937 texinfos to 1706
Reduced 351 texdatas to 319 (11234 bytes to 8415)
Writing w:\programs\steam\steamapps\common\garrysmod\garrysmod\addons\garrysmodmap\maps\gmm_garrymod_map_by_woowz_real_rp_normal.bsp
3 seconds elapsed

==================================================================
Date: 2026-09-29 11:12:48
W:\Programs\Steam\steamapps\common\GarrysMod\bin\win64\vvisplusplus.exe -game W:\Programs\Steam\steamapps\common\GarrysMod\garrysmod w:\programs\steam\steamapps\common\garrysmod\garrysmod\addons\garrysmodmap\maps\gmm_garrymod_map_by_woowz_real_rp_normal
==================================================================
16 threads
CPU supports AVX2
reading w:\programs\steam\steamapps\common\garrysmod\garrysmod\addons\garrysmodmap\maps\gmm_garrymod_map_by_woowz_real_rp_normal.bsp
reading w:\programs\steam\steamapps\common\garrysmod\garrysmod\addons\garrysmodmap\maps\gmm_garrymod_map_by_woowz_real_rp_normal.prt
1539 portalclusters
2885 numportals
0...1...2...3...4...5...6...7...8...9...100...1...2...3...4...5...6...7...8...9...10Optimized: 274 visible clusters (0.33%)
Total clusters visible: 83163
Average clusters visible: 54
Building PAS...
Average clusters audible: 209
visdatasize:180425  compressed from 615600
writing w:\programs\steam\steamapps\common\garrysmod\garrysmod\addons\garrysmodmap\maps\gmm_garrymod_map_by_woowz_real_rp_normal.bsp
Wrote ZIP buffer, estimated size 132710, actual size 128476
0 seconds elapsed

==================================================================
Date: 2026-09-29 11:12:48
W:\Programs\Steam\steamapps\common\GarrysMod\bin\win64\vradplusplus.exe -both -final -game W:\Programs\Steam\steamapps\common\GarrysMod\garrysmod w:\programs\steam\steamapps\common\garrysmod\garrysmod\addons\garrysmodmap\maps\gmm_garrymod_map_by_woowz_real_rp_normal
==================================================================
---------------
gamedir: W:\Programs\Steam\steamapps\common\GarrysMod\garrysmod\
---------------
16 threads
Compiling in LDR+HDR mode
Reading texlights from 'lights.rad'...
53 texlights parsed
Loading w:\programs\steam\steamapps\common\garrysmod\garrysmod\addons\garrysmodmap\maps\gmm_garrymod_map_by_woowz_real_rp_normal.bsp
166 props added to raytrace
18181 faces
2 degenerate faces
524 fake patch planes
1993224 square feet [287024352.00 square inches]
4 Displacements
3259 Square Feet [469401.19 Square Inches]
0...1...2...3...4...5...6...7...8...9...1018179 patches before subdivision
217491 patches after subdivision
CreateDirectLights...
0...1...2...3...4...5...6...7...8...9...10572 lights, 7 styled (0.01 seconds)
0...1...2...3...4...5...6...7...8...9...100...1...2...3...4...5...6...7...8...9...10transfers 25427779, max 1077
transfer lists: 194.0 megs
0...1...2...3...4...5...6...7...8...9...10	Bounce #1 added RGB(1764653, 1365990, 974407)
0...1...2...3...4...5...6...7...8...9...10	Bounce #2 added RGB(490691, 368840, 252273)
0...1...2...3...4...5...6...7...8...9...10	Bounce #3 added RGB(161495, 120135, 79397)
0...1...2...3...4...5...6...7...8...9...10	Bounce #4 added RGB(59582, 43618, 27401)
0...1...2...3...4...5...6...7...8...9...10	Bounce #5 added RGB(23547, 16852, 10000)
0...1...2...3...4...5...6...7...8...9...10	Bounce #6 added RGB(9806, 6813, 3799)
0...1...2...3...4...5...6...7...8...9...10	Bounce #7 added RGB(4240, 2845, 1487)
0...1...2...3...4...5...6...7...8...9...10	Bounce #8 added RGB(1889, 1220, 596)
0...1...2...3...4...5...6...7...8...9...10	Bounce #9 added RGB(860, 533, 244)
0...1...2...3...4...5...6...7...8...9...10	Bounce #10 added RGB(399, 237, 101)
0...1...2...3...4...5...6...7...8...9...10	Bounce #11 added RGB(187, 107, 42)
0...1...2...3...4...5...6...7...8...9...10	Bounce #12 added RGB(89, 48, 18)
0...1...2...3...4...5...6...7...8...9...10	Bounce #13 added RGB(42, 22, 8)
0...1...2...3...4...5...6...7...8...9...10	Bounce #14 added RGB(20, 10, 3)
0...1...2...3...4...5...6...7...8...9...10	Bounce #15 added RGB(10, 5, 1)
0...1...2...3...4...5...6...7...8...9...10	Bounce #16 added RGB(5, 2, 1)
0...1...2...3...4...5...6...7...8...9...10	Bounce #17 added RGB(2, 1, 0)
0...1...2...3...4...5...6...7...8...9...10	Bounce #18 added RGB(1, 0, 0)
0...1...2...3...4...5...6...7...8...9...10	Bounce #19 added RGB(1, 0, 0)
Build Patch/Sample Hash Table(s).....Done<0.1404 sec>
0...1...2...3...4...5...6...7...8...9...10FinalLightFace Done
0...1...2...3...4...5...6...7...8...9...10Setting up leaf ambient computation...
115 of 411 (27% of) surface lights went in leaf ambient cubes.
0...1...2...3...4...5...6...7...8...9...10Writing leaf ambient...done
Ready to Finish

Object names       Objects/Maxobjs  Fullness 
------------       ---------------  -------- 
entities              1243/65536    ( 1.9%) 
models                 157/4096     ( 3.8%) 
brushes               4482/65536    ( 6.8%) 
brushsides           28317/655350   ( 4.3%) 
planes                5630/65536    ( 8.6%) 
vertexes             31876/65536    (48.6%) 
nodes                 5039/65536    ( 7.7%) 
texinfos              1706/32768    ( 5.2%) 
texdata                319/8192     ( 3.9%) 
dispinfos                4/16384    ( 0.0%) 
faces                18181/65536    (27.7%) 
hdr faces            18181/65536    (27.7%) 
origfaces             9331/65536    (14.2%) 
leaves                5197/65536    ( 7.9%) 
leaffaces            21667/65536    (33.1%) 
leafbrushes           9256/65536    (14.1%) 
areas                   89/1024     ( 8.7%) 
surfedges            89009/512000   (17.4%) 
edges                50157/256000   (19.6%) 
leafwaterdata           15/32768    ( 0.0%) 
primitives            2754/32768    ( 8.4%) 
primverts                0/65536    ( 0.0%) 
primindices          42888/65536    (65.4%) 
cubemapsamples           0/1024     ( 0.0%) 
overlays                70/8192     ( 0.9%) 
vertnormalindices    88859/256000   (34.7%) 
visdata             180425/16777216 ( 1.1%) 
entdata             439299/393216   (111.7%) FULL!!!
LDR ambient table     5197/65536    ( 7.9%) 
HDR ambient table     5197/65536    ( 7.9%) 
LDR worldlights            0       
HDR worldlights            572     
LDR lightdata              0       
HDR lightdata              37412800
LDR leaf ambient           5197    
HDR leaf ambient           16820   
occluders                  0       
occluder polygons          0       
occluder vert ind          0       
detail props               1140    
dtl prp lght               4       
HDR dtl prp lght           4       
static props               22086   
pakfile                    128476  
physics                    1458127 
physics terrain            1376    

Level flags = 0

Total triangle count: 52497
Writing w:\programs\steam\steamapps\common\garrysmod\garrysmod\addons\garrysmodmap\maps\gmm_garrymod_map_by_woowz_real_rp_normal.bsp
9 seconds elapsed

==================================================================
Date: 2026-09-29 11:24:44
W:\Programs\Steam\steamapps\common\GarrysMod\bin\win64\vbspplusplus.exe -allowdynamicpropsasstatic -game W:\Programs\Steam\steamapps\common\GarrysMod\garrysmod w:\programs\steam\steamapps\common\garrysmod\garrysmod\addons\garrysmodmap\maps\gmm_garrymod_map_by_woowz_real_rp_normal
==================================================================
16 threads
---------------
gamedir: W:\Programs\Steam\steamapps\common\GarrysMod\garrysmod\
---------------
Loading w:\programs\steam\steamapps\common\garrysmod\garrysmod\addons\garrysmodmap\maps\gmm_garrymod_map_by_woowz_real_rp_normal.vmf
Can't find surfaceprop antlion_eggshell for material NATURE/ROCKWALL_ANTLION03A, using default
Locating GameData file 'garrysmod.fgd'...
Parsing GameData file w:\programs\steam\steamapps\common\garrysmod\bin\garrysmod.fgd
Parsing GameData file w:\programs\steam\steamapps\common\garrysmod\bin\base.fgd
Parsing GameData file w:\programs\steam\steamapps\common\garrysmod\bin\halflife2.fgd
Parsing GameData file w:\programs\steam\steamapps\common\garrysmod\bin\base.fgd
fixing up env_cubemap materials on brush sides...
FloodEntities...
FloodEntities...
Processing areas...done (0)
Building Faces...done (1)
Chop Details...done (0)
Find Visible Detail Sides...
Merged 1156 detail faces...done (0)
Merging details...done (0)
FixTjuncs...
PruneNodes...
WriteBSP...
done (0)
writing w:\programs\steam\steamapps\common\garrysmod\garrysmod\addons\garrysmodmap\maps\gmm_garrymod_map_by_woowz_real_rp_normal.prt...
Building visibility clusters...
done (0)
Generating blank default cubemaps...
Generating blank default cubemaps...
Emitted 4444 brushes and 28015 brushsides
Finding displacement neighbors...
Finding lightmap sample positions...
Building Physics collision data...
done (0) (1445630 bytes)
Emitting static props...
Model "models/props_phx/construct/metal_wire1x2x2b.mdl" is missing $staticprop. Allowing due to -allowdynamicpropsasstatic
Model "models/props_phx/construct/metal_wire_angle360x2.mdl" is missing $staticprop. Allowing due to -allowdynamicpropsasstatic
Placing detail props : 0...1...2...3...4...5...6...7...8...9...10
Water found with no water_lod_control entity, creating a default one.
Compacting texture/material tables...
Reduced 2878 texinfos to 1661
Reduced 347 texdatas to 314 (11221 bytes to 8278)
Writing w:\programs\steam\steamapps\common\garrysmod\garrysmod\addons\garrysmodmap\maps\gmm_garrymod_map_by_woowz_real_rp_normal.bsp
2 seconds elapsed

==================================================================
Date: 2026-09-29 11:24:47
W:\Programs\Steam\steamapps\common\GarrysMod\bin\win64\vvisplusplus.exe -game W:\Programs\Steam\steamapps\common\GarrysMod\garrysmod w:\programs\steam\steamapps\common\garrysmod\garrysmod\addons\garrysmodmap\maps\gmm_garrymod_map_by_woowz_real_rp_normal
==================================================================
16 threads
CPU supports AVX2
reading w:\programs\steam\steamapps\common\garrysmod\garrysmod\addons\garrysmodmap\maps\gmm_garrymod_map_by_woowz_real_rp_normal.bsp
reading w:\programs\steam\steamapps\common\garrysmod\garrysmod\addons\garrysmodmap\maps\gmm_garrymod_map_by_woowz_real_rp_normal.prt
1533 portalclusters
2883 numportals
0...1...2...3...4...5...6...7...8...9...100...1...2...3...4...5...6...7...8...9...10Optimized: 265 visible clusters (0.32%)
Total clusters visible: 82472
Average clusters visible: 53
Building PAS...
Average clusters audible: 203
visdatasize:175873  compressed from 588672
writing w:\programs\steam\steamapps\common\garrysmod\garrysmod\addons\garrysmodmap\maps\gmm_garrymod_map_by_woowz_real_rp_normal.bsp
Wrote ZIP buffer, estimated size 133349, actual size 128981
0 seconds elapsed

==================================================================
Date: 2026-09-29 11:24:47
W:\Programs\Steam\steamapps\common\GarrysMod\bin\win64\vradplusplus.exe -both -final -game W:\Programs\Steam\steamapps\common\GarrysMod\garrysmod w:\programs\steam\steamapps\common\garrysmod\garrysmod\addons\garrysmodmap\maps\gmm_garrymod_map_by_woowz_real_rp_normal
==================================================================
---------------
gamedir: W:\Programs\Steam\steamapps\common\GarrysMod\garrysmod\
---------------
16 threads
Compiling in LDR+HDR mode
Reading texlights from 'lights.rad'...
53 texlights parsed
Loading w:\programs\steam\steamapps\common\garrysmod\garrysmod\addons\garrysmodmap\maps\gmm_garrymod_map_by_woowz_real_rp_normal.bsp
166 props added to raytrace
17984 faces
1 degenerate faces
500 fake patch planes
1973309 square feet [284156576.00 square inches]
4 Displacements
3259 Square Feet [469401.19 Square Inches]
0...1...2...3...4...5...6...7...8...9...1017983 patches before subdivision
214905 patches after subdivision
CreateDirectLights...
0...1...2...3...4...5...6...7...8...9...10569 lights, 6 styled (0.01 seconds)
0...1...2...3...4...5...6...7...8...9...100...1...2...3...4...5...6...7...8...9...10transfers 25095820, max 1077
transfer lists: 191.5 megs
0...1...2...3...4...5...6...7...8...9...10	Bounce #1 added RGB(1770930, 1372327, 981434)
0...1...2...3...4...5...6...7...8...9...10	Bounce #2 added RGB(491710, 370315, 254859)
0...1...2...3...4...5...6...7...8...9...10	Bounce #3 added RGB(161537, 120295, 80083)
0...1...2...3...4...5...6...7...8...9...10	Bounce #4 added RGB(59484, 43549, 27520)
0...1...2...3...4...5...6...7...8...9...10	Bounce #5 added RGB(23480, 16790, 9985)
0...1...2...3...4...5...6...7...8...9...10	Bounce #6 added RGB(9770, 6779, 3772)
0...1...2...3...4...5...6...7...8...9...10	Bounce #7 added RGB(4222, 2829, 1469)
0...1...2...3...4...5...6...7...8...9...10	Bounce #8 added RGB(1881, 1212, 586)
0...1...2...3...4...5...6...7...8...9...10	Bounce #9 added RGB(857, 530, 239)
0...1...2...3...4...5...6...7...8...9...10	Bounce #10 added RGB(397, 236, 99)
0...1...2...3...4...5...6...7...8...9...10	Bounce #11 added RGB(187, 106, 41)
0...1...2...3...4...5...6...7...8...9...10	Bounce #12 added RGB(88, 48, 17)
0...1...2...3...4...5...6...7...8...9...10	Bounce #13 added RGB(42, 22, 7)
0...1...2...3...4...5...6...7...8...9...10	Bounce #14 added RGB(20, 10, 3)
0...1...2...3...4...5...6...7...8...9...10	Bounce #15 added RGB(10, 5, 1)
0...1...2...3...4...5...6...7...8...9...10	Bounce #16 added RGB(5, 2, 1)
0...1...2...3...4...5...6...7...8...9...10	Bounce #17 added RGB(2, 1, 0)
0...1...2...3...4...5...6...7...8...9...10	Bounce #18 added RGB(1, 0, 0)
0...1...2...3...4...5...6...7...8...9...10	Bounce #19 added RGB(1, 0, 0)
Build Patch/Sample Hash Table(s).....Done<0.0933 sec>
0...1...2...3...4...5...6...7...8...9...10FinalLightFace Done
0...1...2...3...4...5...6...7...8...9...10Setting up leaf ambient computation...
115 of 410 (28% of) surface lights went in leaf ambient cubes.
0...1...2...3...4...5...6...7...8...9...10Writing leaf ambient...done
Ready to Finish

Object names       Objects/Maxobjs  Fullness 
------------       ---------------  -------- 
entities              1220/65536    ( 1.9%) 
models                 153/4096     ( 3.7%) 
brushes               4444/65536    ( 6.8%) 
brushsides           28015/655350   ( 4.3%) 
planes                5408/65536    ( 8.3%) 
vertexes             31555/65536    (48.1%) 
nodes                 5002/65536    ( 7.6%) 
texinfos              1661/32768    ( 5.1%) 
texdata                314/8192     ( 3.8%) 
dispinfos                4/16384    ( 0.0%) 
faces                17984/65536    (27.4%) 
hdr faces            17984/65536    (27.4%) 
origfaces             9201/65536    (14.0%) 
leaves                5156/65536    ( 7.9%) 
leaffaces            21471/65536    (32.8%) 
leafbrushes           9193/65536    (14.0%) 
areas                   91/1024     ( 8.9%) 
surfedges            88034/512000   (17.2%) 
edges                49595/256000   (19.4%) 
leafwaterdata           16/32768    ( 0.0%) 
primitives            2719/32768    ( 8.3%) 
primverts                0/65536    ( 0.0%) 
primindices          42285/65536    (64.5%) 
cubemapsamples           0/1024     ( 0.0%) 
overlays                69/8192     ( 0.8%) 
vertnormalindices    87887/256000   (34.3%) 
visdata             175873/16777216 ( 1.0%) 
entdata             432258/393216   (109.9%) FULL!!!
LDR ambient table     5156/65536    ( 7.9%) 
HDR ambient table     5156/65536    ( 7.9%) 
LDR worldlights            0       
HDR worldlights            569     
LDR lightdata              0       
HDR lightdata              36504416
LDR leaf ambient           5156    
HDR leaf ambient           16748   
occluders                  0       
occluder polygons          0       
occluder vert ind          0       
detail props               1140    
dtl prp lght               4       
HDR dtl prp lght           4       
static props               22086   
pakfile                    128981  
physics                    1445630 
physics terrain            1376    

Level flags = 0

Total triangle count: 51919
Writing w:\programs\steam\steamapps\common\garrysmod\garrysmod\addons\garrysmodmap\maps\gmm_garrymod_map_by_woowz_real_rp_normal.bsp
8 seconds elapsed

==================================================================
Date: 2026-09-29 11:29:05
W:\Programs\Steam\steamapps\common\GarrysMod\bin\win64\vbspplusplus.exe -allowdynamicpropsasstatic -game W:\Programs\Steam\steamapps\common\GarrysMod\garrysmod w:\programs\steam\steamapps\common\garrysmod\garrysmod\addons\garrysmodmap\maps\gmm_garrymod_map_by_woowz_real_rp_normal
==================================================================
16 threads
---------------
gamedir: W:\Programs\Steam\steamapps\common\GarrysMod\garrysmod\
---------------
Loading w:\programs\steam\steamapps\common\garrysmod\garrysmod\addons\garrysmodmap\maps\gmm_garrymod_map_by_woowz_real_rp_normal.vmf
Can't find surfaceprop antlion_eggshell for material NATURE/ROCKWALL_ANTLION03A, using default
Locating GameData file 'garrysmod.fgd'...
Parsing GameData file w:\programs\steam\steamapps\common\garrysmod\bin\garrysmod.fgd
Parsing GameData file w:\programs\steam\steamapps\common\garrysmod\bin\base.fgd
Parsing GameData file w:\programs\steam\steamapps\common\garrysmod\bin\halflife2.fgd
Parsing GameData file w:\programs\steam\steamapps\common\garrysmod\bin\base.fgd
fixing up env_cubemap materials on brush sides...
FloodEntities...
FloodEntities...
Processing areas...done (0)
Building Faces...done (1)
Chop Details...done (0)
Find Visible Detail Sides...
Merged 1150 detail faces...done (0)
Merging details...done (0)
FixTjuncs...
PruneNodes...
WriteBSP...
done (0)
writing w:\programs\steam\steamapps\common\garrysmod\garrysmod\addons\garrysmodmap\maps\gmm_garrymod_map_by_woowz_real_rp_normal.prt...
Building visibility clusters...
done (0)
Generating blank default cubemaps...
Generating blank default cubemaps...
Emitted 4445 brushes and 28027 brushsides
Finding displacement neighbors...
Finding lightmap sample positions...
Building Physics collision data...
done (0) (1446070 bytes)
Emitting static props...
Model "models/props_phx/construct/metal_wire1x2x2b.mdl" is missing $staticprop. Allowing due to -allowdynamicpropsasstatic
Model "models/props_phx/construct/metal_wire_angle360x2.mdl" is missing $staticprop. Allowing due to -allowdynamicpropsasstatic
Placing detail props : 0...1...2...3...4...5...6...7...8...9...10
Water found with no water_lod_control entity, creating a default one.
Compacting texture/material tables...
Reduced 2885 texinfos to 1668
Reduced 347 texdatas to 314 (11221 bytes to 8278)
Writing w:\programs\steam\steamapps\common\garrysmod\garrysmod\addons\garrysmodmap\maps\gmm_garrymod_map_by_woowz_real_rp_normal.bsp
2 seconds elapsed

==================================================================
Date: 2026-09-29 11:29:08
W:\Programs\Steam\steamapps\common\GarrysMod\bin\win64\vvisplusplus.exe -game W:\Programs\Steam\steamapps\common\GarrysMod\garrysmod w:\programs\steam\steamapps\common\garrysmod\garrysmod\addons\garrysmodmap\maps\gmm_garrymod_map_by_woowz_real_rp_normal
==================================================================
16 threads
CPU supports AVX2
reading w:\programs\steam\steamapps\common\garrysmod\garrysmod\addons\garrysmodmap\maps\gmm_garrymod_map_by_woowz_real_rp_normal.bsp
reading w:\programs\steam\steamapps\common\garrysmod\garrysmod\addons\garrysmodmap\maps\gmm_garrymod_map_by_woowz_real_rp_normal.prt
1541 portalclusters
2915 numportals
0...1...2...3...4...5...6...7...8...9...100...1...2...3...4...5...6...7...8...9...10Optimized: 281 visible clusters (0.34%)
Total clusters visible: 83170
Average clusters visible: 53
Building PAS...
Average clusters audible: 204
visdatasize:177144  compressed from 616400
writing w:\programs\steam\steamapps\common\garrysmod\garrysmod\addons\garrysmodmap\maps\gmm_garrymod_map_by_woowz_real_rp_normal.bsp
Wrote ZIP buffer, estimated size 133349, actual size 128981
0 seconds elapsed

==================================================================
Date: 2026-09-29 11:29:08
W:\Programs\Steam\steamapps\common\GarrysMod\bin\win64\vradplusplus.exe -both -final -game W:\Programs\Steam\steamapps\common\GarrysMod\garrysmod w:\programs\steam\steamapps\common\garrysmod\garrysmod\addons\garrysmodmap\maps\gmm_garrymod_map_by_woowz_real_rp_normal
==================================================================
---------------
gamedir: W:\Programs\Steam\steamapps\common\GarrysMod\garrysmod\
---------------
16 threads
Compiling in LDR+HDR mode
Reading texlights from 'lights.rad'...
53 texlights parsed
Loading w:\programs\steam\steamapps\common\garrysmod\garrysmod\addons\garrysmodmap\maps\gmm_garrymod_map_by_woowz_real_rp_normal.bsp
166 props added to raytrace
17997 faces
1 degenerate faces
500 fake patch planes
1973754 square feet [284220576.00 square inches]
4 Displacements
3259 Square Feet [469401.19 Square Inches]
0...1...2...3...4...5...6...7...8...9...1017996 patches before subdivision
215058 patches after subdivision
CreateDirectLights...
0...1...2...3...4...5...6...7...8...9...10569 lights, 6 styled (0.01 seconds)
0...1...2...3...4...5...6...7...8...9...100...1...2...3...4...5...6...7...8...9...10transfers 25102754, max 1077
transfer lists: 191.5 megs
0...1...2...3...4...5...6...7...8...9...10	Bounce #1 added RGB(1770982, 1372402, 981510)
0...1...2...3...4...5...6...7...8...9...10	Bounce #2 added RGB(491685, 370285, 254784)
0...1...2...3...4...5...6...7...8...9...10	Bounce #3 added RGB(161531, 120282, 80028)
0...1...2...3...4...5...6...7...8...9...10	Bounce #4 added RGB(59482, 43545, 27493)
0...1...2...3...4...5...6...7...8...9...10	Bounce #5 added RGB(23479, 16789, 9974)
0...1...2...3...4...5...6...7...8...9...10	Bounce #6 added RGB(9770, 6778, 3768)
0...1...2...3...4...5...6...7...8...9...10	Bounce #7 added RGB(4222, 2829, 1467)
0...1...2...3...4...5...6...7...8...9...10	Bounce #8 added RGB(1881, 1212, 586)
0...1...2...3...4...5...6...7...8...9...10	Bounce #9 added RGB(857, 530, 239)
0...1...2...3...4...5...6...7...8...9...10	Bounce #10 added RGB(397, 236, 99)
0...1...2...3...4...5...6...7...8...9...10	Bounce #11 added RGB(187, 106, 41)
0...1...2...3...4...5...6...7...8...9...10	Bounce #12 added RGB(88, 48, 17)
0...1...2...3...4...5...6...7...8...9...10	Bounce #13 added RGB(42, 22, 7)
0...1...2...3...4...5...6...7...8...9...10	Bounce #14 added RGB(20, 10, 3)
0...1...2...3...4...5...6...7...8...9...10	Bounce #15 added RGB(10, 5, 1)
0...1...2...3...4...5...6...7...8...9...10	Bounce #16 added RGB(5, 2, 1)
0...1...2...3...4...5...6...7...8...9...10	Bounce #17 added RGB(2, 1, 0)
0...1...2...3...4...5...6...7...8...9...10	Bounce #18 added RGB(1, 0, 0)
0...1...2...3...4...5...6...7...8...9...10	Bounce #19 added RGB(1, 0, 0)
Build Patch/Sample Hash Table(s).....Done<0.0962 sec>
0...1...2...3...4...5...6...7...8...9...10FinalLightFace Done
0...1...2...3...4...5...6...7...8...9...10Setting up leaf ambient computation...
115 of 410 (28% of) surface lights went in leaf ambient cubes.
0...1...2...3...4...5...6...7...8...9...10Writing leaf ambient...done
Ready to Finish

Object names       Objects/Maxobjs  Fullness 
------------       ---------------  -------- 
entities              1220/65536    ( 1.9%) 
models                 153/4096     ( 3.7%) 
brushes               4445/65536    ( 6.8%) 
brushsides           28027/655350   ( 4.3%) 
planes                5416/65536    ( 8.3%) 
vertexes             31568/65536    (48.2%) 
nodes                 5012/65536    ( 7.6%) 
texinfos              1668/32768    ( 5.1%) 
texdata                314/8192     ( 3.8%) 
dispinfos                4/16384    ( 0.0%) 
faces                17997/65536    (27.5%) 
hdr faces            17997/65536    (27.5%) 
origfaces             9219/65536    (14.1%) 
leaves                5166/65536    ( 7.9%) 
leaffaces            21629/65536    (33.0%) 
leafbrushes           9224/65536    (14.1%) 
areas                   91/1024     ( 8.9%) 
surfedges            88098/512000   (17.2%) 
edges                49660/256000   (19.4%) 
leafwaterdata           16/32768    ( 0.0%) 
primitives            2732/32768    ( 8.3%) 
primverts                0/65536    ( 0.0%) 
primindices          42555/65536    (64.9%) 
cubemapsamples           0/1024     ( 0.0%) 
overlays                69/8192     ( 0.8%) 
vertnormalindices    87951/256000   (34.4%) 
visdata             177144/16777216 ( 1.1%) 
entdata             432258/393216   (109.9%) FULL!!!
LDR ambient table     5166/65536    ( 7.9%) 
HDR ambient table     5166/65536    ( 7.9%) 
LDR worldlights            0       
HDR worldlights            569     
LDR lightdata              0       
HDR lightdata              36522972
LDR leaf ambient           5166    
HDR leaf ambient           16847   
occluders                  0       
occluder polygons          0       
occluder vert ind          0       
detail props               1140    
dtl prp lght               4       
HDR dtl prp lght           4       
static props               22086   
pakfile                    128981  
physics                    1446070 
physics terrain            1376    

Level flags = 0

Total triangle count: 51957
Writing w:\programs\steam\steamapps\common\garrysmod\garrysmod\addons\garrysmodmap\maps\gmm_garrymod_map_by_woowz_real_rp_normal.bsp
8 seconds elapsed

==================================================================
Date: 2026-09-29 11:33:44
W:\Programs\Steam\steamapps\common\GarrysMod\bin\win64\vbspplusplus.exe -allowdynamicpropsasstatic -game W:\Programs\Steam\steamapps\common\GarrysMod\garrysmod w:\programs\steam\steamapps\common\garrysmod\garrysmod\addons\garrysmodmap\maps\gmm_garrymod_map_by_woowz_real_rp_normal
==================================================================
16 threads
---------------
gamedir: W:\Programs\Steam\steamapps\common\GarrysMod\garrysmod\
---------------
Loading w:\programs\steam\steamapps\common\garrysmod\garrysmod\addons\garrysmodmap\maps\gmm_garrymod_map_by_woowz_real_rp_normal.vmf
Can't find surfaceprop antlion_eggshell for material NATURE/ROCKWALL_ANTLION03A, using default
Locating GameData file 'garrysmod.fgd'...
Parsing GameData file w:\programs\steam\steamapps\common\garrysmod\bin\garrysmod.fgd
Parsing GameData file w:\programs\steam\steamapps\common\garrysmod\bin\base.fgd
Parsing GameData file w:\programs\steam\steamapps\common\garrysmod\bin\halflife2.fgd
Parsing GameData file w:\programs\steam\steamapps\common\garrysmod\bin\base.fgd
fixing up env_cubemap materials on brush sides...
FloodEntities...
FloodEntities...
Processing areas...done (0)
Building Faces...done (1)
Chop Details...done (0)
Find Visible Detail Sides...
Merged 1150 detail faces...done (0)
Merging details...done (0)
FixTjuncs...
PruneNodes...
WriteBSP...
done (0)
writing w:\programs\steam\steamapps\common\garrysmod\garrysmod\addons\garrysmodmap\maps\gmm_garrymod_map_by_woowz_real_rp_normal.prt...
Building visibility clusters...
done (0)
Generating blank default cubemaps...
Generating blank default cubemaps...
Emitted 4450 brushes and 28057 brushsides
Finding displacement neighbors...
Finding lightmap sample positions...
Building Physics collision data...
done (0) (1447598 bytes)
Emitting static props...
Model "models/props_phx/construct/metal_wire1x2x2b.mdl" is missing $staticprop. Allowing due to -allowdynamicpropsasstatic
Model "models/props_phx/construct/metal_wire_angle360x2.mdl" is missing $staticprop. Allowing due to -allowdynamicpropsasstatic
Placing detail props : 0...1...2...3...4...5...6...7...8...9...10
Water found with no water_lod_control entity, creating a default one.
Compacting texture/material tables...
Reduced 2890 texinfos to 1666
Reduced 347 texdatas to 314 (11221 bytes to 8278)
Writing w:\programs\steam\steamapps\common\garrysmod\garrysmod\addons\garrysmodmap\maps\gmm_garrymod_map_by_woowz_real_rp_normal.bsp
2 seconds elapsed

==================================================================
Date: 2026-09-29 11:33:47
W:\Programs\Steam\steamapps\common\GarrysMod\bin\win64\vvisplusplus.exe -game W:\Programs\Steam\steamapps\common\GarrysMod\garrysmod w:\programs\steam\steamapps\common\garrysmod\garrysmod\addons\garrysmodmap\maps\gmm_garrymod_map_by_woowz_real_rp_normal
==================================================================
16 threads
CPU supports AVX2
reading w:\programs\steam\steamapps\common\garrysmod\garrysmod\addons\garrysmodmap\maps\gmm_garrymod_map_by_woowz_real_rp_normal.bsp
reading w:\programs\steam\steamapps\common\garrysmod\garrysmod\addons\garrysmodmap\maps\gmm_garrymod_map_by_woowz_real_rp_normal.prt
1533 portalclusters
2883 numportals
0...1...2...3...4...5...6...7...8...9...100...1...2...3...4...5...6...7...8...9...10Optimized: 267 visible clusters (0.32%)
Total clusters visible: 82474
Average clusters visible: 53
Building PAS...
Average clusters audible: 203
visdatasize:175873  compressed from 588672
writing w:\programs\steam\steamapps\common\garrysmod\garrysmod\addons\garrysmodmap\maps\gmm_garrymod_map_by_woowz_real_rp_normal.bsp
Wrote ZIP buffer, estimated size 133349, actual size 128981
0 seconds elapsed

==================================================================
Date: 2026-09-29 11:33:47
W:\Programs\Steam\steamapps\common\GarrysMod\bin\win64\vradplusplus.exe -both -final -game W:\Programs\Steam\steamapps\common\GarrysMod\garrysmod w:\programs\steam\steamapps\common\garrysmod\garrysmod\addons\garrysmodmap\maps\gmm_garrymod_map_by_woowz_real_rp_normal
==================================================================
---------------
gamedir: W:\Programs\Steam\steamapps\common\GarrysMod\garrysmod\
---------------
16 threads
Compiling in LDR+HDR mode
Reading texlights from 'lights.rad'...
53 texlights parsed
Loading w:\programs\steam\steamapps\common\garrysmod\garrysmod\addons\garrysmodmap\maps\gmm_garrymod_map_by_woowz_real_rp_normal.bsp
166 props added to raytrace
17998 faces
1 degenerate faces
500 fake patch planes
1973679 square feet [284209824.00 square inches]
4 Displacements
3259 Square Feet [469401.19 Square Inches]
0...1...2...3...4...5...6...7...8...9...1017997 patches before subdivision
214963 patches after subdivision
CreateDirectLights...
0...1...2...3...4...5...6...7...8...9...10569 lights, 6 styled (0.01 seconds)
0...1...2...3...4...5...6...7...8...9...100...1...2...3...4...5...6...7...8...9...10transfers 25098091, max 1077
transfer lists: 191.5 megs
0...1...2...3...4...5...6...7...8...9...10	Bounce #1 added RGB(1774245, 1375315, 984161)
0...1...2...3...4...5...6...7...8...9...10	Bounce #2 added RGB(492299, 371171, 256580)
0...1...2...3...4...5...6...7...8...9...10	Bounce #3 added RGB(161710, 120558, 80861)
0...1...2...3...4...5...6...7...8...9...10	Bounce #4 added RGB(59536, 43630, 27835)
0...1...2...3...4...5...6...7...8...9...10	Bounce #5 added RGB(23498, 16817, 10107)
0...1...2...3...4...5...6...7...8...9...10	Bounce #6 added RGB(9776, 6787, 3818)
0...1...2...3...4...5...6...7...8...9...10	Bounce #7 added RGB(4224, 2832, 1485)
0...1...2...3...4...5...6...7...8...9...10	Bounce #8 added RGB(1882, 1213, 593)
0...1...2...3...4...5...6...7...8...9...10	Bounce #9 added RGB(857, 530, 241)
0...1...2...3...4...5...6...7...8...9...10	Bounce #10 added RGB(397, 236, 99)
0...1...2...3...4...5...6...7...8...9...10	Bounce #11 added RGB(187, 106, 42)
0...1...2...3...4...5...6...7...8...9...10	Bounce #12 added RGB(88, 48, 18)
0...1...2...3...4...5...6...7...8...9...10	Bounce #13 added RGB(42, 22, 7)
0...1...2...3...4...5...6...7...8...9...10	Bounce #14 added RGB(20, 10, 3)
0...1...2...3...4...5...6...7...8...9...10	Bounce #15 added RGB(10, 5, 1)
0...1...2...3...4...5...6...7...8...9...10	Bounce #16 added RGB(5, 2, 1)
0...1...2...3...4...5...6...7...8...9...10	Bounce #17 added RGB(2, 1, 0)
0...1...2...3...4...5...6...7...8...9...10	Bounce #18 added RGB(1, 0, 0)
0...1...2...3...4...5...6...7...8...9...10	Bounce #19 added RGB(1, 0, 0)
Build Patch/Sample Hash Table(s).....Done<0.0933 sec>
0...1...2...3...4...5...6...7...8...9...10FinalLightFace Done
0...1...2...3...4...5...6...7...8...9...10Setting up leaf ambient computation...
115 of 410 (28% of) surface lights went in leaf ambient cubes.
0...1...2...3...4...5...6...7...8...9...10Writing leaf ambient...done
Ready to Finish

Object names       Objects/Maxobjs  Fullness 
------------       ---------------  -------- 
entities              1219/65536    ( 1.9%) 
models                 153/4096     ( 3.7%) 
brushes               4450/65536    ( 6.8%) 
brushsides           28057/655350   ( 4.3%) 
planes                5412/65536    ( 8.3%) 
vertexes             31569/65536    (48.2%) 
nodes                 5002/65536    ( 7.6%) 
texinfos              1666/32768    ( 5.1%) 
texdata                314/8192     ( 3.8%) 
dispinfos                4/16384    ( 0.0%) 
faces                17998/65536    (27.5%) 
hdr faces            17998/65536    (27.5%) 
origfaces             9216/65536    (14.1%) 
leaves                5156/65536    ( 7.9%) 
leaffaces            21485/65536    (32.8%) 
leafbrushes           9199/65536    (14.0%) 
areas                   91/1024     ( 8.9%) 
surfedges            88112/512000   (17.2%) 
edges                49636/256000   (19.4%) 
leafwaterdata           16/32768    ( 0.0%) 
primitives            2726/32768    ( 8.3%) 
primverts                0/65536    ( 0.0%) 
primindices          42381/65536    (64.7%) 
cubemapsamples           0/1024     ( 0.0%) 
overlays                69/8192     ( 0.8%) 
vertnormalindices    87965/256000   (34.4%) 
visdata             175873/16777216 ( 1.0%) 
entdata             432141/393216   (109.9%) FULL!!!
LDR ambient table     5156/65536    ( 7.9%) 
HDR ambient table     5156/65536    ( 7.9%) 
LDR worldlights            0       
HDR worldlights            569     
LDR lightdata              0       
HDR lightdata              36466516
LDR leaf ambient           5156    
HDR leaf ambient           16747   
occluders                  0       
occluder polygons          0       
occluder vert ind          0       
detail props               1140    
dtl prp lght               4       
HDR dtl prp lght           4       
static props               22086   
pakfile                    128981  
physics                    1447598 
physics terrain            1376    

Level flags = 0

Total triangle count: 51969
Writing w:\programs\steam\steamapps\common\garrysmod\garrysmod\addons\garrysmodmap\maps\gmm_garrymod_map_by_woowz_real_rp_normal.bsp
8 seconds elapsed

==================================================================
Date: 2026-09-29 11:37:17
W:\Programs\Steam\steamapps\common\GarrysMod\bin\win64\vbspplusplus.exe -allowdynamicpropsasstatic -game W:\Programs\Steam\steamapps\common\GarrysMod\garrysmod w:\programs\steam\steamapps\common\garrysmod\garrysmod\addons\garrysmodmap\maps\gmm_garrymod_map_by_woowz_real_rp_normal
==================================================================
16 threads
---------------
gamedir: W:\Programs\Steam\steamapps\common\GarrysMod\garrysmod\
---------------
Loading w:\programs\steam\steamapps\common\garrysmod\garrysmod\addons\garrysmodmap\maps\gmm_garrymod_map_by_woowz_real_rp_normal.vmf
Can't find surfaceprop antlion_eggshell for material NATURE/ROCKWALL_ANTLION03A, using default
Locating GameData file 'garrysmod.fgd'...
Parsing GameData file w:\programs\steam\steamapps\common\garrysmod\bin\garrysmod.fgd
Parsing GameData file w:\programs\steam\steamapps\common\garrysmod\bin\base.fgd
Parsing GameData file w:\programs\steam\steamapps\common\garrysmod\bin\halflife2.fgd
Parsing GameData file w:\programs\steam\steamapps\common\garrysmod\bin\base.fgd
fixing up env_cubemap materials on brush sides...
FloodEntities...
FloodEntities...
Processing areas...done (0)
Building Faces...done (1)
Chop Details...done (0)
Find Visible Detail Sides...
Merged 1150 detail faces...done (0)
Merging details...done (0)
FixTjuncs...
PruneNodes...
WriteBSP...
done (0)
writing w:\programs\steam\steamapps\common\garrysmod\garrysmod\addons\garrysmodmap\maps\gmm_garrymod_map_by_woowz_real_rp_normal.prt...
Building visibility clusters...
done (0)
Generating blank default cubemaps...
Generating blank default cubemaps...
Emitted 4450 brushes and 28057 brushsides
Finding displacement neighbors...
Finding lightmap sample positions...
Building Physics collision data...
done (0) (1447598 bytes)
Emitting static props...
Model "models/props_phx/construct/metal_wire1x2x2b.mdl" is missing $staticprop. Allowing due to -allowdynamicpropsasstatic
Model "models/props_phx/construct/metal_wire_angle360x2.mdl" is missing $staticprop. Allowing due to -allowdynamicpropsasstatic
Placing detail props : 0...1...2...3...4...5...6...7...8...9...10
Water found with no water_lod_control entity, creating a default one.
Compacting texture/material tables...
Reduced 2894 texinfos to 1670
Reduced 349 texdatas to 316 (11316 bytes to 8373)
Writing w:\programs\steam\steamapps\common\garrysmod\garrysmod\addons\garrysmodmap\maps\gmm_garrymod_map_by_woowz_real_rp_normal.bsp
2 seconds elapsed

==================================================================
Date: 2026-09-29 11:37:19
W:\Programs\Steam\steamapps\common\GarrysMod\bin\win64\vvisplusplus.exe -game W:\Programs\Steam\steamapps\common\GarrysMod\garrysmod w:\programs\steam\steamapps\common\garrysmod\garrysmod\addons\garrysmodmap\maps\gmm_garrymod_map_by_woowz_real_rp_normal
==================================================================
16 threads
CPU supports AVX2
reading w:\programs\steam\steamapps\common\garrysmod\garrysmod\addons\garrysmodmap\maps\gmm_garrymod_map_by_woowz_real_rp_normal.bsp
reading w:\programs\steam\steamapps\common\garrysmod\garrysmod\addons\garrysmodmap\maps\gmm_garrymod_map_by_woowz_real_rp_normal.prt
1522 portalclusters
2844 numportals
0...1...2...3...4...5...6...7...8...9...100...1...2...3...4...5...6...7...8...9...10Optimized: 268 visible clusters (0.33%)
Total clusters visible: 81838
Average clusters visible: 53
Building PAS...
Average clusters audible: 202
visdatasize:173228  compressed from 584448
writing w:\programs\steam\steamapps\common\garrysmod\garrysmod\addons\garrysmodmap\maps\gmm_garrymod_map_by_woowz_real_rp_normal.bsp
Wrote ZIP buffer, estimated size 133349, actual size 128981
0 seconds elapsed

==================================================================
Date: 2026-09-29 11:37:19
W:\Programs\Steam\steamapps\common\GarrysMod\bin\win64\vradplusplus.exe -both -final -game W:\Programs\Steam\steamapps\common\GarrysMod\garrysmod w:\programs\steam\steamapps\common\garrysmod\garrysmod\addons\garrysmodmap\maps\gmm_garrymod_map_by_woowz_real_rp_normal
==================================================================
---------------
gamedir: W:\Programs\Steam\steamapps\common\GarrysMod\garrysmod\
---------------
16 threads
Compiling in LDR+HDR mode
Reading texlights from 'lights.rad'...
53 texlights parsed
Loading w:\programs\steam\steamapps\common\garrysmod\garrysmod\addons\garrysmodmap\maps\gmm_garrymod_map_by_woowz_real_rp_normal.bsp
166 props added to raytrace
17975 faces
3 degenerate faces
500 fake patch planes
1973678 square feet [284209760.00 square inches]
4 Displacements
3259 Square Feet [469401.19 Square Inches]
0...1...2...3...4...5...6...7...8...9...1017972 patches before subdivision
215262 patches after subdivision
CreateDirectLights...
0...1...2...3...4...5...6...7...8...9...10569 lights, 6 styled (0.01 seconds)
0...1...2...3...4...5...6...7...8...9...100...1...2...3...4...5...6...7...8...9...10transfers 25074420, max 1077
transfer lists: 191.3 megs
0...1...2...3...4...5...6...7...8...9...10	Bounce #1 added RGB(1769186, 1370393, 979040)
0...1...2...3...4...5...6...7...8...9...10	Bounce #2 added RGB(490691, 369288, 253388)
0...1...2...3...4...5...6...7...8...9...10	Bounce #3 added RGB(161188, 119903, 79311)
0...1...2...3...4...5...6...7...8...9...10	Bounce #4 added RGB(59394, 43437, 27193)
0...1...2...3...4...5...6...7...8...9...10	Bounce #5 added RGB(23459, 16761, 9860)
0...1...2...3...4...5...6...7...8...9...10	Bounce #6 added RGB(9766, 6772, 3727)
0...1...2...3...4...5...6...7...8...9...10	Bounce #7 added RGB(4222, 2827, 1453)
0...1...2...3...4...5...6...7...8...9...10	Bounce #8 added RGB(1881, 1212, 581)
0...1...2...3...4...5...6...7...8...9...10	Bounce #9 added RGB(857, 530, 237)
0...1...2...3...4...5...6...7...8...9...10	Bounce #10 added RGB(397, 236, 98)
0...1...2...3...4...5...6...7...8...9...10	Bounce #11 added RGB(187, 106, 41)
0...1...2...3...4...5...6...7...8...9...10	Bounce #12 added RGB(88, 48, 17)
0...1...2...3...4...5...6...7...8...9...10	Bounce #13 added RGB(42, 22, 7)
0...1...2...3...4...5...6...7...8...9...10	Bounce #14 added RGB(20, 10, 3)
0...1...2...3...4...5...6...7...8...9...10	Bounce #15 added RGB(10, 5, 1)
0...1...2...3...4...5...6...7...8...9...10	Bounce #16 added RGB(5, 2, 1)
0...1...2...3...4...5...6...7...8...9...10	Bounce #17 added RGB(2, 1, 0)
0...1...2...3...4...5...6...7...8...9...10	Bounce #18 added RGB(1, 0, 0)
0...1...2...3...4...5...6...7...8...9...10	Bounce #19 added RGB(1, 0, 0)
Build Patch/Sample Hash Table(s).....Done<0.0935 sec>
0...1...2...3...4...5...6...7...8...9...10FinalLightFace Done
0...1...2...3...4...5...6...7...8...9...10Setting up leaf ambient computation...
115 of 410 (28% of) surface lights went in leaf ambient cubes.
0...1...2...3...4...5...6...7...8...9...10Writing leaf ambient...done
Ready to Finish

Object names       Objects/Maxobjs  Fullness 
------------       ---------------  -------- 
entities              1219/65536    ( 1.9%) 
models                 153/4096     ( 3.7%) 
brushes               4450/65536    ( 6.8%) 
brushsides           28057/655350   ( 4.3%) 
planes                5412/65536    ( 8.3%) 
vertexes             31563/65536    (48.2%) 
nodes                 4980/65536    ( 7.6%) 
texinfos              1670/32768    ( 5.1%) 
texdata                316/8192     ( 3.9%) 
dispinfos                4/16384    ( 0.0%) 
faces                17975/65536    (27.4%) 
hdr faces            17975/65536    (27.4%) 
origfaces             9214/65536    (14.1%) 
leaves                5134/65536    ( 7.8%) 
leaffaces            21433/65536    (32.7%) 
leafbrushes           9165/65536    (14.0%) 
areas                   91/1024     ( 8.9%) 
surfedges            88096/512000   (17.2%) 
edges                49630/256000   (19.4%) 
leafwaterdata           16/32768    ( 0.0%) 
primitives            2741/32768    ( 8.4%) 
primverts                0/65536    ( 0.0%) 
primindices          42735/65536    (65.2%) 
cubemapsamples           0/1024     ( 0.0%) 
overlays                69/8192     ( 0.8%) 
vertnormalindices    87949/256000   (34.4%) 
visdata             173228/16777216 ( 1.0%) 
entdata             432141/393216   (109.9%) FULL!!!
LDR ambient table     5134/65536    ( 7.8%) 
HDR ambient table     5134/65536    ( 7.8%) 
LDR worldlights            0       
HDR worldlights            569     
LDR lightdata              0       
HDR lightdata              36261956
LDR leaf ambient           5134    
HDR leaf ambient           16684   
occluders                  0       
occluder polygons          0       
occluder vert ind          0       
detail props               1140    
dtl prp lght               4       
HDR dtl prp lght           4       
static props               22086   
pakfile                    128981  
physics                    1447598 
physics terrain            1376    

Level flags = 0

Total triangle count: 51999
Writing w:\programs\steam\steamapps\common\garrysmod\garrysmod\addons\garrysmodmap\maps\gmm_garrymod_map_by_woowz_real_rp_normal.bsp
8 seconds elapsed

==================================================================
Date: 2026-09-29 11:52:02
W:\Programs\Steam\steamapps\common\GarrysMod\bin\win64\vbspplusplus.exe -allowdynamicpropsasstatic -game W:\Programs\Steam\steamapps\common\GarrysMod\garrysmod w:\programs\steam\steamapps\common\garrysmod\garrysmod\addons\garrysmodmap\maps\gmm_garrymod_map_by_woowz_real_rp_normal
==================================================================
16 threads
---------------
gamedir: W:\Programs\Steam\steamapps\common\GarrysMod\garrysmod\
---------------
Loading w:\programs\steam\steamapps\common\garrysmod\garrysmod\addons\garrysmodmap\maps\gmm_garrymod_map_by_woowz_real_rp_normal.vmf
Can't find surfaceprop antlion_eggshell for material NATURE/ROCKWALL_ANTLION03A, using default
Overlay (decals/bunker_decal04) at (-128 -654 1676) has no faces assigned
Locating GameData file 'garrysmod.fgd'...
Parsing GameData file w:\programs\steam\steamapps\common\garrysmod\bin\garrysmod.fgd
Parsing GameData file w:\programs\steam\steamapps\common\garrysmod\bin\base.fgd
Parsing GameData file w:\programs\steam\steamapps\common\garrysmod\bin\halflife2.fgd
Parsing GameData file w:\programs\steam\steamapps\common\garrysmod\bin\base.fgd
fixing up env_cubemap materials on brush sides...
FloodEntities...
FloodEntities...
Processing areas...done (0)
Building Faces...done (1)
Chop Details...done (0)
Find Visible Detail Sides...
Merged 1050 detail faces...done (0)
Merging details...done (0)
FixTjuncs...
PruneNodes...
WriteBSP...
done (0)
writing w:\programs\steam\steamapps\common\garrysmod\garrysmod\addons\garrysmodmap\maps\gmm_garrymod_map_by_woowz_real_rp_normal.prt...
Building visibility clusters...
done (0)
Generating blank default cubemaps...
Generating blank default cubemaps...
Emitted 4459 brushes and 28046 brushsides
Finding displacement neighbors...
Finding lightmap sample positions...
Building Physics collision data...
done (0) (1449076 bytes)
Emitting static props...
Model "models/props_phx/construct/metal_wire1x2x2b.mdl" is missing $staticprop. Allowing due to -allowdynamicpropsasstatic
Model "models/props_phx/construct/metal_wire_angle360x2.mdl" is missing $staticprop. Allowing due to -allowdynamicpropsasstatic
Placing detail props : 0...1...2...3...4...5...6...7...8...9...10
Water found with no water_lod_control entity, creating a default one.
Compacting texture/material tables...
Reduced 2894 texinfos to 1665
Reduced 347 texdatas to 314 (11281 bytes to 8338)
Writing w:\programs\steam\steamapps\common\garrysmod\garrysmod\addons\garrysmodmap\maps\gmm_garrymod_map_by_woowz_real_rp_normal.bsp
2 seconds elapsed

==================================================================
Date: 2026-09-29 11:52:05
W:\Programs\Steam\steamapps\common\GarrysMod\bin\win64\vvisplusplus.exe -game W:\Programs\Steam\steamapps\common\GarrysMod\garrysmod w:\programs\steam\steamapps\common\garrysmod\garrysmod\addons\garrysmodmap\maps\gmm_garrymod_map_by_woowz_real_rp_normal
==================================================================
16 threads
CPU supports AVX2
reading w:\programs\steam\steamapps\common\garrysmod\garrysmod\addons\garrysmodmap\maps\gmm_garrymod_map_by_woowz_real_rp_normal.bsp
reading w:\programs\steam\steamapps\common\garrysmod\garrysmod\addons\garrysmodmap\maps\gmm_garrymod_map_by_woowz_real_rp_normal.prt
1522 portalclusters
2844 numportals
0...1...2...3...4...5...6...7...8...9...100...1...2...3...4...5...6...7...8...9...10Optimized: 268 visible clusters (0.33%)
Total clusters visible: 81838
Average clusters visible: 53
Building PAS...
Average clusters audible: 202
visdatasize:173228  compressed from 584448
writing w:\programs\steam\steamapps\common\garrysmod\garrysmod\addons\garrysmodmap\maps\gmm_garrymod_map_by_woowz_real_rp_normal.bsp
Wrote ZIP buffer, estimated size 133349, actual size 128981
0 seconds elapsed

==================================================================
Date: 2026-09-29 11:52:05
W:\Programs\Steam\steamapps\common\GarrysMod\bin\win64\vradplusplus.exe -both -final -game W:\Programs\Steam\steamapps\common\GarrysMod\garrysmod w:\programs\steam\steamapps\common\garrysmod\garrysmod\addons\garrysmodmap\maps\gmm_garrymod_map_by_woowz_real_rp_normal
==================================================================
---------------
gamedir: W:\Programs\Steam\steamapps\common\GarrysMod\garrysmod\
---------------
16 threads
Compiling in LDR+HDR mode
Reading texlights from 'lights.rad'...
53 texlights parsed
Loading w:\programs\steam\steamapps\common\garrysmod\garrysmod\addons\garrysmodmap\maps\gmm_garrymod_map_by_woowz_real_rp_normal.bsp
162 props added to raytrace
17877 faces
1 degenerate faces
506 fake patch planes
1972643 square feet [284060704.00 square inches]
4 Displacements
3259 Square Feet [469401.19 Square Inches]
0...1...2...3...4...5...6...7...8...9...1017876 patches before subdivision
213046 patches after subdivision
CreateDirectLights...
0...1...2...3...4...5...6...7...8...9...10569 lights, 6 styled (0.01 seconds)
0...1...2...3...4...5...6...7...8...9...100...1...2...3...4...5...6...7...8...9...10transfers 24665801, max 1077
transfer lists: 188.2 megs
0...1...2...3...4...5...6...7...8...9...10	Bounce #1 added RGB(1785677, 1379504, 964343)
0...1...2...3...4...5...6...7...8...9...10	Bounce #2 added RGB(499865, 376200, 250044)
0...1...2...3...4...5...6...7...8...9...10	Bounce #3 added RGB(164595, 122646, 78568)
0...1...2...3...4...5...6...7...8...9...10	Bounce #4 added RGB(60548, 44372, 27032)
0...1...2...3...4...5...6...7...8...9...10	Bounce #5 added RGB(23835, 17062, 9827)
0...1...2...3...4...5...6...7...8...9...10	Bounce #6 added RGB(9887, 6866, 3721)
0...1...2...3...4...5...6...7...8...9...10	Bounce #7 added RGB(4260, 2857, 1452)
0...1...2...3...4...5...6...7...8...9...10	Bounce #8 added RGB(1893, 1221, 581)
0...1...2...3...4...5...6...7...8...9...10	Bounce #9 added RGB(861, 533, 237)
0...1...2...3...4...5...6...7...8...9...10	Bounce #10 added RGB(398, 236, 98)
0...1...2...3...4...5...6...7...8...9...10	Bounce #11 added RGB(187, 106, 41)
0...1...2...3...4...5...6...7...8...9...10	Bounce #12 added RGB(89, 48, 17)
0...1...2...3...4...5...6...7...8...9...10	Bounce #13 added RGB(42, 22, 7)
0...1...2...3...4...5...6...7...8...9...10	Bounce #14 added RGB(20, 10, 3)
0...1...2...3...4...5...6...7...8...9...10	Bounce #15 added RGB(10, 5, 1)
0...1...2...3...4...5...6...7...8...9...10	Bounce #16 added RGB(5, 2, 1)
0...1...2...3...4...5...6...7...8...9...10	Bounce #17 added RGB(2, 1, 0)
0...1...2...3...4...5...6...7...8...9...10	Bounce #18 added RGB(1, 0, 0)
0...1...2...3...4...5...6...7...8...9...10	Bounce #19 added RGB(1, 0, 0)
Build Patch/Sample Hash Table(s).....Done<0.0933 sec>
0...1...2...3...4...5...6...7...8...9...10FinalLightFace Done
0...1...2...3...4...5...6...7...8...9...10Setting up leaf ambient computation...
115 of 410 (28% of) surface lights went in leaf ambient cubes.
0...1...2...3...4...5...6...7...8...9...10Writing leaf ambient...done
Ready to Finish

Object names       Objects/Maxobjs  Fullness 
------------       ---------------  -------- 
entities              1220/65536    ( 1.9%) 
models                 154/4096     ( 3.8%) 
brushes               4459/65536    ( 6.8%) 
brushsides           28046/655350   ( 4.3%) 
planes                5284/65536    ( 8.1%) 
vertexes             31427/65536    (48.0%) 
nodes                 4986/65536    ( 7.6%) 
texinfos              1665/32768    ( 5.1%) 
texdata                314/8192     ( 3.8%) 
dispinfos                4/16384    ( 0.0%) 
faces                17877/65536    (27.3%) 
hdr faces            17877/65536    (27.3%) 
origfaces             9203/65536    (14.0%) 
leaves                5141/65536    ( 7.8%) 
leaffaces            21373/65536    (32.6%) 
leafbrushes           9188/65536    (14.0%) 
areas                   91/1024     ( 8.9%) 
surfedges            87749/512000   (17.1%) 
edges                49451/256000   (19.3%) 
leafwaterdata           16/32768    ( 0.0%) 
primitives            2711/32768    ( 8.3%) 
primverts                0/65536    ( 0.0%) 
primindices          42732/65536    (65.2%) 
cubemapsamples           0/1024     ( 0.0%) 
overlays                68/8192     ( 0.8%) 
vertnormalindices    87601/256000   (34.2%) 
visdata             173228/16777216 ( 1.0%) 
entdata             432691/393216   (110.0%) FULL!!!
LDR ambient table     5141/65536    ( 7.8%) 
HDR ambient table     5141/65536    ( 7.8%) 
LDR worldlights            0       
HDR worldlights            569     
LDR lightdata              0       
HDR lightdata              35926616
LDR leaf ambient           5141    
HDR leaf ambient           16763   
occluders                  0       
occluder polygons          0       
occluder vert ind          0       
detail props               1140    
dtl prp lght               4       
HDR dtl prp lght           4       
static props               21450   
pakfile                    128981  
physics                    1449076 
physics terrain            1376    

Level flags = 0

Total triangle count: 51847
Writing w:\programs\steam\steamapps\common\garrysmod\garrysmod\addons\garrysmodmap\maps\gmm_garrymod_map_by_woowz_real_rp_normal.bsp
8 seconds elapsed

==================================================================
Date: 2026-09-29 11:57:30
W:\Programs\Steam\steamapps\common\GarrysMod\bin\win64\vbspplusplus.exe -allowdynamicpropsasstatic -game W:\Programs\Steam\steamapps\common\GarrysMod\garrysmod w:\programs\steam\steamapps\common\garrysmod\garrysmod\addons\garrysmodmap\maps\gmm_garrymod_map_by_woowz_real_rp_normal
==================================================================
16 threads
---------------
gamedir: W:\Programs\Steam\steamapps\common\GarrysMod\garrysmod\
---------------
Loading w:\programs\steam\steamapps\common\garrysmod\garrysmod\addons\garrysmodmap\maps\gmm_garrymod_map_by_woowz_real_rp_normal.vmf
Can't find surfaceprop antlion_eggshell for material NATURE/ROCKWALL_ANTLION03A, using default
Locating GameData file 'garrysmod.fgd'...
Parsing GameData file w:\programs\steam\steamapps\common\garrysmod\bin\garrysmod.fgd
Parsing GameData file w:\programs\steam\steamapps\common\garrysmod\bin\base.fgd
Parsing GameData file w:\programs\steam\steamapps\common\garrysmod\bin\halflife2.fgd
Parsing GameData file w:\programs\steam\steamapps\common\garrysmod\bin\base.fgd
fixing up env_cubemap materials on brush sides...
FloodEntities...
FloodEntities...
Processing areas...done (0)
Building Faces...done (1)
Chop Details...done (0)
Find Visible Detail Sides...
Merged 1050 detail faces...done (0)
Merging details...done (0)
FixTjuncs...
PruneNodes...
WriteBSP...
done (0)
writing w:\programs\steam\steamapps\common\garrysmod\garrysmod\addons\garrysmodmap\maps\gmm_garrymod_map_by_woowz_real_rp_normal.prt...
Building visibility clusters...
done (0)
Generating blank default cubemaps...
Generating blank default cubemaps...
Emitted 4445 brushes and 27938 brushsides
Finding displacement neighbors...
Finding lightmap sample positions...
Building Physics collision data...
done (0) (1443142 bytes)
Emitting static props...
Model "models/props_phx/construct/metal_wire1x2x2b.mdl" is missing $staticprop. Allowing due to -allowdynamicpropsasstatic
Model "models/props_phx/construct/metal_wire_angle360x2.mdl" is missing $staticprop. Allowing due to -allowdynamicpropsasstatic
Placing detail props : 0...1...2...3...4...5...6...7...8...9...10
Water found with no water_lod_control entity, creating a default one.
Compacting texture/material tables...
Reduced 2899 texinfos to 1659
Reduced 337 texdatas to 304 (11055 bytes to 8112)
Writing w:\programs\steam\steamapps\common\garrysmod\garrysmod\addons\garrysmodmap\maps\gmm_garrymod_map_by_woowz_real_rp_normal.bsp
2 seconds elapsed

==================================================================
Date: 2026-09-29 11:57:32
W:\Programs\Steam\steamapps\common\GarrysMod\bin\win64\vvisplusplus.exe -game W:\Programs\Steam\steamapps\common\GarrysMod\garrysmod w:\programs\steam\steamapps\common\garrysmod\garrysmod\addons\garrysmodmap\maps\gmm_garrymod_map_by_woowz_real_rp_normal
==================================================================
16 threads
CPU supports AVX2
reading w:\programs\steam\steamapps\common\garrysmod\garrysmod\addons\garrysmodmap\maps\gmm_garrymod_map_by_woowz_real_rp_normal.bsp
reading w:\programs\steam\steamapps\common\garrysmod\garrysmod\addons\garrysmodmap\maps\gmm_garrymod_map_by_woowz_real_rp_normal.prt
1518 portalclusters
2839 numportals
0...1...2...3...4...5...6...7...8...9...100...1...2...3...4...5...6...7...8...9...10Optimized: 275 visible clusters (0.34%)
Total clusters visible: 81695
Average clusters visible: 53
Building PAS...
Average clusters audible: 201
visdatasize:172471  compressed from 582912
writing w:\programs\steam\steamapps\common\garrysmod\garrysmod\addons\garrysmodmap\maps\gmm_garrymod_map_by_woowz_real_rp_normal.bsp
Wrote ZIP buffer, estimated size 133349, actual size 128981
0 seconds elapsed

==================================================================
Date: 2026-09-29 11:57:32
W:\Programs\Steam\steamapps\common\GarrysMod\bin\win64\vradplusplus.exe -both -final -game W:\Programs\Steam\steamapps\common\GarrysMod\garrysmod w:\programs\steam\steamapps\common\garrysmod\garrysmod\addons\garrysmodmap\maps\gmm_garrymod_map_by_woowz_real_rp_normal
==================================================================
---------------
gamedir: W:\Programs\Steam\steamapps\common\GarrysMod\garrysmod\
---------------
16 threads
Compiling in LDR+HDR mode
Reading texlights from 'lights.rad'...
53 texlights parsed
Loading w:\programs\steam\steamapps\common\garrysmod\garrysmod\addons\garrysmodmap\maps\gmm_garrymod_map_by_woowz_real_rp_normal.bsp
146 props added to raytrace
17642 faces
1 degenerate faces
572 fake patch planes
1923790 square feet [277025888.00 square inches]
4 Displacements
3259 Square Feet [469401.19 Square Inches]
0...1...2...3...4...5...6...7...8...9...1017641 patches before subdivision
206885 patches after subdivision
CreateDirectLights...
0...1...2...3...4...5...6...7...8...9...10565 lights, 6 styled (0.01 seconds)
0...1...2...3...4...5...6...7...8...9...100...1...2...3...4...5...6...7...8...9...10transfers 24079120, max 1077
transfer lists: 183.7 megs
0...1...2...3...4...5...6...7...8...9...10	Bounce #1 added RGB(1847416, 1433784, 997656)
0...1...2...3...4...5...6...7...8...9...10	Bounce #2 added RGB(516651, 389784, 256938)
0...1...2...3...4...5...6...7...8...9...10	Bounce #3 added RGB(169272, 126232, 80135)
0...1...2...3...4...5...6...7...8...9...10	Bounce #4 added RGB(61929, 45389, 27424)
0...1...2...3...4...5...6...7...8...9...10	Bounce #5 added RGB(24258, 17364, 9931)
0...1...2...3...4...5...6...7...8...9...10	Bounce #6 added RGB(10018, 6957, 3749)
0...1...2...3...4...5...6...7...8...9...10	Bounce #7 added RGB(4302, 2884, 1460)
0...1...2...3...4...5...6...7...8...9...10	Bounce #8 added RGB(1906, 1230, 584)
0...1...2...3...4...5...6...7...8...9...10	Bounce #9 added RGB(865, 536, 238)
0...1...2...3...4...5...6...7...8...9...10	Bounce #10 added RGB(400, 237, 98)
0...1...2...3...4...5...6...7...8...9...10	Bounce #11 added RGB(187, 106, 41)
0...1...2...3...4...5...6...7...8...9...10	Bounce #12 added RGB(89, 48, 17)
0...1...2...3...4...5...6...7...8...9...10	Bounce #13 added RGB(42, 22, 7)
0...1...2...3...4...5...6...7...8...9...10	Bounce #14 added RGB(20, 10, 3)
0...1...2...3...4...5...6...7...8...9...10	Bounce #15 added RGB(10, 5, 1)
0...1...2...3...4...5...6...7...8...9...10	Bounce #16 added RGB(5, 2, 1)
0...1...2...3...4...5...6...7...8...9...10	Bounce #17 added RGB(2, 1, 0)
0...1...2...3...4...5...6...7...8...9...10	Bounce #18 added RGB(1, 0, 0)
0...1...2...3...4...5...6...7...8...9...10	Bounce #19 added RGB(1, 0, 0)
Build Patch/Sample Hash Table(s).....Done<0.0902 sec>
0...1...2...3...4...5...6...7...8...9...10FinalLightFace Done
0...1...2...3...4...5...6...7...8...9...10Setting up leaf ambient computation...
115 of 410 (28% of) surface lights went in leaf ambient cubes.
0...1...2...3...4...5...6...7...8...9...10Writing leaf ambient...done
Ready to Finish

Object names       Objects/Maxobjs  Fullness 
------------       ---------------  -------- 
entities              1220/65536    ( 1.9%) 
models                 165/4096     ( 4.0%) 
brushes               4445/65536    ( 6.8%) 
brushsides           27938/655350   ( 4.3%) 
planes                5110/65536    ( 7.8%) 
vertexes             31077/65536    (47.4%) 
nodes                 5034/65536    ( 7.7%) 
texinfos              1659/32768    ( 5.1%) 
texdata                304/8192     ( 3.7%) 
dispinfos                4/16384    ( 0.0%) 
faces                17642/65536    (26.9%) 
hdr faces            17642/65536    (26.9%) 
origfaces             9198/65536    (14.0%) 
leaves                5200/65536    ( 7.9%) 
leaffaces            21135/65536    (32.2%) 
leafbrushes           9175/65536    (14.0%) 
areas                   91/1024     ( 8.9%) 
surfedges            86695/512000   (16.9%) 
edges                48825/256000   (19.1%) 
leafwaterdata           16/32768    ( 0.0%) 
primitives            2688/32768    ( 8.2%) 
primverts                0/65536    ( 0.0%) 
primindices          42384/65536    (64.7%) 
cubemapsamples           0/1024     ( 0.0%) 
overlays                65/8192     ( 0.8%) 
vertnormalindices    86536/256000   (33.8%) 
visdata             172471/16777216 ( 1.0%) 
entdata             436506/393216   (111.0%) FULL!!!
LDR ambient table     5200/65536    ( 7.9%) 
HDR ambient table     5200/65536    ( 7.9%) 
LDR worldlights            0       
HDR worldlights            565     
LDR lightdata              0       
HDR lightdata              35380352
LDR leaf ambient           5200    
HDR leaf ambient           17618   
occluders                  0       
occluder polygons          0       
occluder vert ind          0       
detail props               1140    
dtl prp lght               4       
HDR dtl prp lght           4       
static props               18964   
pakfile                    128981  
physics                    1443142 
physics terrain            1376    

Level flags = 0

Total triangle count: 51252
Writing w:\programs\steam\steamapps\common\garrysmod\garrysmod\addons\garrysmodmap\maps\gmm_garrymod_map_by_woowz_real_rp_normal.bsp
9 seconds elapsed

==================================================================
Date: 2026-09-29 12:06:42
W:\Programs\Steam\steamapps\common\GarrysMod\bin\win64\vbspplusplus.exe -allowdynamicpropsasstatic -game W:\Programs\Steam\steamapps\common\GarrysMod\garrysmod w:\programs\steam\steamapps\common\garrysmod\garrysmod\addons\garrysmodmap\maps\gmm_garrymod_map_by_woowz_real_rp_normal
==================================================================
16 threads
---------------
gamedir: W:\Programs\Steam\steamapps\common\GarrysMod\garrysmod\
---------------
Loading w:\programs\steam\steamapps\common\garrysmod\garrysmod\addons\garrysmodmap\maps\gmm_garrymod_map_by_woowz_real_rp_normal.vmf
Can't find surfaceprop antlion_eggshell for material NATURE/ROCKWALL_ANTLION03A, using default
Locating GameData file 'garrysmod.fgd'...
Parsing GameData file w:\programs\steam\steamapps\common\garrysmod\bin\garrysmod.fgd
Parsing GameData file w:\programs\steam\steamapps\common\garrysmod\bin\base.fgd
Parsing GameData file w:\programs\steam\steamapps\common\garrysmod\bin\halflife2.fgd
Parsing GameData file w:\programs\steam\steamapps\common\garrysmod\bin\base.fgd
fixing up env_cubemap materials on brush sides...
FloodEntities...
FloodEntities...
Processing areas...done (0)
Building Faces...done (1)
Chop Details...done (0)
Find Visible Detail Sides...
Merged 1052 detail faces...done (0)
Merging details...done (0)
FixTjuncs...
PruneNodes...
WriteBSP...
done (0)
writing w:\programs\steam\steamapps\common\garrysmod\garrysmod\addons\garrysmodmap\maps\gmm_garrymod_map_by_woowz_real_rp_normal.prt...
Building visibility clusters...
done (0)
Generating blank default cubemaps...
Generating blank default cubemaps...
Emitted 4451 brushes and 27980 brushsides
Finding displacement neighbors...
Finding lightmap sample positions...
Building Physics collision data...
done (0) (1445254 bytes)
Emitting static props...
Model "models/props_phx/construct/metal_wire1x2x2b.mdl" is missing $staticprop. Allowing due to -allowdynamicpropsasstatic
Model "models/props_phx/construct/metal_wire_angle360x2.mdl" is missing $staticprop. Allowing due to -allowdynamicpropsasstatic
Placing detail props : 0...1...2...3...4...5...6...7...8...9...10
Water found with no water_lod_control entity, creating a default one.
Compacting texture/material tables...
Reduced 2909 texinfos to 1667
Reduced 338 texdatas to 305 (11075 bytes to 8132)
Writing w:\programs\steam\steamapps\common\garrysmod\garrysmod\addons\garrysmodmap\maps\gmm_garrymod_map_by_woowz_real_rp_normal.bsp
2 seconds elapsed

==================================================================
Date: 2026-09-29 12:06:44
W:\Programs\Steam\steamapps\common\GarrysMod\bin\win64\vvisplusplus.exe -game W:\Programs\Steam\steamapps\common\GarrysMod\garrysmod w:\programs\steam\steamapps\common\garrysmod\garrysmod\addons\garrysmodmap\maps\gmm_garrymod_map_by_woowz_real_rp_normal
==================================================================
16 threads
CPU supports AVX2
reading w:\programs\steam\steamapps\common\garrysmod\garrysmod\addons\garrysmodmap\maps\gmm_garrymod_map_by_woowz_real_rp_normal.bsp
reading w:\programs\steam\steamapps\common\garrysmod\garrysmod\addons\garrysmodmap\maps\gmm_garrymod_map_by_woowz_real_rp_normal.prt
1518 portalclusters
2839 numportals
0...1...2...3...4...5...6...7...8...9...100...1...2...3...4...5...6...7...8...9...10Optimized: 272 visible clusters (0.33%)
Total clusters visible: 81692
Average clusters visible: 53
Building PAS...
Average clusters audible: 201
visdatasize:172471  compressed from 582912
writing w:\programs\steam\steamapps\common\garrysmod\garrysmod\addons\garrysmodmap\maps\gmm_garrymod_map_by_woowz_real_rp_normal.bsp
Wrote ZIP buffer, estimated size 133349, actual size 128981
0 seconds elapsed

==================================================================
Date: 2026-09-29 12:06:44
W:\Programs\Steam\steamapps\common\GarrysMod\bin\win64\vradplusplus.exe -both -final -game W:\Programs\Steam\steamapps\common\GarrysMod\garrysmod w:\programs\steam\steamapps\common\garrysmod\garrysmod\addons\garrysmodmap\maps\gmm_garrymod_map_by_woowz_real_rp_normal
==================================================================
---------------
gamedir: W:\Programs\Steam\steamapps\common\GarrysMod\garrysmod\
---------------
16 threads
Compiling in LDR+HDR mode
Reading texlights from 'lights.rad'...
53 texlights parsed
Loading w:\programs\steam\steamapps\common\garrysmod\garrysmod\addons\garrysmodmap\maps\gmm_garrymod_map_by_woowz_real_rp_normal.bsp
148 props added to raytrace
17656 faces
1 degenerate faces
572 fake patch planes
1925034 square feet [277205024.00 square inches]
4 Displacements
3259 Square Feet [469401.19 Square Inches]
0...1...2...3...4...5...6...7...8...9...1017655 patches before subdivision
206877 patches after subdivision
CreateDirectLights...
0...1...2...3...4...5...6...7...8...9...10565 lights, 6 styled (0.01 seconds)
0...1...2...3...4...5...6...7...8...9...100...1...2...3...4...5...6...7...8...9...10transfers 24089554, max 1077
transfer lists: 183.8 megs
0...1...2...3...4...5...6...7...8...9...10	Bounce #1 added RGB(1842714, 1429762, 994404)
0...1...2...3...4...5...6...7...8...9...10	Bounce #2 added RGB(514837, 388305, 255861)
0...1...2...3...4...5...6...7...8...9...10	Bounce #3 added RGB(168723, 125804, 79864)
0...1...2...3...4...5...6...7...8...9...10	Bounce #4 added RGB(61750, 45254, 27349)
0...1...2...3...4...5...6...7...8...9...10	Bounce #5 added RGB(24201, 17322, 9911)
0...1...2...3...4...5...6...7...8...9...10	Bounce #6 added RGB(10000, 6944, 3744)
0...1...2...3...4...5...6...7...8...9...10	Bounce #7 added RGB(4296, 2880, 1459)
0...1...2...3...4...5...6...7...8...9...10	Bounce #8 added RGB(1904, 1228, 583)
0...1...2...3...4...5...6...7...8...9...10	Bounce #9 added RGB(864, 535, 238)
0...1...2...3...4...5...6...7...8...9...10	Bounce #10 added RGB(400, 237, 98)
0...1...2...3...4...5...6...7...8...9...10	Bounce #11 added RGB(187, 106, 41)
0...1...2...3...4...5...6...7...8...9...10	Bounce #12 added RGB(89, 48, 17)
0...1...2...3...4...5...6...7...8...9...10	Bounce #13 added RGB(42, 22, 7)
0...1...2...3...4...5...6...7...8...9...10	Bounce #14 added RGB(20, 10, 3)
0...1...2...3...4...5...6...7...8...9...10	Bounce #15 added RGB(10, 5, 1)
0...1...2...3...4...5...6...7...8...9...10	Bounce #16 added RGB(5, 2, 1)
0...1...2...3...4...5...6...7...8...9...10	Bounce #17 added RGB(2, 1, 0)
0...1...2...3...4...5...6...7...8...9...10	Bounce #18 added RGB(1, 0, 0)
0...1...2...3...4...5...6...7...8...9...10	Bounce #19 added RGB(1, 0, 0)
Build Patch/Sample Hash Table(s).....Done<0.0924 sec>
0...1...2...3...4...5...6...7...8...9...10FinalLightFace Done
0...1...2...3...4...5...6...7...8...9...10Setting up leaf ambient computation...
115 of 410 (28% of) surface lights went in leaf ambient cubes.
0...1...2...3...4...5...6...7...8...9...10Writing leaf ambient...done
Ready to Finish

Object names       Objects/Maxobjs  Fullness 
------------       ---------------  -------- 
entities              1220/65536    ( 1.9%) 
models                 165/4096     ( 4.0%) 
brushes               4451/65536    ( 6.8%) 
brushsides           27980/655350   ( 4.3%) 
planes                5120/65536    ( 7.8%) 
vertexes             31098/65536    (47.5%) 
nodes                 5034/65536    ( 7.7%) 
texinfos              1667/32768    ( 5.1%) 
texdata                305/8192     ( 3.7%) 
dispinfos                4/16384    ( 0.0%) 
faces                17656/65536    (26.9%) 
hdr faces            17656/65536    (26.9%) 
origfaces             9213/65536    (14.1%) 
leaves                5200/65536    ( 7.9%) 
leaffaces            21149/65536    (32.3%) 
leafbrushes           9181/65536    (14.0%) 
areas                   91/1024     ( 8.9%) 
surfedges            86763/512000   (16.9%) 
edges                48874/256000   (19.1%) 
leafwaterdata           16/32768    ( 0.0%) 
primitives            2688/32768    ( 8.2%) 
primverts                0/65536    ( 0.0%) 
primindices          42390/65536    (64.7%) 
cubemapsamples           0/1024     ( 0.0%) 
overlays                65/8192     ( 0.8%) 
vertnormalindices    86604/256000   (33.8%) 
visdata             172471/16777216 ( 1.0%) 
entdata             436506/393216   (111.0%) FULL!!!
LDR ambient table     5200/65536    ( 7.9%) 
HDR ambient table     5200/65536    ( 7.9%) 
LDR worldlights            0       
HDR worldlights            565     
LDR lightdata              0       
HDR lightdata              35385216
LDR leaf ambient           5200    
HDR leaf ambient           17618   
occluders                  0       
occluder polygons          0       
occluder vert ind          0       
detail props               1140    
dtl prp lght               4       
HDR dtl prp lght           4       
static props               19240   
pakfile                    128981  
physics                    1445254 
physics terrain            1376    

Level flags = 0

Total triangle count: 51292
Writing w:\programs\steam\steamapps\common\garrysmod\garrysmod\addons\garrysmodmap\maps\gmm_garrymod_map_by_woowz_real_rp_normal.bsp
9 seconds elapsed

==================================================================
Date: 2026-09-29 12:12:01
W:\Programs\Steam\steamapps\common\GarrysMod\bin\win64\vbspplusplus.exe -allowdynamicpropsasstatic -game W:\Programs\Steam\steamapps\common\GarrysMod\garrysmod w:\programs\steam\steamapps\common\garrysmod\garrysmod\addons\garrysmodmap\maps\gmm_garrymod_map_by_woowz_real_rp_normal
==================================================================
16 threads
---------------
gamedir: W:\Programs\Steam\steamapps\common\GarrysMod\garrysmod\
---------------
Loading w:\programs\steam\steamapps\common\garrysmod\garrysmod\addons\garrysmodmap\maps\gmm_garrymod_map_by_woowz_real_rp_normal.vmf
Can't find surfaceprop antlion_eggshell for material NATURE/ROCKWALL_ANTLION03A, using default
Locating GameData file 'garrysmod.fgd'...
Parsing GameData file w:\programs\steam\steamapps\common\garrysmod\bin\garrysmod.fgd
Parsing GameData file w:\programs\steam\steamapps\common\garrysmod\bin\base.fgd
Parsing GameData file w:\programs\steam\steamapps\common\garrysmod\bin\halflife2.fgd
Parsing GameData file w:\programs\steam\steamapps\common\garrysmod\bin\base.fgd
fixing up env_cubemap materials on brush sides...
FloodEntities...
FloodEntities...
Processing areas...done (0)
Building Faces...done (1)
Chop Details...done (0)
Find Visible Detail Sides...
Merged 1052 detail faces...done (0)
Merging details...done (0)
FixTjuncs...
PruneNodes...
WriteBSP...
done (0)
writing w:\programs\steam\steamapps\common\garrysmod\garrysmod\addons\garrysmodmap\maps\gmm_garrymod_map_by_woowz_real_rp_normal.prt...
Building visibility clusters...
done (0)
Generating blank default cubemaps...
Generating blank default cubemaps...
Emitted 4465 brushes and 28067 brushsides
Finding displacement neighbors...
Finding lightmap sample positions...
Building Physics collision data...
done (0) (1449830 bytes)
Emitting static props...
Model "models/props_phx/construct/metal_wire1x2x2b.mdl" is missing $staticprop. Allowing due to -allowdynamicpropsasstatic
Model "models/props_phx/construct/metal_wire_angle360x2.mdl" is missing $staticprop. Allowing due to -allowdynamicpropsasstatic
Placing detail props : 0...1...2...3...4...5...6...7...8...9...10
Water found with no water_lod_control entity, creating a default one.
Compacting texture/material tables...
Reduced 2920 texinfos to 1672
Reduced 338 texdatas to 305 (11075 bytes to 8132)
Writing w:\programs\steam\steamapps\common\garrysmod\garrysmod\addons\garrysmodmap\maps\gmm_garrymod_map_by_woowz_real_rp_normal.bsp
2 seconds elapsed

==================================================================
Date: 2026-09-29 12:12:03
W:\Programs\Steam\steamapps\common\GarrysMod\bin\win64\vvisplusplus.exe -game W:\Programs\Steam\steamapps\common\GarrysMod\garrysmod w:\programs\steam\steamapps\common\garrysmod\garrysmod\addons\garrysmodmap\maps\gmm_garrymod_map_by_woowz_real_rp_normal
==================================================================
16 threads
CPU supports AVX2
reading w:\programs\steam\steamapps\common\garrysmod\garrysmod\addons\garrysmodmap\maps\gmm_garrymod_map_by_woowz_real_rp_normal.bsp
reading w:\programs\steam\steamapps\common\garrysmod\garrysmod\addons\garrysmodmap\maps\gmm_garrymod_map_by_woowz_real_rp_normal.prt
1518 portalclusters
2839 numportals
0...1...2...3...4...5...6...7...8...9...100...1...2...3...4...5...6...7...8...9...10Optimized: 269 visible clusters (0.33%)
Total clusters visible: 81689
Average clusters visible: 53
Building PAS...
Average clusters audible: 201
visdatasize:172471  compressed from 582912
writing w:\programs\steam\steamapps\common\garrysmod\garrysmod\addons\garrysmodmap\maps\gmm_garrymod_map_by_woowz_real_rp_normal.bsp
Wrote ZIP buffer, estimated size 133349, actual size 128981
0 seconds elapsed

==================================================================
Date: 2026-09-29 12:12:03
W:\Programs\Steam\steamapps\common\GarrysMod\bin\win64\vradplusplus.exe -both -final -game W:\Programs\Steam\steamapps\common\GarrysMod\garrysmod w:\programs\steam\steamapps\common\garrysmod\garrysmod\addons\garrysmodmap\maps\gmm_garrymod_map_by_woowz_real_rp_normal
==================================================================
---------------
gamedir: W:\Programs\Steam\steamapps\common\GarrysMod\garrysmod\
---------------
16 threads
Compiling in LDR+HDR mode
Reading texlights from 'lights.rad'...
53 texlights parsed
Loading w:\programs\steam\steamapps\common\garrysmod\garrysmod\addons\garrysmodmap\maps\gmm_garrymod_map_by_woowz_real_rp_normal.bsp
148 props added to raytrace
17686 faces
1 degenerate faces
572 fake patch planes
1926931 square feet [277478112.00 square inches]
4 Displacements
3259 Square Feet [469401.19 Square Inches]
0...1...2...3...4...5...6...7...8...9...1017685 patches before subdivision
207265 patches after subdivision
CreateDirectLights...
0...1...2...3...4...5...6...7...8...9...10565 lights, 6 styled (0.01 seconds)
0...1...2...3...4...5...6...7...8...9...100...1...2...3...4...5...6...7...8...9...10transfers 24129471, max 1077
transfer lists: 184.1 megs
0...1...2...3...4...5...6...7...8...9...10	Bounce #1 added RGB(1847577, 1434363, 997837)
0...1...2...3...4...5...6...7...8...9...10	Bounce #2 added RGB(515532, 388956, 256293)
0...1...2...3...4...5...6...7...8...9...10	Bounce #3 added RGB(168625, 125731, 79821)
0...1...2...3...4...5...6...7...8...9...10	Bounce #4 added RGB(61605, 45138, 27286)
0...1...2...3...4...5...6...7...8...9...10	Bounce #5 added RGB(24117, 17257, 9879)
0...1...2...3...4...5...6...7...8...9...10	Bounce #6 added RGB(9962, 6916, 3731)
0...1...2...3...4...5...6...7...8...9...10	Bounce #7 added RGB(4280, 2869, 1454)
0...1...2...3...4...5...6...7...8...9...10	Bounce #8 added RGB(1898, 1224, 582)
0...1...2...3...4...5...6...7...8...9...10	Bounce #9 added RGB(862, 534, 237)
0...1...2...3...4...5...6...7...8...9...10	Bounce #10 added RGB(399, 237, 98)
0...1...2...3...4...5...6...7...8...9...10	Bounce #11 added RGB(187, 106, 41)
0...1...2...3...4...5...6...7...8...9...10	Bounce #12 added RGB(89, 48, 17)
0...1...2...3...4...5...6...7...8...9...10	Bounce #13 added RGB(42, 22, 7)
0...1...2...3...4...5...6...7...8...9...10	Bounce #14 added RGB(20, 10, 3)
0...1...2...3...4...5...6...7...8...9...10	Bounce #15 added RGB(10, 5, 1)
0...1...2...3...4...5...6...7...8...9...10	Bounce #16 added RGB(5, 2, 1)
0...1...2...3...4...5...6...7...8...9...10	Bounce #17 added RGB(2, 1, 0)
0...1...2...3...4...5...6...7...8...9...10	Bounce #18 added RGB(1, 0, 0)
0...1...2...3...4...5...6...7...8...9...10	Bounce #19 added RGB(1, 0, 0)
Build Patch/Sample Hash Table(s).....Done<0.0903 sec>
0...1...2...3...4...5...6...7...8...9...10FinalLightFace Done
0...1...2...3...4...5...6...7...8...9...10Setting up leaf ambient computation...
115 of 410 (28% of) surface lights went in leaf ambient cubes.
0...1...2...3...4...5...6...7...8...9...10Writing leaf ambient...done
Ready to Finish

Object names       Objects/Maxobjs  Fullness 
------------       ---------------  -------- 
entities              1220/65536    ( 1.9%) 
models                 165/4096     ( 4.0%) 
brushes               4465/65536    ( 6.8%) 
brushsides           28067/655350   ( 4.3%) 
planes                5130/65536    ( 7.8%) 
vertexes             31175/65536    (47.6%) 
nodes                 5035/65536    ( 7.7%) 
texinfos              1672/32768    ( 5.1%) 
texdata                305/8192     ( 3.7%) 
dispinfos                4/16384    ( 0.0%) 
faces                17686/65536    (27.0%) 
hdr faces            17686/65536    (27.0%) 
origfaces             9227/65536    (14.1%) 
leaves                5201/65536    ( 7.9%) 
leaffaces            21181/65536    (32.3%) 
leafbrushes           9197/65536    (14.0%) 
areas                   91/1024     ( 8.9%) 
surfedges            86956/512000   (17.0%) 
edges                49002/256000   (19.1%) 
leafwaterdata           16/32768    ( 0.0%) 
primitives            2710/32768    ( 8.3%) 
primverts                0/65536    ( 0.0%) 
primindices          42750/65536    (65.2%) 
cubemapsamples           0/1024     ( 0.0%) 
overlays                65/8192     ( 0.8%) 
vertnormalindices    86797/256000   (33.9%) 
visdata             172471/16777216 ( 1.0%) 
entdata             436506/393216   (111.0%) FULL!!!
LDR ambient table     5201/65536    ( 7.9%) 
HDR ambient table     5201/65536    ( 7.9%) 
LDR worldlights            0       
HDR worldlights            565     
LDR lightdata              0       
HDR lightdata              35410412
LDR leaf ambient           5201    
HDR leaf ambient           17617   
occluders                  0       
occluder polygons          0       
occluder vert ind          0       
detail props               1140    
dtl prp lght               4       
HDR dtl prp lght           4       
static props               19240   
pakfile                    128981  
physics                    1449830 
physics terrain            1376    

Level flags = 0

Total triangle count: 51425
Writing w:\programs\steam\steamapps\common\garrysmod\garrysmod\addons\garrysmodmap\maps\gmm_garrymod_map_by_woowz_real_rp_normal.bsp
9 seconds elapsed

==================================================================
Date: 2026-09-29 12:17:50
W:\Programs\Steam\steamapps\common\GarrysMod\bin\win64\vbspplusplus.exe -allowdynamicpropsasstatic -game W:\Programs\Steam\steamapps\common\GarrysMod\garrysmod w:\programs\steam\steamapps\common\garrysmod\garrysmod\addons\garrysmodmap\maps\gmm_garrymod_map_by_woowz_real_rp_normal
==================================================================
16 threads
---------------
gamedir: W:\Programs\Steam\steamapps\common\GarrysMod\garrysmod\
---------------
Loading w:\programs\steam\steamapps\common\garrysmod\garrysmod\addons\garrysmodmap\maps\gmm_garrymod_map_by_woowz_real_rp_normal.vmf
Can't find surfaceprop antlion_eggshell for material NATURE/ROCKWALL_ANTLION03A, using default
Locating GameData file 'garrysmod.fgd'...
Parsing GameData file w:\programs\steam\steamapps\common\garrysmod\bin\garrysmod.fgd
Parsing GameData file w:\programs\steam\steamapps\common\garrysmod\bin\base.fgd
Parsing GameData file w:\programs\steam\steamapps\common\garrysmod\bin\halflife2.fgd
Parsing GameData file w:\programs\steam\steamapps\common\garrysmod\bin\base.fgd
fixing up env_cubemap materials on brush sides...
FloodEntities...
FloodEntities...
Processing areas...done (0)
Building Faces...done (0)
Chop Details...done (0)
Find Visible Detail Sides...
Merged 1052 detail faces...done (0)
Merging details...done (0)
FixTjuncs...
PruneNodes...
WriteBSP...
done (0)
writing w:\programs\steam\steamapps\common\garrysmod\garrysmod\addons\garrysmodmap\maps\gmm_garrymod_map_by_woowz_real_rp_normal.prt...
Building visibility clusters...
done (0)
Generating blank default cubemaps...
Generating blank default cubemaps...
Emitted 4482 brushes and 28169 brushsides
Finding displacement neighbors...
Finding lightmap sample positions...
Building Physics collision data...
done (0) (1455598 bytes)
Emitting static props...
Model "models/props_phx/construct/metal_wire1x2x2b.mdl" is missing $staticprop. Allowing due to -allowdynamicpropsasstatic
Model "models/props_phx/construct/metal_wire_angle360x2.mdl" is missing $staticprop. Allowing due to -allowdynamicpropsasstatic
Placing detail props : 0...1...2...3...4...5...6...7...8...9...10
Water found with no water_lod_control entity, creating a default one.
Compacting texture/material tables...
Reduced 2930 texinfos to 1681
Reduced 338 texdatas to 305 (11075 bytes to 8132)
Writing w:\programs\steam\steamapps\common\garrysmod\garrysmod\addons\garrysmodmap\maps\gmm_garrymod_map_by_woowz_real_rp_normal.bsp
2 seconds elapsed

==================================================================
Date: 2026-09-29 12:17:52
W:\Programs\Steam\steamapps\common\GarrysMod\bin\win64\vvisplusplus.exe -game W:\Programs\Steam\steamapps\common\GarrysMod\garrysmod w:\programs\steam\steamapps\common\garrysmod\garrysmod\addons\garrysmodmap\maps\gmm_garrymod_map_by_woowz_real_rp_normal
==================================================================
16 threads
CPU supports AVX2
reading w:\programs\steam\steamapps\common\garrysmod\garrysmod\addons\garrysmodmap\maps\gmm_garrymod_map_by_woowz_real_rp_normal.bsp
reading w:\programs\steam\steamapps\common\garrysmod\garrysmod\addons\garrysmodmap\maps\gmm_garrymod_map_by_woowz_real_rp_normal.prt
1518 portalclusters
2839 numportals
0...1...2...3...4...5...6...7...8...9...100...1...2...3...4...5...6...7...8...9...10Optimized: 268 visible clusters (0.33%)
Total clusters visible: 81688
Average clusters visible: 53
Building PAS...
Average clusters audible: 201
visdatasize:172471  compressed from 582912
writing w:\programs\steam\steamapps\common\garrysmod\garrysmod\addons\garrysmodmap\maps\gmm_garrymod_map_by_woowz_real_rp_normal.bsp
Wrote ZIP buffer, estimated size 133349, actual size 128981
0 seconds elapsed

==================================================================
Date: 2026-09-29 12:17:53
W:\Programs\Steam\steamapps\common\GarrysMod\bin\win64\vradplusplus.exe -both -final -game W:\Programs\Steam\steamapps\common\GarrysMod\garrysmod w:\programs\steam\steamapps\common\garrysmod\garrysmod\addons\garrysmodmap\maps\gmm_garrymod_map_by_woowz_real_rp_normal
==================================================================
---------------
gamedir: W:\Programs\Steam\steamapps\common\GarrysMod\garrysmod\
---------------
16 threads
Compiling in LDR+HDR mode
Reading texlights from 'lights.rad'...
53 texlights parsed
Loading w:\programs\steam\steamapps\common\garrysmod\garrysmod\addons\garrysmodmap\maps\gmm_garrymod_map_by_woowz_real_rp_normal.bsp
149 props added to raytrace
17712 faces
1 degenerate faces
572 fake patch planes
1928723 square feet [277736160.00 square inches]
4 Displacements
3259 Square Feet [469401.19 Square Inches]
0...1...2...3...4...5...6...7...8...9...1017711 patches before subdivision
207363 patches after subdivision
CreateDirectLights...
0...1...2...3...4...5...6...7...8...9...10565 lights, 6 styled (0.01 seconds)
0...1...2...3...4...5...6...7...8...9...100...1...2...3...4...5...6...7...8...9...10transfers 24170239, max 1077
transfer lists: 184.4 megs
0...1...2...3...4...5...6...7...8...9...10	Bounce #1 added RGB(1848528, 1433386, 995380)
0...1...2...3...4...5...6...7...8...9...10	Bounce #2 added RGB(514524, 387317, 254818)
0...1...2...3...4...5...6...7...8...9...10	Bounce #3 added RGB(167851, 124844, 79214)
0...1...2...3...4...5...6...7...8...9...10	Bounce #4 added RGB(61247, 44783, 27080)
0...1...2...3...4...5...6...7...8...9...10	Bounce #5 added RGB(23976, 17129, 9814)
0...1...2...3...4...5...6...7...8...9...10	Bounce #6 added RGB(9910, 6872, 3712)
0...1...2...3...4...5...6...7...8...9...10	Bounce #7 added RGB(4262, 2855, 1449)
0...1...2...3...4...5...6...7...8...9...10	Bounce #8 added RGB(1892, 1220, 580)
0...1...2...3...4...5...6...7...8...9...10	Bounce #9 added RGB(860, 532, 237)
0...1...2...3...4...5...6...7...8...9...10	Bounce #10 added RGB(398, 236, 98)
0...1...2...3...4...5...6...7...8...9...10	Bounce #11 added RGB(187, 106, 41)
0...1...2...3...4...5...6...7...8...9...10	Bounce #12 added RGB(89, 48, 17)
0...1...2...3...4...5...6...7...8...9...10	Bounce #13 added RGB(42, 22, 7)
0...1...2...3...4...5...6...7...8...9...10	Bounce #14 added RGB(20, 10, 3)
0...1...2...3...4...5...6...7...8...9...10	Bounce #15 added RGB(10, 5, 1)
0...1...2...3...4...5...6...7...8...9...10	Bounce #16 added RGB(5, 2, 1)
0...1...2...3...4...5...6...7...8...9...10	Bounce #17 added RGB(2, 1, 0)
0...1...2...3...4...5...6...7...8...9...10	Bounce #18 added RGB(1, 0, 0)
0...1...2...3...4...5...6...7...8...9...10	Bounce #19 added RGB(1, 0, 0)
Build Patch/Sample Hash Table(s).....Done<0.0923 sec>
0...1...2...3...4...5...6...7...8...9...10FinalLightFace Done
0...1...2...3...4...5...6...7...8...9...10Setting up leaf ambient computation...
115 of 410 (28% of) surface lights went in leaf ambient cubes.
0...1...2...3...4...5...6...7...8...9...10Writing leaf ambient...done
Ready to Finish

Object names       Objects/Maxobjs  Fullness 
------------       ---------------  -------- 
entities              1217/65536    ( 1.9%) 
models                 165/4096     ( 4.0%) 
brushes               4482/65536    ( 6.8%) 
brushsides           28169/655350   ( 4.3%) 
planes                5130/65536    ( 7.8%) 
vertexes             31242/65536    (47.7%) 
nodes                 5035/65536    ( 7.7%) 
texinfos              1681/32768    ( 5.1%) 
texdata                305/8192     ( 3.7%) 
dispinfos                4/16384    ( 0.0%) 
faces                17712/65536    (27.0%) 
hdr faces            17712/65536    (27.0%) 
origfaces             9253/65536    (14.1%) 
leaves                5201/65536    ( 7.9%) 
leaffaces            21215/65536    (32.4%) 
leafbrushes           9225/65536    (14.1%) 
areas                   91/1024     ( 8.9%) 
surfedges            87113/512000   (17.0%) 
edges                49116/256000   (19.2%) 
leafwaterdata           16/32768    ( 0.0%) 
primitives            2716/32768    ( 8.3%) 
primverts                0/65536    ( 0.0%) 
primindices          42855/65536    (65.4%) 
cubemapsamples           0/1024     ( 0.0%) 
overlays                65/8192     ( 0.8%) 
vertnormalindices    86954/256000   (34.0%) 
visdata             172471/16777216 ( 1.0%) 
entdata             436173/393216   (110.9%) FULL!!!
LDR ambient table     5201/65536    ( 7.9%) 
HDR ambient table     5201/65536    ( 7.9%) 
LDR worldlights            0       
HDR worldlights            565     
LDR lightdata              0       
HDR lightdata              35411988
LDR leaf ambient           5201    
HDR leaf ambient           17616   
occluders                  0       
occluder polygons          0       
occluder vert ind          0       
detail props               1140    
dtl prp lght               4       
HDR dtl prp lght           4       
static props               19180   
pakfile                    128981  
physics                    1455598 
physics terrain            1376    

Level flags = 0

Total triangle count: 51530
Writing w:\programs\steam\steamapps\common\garrysmod\garrysmod\addons\garrysmodmap\maps\gmm_garrymod_map_by_woowz_real_rp_normal.bsp
9 seconds elapsed

==================================================================
Date: 2026-09-29 12:20:03
W:\Programs\Steam\steamapps\common\GarrysMod\bin\win64\vbspplusplus.exe -allowdynamicpropsasstatic -game W:\Programs\Steam\steamapps\common\GarrysMod\garrysmod w:\programs\steam\steamapps\common\garrysmod\garrysmod\addons\garrysmodmap\maps\gmm_garrymod_map_by_woowz_real_rp_normal
==================================================================
16 threads
---------------
gamedir: W:\Programs\Steam\steamapps\common\GarrysMod\garrysmod\
---------------
Loading w:\programs\steam\steamapps\common\garrysmod\garrysmod\addons\garrysmodmap\maps\gmm_garrymod_map_by_woowz_real_rp_normal.vmf
Can't find surfaceprop antlion_eggshell for material NATURE/ROCKWALL_ANTLION03A, using default
Locating GameData file 'garrysmod.fgd'...
Parsing GameData file w:\programs\steam\steamapps\common\garrysmod\bin\garrysmod.fgd
Parsing GameData file w:\programs\steam\steamapps\common\garrysmod\bin\base.fgd
Parsing GameData file w:\programs\steam\steamapps\common\garrysmod\bin\halflife2.fgd
Parsing GameData file w:\programs\steam\steamapps\common\garrysmod\bin\base.fgd
fixing up env_cubemap materials on brush sides...
FloodEntities...
FloodEntities...
Processing areas...done (0)
Building Faces...done (1)
Chop Details...done (0)
Find Visible Detail Sides...
Merged 1052 detail faces...done (0)
Merging details...done (0)
FixTjuncs...
PruneNodes...
WriteBSP...
done (0)
writing w:\programs\steam\steamapps\common\garrysmod\garrysmod\addons\garrysmodmap\maps\gmm_garrymod_map_by_woowz_real_rp_normal.prt...
Building visibility clusters...
done (0)
Generating blank default cubemaps...
Generating blank default cubemaps...
Emitted 4482 brushes and 28169 brushsides
Finding displacement neighbors...
Finding lightmap sample positions...
Building Physics collision data...
done (0) (1455598 bytes)
Emitting static props...
Model "models/props_phx/construct/metal_wire1x2x2b.mdl" is missing $staticprop. Allowing due to -allowdynamicpropsasstatic
Model "models/props_phx/construct/metal_wire_angle360x2.mdl" is missing $staticprop. Allowing due to -allowdynamicpropsasstatic
Placing detail props : 0...1...2...3...4...5...6...7...8...9...10
Water found with no water_lod_control entity, creating a default one.
Compacting texture/material tables...
Reduced 2936 texinfos to 1680
Reduced 338 texdatas to 305 (11075 bytes to 8132)
Writing w:\programs\steam\steamapps\common\garrysmod\garrysmod\addons\garrysmodmap\maps\gmm_garrymod_map_by_woowz_real_rp_normal.bsp
2 seconds elapsed

==================================================================
Date: 2026-09-29 12:20:06
W:\Programs\Steam\steamapps\common\GarrysMod\bin\win64\vvisplusplus.exe -game W:\Programs\Steam\steamapps\common\GarrysMod\garrysmod w:\programs\steam\steamapps\common\garrysmod\garrysmod\addons\garrysmodmap\maps\gmm_garrymod_map_by_woowz_real_rp_normal
==================================================================
16 threads
CPU supports AVX2
reading w:\programs\steam\steamapps\common\garrysmod\garrysmod\addons\garrysmodmap\maps\gmm_garrymod_map_by_woowz_real_rp_normal.bsp
reading w:\programs\steam\steamapps\common\garrysmod\garrysmod\addons\garrysmodmap\maps\gmm_garrymod_map_by_woowz_real_rp_normal.prt
1518 portalclusters
2839 numportals
0...1...2...3...4...5...6...7...8...9...100...1...2...3...4...5...6...7...8...9...10Optimized: 269 visible clusters (0.33%)
Total clusters visible: 81689
Average clusters visible: 53
Building PAS...
Average clusters audible: 201
visdatasize:172471  compressed from 582912
writing w:\programs\steam\steamapps\common\garrysmod\garrysmod\addons\garrysmodmap\maps\gmm_garrymod_map_by_woowz_real_rp_normal.bsp
Wrote ZIP buffer, estimated size 133349, actual size 128981
0 seconds elapsed

==================================================================
Date: 2026-09-29 12:20:06
W:\Programs\Steam\steamapps\common\GarrysMod\bin\win64\vradplusplus.exe -both -final -game W:\Programs\Steam\steamapps\common\GarrysMod\garrysmod w:\programs\steam\steamapps\common\garrysmod\garrysmod\addons\garrysmodmap\maps\gmm_garrymod_map_by_woowz_real_rp_normal
==================================================================
---------------
gamedir: W:\Programs\Steam\steamapps\common\GarrysMod\garrysmod\
---------------
16 threads
Compiling in LDR+HDR mode
Reading texlights from 'lights.rad'...
53 texlights parsed
Loading w:\programs\steam\steamapps\common\garrysmod\garrysmod\addons\garrysmodmap\maps\gmm_garrymod_map_by_woowz_real_rp_normal.bsp
149 props added to raytrace
17794 faces
1 degenerate faces
572 fake patch planes
1928722 square feet [277736096.00 square inches]
4 Displacements
3259 Square Feet [469401.19 Square Inches]
0...1...2...3...4...5...6...7...8...9...1017793 patches before subdivision
208669 patches after subdivision
CreateDirectLights...
0...1...2...3...4...5...6...7...8...9...10565 lights, 6 styled (0.01 seconds)
0...1...2...3...4...5...6...7...8...9...100...1...2...3...4...5...6...7...8...9...10transfers 24407154, max 1077
transfer lists: 186.2 megs
0...1...2...3...4...5...6...7...8...9...10	Bounce #1 added RGB(1882347, 1463202, 1017084)
0...1...2...3...4...5...6...7...8...9...10	Bounce #2 added RGB(521804, 393265, 258582)
0...1...2...3...4...5...6...7...8...9...10	Bounce #3 added RGB(169524, 126138, 79942)
0...1...2...3...4...5...6...7...8...9...10	Bounce #4 added RGB(61654, 45086, 27232)
0...1...2...3...4...5...6...7...8...9...10	Bounce #5 added RGB(24079, 17204, 9848)
0...1...2...3...4...5...6...7...8...9...10	Bounce #6 added RGB(9937, 6891, 3719)
0...1...2...3...4...5...6...7...8...9...10	Bounce #7 added RGB(4270, 2860, 1450)
0...1...2...3...4...5...6...7...8...9...10	Bounce #8 added RGB(1894, 1221, 580)
0...1...2...3...4...5...6...7...8...9...10	Bounce #9 added RGB(861, 533, 237)
0...1...2...3...4...5...6...7...8...9...10	Bounce #10 added RGB(398, 236, 98)
0...1...2...3...4...5...6...7...8...9...10	Bounce #11 added RGB(187, 106, 41)
0...1...2...3...4...5...6...7...8...9...10	Bounce #12 added RGB(89, 48, 17)
0...1...2...3...4...5...6...7...8...9...10	Bounce #13 added RGB(42, 22, 7)
0...1...2...3...4...5...6...7...8...9...10	Bounce #14 added RGB(20, 10, 3)
0...1...2...3...4...5...6...7...8...9...10	Bounce #15 added RGB(10, 5, 1)
0...1...2...3...4...5...6...7...8...9...10	Bounce #16 added RGB(5, 2, 1)
0...1...2...3...4...5...6...7...8...9...10	Bounce #17 added RGB(2, 1, 0)
0...1...2...3...4...5...6...7...8...9...10	Bounce #18 added RGB(1, 0, 0)
0...1...2...3...4...5...6...7...8...9...10	Bounce #19 added RGB(1, 0, 0)
Build Patch/Sample Hash Table(s).....Done<0.0912 sec>
0...1...2...3...4...5...6...7...8...9...10FinalLightFace Done
0...1...2...3...4...5...6...7...8...9...10Setting up leaf ambient computation...
115 of 410 (28% of) surface lights went in leaf ambient cubes.
0...1...2...3...4...5...6...7...8...9...10Writing leaf ambient...done
Ready to Finish

Object names       Objects/Maxobjs  Fullness 
------------       ---------------  -------- 
entities              1217/65536    ( 1.9%) 
models                 165/4096     ( 4.0%) 
brushes               4482/65536    ( 6.8%) 
brushsides           28169/655350   ( 4.3%) 
planes                5130/65536    ( 7.8%) 
vertexes             31330/65536    (47.8%) 
nodes                 5035/65536    ( 7.7%) 
texinfos              1680/32768    ( 5.1%) 
texdata                305/8192     ( 3.7%) 
dispinfos                4/16384    ( 0.0%) 
faces                17794/65536    (27.2%) 
hdr faces            17794/65536    (27.2%) 
origfaces             9253/65536    (14.1%) 
leaves                5201/65536    ( 7.9%) 
leaffaces            21297/65536    (32.5%) 
leafbrushes           9225/65536    (14.1%) 
areas                   91/1024     ( 8.9%) 
surfedges            87447/512000   (17.1%) 
edges                49298/256000   (19.3%) 
leafwaterdata           16/32768    ( 0.0%) 
primitives            2744/32768    ( 8.4%) 
primverts                0/65536    ( 0.0%) 
primindices          42972/65536    (65.6%) 
cubemapsamples           0/1024     ( 0.0%) 
overlays                65/8192     ( 0.8%) 
vertnormalindices    87288/256000   (34.1%) 
visdata             172471/16777216 ( 1.0%) 
entdata             436173/393216   (110.9%) FULL!!!
LDR ambient table     5201/65536    ( 7.9%) 
HDR ambient table     5201/65536    ( 7.9%) 
LDR worldlights            0       
HDR worldlights            565     
LDR lightdata              0       
HDR lightdata              35568816
LDR leaf ambient           5201    
HDR leaf ambient           17618   
occluders                  0       
occluder polygons          0       
occluder vert ind          0       
detail props               1140    
dtl prp lght               4       
HDR dtl prp lght           4       
static props               19180   
pakfile                    128981  
physics                    1455598 
physics terrain            1376    

Level flags = 0

Total triangle count: 51700
Writing w:\programs\steam\steamapps\common\garrysmod\garrysmod\addons\garrysmodmap\maps\gmm_garrymod_map_by_woowz_real_rp_normal.bsp
9 seconds elapsed

==================================================================
Date: 2026-09-29 12:23:22
W:\Programs\Steam\steamapps\common\GarrysMod\bin\win64\vbspplusplus.exe -allowdynamicpropsasstatic -game W:\Programs\Steam\steamapps\common\GarrysMod\garrysmod w:\programs\steam\steamapps\common\garrysmod\garrysmod\addons\garrysmodmap\maps\gmm_garrymod_map_by_woowz_real_rp_normal
==================================================================
16 threads
---------------
gamedir: W:\Programs\Steam\steamapps\common\GarrysMod\garrysmod\
---------------
Loading w:\programs\steam\steamapps\common\garrysmod\garrysmod\addons\garrysmodmap\maps\gmm_garrymod_map_by_woowz_real_rp_normal.vmf
Can't find surfaceprop antlion_eggshell for material NATURE/ROCKWALL_ANTLION03A, using default
Locating GameData file 'garrysmod.fgd'...
Parsing GameData file w:\programs\steam\steamapps\common\garrysmod\bin\garrysmod.fgd
Parsing GameData file w:\programs\steam\steamapps\common\garrysmod\bin\base.fgd
Parsing GameData file w:\programs\steam\steamapps\common\garrysmod\bin\halflife2.fgd
Parsing GameData file w:\programs\steam\steamapps\common\garrysmod\bin\base.fgd
fixing up env_cubemap materials on brush sides...
FloodEntities...
FloodEntities...
Processing areas...done (0)
Building Faces...done (0)
Chop Details...done (0)
Find Visible Detail Sides...
Merged 1052 detail faces...done (0)
Merging details...done (0)
FixTjuncs...
PruneNodes...
WriteBSP...
done (0)
writing w:\programs\steam\steamapps\common\garrysmod\garrysmod\addons\garrysmodmap\maps\gmm_garrymod_map_by_woowz_real_rp_normal.prt...
Building visibility clusters...
done (0)
Generating blank default cubemaps...
Generating blank default cubemaps...
Emitted 4488 brushes and 28213 brushsides
Finding displacement neighbors...
Finding lightmap sample positions...
Building Physics collision data...
done (0) (1457502 bytes)
Emitting static props...
Model "models/props_phx/construct/metal_wire1x2x2b.mdl" is missing $staticprop. Allowing due to -allowdynamicpropsasstatic
Model "models/props_phx/construct/metal_wire_angle360x2.mdl" is missing $staticprop. Allowing due to -allowdynamicpropsasstatic
Placing detail props : 0...1...2...3...4...5...6...7...8...9...10
Water found with no water_lod_control entity, creating a default one.
Compacting texture/material tables...
Reduced 2938 texinfos to 1681
Reduced 338 texdatas to 305 (11075 bytes to 8132)
Writing w:\programs\steam\steamapps\common\garrysmod\garrysmod\addons\garrysmodmap\maps\gmm_garrymod_map_by_woowz_real_rp_normal.bsp
2 seconds elapsed

==================================================================
Date: 2026-09-29 12:23:24
W:\Programs\Steam\steamapps\common\GarrysMod\bin\win64\vvisplusplus.exe -game W:\Programs\Steam\steamapps\common\GarrysMod\garrysmod w:\programs\steam\steamapps\common\garrysmod\garrysmod\addons\garrysmodmap\maps\gmm_garrymod_map_by_woowz_real_rp_normal
==================================================================
16 threads
CPU supports AVX2
reading w:\programs\steam\steamapps\common\garrysmod\garrysmod\addons\garrysmodmap\maps\gmm_garrymod_map_by_woowz_real_rp_normal.bsp
reading w:\programs\steam\steamapps\common\garrysmod\garrysmod\addons\garrysmodmap\maps\gmm_garrymod_map_by_woowz_real_rp_normal.prt
1518 portalclusters
2839 numportals
0...1...2...3...4...5...6...7...8...9...100...1...2...3...4...5...6...7...8...9...10Optimized: 272 visible clusters (0.33%)
Total clusters visible: 81692
Average clusters visible: 53
Building PAS...
Average clusters audible: 201
visdatasize:172471  compressed from 582912
writing w:\programs\steam\steamapps\common\garrysmod\garrysmod\addons\garrysmodmap\maps\gmm_garrymod_map_by_woowz_real_rp_normal.bsp
Wrote ZIP buffer, estimated size 133349, actual size 128981
0 seconds elapsed

==================================================================
Date: 2026-09-29 12:23:25
W:\Programs\Steam\steamapps\common\GarrysMod\bin\win64\vradplusplus.exe -both -final -game W:\Programs\Steam\steamapps\common\GarrysMod\garrysmod w:\programs\steam\steamapps\common\garrysmod\garrysmod\addons\garrysmodmap\maps\gmm_garrymod_map_by_woowz_real_rp_normal
==================================================================
---------------
gamedir: W:\Programs\Steam\steamapps\common\GarrysMod\garrysmod\
---------------
16 threads
Compiling in LDR+HDR mode
Reading texlights from 'lights.rad'...
53 texlights parsed
Loading w:\programs\steam\steamapps\common\garrysmod\garrysmod\addons\garrysmodmap\maps\gmm_garrymod_map_by_woowz_real_rp_normal.bsp
152 props added to raytrace
17800 faces
1 degenerate faces
572 fake patch planes
1928722 square feet [277736032.00 square inches]
4 Displacements
3259 Square Feet [469401.19 Square Inches]
0...1...2...3...4...5...6...7...8...9...1017799 patches before subdivision
208719 patches after subdivision
CreateDirectLights...
0...1...2...3...4...5...6...7...8...9...10565 lights, 6 styled (0.01 seconds)
0...1...2...3...4...5...6...7...8...9...100...1...2...3...4...5...6...7...8...9...10transfers 24400535, max 1077
transfer lists: 186.2 megs
0...1...2...3...4...5...6...7...8...9...10	Bounce #1 added RGB(1879639, 1461333, 1017491)
0...1...2...3...4...5...6...7...8...9...10	Bounce #2 added RGB(520088, 392191, 258465)
0...1...2...3...4...5...6...7...8...9...10	Bounce #3 added RGB(168995, 125836, 79882)
0...1...2...3...4...5...6...7...8...9...10	Bounce #4 added RGB(61509, 45010, 27218)
0...1...2...3...4...5...6...7...8...9...10	Bounce #5 added RGB(24041, 17185, 9845)
0...1...2...3...4...5...6...7...8...9...10	Bounce #6 added RGB(9927, 6887, 3719)
0...1...2...3...4...5...6...7...8...9...10	Bounce #7 added RGB(4267, 2859, 1450)
0...1...2...3...4...5...6...7...8...9...10	Bounce #8 added RGB(1894, 1221, 580)
0...1...2...3...4...5...6...7...8...9...10	Bounce #9 added RGB(860, 532, 237)
0...1...2...3...4...5...6...7...8...9...10	Bounce #10 added RGB(398, 236, 98)
0...1...2...3...4...5...6...7...8...9...10	Bounce #11 added RGB(187, 106, 41)
0...1...2...3...4...5...6...7...8...9...10	Bounce #12 added RGB(89, 48, 17)
0...1...2...3...4...5...6...7...8...9...10	Bounce #13 added RGB(42, 22, 7)
0...1...2...3...4...5...6...7...8...9...10	Bounce #14 added RGB(20, 10, 3)
0...1...2...3...4...5...6...7...8...9...10	Bounce #15 added RGB(10, 5, 1)
0...1...2...3...4...5...6...7...8...9...10	Bounce #16 added RGB(5, 2, 1)
0...1...2...3...4...5...6...7...8...9...10	Bounce #17 added RGB(2, 1, 0)
0...1...2...3...4...5...6...7...8...9...10	Bounce #18 added RGB(1, 0, 0)
0...1...2...3...4...5...6...7...8...9...10	Bounce #19 added RGB(1, 0, 0)
Build Patch/Sample Hash Table(s).....Done<0.0929 sec>
0...1...2...3...4...5...6...7...8...9...10FinalLightFace Done
0...1...2...3...4...5...6...7...8...9...10Setting up leaf ambient computation...
115 of 410 (28% of) surface lights went in leaf ambient cubes.
0...1...2...3...4...5...6...7...8...9...10Writing leaf ambient...done
Ready to Finish

Object names       Objects/Maxobjs  Fullness 
------------       ---------------  -------- 
entities              1217/65536    ( 1.9%) 
models                 165/4096     ( 4.0%) 
brushes               4488/65536    ( 6.8%) 
brushsides           28213/655350   ( 4.3%) 
planes                5140/65536    ( 7.8%) 
vertexes             31350/65536    (47.8%) 
nodes                 5036/65536    ( 7.7%) 
texinfos              1681/32768    ( 5.1%) 
texdata                305/8192     ( 3.7%) 
dispinfos                4/16384    ( 0.0%) 
faces                17800/65536    (27.2%) 
hdr faces            17800/65536    (27.2%) 
origfaces             9259/65536    (14.1%) 
leaves                5202/65536    ( 7.9%) 
leaffaces            21303/65536    (32.5%) 
leafbrushes           9235/65536    (14.1%) 
areas                   91/1024     ( 8.9%) 
surfedges            87495/512000   (17.1%) 
edges                49324/256000   (19.3%) 
leafwaterdata           16/32768    ( 0.0%) 
primitives            2751/32768    ( 8.4%) 
primverts                0/65536    ( 0.0%) 
primindices          43071/65536    (65.7%) 
cubemapsamples           0/1024     ( 0.0%) 
overlays                65/8192     ( 0.8%) 
vertnormalindices    87336/256000   (34.1%) 
visdata             172471/16777216 ( 1.0%) 
entdata             436173/393216   (110.9%) FULL!!!
LDR ambient table     5202/65536    ( 7.9%) 
HDR ambient table     5202/65536    ( 7.9%) 
LDR worldlights            0       
HDR worldlights            565     
LDR lightdata              0       
HDR lightdata              35584168
LDR leaf ambient           5202    
HDR leaf ambient           17621   
occluders                  0       
occluder polygons          0       
occluder vert ind          0       
detail props               1140    
dtl prp lght               4       
HDR dtl prp lght           4       
static props               19402   
pakfile                    128981  
physics                    1457502 
physics terrain            1376    

Level flags = 0

Total triangle count: 51736
Writing w:\programs\steam\steamapps\common\garrysmod\garrysmod\addons\garrysmodmap\maps\gmm_garrymod_map_by_woowz_real_rp_normal.bsp
9 seconds elapsed

==================================================================
Date: 2026-09-29 12:26:41
W:\Programs\Steam\steamapps\common\GarrysMod\bin\win64\vbspplusplus.exe -allowdynamicpropsasstatic -game W:\Programs\Steam\steamapps\common\GarrysMod\garrysmod w:\programs\steam\steamapps\common\garrysmod\garrysmod\addons\garrysmodmap\maps\gmm_garrymod_map_by_woowz_real_rp_normal
==================================================================
16 threads
---------------
gamedir: W:\Programs\Steam\steamapps\common\GarrysMod\garrysmod\
---------------
Loading w:\programs\steam\steamapps\common\garrysmod\garrysmod\addons\garrysmodmap\maps\gmm_garrymod_map_by_woowz_real_rp_normal.vmf
Can't find surfaceprop antlion_eggshell for material NATURE/ROCKWALL_ANTLION03A, using default
Locating GameData file 'garrysmod.fgd'...
Parsing GameData file w:\programs\steam\steamapps\common\garrysmod\bin\garrysmod.fgd
Parsing GameData file w:\programs\steam\steamapps\common\garrysmod\bin\base.fgd
Parsing GameData file w:\programs\steam\steamapps\common\garrysmod\bin\halflife2.fgd
Parsing GameData file w:\programs\steam\steamapps\common\garrysmod\bin\base.fgd
fixing up env_cubemap materials on brush sides...
FloodEntities...
FloodEntities...
Processing areas...done (0)
Building Faces...done (1)
Chop Details...done (0)
Find Visible Detail Sides...
Merged 1052 detail faces...done (0)
Merging details...done (0)
FixTjuncs...
PruneNodes...
WriteBSP...
done (0)
writing w:\programs\steam\steamapps\common\garrysmod\garrysmod\addons\garrysmodmap\maps\gmm_garrymod_map_by_woowz_real_rp_normal.prt...
Building visibility clusters...
done (0)
Generating blank default cubemaps...
Generating blank default cubemaps...
Emitted 4488 brushes and 28213 brushsides
Finding displacement neighbors...
Finding lightmap sample positions...
Building Physics collision data...
done (0) (1457502 bytes)
Emitting static props...
Model "models/props_phx/construct/metal_wire1x2x2b.mdl" is missing $staticprop. Allowing due to -allowdynamicpropsasstatic
Model "models/props_phx/construct/metal_wire_angle360x2.mdl" is missing $staticprop. Allowing due to -allowdynamicpropsasstatic
Placing detail props : 0...1...2...3...4...5...6...7...8...9...10
Water found with no water_lod_control entity, creating a default one.
Compacting texture/material tables...
Reduced 2938 texinfos to 1681
Reduced 338 texdatas to 305 (11075 bytes to 8132)
Writing w:\programs\steam\steamapps\common\garrysmod\garrysmod\addons\garrysmodmap\maps\gmm_garrymod_map_by_woowz_real_rp_normal.bsp
2 seconds elapsed

==================================================================
Date: 2026-09-29 12:26:43
W:\Programs\Steam\steamapps\common\GarrysMod\bin\win64\vvisplusplus.exe -game W:\Programs\Steam\steamapps\common\GarrysMod\garrysmod w:\programs\steam\steamapps\common\garrysmod\garrysmod\addons\garrysmodmap\maps\gmm_garrymod_map_by_woowz_real_rp_normal
==================================================================
16 threads
CPU supports AVX2
reading w:\programs\steam\steamapps\common\garrysmod\garrysmod\addons\garrysmodmap\maps\gmm_garrymod_map_by_woowz_real_rp_normal.bsp
reading w:\programs\steam\steamapps\common\garrysmod\garrysmod\addons\garrysmodmap\maps\gmm_garrymod_map_by_woowz_real_rp_normal.prt
1518 portalclusters
2839 numportals
0...1...2...3...4...5...6...7...8...9...100...1...2...3...4...5...6...7...8...9...10Optimized: 272 visible clusters (0.33%)
Total clusters visible: 81692
Average clusters visible: 53
Building PAS...
Average clusters audible: 201
visdatasize:172471  compressed from 582912
writing w:\programs\steam\steamapps\common\garrysmod\garrysmod\addons\garrysmodmap\maps\gmm_garrymod_map_by_woowz_real_rp_normal.bsp
Wrote ZIP buffer, estimated size 133349, actual size 128981
0 seconds elapsed

==================================================================
Date: 2026-09-29 12:26:44
W:\Programs\Steam\steamapps\common\GarrysMod\bin\win64\vradplusplus.exe -both -final -game W:\Programs\Steam\steamapps\common\GarrysMod\garrysmod w:\programs\steam\steamapps\common\garrysmod\garrysmod\addons\garrysmodmap\maps\gmm_garrymod_map_by_woowz_real_rp_normal
==================================================================
---------------
gamedir: W:\Programs\Steam\steamapps\common\GarrysMod\garrysmod\
---------------
16 threads
Compiling in LDR+HDR mode
Reading texlights from 'lights.rad'...
53 texlights parsed
Loading w:\programs\steam\steamapps\common\garrysmod\garrysmod\addons\garrysmodmap\maps\gmm_garrymod_map_by_woowz_real_rp_normal.bsp
156 props added to raytrace
17800 faces
1 degenerate faces
572 fake patch planes
1928722 square feet [277736032.00 square inches]
4 Displacements
3259 Square Feet [469401.19 Square Inches]
0...1...2...3...4...5...6...7...8...9...1017799 patches before subdivision
208719 patches after subdivision
CreateDirectLights...
0...1...2...3...4...5...6...7...8...9...10565 lights, 6 styled (0.01 seconds)
0...1...2...3...4...5...6...7...8...9...100...1...2...3...4...5...6...7...8...9...10transfers 24394468, max 1077
transfer lists: 186.1 megs
0...1...2...3...4...5...6...7...8...9...10	Bounce #1 added RGB(1879262, 1460955, 1017245)
0...1...2...3...4...5...6...7...8...9...10	Bounce #2 added RGB(519939, 392047, 258382)
0...1...2...3...4...5...6...7...8...9...10	Bounce #3 added RGB(168943, 125787, 79858)
0...1...2...3...4...5...6...7...8...9...10	Bounce #4 added RGB(61491, 44995, 27211)
0...1...2...3...4...5...6...7...8...9...10	Bounce #5 added RGB(24035, 17181, 9843)
0...1...2...3...4...5...6...7...8...9...10	Bounce #6 added RGB(9926, 6885, 3718)
0...1...2...3...4...5...6...7...8...9...10	Bounce #7 added RGB(4266, 2858, 1450)
0...1...2...3...4...5...6...7...8...9...10	Bounce #8 added RGB(1893, 1221, 580)
0...1...2...3...4...5...6...7...8...9...10	Bounce #9 added RGB(860, 532, 237)
0...1...2...3...4...5...6...7...8...9...10	Bounce #10 added RGB(398, 236, 98)
0...1...2...3...4...5...6...7...8...9...10	Bounce #11 added RGB(187, 106, 41)
0...1...2...3...4...5...6...7...8...9...10	Bounce #12 added RGB(89, 48, 17)
0...1...2...3...4...5...6...7...8...9...10	Bounce #13 added RGB(42, 22, 7)
0...1...2...3...4...5...6...7...8...9...10	Bounce #14 added RGB(20, 10, 3)
0...1...2...3...4...5...6...7...8...9...10	Bounce #15 added RGB(10, 5, 1)
0...1...2...3...4...5...6...7...8...9...10	Bounce #16 added RGB(5, 2, 1)
0...1...2...3...4...5...6...7...8...9...10	Bounce #17 added RGB(2, 1, 0)
0...1...2...3...4...5...6...7...8...9...10	Bounce #18 added RGB(1, 0, 0)
0...1...2...3...4...5...6...7...8...9...10	Bounce #19 added RGB(1, 0, 0)
Build Patch/Sample Hash Table(s).....Done<0.0909 sec>
0...1...2...3...4...5...6...7...8...9...10FinalLightFace Done
0...1...2...3...4...5...6...7...8...9...10Setting up leaf ambient computation...
115 of 410 (28% of) surface lights went in leaf ambient cubes.
0...1...2...3...4...5...6...7...8...9...10Writing leaf ambient...done
Ready to Finish

Object names       Objects/Maxobjs  Fullness 
------------       ---------------  -------- 
entities              1219/65536    ( 1.9%) 
models                 165/4096     ( 4.0%) 
brushes               4488/65536    ( 6.8%) 
brushsides           28213/655350   ( 4.3%) 
planes                5140/65536    ( 7.8%) 
vertexes             31350/65536    (47.8%) 
nodes                 5036/65536    ( 7.7%) 
texinfos              1681/32768    ( 5.1%) 
texdata                305/8192     ( 3.7%) 
dispinfos                4/16384    ( 0.0%) 
faces                17800/65536    (27.2%) 
hdr faces            17800/65536    (27.2%) 
origfaces             9259/65536    (14.1%) 
leaves                5202/65536    ( 7.9%) 
leaffaces            21303/65536    (32.5%) 
leafbrushes           9235/65536    (14.1%) 
areas                   91/1024     ( 8.9%) 
surfedges            87495/512000   (17.1%) 
edges                49324/256000   (19.3%) 
leafwaterdata           16/32768    ( 0.0%) 
primitives            2751/32768    ( 8.4%) 
primverts                0/65536    ( 0.0%) 
primindices          43071/65536    (65.7%) 
cubemapsamples           0/1024     ( 0.0%) 
overlays                65/8192     ( 0.8%) 
vertnormalindices    87336/256000   (34.1%) 
visdata             172471/16777216 ( 1.0%) 
entdata             436416/393216   (111.0%) FULL!!!
LDR ambient table     5202/65536    ( 7.9%) 
HDR ambient table     5202/65536    ( 7.9%) 
LDR worldlights            0       
HDR worldlights            565     
LDR lightdata              0       
HDR lightdata              35584168
LDR leaf ambient           5202    
HDR leaf ambient           17618   
occluders                  0       
occluder polygons          0       
occluder vert ind          0       
detail props               1140    
dtl prp lght               4       
HDR dtl prp lght           4       
static props               19826   
pakfile                    128981  
physics                    1457502 
physics terrain            1376    

Level flags = 0

Total triangle count: 51736
Writing w:\programs\steam\steamapps\common\garrysmod\garrysmod\addons\garrysmodmap\maps\gmm_garrymod_map_by_woowz_real_rp_normal.bsp
9 seconds elapsed

==================================================================
Date: 2026-09-29 12:28:06
W:\Programs\Steam\steamapps\common\GarrysMod\bin\win64\vbspplusplus.exe -allowdynamicpropsasstatic -game W:\Programs\Steam\steamapps\common\GarrysMod\garrysmod w:\programs\steam\steamapps\common\garrysmod\garrysmod\addons\garrysmodmap\maps\gmm_garrymod_map_by_woowz_real_rp_normal
==================================================================
16 threads
---------------
gamedir: W:\Programs\Steam\steamapps\common\GarrysMod\garrysmod\
---------------
Loading w:\programs\steam\steamapps\common\garrysmod\garrysmod\addons\garrysmodmap\maps\gmm_garrymod_map_by_woowz_real_rp_normal.vmf
Can't find surfaceprop antlion_eggshell for material NATURE/ROCKWALL_ANTLION03A, using default
Locating GameData file 'garrysmod.fgd'...
Parsing GameData file w:\programs\steam\steamapps\common\garrysmod\bin\garrysmod.fgd
Parsing GameData file w:\programs\steam\steamapps\common\garrysmod\bin\base.fgd
Parsing GameData file w:\programs\steam\steamapps\common\garrysmod\bin\halflife2.fgd
Parsing GameData file w:\programs\steam\steamapps\common\garrysmod\bin\base.fgd
fixing up env_cubemap materials on brush sides...
FloodEntities...
FloodEntities...
Processing areas...done (0)
Building Faces...done (1)
Chop Details...done (0)
Find Visible Detail Sides...
Merged 1052 detail faces...done (0)
Merging details...done (0)
FixTjuncs...
PruneNodes...
WriteBSP...
done (0)
writing w:\programs\steam\steamapps\common\garrysmod\garrysmod\addons\garrysmodmap\maps\gmm_garrymod_map_by_woowz_real_rp_normal.prt...
Building visibility clusters...
done (0)
Generating blank default cubemaps...
Generating blank default cubemaps...
Emitted 4488 brushes and 28213 brushsides
Finding displacement neighbors...
Finding lightmap sample positions...
Building Physics collision data...
done (0) (1457502 bytes)
Emitting static props...
Model "models/props_phx/construct/metal_wire1x2x2b.mdl" is missing $staticprop. Allowing due to -allowdynamicpropsasstatic
Model "models/props_phx/construct/metal_wire_angle360x2.mdl" is missing $staticprop. Allowing due to -allowdynamicpropsasstatic
Placing detail props : 0...1...2...3...4...5...6...7...8...9...10
Water found with no water_lod_control entity, creating a default one.
Compacting texture/material tables...
Reduced 2938 texinfos to 1681
Reduced 338 texdatas to 305 (11075 bytes to 8132)
Writing w:\programs\steam\steamapps\common\garrysmod\garrysmod\addons\garrysmodmap\maps\gmm_garrymod_map_by_woowz_real_rp_normal.bsp
2 seconds elapsed

==================================================================
Date: 2026-09-29 12:28:08
W:\Programs\Steam\steamapps\common\GarrysMod\bin\win64\vvisplusplus.exe -game W:\Programs\Steam\steamapps\common\GarrysMod\garrysmod w:\programs\steam\steamapps\common\garrysmod\garrysmod\addons\garrysmodmap\maps\gmm_garrymod_map_by_woowz_real_rp_normal
==================================================================
16 threads
CPU supports AVX2
reading w:\programs\steam\steamapps\common\garrysmod\garrysmod\addons\garrysmodmap\maps\gmm_garrymod_map_by_woowz_real_rp_normal.bsp
reading w:\programs\steam\steamapps\common\garrysmod\garrysmod\addons\garrysmodmap\maps\gmm_garrymod_map_by_woowz_real_rp_normal.prt
1518 portalclusters
2839 numportals
0...1...2...3...4...5...6...7...8...9...100...1...2...3...4...5...6...7...8...9...10Optimized: 276 visible clusters (0.34%)
Total clusters visible: 81696
Average clusters visible: 53
Building PAS...
Average clusters audible: 201
visdatasize:172471  compressed from 582912
writing w:\programs\steam\steamapps\common\garrysmod\garrysmod\addons\garrysmodmap\maps\gmm_garrymod_map_by_woowz_real_rp_normal.bsp
Wrote ZIP buffer, estimated size 133349, actual size 128981
0 seconds elapsed

==================================================================
Date: 2026-09-29 12:28:08
W:\Programs\Steam\steamapps\common\GarrysMod\bin\win64\vradplusplus.exe -both -final -game W:\Programs\Steam\steamapps\common\GarrysMod\garrysmod w:\programs\steam\steamapps\common\garrysmod\garrysmod\addons\garrysmodmap\maps\gmm_garrymod_map_by_woowz_real_rp_normal
==================================================================
---------------
gamedir: W:\Programs\Steam\steamapps\common\GarrysMod\garrysmod\
---------------
16 threads
Compiling in LDR+HDR mode
Reading texlights from 'lights.rad'...
53 texlights parsed
Loading w:\programs\steam\steamapps\common\garrysmod\garrysmod\addons\garrysmodmap\maps\gmm_garrymod_map_by_woowz_real_rp_normal.bsp
156 props added to raytrace
17800 faces
1 degenerate faces
572 fake patch planes
1928722 square feet [277736032.00 square inches]
4 Displacements
3259 Square Feet [469401.19 Square Inches]
0...1...2...3...4...5...6...7...8...9...1017799 patches before subdivision
208719 patches after subdivision
CreateDirectLights...
0...1...2...3...4...5...6...7...8...9...10569 lights, 6 styled (0.01 seconds)
0...1...2...3...4...5...6...7...8...9...100...1...2...3...4...5...6...7...8...9...10transfers 24394468, max 1077
transfer lists: 186.1 megs
0...1...2...3...4...5...6...7...8...9...10	Bounce #1 added RGB(1879247, 1460937, 1017233)
0...1...2...3...4...5...6...7...8...9...10	Bounce #2 added RGB(519935, 392042, 258379)
0...1...2...3...4...5...6...7...8...9...10	Bounce #3 added RGB(168942, 125786, 79857)
0...1...2...3...4...5...6...7...8...9...10	Bounce #4 added RGB(61491, 44994, 27211)
0...1...2...3...4...5...6...7...8...9...10	Bounce #5 added RGB(24035, 17180, 9842)
0...1...2...3...4...5...6...7...8...9...10	Bounce #6 added RGB(9926, 6885, 3718)
0...1...2...3...4...5...6...7...8...9...10	Bounce #7 added RGB(4266, 2858, 1450)
0...1...2...3...4...5...6...7...8...9...10	Bounce #8 added RGB(1893, 1221, 580)
0...1...2...3...4...5...6...7...8...9...10	Bounce #9 added RGB(860, 532, 237)
0...1...2...3...4...5...6...7...8...9...10	Bounce #10 added RGB(398, 236, 98)
0...1...2...3...4...5...6...7...8...9...10	Bounce #11 added RGB(187, 106, 41)
0...1...2...3...4...5...6...7...8...9...10	Bounce #12 added RGB(89, 48, 17)
0...1...2...3...4...5...6...7...8...9...10	Bounce #13 added RGB(42, 22, 7)
0...1...2...3...4...5...6...7...8...9...10	Bounce #14 added RGB(20, 10, 3)
0...1...2...3...4...5...6...7...8...9...10	Bounce #15 added RGB(10, 5, 1)
0...1...2...3...4...5...6...7...8...9...10	Bounce #16 added RGB(5, 2, 1)
0...1...2...3...4...5...6...7...8...9...10	Bounce #17 added RGB(2, 1, 0)
0...1...2...3...4...5...6...7...8...9...10	Bounce #18 added RGB(1, 0, 0)
0...1...2...3...4...5...6...7...8...9...10	Bounce #19 added RGB(1, 0, 0)
Build Patch/Sample Hash Table(s).....Done<0.0931 sec>
0...1...2...3...4...5...6...7...8...9...10FinalLightFace Done
0...1...2...3...4...5...6...7...8...9...10Setting up leaf ambient computation...
115 of 410 (28% of) surface lights went in leaf ambient cubes.
0...1...2...3...4...5...6...7...8...9...10Writing leaf ambient...done
Ready to Finish

Object names       Objects/Maxobjs  Fullness 
------------       ---------------  -------- 
entities              1223/65536    ( 1.9%) 
models                 165/4096     ( 4.0%) 
brushes               4488/65536    ( 6.8%) 
brushsides           28213/655350   ( 4.3%) 
planes                5140/65536    ( 7.8%) 
vertexes             31350/65536    (47.8%) 
nodes                 5036/65536    ( 7.7%) 
texinfos              1681/32768    ( 5.1%) 
texdata                305/8192     ( 3.7%) 
dispinfos                4/16384    ( 0.0%) 
faces                17800/65536    (27.2%) 
hdr faces            17800/65536    (27.2%) 
origfaces             9259/65536    (14.1%) 
leaves                5202/65536    ( 7.9%) 
leaffaces            21303/65536    (32.5%) 
leafbrushes           9235/65536    (14.1%) 
areas                   91/1024     ( 8.9%) 
surfedges            87495/512000   (17.1%) 
edges                49324/256000   (19.3%) 
leafwaterdata           16/32768    ( 0.0%) 
primitives            2751/32768    ( 8.4%) 
primverts                0/65536    ( 0.0%) 
primindices          43071/65536    (65.7%) 
cubemapsamples           0/1024     ( 0.0%) 
overlays                65/8192     ( 0.8%) 
vertnormalindices    87336/256000   (34.1%) 
visdata             172471/16777216 ( 1.0%) 
entdata             437794/393216   (111.3%) FULL!!!
LDR ambient table     5202/65536    ( 7.9%) 
HDR ambient table     5202/65536    ( 7.9%) 
LDR worldlights            0       
HDR worldlights            569     
LDR lightdata              0       
HDR lightdata              35584168
LDR leaf ambient           5202    
HDR leaf ambient           17618   
occluders                  0       
occluder polygons          0       
occluder vert ind          0       
detail props               1140    
dtl prp lght               4       
HDR dtl prp lght           4       
static props               19826   
pakfile                    128981  
physics                    1457502 
physics terrain            1376    

Level flags = 0

Total triangle count: 51736
Writing w:\programs\steam\steamapps\common\garrysmod\garrysmod\addons\garrysmodmap\maps\gmm_garrymod_map_by_woowz_real_rp_normal.bsp
9 seconds elapsed

==================================================================
Date: 2026-09-29 12:33:30
W:\Programs\Steam\steamapps\common\GarrysMod\bin\win64\vbspplusplus.exe -allowdynamicpropsasstatic -game W:\Programs\Steam\steamapps\common\GarrysMod\garrysmod w:\programs\steam\steamapps\common\garrysmod\garrysmod\addons\garrysmodmap\maps\gmm_garrymod_map_by_woowz_real_rp_normal
==================================================================
16 threads
---------------
gamedir: W:\Programs\Steam\steamapps\common\GarrysMod\garrysmod\
---------------
Loading w:\programs\steam\steamapps\common\garrysmod\garrysmod\addons\garrysmodmap\maps\gmm_garrymod_map_by_woowz_real_rp_normal.vmf
Can't find surfaceprop antlion_eggshell for material NATURE/ROCKWALL_ANTLION03A, using default
Locating GameData file 'garrysmod.fgd'...
Parsing GameData file w:\programs\steam\steamapps\common\garrysmod\bin\garrysmod.fgd
Parsing GameData file w:\programs\steam\steamapps\common\garrysmod\bin\base.fgd
Parsing GameData file w:\programs\steam\steamapps\common\garrysmod\bin\halflife2.fgd
Parsing GameData file w:\programs\steam\steamapps\common\garrysmod\bin\base.fgd
fixing up env_cubemap materials on brush sides...
FloodEntities...
FloodEntities...
Processing areas...done (0)
Building Faces...done (1)
Chop Details...done (0)
Find Visible Detail Sides...
Merged 1052 detail faces...done (0)
Merging details...done (0)
FixTjuncs...
PruneNodes...
WriteBSP...
done (0)
writing w:\programs\steam\steamapps\common\garrysmod\garrysmod\addons\garrysmodmap\maps\gmm_garrymod_map_by_woowz_real_rp_normal.prt...
Building visibility clusters...
done (0)
Generating blank default cubemaps...
Generating blank default cubemaps...
Emitted 4488 brushes and 28213 brushsides
Finding displacement neighbors...
Finding lightmap sample positions...
Building Physics collision data...
done (0) (1457502 bytes)
Emitting static props...
Model "models/props_phx/construct/metal_wire1x2x2b.mdl" is missing $staticprop. Allowing due to -allowdynamicpropsasstatic
Model "models/props_phx/construct/metal_wire_angle360x2.mdl" is missing $staticprop. Allowing due to -allowdynamicpropsasstatic
Placing detail props : 0...1...2...3...4...5...6...7...8...9...10
Water found with no water_lod_control entity, creating a default one.
Compacting texture/material tables...
Reduced 2939 texinfos to 1682
Reduced 338 texdatas to 305 (11075 bytes to 8132)
Writing w:\programs\steam\steamapps\common\garrysmod\garrysmod\addons\garrysmodmap\maps\gmm_garrymod_map_by_woowz_real_rp_normal.bsp
2 seconds elapsed

==================================================================
Date: 2026-09-29 12:33:33
W:\Programs\Steam\steamapps\common\GarrysMod\bin\win64\vvisplusplus.exe -game W:\Programs\Steam\steamapps\common\GarrysMod\garrysmod w:\programs\steam\steamapps\common\garrysmod\garrysmod\addons\garrysmodmap\maps\gmm_garrymod_map_by_woowz_real_rp_normal
==================================================================
16 threads
CPU supports AVX2
reading w:\programs\steam\steamapps\common\garrysmod\garrysmod\addons\garrysmodmap\maps\gmm_garrymod_map_by_woowz_real_rp_normal.bsp
reading w:\programs\steam\steamapps\common\garrysmod\garrysmod\addons\garrysmodmap\maps\gmm_garrymod_map_by_woowz_real_rp_normal.prt
1518 portalclusters
2839 numportals
0...1...2...3...4...5...6...7...8...9...100...1...2...3...4...5...6...7...8...9...10Optimized: 272 visible clusters (0.33%)
Total clusters visible: 81692
Average clusters visible: 53
Building PAS...
Average clusters audible: 201
visdatasize:172471  compressed from 582912
writing w:\programs\steam\steamapps\common\garrysmod\garrysmod\addons\garrysmodmap\maps\gmm_garrymod_map_by_woowz_real_rp_normal.bsp
Wrote ZIP buffer, estimated size 133349, actual size 128981
0 seconds elapsed

==================================================================
Date: 2026-09-29 12:33:33
W:\Programs\Steam\steamapps\common\GarrysMod\bin\win64\vradplusplus.exe -both -final -game W:\Programs\Steam\steamapps\common\GarrysMod\garrysmod w:\programs\steam\steamapps\common\garrysmod\garrysmod\addons\garrysmodmap\maps\gmm_garrymod_map_by_woowz_real_rp_normal
==================================================================
---------------
gamedir: W:\Programs\Steam\steamapps\common\GarrysMod\garrysmod\
---------------
16 threads
Compiling in LDR+HDR mode
Reading texlights from 'lights.rad'...
53 texlights parsed
Loading w:\programs\steam\steamapps\common\garrysmod\garrysmod\addons\garrysmodmap\maps\gmm_garrymod_map_by_woowz_real_rp_normal.bsp
168 props added to raytrace
17800 faces
1 degenerate faces
572 fake patch planes
1928722 square feet [277736032.00 square inches]
4 Displacements
3259 Square Feet [469401.19 Square Inches]
0...1...2...3...4...5...6...7...8...9...1017799 patches before subdivision
208719 patches after subdivision
CreateDirectLights...
0...1...2...3...4...5...6...7...8...9...10569 lights, 6 styled (0.01 seconds)
0...1...2...3...4...5...6...7...8...9...100...1...2...3...4...5...6...7...8...9...10transfers 24340960, max 1077
transfer lists: 185.7 megs
0...1...2...3...4...5...6...7...8...9...10	Bounce #1 added RGB(1876137, 1457612, 1015346)
0...1...2...3...4...5...6...7...8...9...10	Bounce #2 added RGB(518694, 390765, 257746)
0...1...2...3...4...5...6...7...8...9...10	Bounce #3 added RGB(168524, 125372, 79673)
0...1...2...3...4...5...6...7...8...9...10	Bounce #4 added RGB(61352, 44862, 27158)
0...1...2...3...4...5...6...7...8...9...10	Bounce #5 added RGB(23990, 17140, 9828)
0...1...2...3...4...5...6...7...8...9...10	Bounce #6 added RGB(9911, 6873, 3714)
0...1...2...3...4...5...6...7...8...9...10	Bounce #7 added RGB(4262, 2854, 1449)
0...1...2...3...4...5...6...7...8...9...10	Bounce #8 added RGB(1892, 1219, 580)
0...1...2...3...4...5...6...7...8...9...10	Bounce #9 added RGB(860, 532, 237)
0...1...2...3...4...5...6...7...8...9...10	Bounce #10 added RGB(398, 236, 98)
0...1...2...3...4...5...6...7...8...9...10	Bounce #11 added RGB(187, 106, 41)
0...1...2...3...4...5...6...7...8...9...10	Bounce #12 added RGB(89, 48, 17)
0...1...2...3...4...5...6...7...8...9...10	Bounce #13 added RGB(42, 22, 7)
0...1...2...3...4...5...6...7...8...9...10	Bounce #14 added RGB(20, 10, 3)
0...1...2...3...4...5...6...7...8...9...10	Bounce #15 added RGB(10, 5, 1)
0...1...2...3...4...5...6...7...8...9...10	Bounce #16 added RGB(5, 2, 1)
0...1...2...3...4...5...6...7...8...9...10	Bounce #17 added RGB(2, 1, 0)
0...1...2...3...4...5...6...7...8...9...10	Bounce #18 added RGB(1, 0, 0)
0...1...2...3...4...5...6...7...8...9...10	Bounce #19 added RGB(1, 0, 0)
Build Patch/Sample Hash Table(s).....Done<0.0940 sec>
0...1...2...3...4...5...6...7...8...9...10FinalLightFace Done
0...1...2...3...4...5...6...7...8...9...10Setting up leaf ambient computation...
115 of 410 (28% of) surface lights went in leaf ambient cubes.
0...1...2...3...4...5...6...7...8...9...10Writing leaf ambient...done
Ready to Finish

Object names       Objects/Maxobjs  Fullness 
------------       ---------------  -------- 
entities              1223/65536    ( 1.9%) 
models                 165/4096     ( 4.0%) 
brushes               4488/65536    ( 6.8%) 
brushsides           28213/655350   ( 4.3%) 
planes                5140/65536    ( 7.8%) 
vertexes             31350/65536    (47.8%) 
nodes                 5036/65536    ( 7.7%) 
texinfos              1682/32768    ( 5.1%) 
texdata                305/8192     ( 3.7%) 
dispinfos                4/16384    ( 0.0%) 
faces                17800/65536    (27.2%) 
hdr faces            17800/65536    (27.2%) 
origfaces             9259/65536    (14.1%) 
leaves                5202/65536    ( 7.9%) 
leaffaces            21303/65536    (32.5%) 
leafbrushes           9235/65536    (14.1%) 
areas                   91/1024     ( 8.9%) 
surfedges            87495/512000   (17.1%) 
edges                49324/256000   (19.3%) 
leafwaterdata           16/32768    ( 0.0%) 
primitives            2751/32768    ( 8.4%) 
primverts                0/65536    ( 0.0%) 
primindices          43071/65536    (65.7%) 
cubemapsamples           0/1024     ( 0.0%) 
overlays                65/8192     ( 0.8%) 
vertnormalindices    87336/256000   (34.1%) 
visdata             172471/16777216 ( 1.0%) 
entdata             437794/393216   (111.3%) FULL!!!
LDR ambient table     5202/65536    ( 7.9%) 
HDR ambient table     5202/65536    ( 7.9%) 
LDR worldlights            0       
HDR worldlights            569     
LDR lightdata              0       
HDR lightdata              35584168
LDR leaf ambient           5202    
HDR leaf ambient           17620   
occluders                  0       
occluder polygons          0       
occluder vert ind          0       
detail props               1140    
dtl prp lght               4       
HDR dtl prp lght           4       
static props               20970   
pakfile                    128981  
physics                    1457502 
physics terrain            1376    

Level flags = 0

Total triangle count: 51736
Writing w:\programs\steam\steamapps\common\garrysmod\garrysmod\addons\garrysmodmap\maps\gmm_garrymod_map_by_woowz_real_rp_normal.bsp
10 seconds elapsed

==================================================================
Date: 2026-09-29 12:38:55
W:\Programs\Steam\steamapps\common\GarrysMod\bin\win64\vbspplusplus.exe -allowdynamicpropsasstatic -game W:\Programs\Steam\steamapps\common\GarrysMod\garrysmod w:\programs\steam\steamapps\common\garrysmod\garrysmod\addons\garrysmodmap\maps\gmm_garrymod_map_by_woowz_real_rp_normal
==================================================================
16 threads
---------------
gamedir: W:\Programs\Steam\steamapps\common\GarrysMod\garrysmod\
---------------
Loading w:\programs\steam\steamapps\common\garrysmod\garrysmod\addons\garrysmodmap\maps\gmm_garrymod_map_by_woowz_real_rp_normal.vmf
Can't find surfaceprop antlion_eggshell for material NATURE/ROCKWALL_ANTLION03A, using default
Locating GameData file 'garrysmod.fgd'...
Parsing GameData file w:\programs\steam\steamapps\common\garrysmod\bin\garrysmod.fgd
Parsing GameData file w:\programs\steam\steamapps\common\garrysmod\bin\base.fgd
Parsing GameData file w:\programs\steam\steamapps\common\garrysmod\bin\halflife2.fgd
Parsing GameData file w:\programs\steam\steamapps\common\garrysmod\bin\base.fgd
fixing up env_cubemap materials on brush sides...
FloodEntities...
FloodEntities...
Processing areas...done (0)
Building Faces...done (1)
Chop Details...done (0)
Find Visible Detail Sides...
Merged 1052 detail faces...done (0)
Merging details...done (0)
FixTjuncs...
PruneNodes...
WriteBSP...
done (0)
writing w:\programs\steam\steamapps\common\garrysmod\garrysmod\addons\garrysmodmap\maps\gmm_garrymod_map_by_woowz_real_rp_normal.prt...
Building visibility clusters...
done (0)
Generating blank default cubemaps...
Generating blank default cubemaps...
Emitted 4488 brushes and 28213 brushsides
Finding displacement neighbors...
Finding lightmap sample positions...
Building Physics collision data...
done (0) (1457502 bytes)
Emitting static props...
Model "models/props_phx/construct/metal_wire1x2x2b.mdl" is missing $staticprop. Allowing due to -allowdynamicpropsasstatic
Model "models/props_phx/construct/metal_wire_angle360x2.mdl" is missing $staticprop. Allowing due to -allowdynamicpropsasstatic
Placing detail props : 0...1...2...3...4...5...6...7...8...9...10
Water found with no water_lod_control entity, creating a default one.
Compacting texture/material tables...
Reduced 2939 texinfos to 1682
Reduced 338 texdatas to 305 (11075 bytes to 8132)
Writing w:\programs\steam\steamapps\common\garrysmod\garrysmod\addons\garrysmodmap\maps\gmm_garrymod_map_by_woowz_real_rp_normal.bsp
2 seconds elapsed

==================================================================
Date: 2026-09-29 12:38:57
W:\Programs\Steam\steamapps\common\GarrysMod\bin\win64\vvisplusplus.exe -game W:\Programs\Steam\steamapps\common\GarrysMod\garrysmod w:\programs\steam\steamapps\common\garrysmod\garrysmod\addons\garrysmodmap\maps\gmm_garrymod_map_by_woowz_real_rp_normal
==================================================================
16 threads
CPU supports AVX2
reading w:\programs\steam\steamapps\common\garrysmod\garrysmod\addons\garrysmodmap\maps\gmm_garrymod_map_by_woowz_real_rp_normal.bsp
reading w:\programs\steam\steamapps\common\garrysmod\garrysmod\addons\garrysmodmap\maps\gmm_garrymod_map_by_woowz_real_rp_normal.prt
1518 portalclusters
2839 numportals
0...1...2...3...4...5...6...7...8...9...100...1...2...3...4...5...6...7...8...9...10Optimized: 272 visible clusters (0.33%)
Total clusters visible: 81692
Average clusters visible: 53
Building PAS...
Average clusters audible: 201
visdatasize:172471  compressed from 582912
writing w:\programs\steam\steamapps\common\garrysmod\garrysmod\addons\garrysmodmap\maps\gmm_garrymod_map_by_woowz_real_rp_normal.bsp
Wrote ZIP buffer, estimated size 133349, actual size 128981
0 seconds elapsed

==================================================================
Date: 2026-09-29 12:38:57
W:\Programs\Steam\steamapps\common\GarrysMod\bin\win64\vradplusplus.exe -both -final -game W:\Programs\Steam\steamapps\common\GarrysMod\garrysmod w:\programs\steam\steamapps\common\garrysmod\garrysmod\addons\garrysmodmap\maps\gmm_garrymod_map_by_woowz_real_rp_normal
==================================================================
---------------
gamedir: W:\Programs\Steam\steamapps\common\GarrysMod\garrysmod\
---------------
16 threads
Compiling in LDR+HDR mode
Reading texlights from 'lights.rad'...
53 texlights parsed
Loading w:\programs\steam\steamapps\common\garrysmod\garrysmod\addons\garrysmodmap\maps\gmm_garrymod_map_by_woowz_real_rp_normal.bsp
180 props added to raytrace
17800 faces
1 degenerate faces
572 fake patch planes
1928722 square feet [277736032.00 square inches]
4 Displacements
3259 Square Feet [469401.19 Square Inches]
0...1...2...3...4...5...6...7...8...9...1017799 patches before subdivision
208719 patches after subdivision
CreateDirectLights...
0...1...2...3...4...5...6...7...8...9...10569 lights, 6 styled (0.01 seconds)
0...1...2...3...4...5...6...7...8...9...100...1...2...3...4...5...6...7...8...9...10transfers 24313022, max 1077
transfer lists: 185.5 megs
0...1...2...3...4...5...6...7...8...9...10	Bounce #1 added RGB(1873283, 1454863, 1013412)
0...1...2...3...4...5...6...7...8...9...10	Bounce #2 added RGB(517582, 389748, 257094)
0...1...2...3...4...5...6...7...8...9...10	Bounce #3 added RGB(168160, 125053, 79491)
0...1...2...3...4...5...6...7...8...9...10	Bounce #4 added RGB(61235, 44764, 27109)
0...1...2...3...4...5...6...7...8...9...10	Bounce #5 added RGB(23954, 17111, 9815)
0...1...2...3...4...5...6...7...8...9...10	Bounce #6 added RGB(9900, 6864, 3711)
0...1...2...3...4...5...6...7...8...9...10	Bounce #7 added RGB(4259, 2852, 1448)
0...1...2...3...4...5...6...7...8...9...10	Bounce #8 added RGB(1891, 1219, 580)
0...1...2...3...4...5...6...7...8...9...10	Bounce #9 added RGB(860, 532, 237)
0...1...2...3...4...5...6...7...8...9...10	Bounce #10 added RGB(398, 236, 98)
0...1...2...3...4...5...6...7...8...9...10	Bounce #11 added RGB(187, 106, 41)
0...1...2...3...4...5...6...7...8...9...10	Bounce #12 added RGB(89, 48, 17)
0...1...2...3...4...5...6...7...8...9...10	Bounce #13 added RGB(42, 22, 7)
0...1...2...3...4...5...6...7...8...9...10	Bounce #14 added RGB(20, 10, 3)
0...1...2...3...4...5...6...7...8...9...10	Bounce #15 added RGB(10, 5, 1)
0...1...2...3...4...5...6...7...8...9...10	Bounce #16 added RGB(5, 2, 1)
0...1...2...3...4...5...6...7...8...9...10	Bounce #17 added RGB(2, 1, 0)
0...1...2...3...4...5...6...7...8...9...10	Bounce #18 added RGB(1, 0, 0)
0...1...2...3...4...5...6...7...8...9...10	Bounce #19 added RGB(1, 0, 0)
Build Patch/Sample Hash Table(s).....Done<0.0922 sec>
0...1...2...3...4...5...6...7...8...9...10FinalLightFace Done
0...1...2...3...4...5...6...7...8...9...10Setting up leaf ambient computation...
115 of 410 (28% of) surface lights went in leaf ambient cubes.
0...1...2...3...4...5...6...7...8...9...10Writing leaf ambient...done
Ready to Finish

Object names       Objects/Maxobjs  Fullness 
------------       ---------------  -------- 
entities              1230/65536    ( 1.9%) 
models                 165/4096     ( 4.0%) 
brushes               4488/65536    ( 6.8%) 
brushsides           28213/655350   ( 4.3%) 
planes                5140/65536    ( 7.8%) 
vertexes             31350/65536    (47.8%) 
nodes                 5036/65536    ( 7.7%) 
texinfos              1682/32768    ( 5.1%) 
texdata                305/8192     ( 3.7%) 
dispinfos                4/16384    ( 0.0%) 
faces                17800/65536    (27.2%) 
hdr faces            17800/65536    (27.2%) 
origfaces             9259/65536    (14.1%) 
leaves                5202/65536    ( 7.9%) 
leaffaces            21303/65536    (32.5%) 
leafbrushes           9235/65536    (14.1%) 
areas                   91/1024     ( 8.9%) 
surfedges            87495/512000   (17.1%) 
edges                49324/256000   (19.3%) 
leafwaterdata           16/32768    ( 0.0%) 
primitives            2751/32768    ( 8.4%) 
primverts                0/65536    ( 0.0%) 
primindices          43071/65536    (65.7%) 
cubemapsamples           0/1024     ( 0.0%) 
overlays                67/8192     ( 0.8%) 
vertnormalindices    87336/256000   (34.1%) 
visdata             172471/16777216 ( 1.0%) 
entdata             439275/393216   (111.7%) FULL!!!
LDR ambient table     5202/65536    ( 7.9%) 
HDR ambient table     5202/65536    ( 7.9%) 
LDR worldlights            0       
HDR worldlights            569     
LDR lightdata              0       
HDR lightdata              35584168
LDR leaf ambient           5202    
HDR leaf ambient           17620   
occluders                  0       
occluder polygons          0       
occluder vert ind          0       
detail props               1140    
dtl prp lght               4       
HDR dtl prp lght           4       
static props               21730   
pakfile                    128981  
physics                    1457502 
physics terrain            1376    

Level flags = 0

Total triangle count: 51736
Writing w:\programs\steam\steamapps\common\garrysmod\garrysmod\addons\garrysmodmap\maps\gmm_garrymod_map_by_woowz_real_rp_normal.bsp
10 seconds elapsed

==================================================================
Date: 2026-09-29 12:40:15
W:\Programs\Steam\steamapps\common\GarrysMod\bin\win64\vbspplusplus.exe -allowdynamicpropsasstatic -game W:\Programs\Steam\steamapps\common\GarrysMod\garrysmod w:\programs\steam\steamapps\common\garrysmod\garrysmod\addons\garrysmodmap\maps\gmm_garrymod_map_by_woowz_real_rp_normal
==================================================================
16 threads
---------------
gamedir: W:\Programs\Steam\steamapps\common\GarrysMod\garrysmod\
---------------
Loading w:\programs\steam\steamapps\common\garrysmod\garrysmod\addons\garrysmodmap\maps\gmm_garrymod_map_by_woowz_real_rp_normal.vmf
Can't find surfaceprop antlion_eggshell for material NATURE/ROCKWALL_ANTLION03A, using default
Locating GameData file 'garrysmod.fgd'...
Parsing GameData file w:\programs\steam\steamapps\common\garrysmod\bin\garrysmod.fgd
Parsing GameData file w:\programs\steam\steamapps\common\garrysmod\bin\base.fgd
Parsing GameData file w:\programs\steam\steamapps\common\garrysmod\bin\halflife2.fgd
Parsing GameData file w:\programs\steam\steamapps\common\garrysmod\bin\base.fgd
fixing up env_cubemap materials on brush sides...
FloodEntities...
FloodEntities...
Processing areas...done (0)
Building Faces...done (1)
Chop Details...done (0)
Find Visible Detail Sides...
Merged 1052 detail faces...done (0)
Merging details...done (0)
FixTjuncs...
PruneNodes...
WriteBSP...
done (0)
writing w:\programs\steam\steamapps\common\garrysmod\garrysmod\addons\garrysmodmap\maps\gmm_garrymod_map_by_woowz_real_rp_normal.prt...
Building visibility clusters...
done (0)
Generating blank default cubemaps...
Generating blank default cubemaps...
Emitted 4488 brushes and 28213 brushsides
Finding displacement neighbors...
Finding lightmap sample positions...
Building Physics collision data...
done (0) (1457502 bytes)
Emitting static props...
Model "models/props_phx/construct/metal_wire1x2x2b.mdl" is missing $staticprop. Allowing due to -allowdynamicpropsasstatic
Model "models/props_phx/construct/metal_wire_angle360x2.mdl" is missing $staticprop. Allowing due to -allowdynamicpropsasstatic
Placing detail props : 0...1...2...3...4...5...6...7...8...9...10
Water found with no water_lod_control entity, creating a default one.
Compacting texture/material tables...
Reduced 2939 texinfos to 1682
Reduced 338 texdatas to 305 (11075 bytes to 8132)
Writing w:\programs\steam\steamapps\common\garrysmod\garrysmod\addons\garrysmodmap\maps\gmm_garrymod_map_by_woowz_real_rp_normal.bsp
2 seconds elapsed

==================================================================
Date: 2026-09-29 12:40:18
W:\Programs\Steam\steamapps\common\GarrysMod\bin\win64\vvisplusplus.exe -game W:\Programs\Steam\steamapps\common\GarrysMod\garrysmod w:\programs\steam\steamapps\common\garrysmod\garrysmod\addons\garrysmodmap\maps\gmm_garrymod_map_by_woowz_real_rp_normal
==================================================================
16 threads
CPU supports AVX2
reading w:\programs\steam\steamapps\common\garrysmod\garrysmod\addons\garrysmodmap\maps\gmm_garrymod_map_by_woowz_real_rp_normal.bsp
reading w:\programs\steam\steamapps\common\garrysmod\garrysmod\addons\garrysmodmap\maps\gmm_garrymod_map_by_woowz_real_rp_normal.prt
1518 portalclusters
2839 numportals
0...1...2...3...4...5...6...7...8...9...100...1...2...3...4...5...6...7...8...9...10Optimized: 269 visible clusters (0.33%)
Total clusters visible: 81689
Average clusters visible: 53
Building PAS...
Average clusters audible: 201
visdatasize:172471  compressed from 582912
writing w:\programs\steam\steamapps\common\garrysmod\garrysmod\addons\garrysmodmap\maps\gmm_garrymod_map_by_woowz_real_rp_normal.bsp
Wrote ZIP buffer, estimated size 133349, actual size 128981
0 seconds elapsed

==================================================================
Date: 2026-09-29 12:40:18
W:\Programs\Steam\steamapps\common\GarrysMod\bin\win64\vradplusplus.exe -both -final -game W:\Programs\Steam\steamapps\common\GarrysMod\garrysmod w:\programs\steam\steamapps\common\garrysmod\garrysmod\addons\garrysmodmap\maps\gmm_garrymod_map_by_woowz_real_rp_normal
==================================================================
---------------
gamedir: W:\Programs\Steam\steamapps\common\GarrysMod\garrysmod\
---------------
16 threads
Compiling in LDR+HDR mode
Reading texlights from 'lights.rad'...
53 texlights parsed
Loading w:\programs\steam\steamapps\common\garrysmod\garrysmod\addons\garrysmodmap\maps\gmm_garrymod_map_by_woowz_real_rp_normal.bsp
180 props added to raytrace
17800 faces
1 degenerate faces
572 fake patch planes
1928722 square feet [277736032.00 square inches]
4 Displacements
3259 Square Feet [469401.19 Square Inches]
0...1...2...3...4...5...6...7...8...9...1017799 patches before subdivision
208719 patches after subdivision
CreateDirectLights...
0...1...2...3...4...5...6...7...8...9...10569 lights, 6 styled (0.01 seconds)
0...1...2...3...4...5...6...7...8...9...100...1...2...3...4...5...6...7...8...9...10transfers 24313022, max 1077
transfer lists: 185.5 megs
0...1...2...3...4...5...6...7...8...9...10	Bounce #1 added RGB(1873277, 1454858, 1013410)
0...1...2...3...4...5...6...7...8...9...10	Bounce #2 added RGB(517580, 389747, 257093)
0...1...2...3...4...5...6...7...8...9...10	Bounce #3 added RGB(168159, 125053, 79491)
0...1...2...3...4...5...6...7...8...9...10	Bounce #4 added RGB(61235, 44764, 27109)
0...1...2...3...4...5...6...7...8...9...10	Bounce #5 added RGB(23954, 17110, 9815)
0...1...2...3...4...5...6...7...8...9...10	Bounce #6 added RGB(9900, 6864, 3711)
0...1...2...3...4...5...6...7...8...9...10	Bounce #7 added RGB(4259, 2852, 1448)
0...1...2...3...4...5...6...7...8...9...10	Bounce #8 added RGB(1891, 1219, 580)
0...1...2...3...4...5...6...7...8...9...10	Bounce #9 added RGB(860, 532, 237)
0...1...2...3...4...5...6...7...8...9...10	Bounce #10 added RGB(398, 236, 98)
0...1...2...3...4...5...6...7...8...9...10	Bounce #11 added RGB(187, 106, 41)
0...1...2...3...4...5...6...7...8...9...10	Bounce #12 added RGB(89, 48, 17)
0...1...2...3...4...5...6...7...8...9...10	Bounce #13 added RGB(42, 22, 7)
0...1...2...3...4...5...6...7...8...9...10	Bounce #14 added RGB(20, 10, 3)
0...1...2...3...4...5...6...7...8...9...10	Bounce #15 added RGB(10, 5, 1)
0...1...2...3...4...5...6...7...8...9...10	Bounce #16 added RGB(5, 2, 1)
0...1...2...3...4...5...6...7...8...9...10	Bounce #17 added RGB(2, 1, 0)
0...1...2...3...4...5...6...7...8...9...10	Bounce #18 added RGB(1, 0, 0)
0...1...2...3...4...5...6...7...8...9...10	Bounce #19 added RGB(1, 0, 0)
Build Patch/Sample Hash Table(s).....Done<0.0921 sec>
0...1...2...3...4...5...6...7...8...9...10FinalLightFace Done
0...1...2...3...4...5...6...7...8...9...10Setting up leaf ambient computation...
115 of 410 (28% of) surface lights went in leaf ambient cubes.
0...1...2...3...4...5...6...7...8...9...10Writing leaf ambient...done
Ready to Finish

Object names       Objects/Maxobjs  Fullness 
------------       ---------------  -------- 
entities              1230/65536    ( 1.9%) 
models                 165/4096     ( 4.0%) 
brushes               4488/65536    ( 6.8%) 
brushsides           28213/655350   ( 4.3%) 
planes                5140/65536    ( 7.8%) 
vertexes             31350/65536    (47.8%) 
nodes                 5036/65536    ( 7.7%) 
texinfos              1682/32768    ( 5.1%) 
texdata                305/8192     ( 3.7%) 
dispinfos                4/16384    ( 0.0%) 
faces                17800/65536    (27.2%) 
hdr faces            17800/65536    (27.2%) 
origfaces             9259/65536    (14.1%) 
leaves                5202/65536    ( 7.9%) 
leaffaces            21303/65536    (32.5%) 
leafbrushes           9235/65536    (14.1%) 
areas                   91/1024     ( 8.9%) 
surfedges            87495/512000   (17.1%) 
edges                49324/256000   (19.3%) 
leafwaterdata           16/32768    ( 0.0%) 
primitives            2751/32768    ( 8.4%) 
primverts                0/65536    ( 0.0%) 
primindices          43071/65536    (65.7%) 
cubemapsamples           0/1024     ( 0.0%) 
overlays                67/8192     ( 0.8%) 
vertnormalindices    87336/256000   (34.1%) 
visdata             172471/16777216 ( 1.0%) 
entdata             439283/393216   (111.7%) FULL!!!
LDR ambient table     5202/65536    ( 7.9%) 
HDR ambient table     5202/65536    ( 7.9%) 
LDR worldlights            0       
HDR worldlights            569     
LDR lightdata              0       
HDR lightdata              35584168
LDR leaf ambient           5202    
HDR leaf ambient           17619   
occluders                  0       
occluder polygons          0       
occluder vert ind          0       
detail props               1140    
dtl prp lght               4       
HDR dtl prp lght           4       
static props               21730   
pakfile                    128981  
physics                    1457502 
physics terrain            1376    

Level flags = 0

Total triangle count: 51736
Writing w:\programs\steam\steamapps\common\garrysmod\garrysmod\addons\garrysmodmap\maps\gmm_garrymod_map_by_woowz_real_rp_normal.bsp
10 seconds elapsed

==================================================================
Date: 2026-09-29 12:46:00
W:\Programs\Steam\steamapps\common\GarrysMod\bin\win64\vbspplusplus.exe -allowdynamicpropsasstatic -game W:\Programs\Steam\steamapps\common\GarrysMod\garrysmod w:\programs\steam\steamapps\common\garrysmod\garrysmod\addons\garrysmodmap\maps\gmm_garrymod_map_by_woowz_real_rp_normal
==================================================================
16 threads
---------------
gamedir: W:\Programs\Steam\steamapps\common\GarrysMod\garrysmod\
---------------
Loading w:\programs\steam\steamapps\common\garrysmod\garrysmod\addons\garrysmodmap\maps\gmm_garrymod_map_by_woowz_real_rp_normal.vmf
Can't find surfaceprop antlion_eggshell for material NATURE/ROCKWALL_ANTLION03A, using default
Locating GameData file 'garrysmod.fgd'...
Parsing GameData file w:\programs\steam\steamapps\common\garrysmod\bin\garrysmod.fgd
Parsing GameData file w:\programs\steam\steamapps\common\garrysmod\bin\base.fgd
Parsing GameData file w:\programs\steam\steamapps\common\garrysmod\bin\halflife2.fgd
Parsing GameData file w:\programs\steam\steamapps\common\garrysmod\bin\base.fgd
fixing up env_cubemap materials on brush sides...
FloodEntities...
FloodEntities...
Processing areas...done (0)
Building Faces...done (1)
Chop Details...done (0)
Find Visible Detail Sides...
Merged 1070 detail faces...done (0)
Merging details...done (0)
FixTjuncs...
PruneNodes...
WriteBSP...
done (0)
writing w:\programs\steam\steamapps\common\garrysmod\garrysmod\addons\garrysmodmap\maps\gmm_garrymod_map_by_woowz_real_rp_normal.prt...
Building visibility clusters...
done (0)
Generating blank default cubemaps...
Generating blank default cubemaps...
Emitted 4490 brushes and 28239 brushsides
Finding displacement neighbors...
Finding lightmap sample positions...
Building Physics collision data...
done (0) (1458318 bytes)
Emitting static props...
Model "models/props_phx/construct/metal_wire1x2x2b.mdl" is missing $staticprop. Allowing due to -allowdynamicpropsasstatic
Model "models/props_phx/construct/metal_wire_angle360x2.mdl" is missing $staticprop. Allowing due to -allowdynamicpropsasstatic
Placing detail props : 0...1...2...3...4...5...6...7...8...9...10
Water found with no water_lod_control entity, creating a default one.
Compacting texture/material tables...
Reduced 2944 texinfos to 1687
Reduced 338 texdatas to 305 (11075 bytes to 8132)
Writing w:\programs\steam\steamapps\common\garrysmod\garrysmod\addons\garrysmodmap\maps\gmm_garrymod_map_by_woowz_real_rp_normal.bsp
2 seconds elapsed

==================================================================
Date: 2026-09-29 12:46:02
W:\Programs\Steam\steamapps\common\GarrysMod\bin\win64\vvisplusplus.exe -game W:\Programs\Steam\steamapps\common\GarrysMod\garrysmod w:\programs\steam\steamapps\common\garrysmod\garrysmod\addons\garrysmodmap\maps\gmm_garrymod_map_by_woowz_real_rp_normal
==================================================================
16 threads
CPU supports AVX2
reading w:\programs\steam\steamapps\common\garrysmod\garrysmod\addons\garrysmodmap\maps\gmm_garrymod_map_by_woowz_real_rp_normal.bsp
reading w:\programs\steam\steamapps\common\garrysmod\garrysmod\addons\garrysmodmap\maps\gmm_garrymod_map_by_woowz_real_rp_normal.prt
1518 portalclusters
2839 numportals
0...1...2...3...4...5...6...7...8...9...100...1...2...3...4...5...6...7...8...9...10Optimized: 269 visible clusters (0.33%)
Total clusters visible: 81689
Average clusters visible: 53
Building PAS...
Average clusters audible: 201
visdatasize:172471  compressed from 582912
writing w:\programs\steam\steamapps\common\garrysmod\garrysmod\addons\garrysmodmap\maps\gmm_garrymod_map_by_woowz_real_rp_normal.bsp
Wrote ZIP buffer, estimated size 133349, actual size 128981
0 seconds elapsed

==================================================================
Date: 2026-09-29 12:46:02
W:\Programs\Steam\steamapps\common\GarrysMod\bin\win64\vradplusplus.exe -both -final -game W:\Programs\Steam\steamapps\common\GarrysMod\garrysmod w:\programs\steam\steamapps\common\garrysmod\garrysmod\addons\garrysmodmap\maps\gmm_garrymod_map_by_woowz_real_rp_normal
==================================================================
---------------
gamedir: W:\Programs\Steam\steamapps\common\GarrysMod\garrysmod\
---------------
16 threads
Compiling in LDR+HDR mode
Reading texlights from 'lights.rad'...
53 texlights parsed
Loading w:\programs\steam\steamapps\common\garrysmod\garrysmod\addons\garrysmodmap\maps\gmm_garrymod_map_by_woowz_real_rp_normal.bsp
180 props added to raytrace
17808 faces
1 degenerate faces
572 fake patch planes
1928895 square feet [277760928.00 square inches]
4 Displacements
3259 Square Feet [469401.19 Square Inches]
0...1...2...3...4...5...6...7...8...9...1017807 patches before subdivision
208775 patches after subdivision
CreateDirectLights...
0...1...2...3...4...5...6...7...8...9...10569 lights, 6 styled (0.01 seconds)
0...1...2...3...4...5...6...7...8...9...100...1...2...3...4...5...6...7...8...9...10transfers 24330380, max 1077
transfer lists: 185.6 megs
0...1...2...3...4...5...6...7...8...9...10	Bounce #1 added RGB(1873879, 1455420, 1013831)
0...1...2...3...4...5...6...7...8...9...10	Bounce #2 added RGB(517814, 389954, 257235)
0...1...2...3...4...5...6...7...8...9...10	Bounce #3 added RGB(168243, 125125, 79536)
0...1...2...3...4...5...6...7...8...9...10	Bounce #4 added RGB(61262, 44787, 27121)
0...1...2...3...4...5...6...7...8...9...10	Bounce #5 added RGB(23963, 17117, 9818)
0...1...2...3...4...5...6...7...8...9...10	Bounce #6 added RGB(9903, 6866, 3712)
0...1...2...3...4...5...6...7...8...9...10	Bounce #7 added RGB(4259, 2853, 1448)
0...1...2...3...4...5...6...7...8...9...10	Bounce #8 added RGB(1891, 1219, 580)
0...1...2...3...4...5...6...7...8...9...10	Bounce #9 added RGB(860, 532, 237)
0...1...2...3...4...5...6...7...8...9...10	Bounce #10 added RGB(398, 236, 98)
0...1...2...3...4...5...6...7...8...9...10	Bounce #11 added RGB(187, 106, 41)
0...1...2...3...4...5...6...7...8...9...10	Bounce #12 added RGB(89, 48, 17)
0...1...2...3...4...5...6...7...8...9...10	Bounce #13 added RGB(42, 22, 7)
0...1...2...3...4...5...6...7...8...9...10	Bounce #14 added RGB(20, 10, 3)
0...1...2...3...4...5...6...7...8...9...10	Bounce #15 added RGB(10, 5, 1)
0...1...2...3...4...5...6...7...8...9...10	Bounce #16 added RGB(5, 2, 1)
0...1...2...3...4...5...6...7...8...9...10	Bounce #17 added RGB(2, 1, 0)
0...1...2...3...4...5...6...7...8...9...10	Bounce #18 added RGB(1, 0, 0)
0...1...2...3...4...5...6...7...8...9...10	Bounce #19 added RGB(1, 0, 0)
Build Patch/Sample Hash Table(s).....Done<0.0895 sec>
0...1...2...3...4...5...6...7...8...9...10FinalLightFace Done
0...1...2...3...4...5...6...7...8...9...10Setting up leaf ambient computation...
115 of 410 (28% of) surface lights went in leaf ambient cubes.
0...1...2...3...4...5...6...7...8...9...10Writing leaf ambient...done
Ready to Finish

Object names       Objects/Maxobjs  Fullness 
------------       ---------------  -------- 
entities              1239/65536    ( 1.9%) 
models                 165/4096     ( 4.0%) 
brushes               4490/65536    ( 6.9%) 
brushsides           28239/655350   ( 4.3%) 
planes                5172/65536    ( 7.9%) 
vertexes             31363/65536    (47.9%) 
nodes                 5036/65536    ( 7.7%) 
texinfos              1687/32768    ( 5.1%) 
texdata                305/8192     ( 3.7%) 
dispinfos                4/16384    ( 0.0%) 
faces                17808/65536    (27.2%) 
hdr faces            17808/65536    (27.2%) 
origfaces             9265/65536    (14.1%) 
leaves                5202/65536    ( 7.9%) 
leaffaces            21311/65536    (32.5%) 
leafbrushes           9237/65536    (14.1%) 
areas                   91/1024     ( 8.9%) 
surfedges            87534/512000   (17.1%) 
edges                49350/256000   (19.3%) 
leafwaterdata           16/32768    ( 0.0%) 
primitives            2753/32768    ( 8.4%) 
primverts                0/65536    ( 0.0%) 
primindices          43101/65536    (65.8%) 
cubemapsamples           0/1024     ( 0.0%) 
overlays                67/8192     ( 0.8%) 
vertnormalindices    87375/256000   (34.1%) 
visdata             172471/16777216 ( 1.0%) 
entdata             446137/393216   (113.5%) FULL!!!
LDR ambient table     5202/65536    ( 7.9%) 
HDR ambient table     5202/65536    ( 7.9%) 
LDR worldlights            0       
HDR worldlights            569     
LDR lightdata              0       
HDR lightdata              35587664
LDR leaf ambient           5202    
HDR leaf ambient           17619   
occluders                  0       
occluder polygons          0       
occluder vert ind          0       
detail props               1140    
dtl prp lght               4       
HDR dtl prp lght           4       
static props               21730   
pakfile                    128981  
physics                    1458318 
physics terrain            1376    

Level flags = 0

Total triangle count: 51759
Writing w:\programs\steam\steamapps\common\garrysmod\garrysmod\addons\garrysmodmap\maps\gmm_garrymod_map_by_woowz_real_rp_normal.bsp
10 seconds elapsed

==================================================================
Date: 2026-09-29 12:56:21
W:\Programs\Steam\steamapps\common\GarrysMod\bin\win64\vbspplusplus.exe -allowdynamicpropsasstatic -game W:\Programs\Steam\steamapps\common\GarrysMod\garrysmod w:\programs\steam\steamapps\common\garrysmod\garrysmod\addons\garrysmodmap\maps\gmm_garrymod_map_by_woowz_real_rp_normal
==================================================================
16 threads
---------------
gamedir: W:\Programs\Steam\steamapps\common\GarrysMod\garrysmod\
---------------
Loading w:\programs\steam\steamapps\common\garrysmod\garrysmod\addons\garrysmodmap\maps\gmm_garrymod_map_by_woowz_real_rp_normal.vmf
Can't find surfaceprop antlion_eggshell for material NATURE/ROCKWALL_ANTLION03A, using default
Locating GameData file 'garrysmod.fgd'...
Parsing GameData file w:\programs\steam\steamapps\common\garrysmod\bin\garrysmod.fgd
Parsing GameData file w:\programs\steam\steamapps\common\garrysmod\bin\base.fgd
Parsing GameData file w:\programs\steam\steamapps\common\garrysmod\bin\halflife2.fgd
Parsing GameData file w:\programs\steam\steamapps\common\garrysmod\bin\base.fgd
fixing up env_cubemap materials on brush sides...
FloodEntities...
FloodEntities...
Processing areas...done (0)
Building Faces...done (1)
Chop Details...done (0)
Find Visible Detail Sides...
Merged 1070 detail faces...done (0)
Merging details...done (0)
FixTjuncs...
PruneNodes...
WriteBSP...
done (0)
writing w:\programs\steam\steamapps\common\garrysmod\garrysmod\addons\garrysmodmap\maps\gmm_garrymod_map_by_woowz_real_rp_normal.prt...
Building visibility clusters...
done (0)
Generating blank default cubemaps...
Generating blank default cubemaps...
Emitted 4493 brushes and 28263 brushsides
Finding displacement neighbors...
Finding lightmap sample positions...
Building Physics collision data...
done (0) (1459494 bytes)
Emitting static props...
Model "models/props_phx/construct/metal_wire1x2x2b.mdl" is missing $staticprop. Allowing due to -allowdynamicpropsasstatic
Model "models/props_phx/construct/metal_wire_angle360x2.mdl" is missing $staticprop. Allowing due to -allowdynamicpropsasstatic
Placing detail props : 0...1...2...3...4...5...6...7...8...9...10
Water found with no water_lod_control entity, creating a default one.
Compacting texture/material tables...
Reduced 2952 texinfos to 1693
Reduced 338 texdatas to 305 (11075 bytes to 8132)
Writing w:\programs\steam\steamapps\common\garrysmod\garrysmod\addons\garrysmodmap\maps\gmm_garrymod_map_by_woowz_real_rp_normal.bsp
2 seconds elapsed

==================================================================
Date: 2026-09-29 12:56:23
W:\Programs\Steam\steamapps\common\GarrysMod\bin\win64\vvisplusplus.exe -game W:\Programs\Steam\steamapps\common\GarrysMod\garrysmod w:\programs\steam\steamapps\common\garrysmod\garrysmod\addons\garrysmodmap\maps\gmm_garrymod_map_by_woowz_real_rp_normal
==================================================================
16 threads
CPU supports AVX2
reading w:\programs\steam\steamapps\common\garrysmod\garrysmod\addons\garrysmodmap\maps\gmm_garrymod_map_by_woowz_real_rp_normal.bsp
reading w:\programs\steam\steamapps\common\garrysmod\garrysmod\addons\garrysmodmap\maps\gmm_garrymod_map_by_woowz_real_rp_normal.prt
1518 portalclusters
2839 numportals
0...1...2...3...4...5...6...7...8...9...100...1...2...3...4...5...6...7...8...9...10Optimized: 268 visible clusters (0.33%)
Total clusters visible: 81688
Average clusters visible: 53
Building PAS...
Average clusters audible: 201
visdatasize:172471  compressed from 582912
writing w:\programs\steam\steamapps\common\garrysmod\garrysmod\addons\garrysmodmap\maps\gmm_garrymod_map_by_woowz_real_rp_normal.bsp
Wrote ZIP buffer, estimated size 133349, actual size 128981
0 seconds elapsed

==================================================================
Date: 2026-09-29 12:56:24
W:\Programs\Steam\steamapps\common\GarrysMod\bin\win64\vradplusplus.exe -both -final -game W:\Programs\Steam\steamapps\common\GarrysMod\garrysmod w:\programs\steam\steamapps\common\garrysmod\garrysmod\addons\garrysmodmap\maps\gmm_garrymod_map_by_woowz_real_rp_normal
==================================================================
---------------
gamedir: W:\Programs\Steam\steamapps\common\GarrysMod\garrysmod\
---------------
16 threads
Compiling in LDR+HDR mode
Reading texlights from 'lights.rad'...
53 texlights parsed
Loading w:\programs\steam\steamapps\common\garrysmod\garrysmod\addons\garrysmodmap\maps\gmm_garrymod_map_by_woowz_real_rp_normal.bsp
180 props added to raytrace
17817 faces
1 degenerate faces
572 fake patch planes
1929093 square feet [277789472.00 square inches]
4 Displacements
3259 Square Feet [469401.19 Square Inches]
0...1...2...3...4...5...6...7...8...9...1017816 patches before subdivision
208828 patches after subdivision
CreateDirectLights...
0...1...2...3...4...5...6...7...8...9...10569 lights, 6 styled (0.01 seconds)
0...1...2...3...4...5...6...7...8...9...100...1...2...3...4...5...6...7...8...9...10transfers 24349192, max 1077
transfer lists: 185.8 megs
0...1...2...3...4...5...6...7...8...9...10	Bounce #1 added RGB(1874012, 1455545, 1013930)
0...1...2...3...4...5...6...7...8...9...10	Bounce #2 added RGB(517952, 390077, 257322)
0...1...2...3...4...5...6...7...8...9...10	Bounce #3 added RGB(168293, 125167, 79563)
0...1...2...3...4...5...6...7...8...9...10	Bounce #4 added RGB(61280, 44802, 27130)
0...1...2...3...4...5...6...7...8...9...10	Bounce #5 added RGB(23968, 17122, 9821)
0...1...2...3...4...5...6...7...8...9...10	Bounce #6 added RGB(9905, 6868, 3712)
0...1...2...3...4...5...6...7...8...9...10	Bounce #7 added RGB(4260, 2853, 1449)
0...1...2...3...4...5...6...7...8...9...10	Bounce #8 added RGB(1892, 1219, 580)
0...1...2...3...4...5...6...7...8...9...10	Bounce #9 added RGB(860, 532, 237)
0...1...2...3...4...5...6...7...8...9...10	Bounce #10 added RGB(398, 236, 98)
0...1...2...3...4...5...6...7...8...9...10	Bounce #11 added RGB(187, 106, 41)
0...1...2...3...4...5...6...7...8...9...10	Bounce #12 added RGB(89, 48, 17)
0...1...2...3...4...5...6...7...8...9...10	Bounce #13 added RGB(42, 22, 7)
0...1...2...3...4...5...6...7...8...9...10	Bounce #14 added RGB(20, 10, 3)
0...1...2...3...4...5...6...7...8...9...10	Bounce #15 added RGB(10, 5, 1)
0...1...2...3...4...5...6...7...8...9...10	Bounce #16 added RGB(5, 2, 1)
0...1...2...3...4...5...6...7...8...9...10	Bounce #17 added RGB(2, 1, 0)
0...1...2...3...4...5...6...7...8...9...10	Bounce #18 added RGB(1, 0, 0)
0...1...2...3...4...5...6...7...8...9...10	Bounce #19 added RGB(1, 0, 0)
Build Patch/Sample Hash Table(s).....Done<0.0914 sec>
0...1...2...3...4...5...6...7...8...9...10FinalLightFace Done
0...1...2...3...4...5...6...7...8...9...10Setting up leaf ambient computation...
115 of 410 (28% of) surface lights went in leaf ambient cubes.
0...1...2...3...4...5...6...7...8...9...10Writing leaf ambient...done
Ready to Finish

Object names       Objects/Maxobjs  Fullness 
------------       ---------------  -------- 
entities              1248/65536    ( 1.9%) 
models                 165/4096     ( 4.0%) 
brushes               4493/65536    ( 6.9%) 
brushsides           28263/655350   ( 4.3%) 
planes                5180/65536    ( 7.9%) 
vertexes             31372/65536    (47.9%) 
nodes                 5036/65536    ( 7.7%) 
texinfos              1693/32768    ( 5.2%) 
texdata                305/8192     ( 3.7%) 
dispinfos                4/16384    ( 0.0%) 
faces                17817/65536    (27.2%) 
hdr faces            17817/65536    (27.2%) 
origfaces             9274/65536    (14.2%) 
leaves                5202/65536    ( 7.9%) 
leaffaces            21320/65536    (32.5%) 
leafbrushes           9240/65536    (14.1%) 
areas                   91/1024     ( 8.9%) 
surfedges            87572/512000   (17.1%) 
edges                49373/256000   (19.3%) 
leafwaterdata           16/32768    ( 0.0%) 
primitives            2753/32768    ( 8.4%) 
primverts                0/65536    ( 0.0%) 
primindices          43104/65536    (65.8%) 
cubemapsamples           0/1024     ( 0.0%) 
overlays                67/8192     ( 0.8%) 
vertnormalindices    87413/256000   (34.1%) 
visdata             172471/16777216 ( 1.0%) 
entdata             449189/393216   (114.2%) FULL!!!
LDR ambient table     5202/65536    ( 7.9%) 
HDR ambient table     5202/65536    ( 7.9%) 
LDR worldlights            0       
HDR worldlights            569     
LDR lightdata              0       
HDR lightdata              35590884
LDR leaf ambient           5202    
HDR leaf ambient           17619   
occluders                  0       
occluder polygons          0       
occluder vert ind          0       
detail props               1140    
dtl prp lght               4       
HDR dtl prp lght           4       
static props               21730   
pakfile                    128981  
physics                    1459494 
physics terrain            1376    

Level flags = 0

Total triangle count: 51779
Writing w:\programs\steam\steamapps\common\garrysmod\garrysmod\addons\garrysmodmap\maps\gmm_garrymod_map_by_woowz_real_rp_normal.bsp
10 seconds elapsed

==================================================================
Date: 2026-09-29 12:59:47
W:\Programs\Steam\steamapps\common\GarrysMod\bin\win64\vbspplusplus.exe -allowdynamicpropsasstatic -game W:\Programs\Steam\steamapps\common\GarrysMod\garrysmod w:\programs\steam\steamapps\common\garrysmod\garrysmod\addons\garrysmodmap\maps\gmm_garrymod_map_by_woowz_real_rp_normal
==================================================================
16 threads
---------------
gamedir: W:\Programs\Steam\steamapps\common\GarrysMod\garrysmod\
---------------
Loading w:\programs\steam\steamapps\common\garrysmod\garrysmod\addons\garrysmodmap\maps\gmm_garrymod_map_by_woowz_real_rp_normal.vmf
Can't find surfaceprop antlion_eggshell for material NATURE/ROCKWALL_ANTLION03A, using default
Locating GameData file 'garrysmod.fgd'...
Parsing GameData file w:\programs\steam\steamapps\common\garrysmod\bin\garrysmod.fgd
Parsing GameData file w:\programs\steam\steamapps\common\garrysmod\bin\base.fgd
Parsing GameData file w:\programs\steam\steamapps\common\garrysmod\bin\halflife2.fgd
Parsing GameData file w:\programs\steam\steamapps\common\garrysmod\bin\base.fgd
fixing up env_cubemap materials on brush sides...
FloodEntities...
FloodEntities...
Processing areas...done (0)
Building Faces...done (0)
Chop Details...done (0)
Find Visible Detail Sides...
Merged 1070 detail faces...done (0)
Merging details...done (0)
FixTjuncs...
PruneNodes...
WriteBSP...
done (0)
writing w:\programs\steam\steamapps\common\garrysmod\garrysmod\addons\garrysmodmap\maps\gmm_garrymod_map_by_woowz_real_rp_normal.prt...
Building visibility clusters...
done (0)
Generating blank default cubemaps...
Generating blank default cubemaps...
Emitted 4495 brushes and 28275 brushsides
Finding displacement neighbors...
Finding lightmap sample positions...
Building Physics collision data...
done (0) (1460825 bytes)
Emitting static props...
Model "models/props_phx/construct/metal_wire1x2x2b.mdl" is missing $staticprop. Allowing due to -allowdynamicpropsasstatic
Model "models/props_phx/construct/metal_wire_angle360x2.mdl" is missing $staticprop. Allowing due to -allowdynamicpropsasstatic
Placing detail props : 0...1...2...3...4...5...6...7...8...9...10
Water found with no water_lod_control entity, creating a default one.
Compacting texture/material tables...
Reduced 2962 texinfos to 1695
Reduced 338 texdatas to 305 (11075 bytes to 8132)
Writing w:\programs\steam\steamapps\common\garrysmod\garrysmod\addons\garrysmodmap\maps\gmm_garrymod_map_by_woowz_real_rp_normal.bsp
2 seconds elapsed

==================================================================
Date: 2026-09-29 12:59:49
W:\Programs\Steam\steamapps\common\GarrysMod\bin\win64\vvisplusplus.exe -game W:\Programs\Steam\steamapps\common\GarrysMod\garrysmod w:\programs\steam\steamapps\common\garrysmod\garrysmod\addons\garrysmodmap\maps\gmm_garrymod_map_by_woowz_real_rp_normal
==================================================================
16 threads
CPU supports AVX2
reading w:\programs\steam\steamapps\common\garrysmod\garrysmod\addons\garrysmodmap\maps\gmm_garrymod_map_by_woowz_real_rp_normal.bsp
reading w:\programs\steam\steamapps\common\garrysmod\garrysmod\addons\garrysmodmap\maps\gmm_garrymod_map_by_woowz_real_rp_normal.prt
1518 portalclusters
2839 numportals
0...1...2...3...4...5...6...7...8...9...100...1...2...3...4...5...6...7...8...9...10Optimized: 272 visible clusters (0.33%)
Total clusters visible: 81692
Average clusters visible: 53
Building PAS...
Average clusters audible: 201
visdatasize:172471  compressed from 582912
writing w:\programs\steam\steamapps\common\garrysmod\garrysmod\addons\garrysmodmap\maps\gmm_garrymod_map_by_woowz_real_rp_normal.bsp
Wrote ZIP buffer, estimated size 133349, actual size 128981
0 seconds elapsed

==================================================================
Date: 2026-09-29 12:59:50
W:\Programs\Steam\steamapps\common\GarrysMod\bin\win64\vradplusplus.exe -both -final -game W:\Programs\Steam\steamapps\common\GarrysMod\garrysmod w:\programs\steam\steamapps\common\garrysmod\garrysmod\addons\garrysmodmap\maps\gmm_garrymod_map_by_woowz_real_rp_normal
==================================================================
---------------
gamedir: W:\Programs\Steam\steamapps\common\GarrysMod\garrysmod\
---------------
16 threads
Compiling in LDR+HDR mode
Reading texlights from 'lights.rad'...
53 texlights parsed
Loading w:\programs\steam\steamapps\common\garrysmod\garrysmod\addons\garrysmodmap\maps\gmm_garrymod_map_by_woowz_real_rp_normal.bsp
180 props added to raytrace
17821 faces
1 degenerate faces
576 fake patch planes
1929136 square feet [277795712.00 square inches]
4 Displacements
3259 Square Feet [469401.19 Square Inches]
0...1...2...3...4...5...6...7...8...9...1017820 patches before subdivision
208840 patches after subdivision
CreateDirectLights...
0...1...2...3...4...5...6...7...8...9...10569 lights, 6 styled (0.01 seconds)
0...1...2...3...4...5...6...7...8...9...100...1...2...3...4...5...6...7...8...9...10transfers 24350403, max 1077
transfer lists: 185.8 megs
0...1...2...3...4...5...6...7...8...9...10	Bounce #1 added RGB(1874023, 1455554, 1013937)
0...1...2...3...4...5...6...7...8...9...10	Bounce #2 added RGB(517971, 390095, 257334)
0...1...2...3...4...5...6...7...8...9...10	Bounce #3 added RGB(168301, 125174, 79568)
0...1...2...3...4...5...6...7...8...9...10	Bounce #4 added RGB(61283, 44804, 27132)
0...1...2...3...4...5...6...7...8...9...10	Bounce #5 added RGB(23969, 17123, 9821)
0...1...2...3...4...5...6...7...8...9...10	Bounce #6 added RGB(9905, 6868, 3712)
0...1...2...3...4...5...6...7...8...9...10	Bounce #7 added RGB(4260, 2853, 1449)
0...1...2...3...4...5...6...7...8...9...10	Bounce #8 added RGB(1892, 1219, 580)
0...1...2...3...4...5...6...7...8...9...10	Bounce #9 added RGB(860, 532, 237)
0...1...2...3...4...5...6...7...8...9...10	Bounce #10 added RGB(398, 236, 98)
0...1...2...3...4...5...6...7...8...9...10	Bounce #11 added RGB(187, 106, 41)
0...1...2...3...4...5...6...7...8...9...10	Bounce #12 added RGB(89, 48, 17)
0...1...2...3...4...5...6...7...8...9...10	Bounce #13 added RGB(42, 22, 7)
0...1...2...3...4...5...6...7...8...9...10	Bounce #14 added RGB(20, 10, 3)
0...1...2...3...4...5...6...7...8...9...10	Bounce #15 added RGB(10, 5, 1)
0...1...2...3...4...5...6...7...8...9...10	Bounce #16 added RGB(5, 2, 1)
0...1...2...3...4...5...6...7...8...9...10	Bounce #17 added RGB(2, 1, 0)
0...1...2...3...4...5...6...7...8...9...10	Bounce #18 added RGB(1, 0, 0)
0...1...2...3...4...5...6...7...8...9...10	Bounce #19 added RGB(1, 0, 0)
Build Patch/Sample Hash Table(s).....Done<0.0899 sec>
0...1...2...3...4...5...6...7...8...9...10FinalLightFace Done
0...1...2...3...4...5...6...7...8...9...10Setting up leaf ambient computation...
115 of 410 (28% of) surface lights went in leaf ambient cubes.
0...1...2...3...4...5...6...7...8...9...10Writing leaf ambient...done
Ready to Finish

Object names       Objects/Maxobjs  Fullness 
------------       ---------------  -------- 
entities              1249/65536    ( 1.9%) 
models                 166/4096     ( 4.1%) 
brushes               4495/65536    ( 6.9%) 
brushsides           28275/655350   ( 4.3%) 
planes                5190/65536    ( 7.9%) 
vertexes             31388/65536    (47.9%) 
nodes                 5042/65536    ( 7.7%) 
texinfos              1695/32768    ( 5.2%) 
texdata                305/8192     ( 3.7%) 
dispinfos                4/16384    ( 0.0%) 
faces                17821/65536    (27.2%) 
hdr faces            17821/65536    (27.2%) 
origfaces             9278/65536    (14.2%) 
leaves                5209/65536    ( 7.9%) 
leaffaces            21324/65536    (32.5%) 
leafbrushes           9243/65536    (14.1%) 
areas                   91/1024     ( 8.9%) 
surfedges            87589/512000   (17.1%) 
edges                49386/256000   (19.3%) 
leafwaterdata           16/32768    ( 0.0%) 
primitives            2753/32768    ( 8.4%) 
primverts                0/65536    ( 0.0%) 
primindices          43104/65536    (65.8%) 
cubemapsamples           0/1024     ( 0.0%) 
overlays                67/8192     ( 0.8%) 
vertnormalindices    87429/256000   (34.2%) 
visdata             172471/16777216 ( 1.0%) 
entdata             449438/393216   (114.3%) FULL!!!
LDR ambient table     5209/65536    ( 7.9%) 
HDR ambient table     5209/65536    ( 7.9%) 
LDR worldlights            0       
HDR worldlights            569     
LDR lightdata              0       
HDR lightdata              35591852
LDR leaf ambient           5209    
HDR leaf ambient           17626   
occluders                  0       
occluder polygons          0       
occluder vert ind          0       
detail props               1140    
dtl prp lght               4       
HDR dtl prp lght           4       
static props               21730   
pakfile                    128981  
physics                    1460825 
physics terrain            1376    

Level flags = 0

Total triangle count: 51787
Writing w:\programs\steam\steamapps\common\garrysmod\garrysmod\addons\garrysmodmap\maps\gmm_garrymod_map_by_woowz_real_rp_normal.bsp
10 seconds elapsed

==================================================================
Date: 2026-09-29 13:13:30
W:\Programs\Steam\steamapps\common\GarrysMod\bin\win64\vbspplusplus.exe -allowdynamicpropsasstatic -game W:\Programs\Steam\steamapps\common\GarrysMod\garrysmod w:\programs\steam\steamapps\common\garrysmod\garrysmod\addons\garrysmodmap\maps\gmm_garrymod_map_by_woowz_real_rp_normal
==================================================================
16 threads
---------------
gamedir: W:\Programs\Steam\steamapps\common\GarrysMod\garrysmod\
---------------
Loading w:\programs\steam\steamapps\common\garrysmod\garrysmod\addons\garrysmodmap\maps\gmm_garrymod_map_by_woowz_real_rp_normal.vmf
Can't find surfaceprop antlion_eggshell for material NATURE/ROCKWALL_ANTLION03A, using default
Locating GameData file 'garrysmod.fgd'...
Parsing GameData file w:\programs\steam\steamapps\common\garrysmod\bin\garrysmod.fgd
Parsing GameData file w:\programs\steam\steamapps\common\garrysmod\bin\base.fgd
Parsing GameData file w:\programs\steam\steamapps\common\garrysmod\bin\halflife2.fgd
Parsing GameData file w:\programs\steam\steamapps\common\garrysmod\bin\base.fgd
fixing up env_cubemap materials on brush sides...
FloodEntities...
FloodEntities...
Processing areas...done (0)
Building Faces...done (1)
Chop Details...done (0)
Find Visible Detail Sides...
Merged 1068 detail faces...done (0)
Merging details...done (0)
FixTjuncs...
PruneNodes...
WriteBSP...
done (0)
writing w:\programs\steam\steamapps\common\garrysmod\garrysmod\addons\garrysmodmap\maps\gmm_garrymod_map_by_woowz_real_rp_normal.prt...
Building visibility clusters...
done (0)
Generating blank default cubemaps...
Generating blank default cubemaps...
Emitted 4498 brushes and 28293 brushsides
Finding displacement neighbors...
Finding lightmap sample positions...
Building Physics collision data...
done (0) (1461809 bytes)
Emitting static props...
Model "models/props_phx/construct/metal_wire1x2x2b.mdl" is missing $staticprop. Allowing due to -allowdynamicpropsasstatic
Model "models/props_phx/construct/metal_wire_angle360x2.mdl" is missing $staticprop. Allowing due to -allowdynamicpropsasstatic
Placing detail props : 0...1...2...3...4...5...6...7...8...9...10
Water found with no water_lod_control entity, creating a default one.
Compacting texture/material tables...
Reduced 2968 texinfos to 1698
Reduced 341 texdatas to 308 (11127 bytes to 8184)
Writing w:\programs\steam\steamapps\common\garrysmod\garrysmod\addons\garrysmodmap\maps\gmm_garrymod_map_by_woowz_real_rp_normal.bsp
2 seconds elapsed

==================================================================
Date: 2026-09-29 13:13:32
W:\Programs\Steam\steamapps\common\GarrysMod\bin\win64\vvisplusplus.exe -game W:\Programs\Steam\steamapps\common\GarrysMod\garrysmod w:\programs\steam\steamapps\common\garrysmod\garrysmod\addons\garrysmodmap\maps\gmm_garrymod_map_by_woowz_real_rp_normal
==================================================================
16 threads
CPU supports AVX2
reading w:\programs\steam\steamapps\common\garrysmod\garrysmod\addons\garrysmodmap\maps\gmm_garrymod_map_by_woowz_real_rp_normal.bsp
reading w:\programs\steam\steamapps\common\garrysmod\garrysmod\addons\garrysmodmap\maps\gmm_garrymod_map_by_woowz_real_rp_normal.prt
1518 portalclusters
2839 numportals
0...1...2...3...4...5...6...7...8...9...100...1...2...3...4...5...6...7...8...9...10Optimized: 272 visible clusters (0.33%)
Total clusters visible: 81692
Average clusters visible: 53
Building PAS...
Average clusters audible: 201
visdatasize:172471  compressed from 582912
writing w:\programs\steam\steamapps\common\garrysmod\garrysmod\addons\garrysmodmap\maps\gmm_garrymod_map_by_woowz_real_rp_normal.bsp
Wrote ZIP buffer, estimated size 133349, actual size 128981
0 seconds elapsed

==================================================================
Date: 2026-09-29 13:13:32
W:\Programs\Steam\steamapps\common\GarrysMod\bin\win64\vradplusplus.exe -both -final -game W:\Programs\Steam\steamapps\common\GarrysMod\garrysmod w:\programs\steam\steamapps\common\garrysmod\garrysmod\addons\garrysmodmap\maps\gmm_garrymod_map_by_woowz_real_rp_normal
==================================================================
---------------
gamedir: W:\Programs\Steam\steamapps\common\GarrysMod\garrysmod\
---------------
16 threads
Compiling in LDR+HDR mode
Reading texlights from 'lights.rad'...
53 texlights parsed
Loading w:\programs\steam\steamapps\common\garrysmod\garrysmod\addons\garrysmodmap\maps\gmm_garrymod_map_by_woowz_real_rp_normal.bsp
180 props added to raytrace
17826 faces
1 degenerate faces
576 fake patch planes
1929136 square feet [277795712.00 square inches]
4 Displacements
3259 Square Feet [469401.19 Square Inches]
0...1...2...3...4...5...6...7...8...9...1017825 patches before subdivision
208823 patches after subdivision
CreateDirectLights...
0...1...2...3...4...5...6...7...8...9...10569 lights, 6 styled (0.01 seconds)
0...1...2...3...4...5...6...7...8...9...100...1...2...3...4...5...6...7...8...9...10transfers 24351984, max 1077
transfer lists: 185.8 megs
0...1...2...3...4...5...6...7...8...9...10	Bounce #1 added RGB(1873889, 1455435, 1013850)
0...1...2...3...4...5...6...7...8...9...10	Bounce #2 added RGB(517877, 390030, 257294)
0...1...2...3...4...5...6...7...8...9...10	Bounce #3 added RGB(168276, 125159, 79559)
0...1...2...3...4...5...6...7...8...9...10	Bounce #4 added RGB(61275, 44800, 27129)
0...1...2...3...4...5...6...7...8...9...10	Bounce #5 added RGB(23967, 17122, 9821)
0...1...2...3...4...5...6...7...8...9...10	Bounce #6 added RGB(9905, 6868, 3712)
0...1...2...3...4...5...6...7...8...9...10	Bounce #7 added RGB(4260, 2853, 1449)
0...1...2...3...4...5...6...7...8...9...10	Bounce #8 added RGB(1892, 1219, 580)
0...1...2...3...4...5...6...7...8...9...10	Bounce #9 added RGB(860, 532, 237)
0...1...2...3...4...5...6...7...8...9...10	Bounce #10 added RGB(398, 236, 98)
0...1...2...3...4...5...6...7...8...9...10	Bounce #11 added RGB(187, 106, 41)
0...1...2...3...4...5...6...7...8...9...10	Bounce #12 added RGB(89, 48, 17)
0...1...2...3...4...5...6...7...8...9...10	Bounce #13 added RGB(42, 22, 7)
0...1...2...3...4...5...6...7...8...9...10	Bounce #14 added RGB(20, 10, 3)
0...1...2...3...4...5...6...7...8...9...10	Bounce #15 added RGB(10, 5, 1)
0...1...2...3...4...5...6...7...8...9...10	Bounce #16 added RGB(5, 2, 1)
0...1...2...3...4...5...6...7...8...9...10	Bounce #17 added RGB(2, 1, 0)
0...1...2...3...4...5...6...7...8...9...10	Bounce #18 added RGB(1, 0, 0)
0...1...2...3...4...5...6...7...8...9...10	Bounce #19 added RGB(1, 0, 0)
Build Patch/Sample Hash Table(s).....Done<0.0907 sec>
0...1...2...3...4...5...6...7...8...9...10FinalLightFace Done
0...1...2...3...4...5...6...7...8...9...10Setting up leaf ambient computation...
115 of 410 (28% of) surface lights went in leaf ambient cubes.
0...1...2...3...4...5...6...7...8...9...10Writing leaf ambient...done
Ready to Finish

Object names       Objects/Maxobjs  Fullness 
------------       ---------------  -------- 
entities              1271/65536    ( 1.9%) 
models                 166/4096     ( 4.1%) 
brushes               4498/65536    ( 6.9%) 
brushsides           28293/655350   ( 4.3%) 
planes                5194/65536    ( 7.9%) 
vertexes             31396/65536    (47.9%) 
nodes                 5042/65536    ( 7.7%) 
texinfos              1698/32768    ( 5.2%) 
texdata                308/8192     ( 3.8%) 
dispinfos                4/16384    ( 0.0%) 
faces                17826/65536    (27.2%) 
hdr faces            17826/65536    (27.2%) 
origfaces             9282/65536    (14.2%) 
leaves                5209/65536    ( 7.9%) 
leaffaces            21329/65536    (32.5%) 
leafbrushes           9246/65536    (14.1%) 
areas                   91/1024     ( 8.9%) 
surfedges            87619/512000   (17.1%) 
edges                49401/256000   (19.3%) 
leafwaterdata           16/32768    ( 0.0%) 
primitives            2755/32768    ( 8.4%) 
primverts                0/65536    ( 0.0%) 
primindices          43131/65536    (65.8%) 
cubemapsamples           0/1024     ( 0.0%) 
overlays                69/8192     ( 0.8%) 
vertnormalindices    87459/256000   (34.2%) 
visdata             172471/16777216 ( 1.0%) 
entdata             453953/393216   (115.4%) FULL!!!
LDR ambient table     5209/65536    ( 7.9%) 
HDR ambient table     5209/65536    ( 7.9%) 
LDR worldlights            0       
HDR worldlights            569     
LDR lightdata              0       
HDR lightdata              35592520
LDR leaf ambient           5209    
HDR leaf ambient           17626   
occluders                  0       
occluder polygons          0       
occluder vert ind          0       
detail props               1140    
dtl prp lght               4       
HDR dtl prp lght           4       
static props               21730   
pakfile                    128981  
physics                    1461809 
physics terrain            1376    

Level flags = 0

Total triangle count: 51807
Writing w:\programs\steam\steamapps\common\garrysmod\garrysmod\addons\garrysmodmap\maps\gmm_garrymod_map_by_woowz_real_rp_normal.bsp
10 seconds elapsed

==================================================================
Date: 2026-09-29 13:26:57
W:\Programs\Steam\steamapps\common\GarrysMod\bin\win64\vbspplusplus.exe -allowdynamicpropsasstatic -game W:\Programs\Steam\steamapps\common\GarrysMod\garrysmod w:\programs\steam\steamapps\common\garrysmod\garrysmod\addons\garrysmodmap\maps\gmm_garrymod_map_by_woowz_real_rp_normal
==================================================================
16 threads
---------------
gamedir: W:\Programs\Steam\steamapps\common\GarrysMod\garrysmod\
---------------
Loading w:\programs\steam\steamapps\common\garrysmod\garrysmod\addons\garrysmodmap\maps\gmm_garrymod_map_by_woowz_real_rp_normal.vmf
Can't find surfaceprop antlion_eggshell for material NATURE/ROCKWALL_ANTLION03A, using default
Locating GameData file 'garrysmod.fgd'...
Parsing GameData file w:\programs\steam\steamapps\common\garrysmod\bin\garrysmod.fgd
Parsing GameData file w:\programs\steam\steamapps\common\garrysmod\bin\base.fgd
Parsing GameData file w:\programs\steam\steamapps\common\garrysmod\bin\halflife2.fgd
Parsing GameData file w:\programs\steam\steamapps\common\garrysmod\bin\base.fgd
fixing up env_cubemap materials on brush sides...
FloodEntities...
FloodEntities...
Processing areas...done (0)
Building Faces...done (1)
Chop Details...done (0)
Find Visible Detail Sides...
Merged 1052 detail faces...done (0)
Merging details...done (0)
FixTjuncs...
PruneNodes...
WriteBSP...
done (0)
writing w:\programs\steam\steamapps\common\garrysmod\garrysmod\addons\garrysmodmap\maps\gmm_garrymod_map_by_woowz_real_rp_normal.prt...
Building visibility clusters...
done (0)
Generating blank default cubemaps...
Generating blank default cubemaps...
Emitted 4475 brushes and 28155 brushsides
Finding displacement neighbors...
Finding lightmap sample positions...
Building Physics collision data...
done (0) (1455231 bytes)
Emitting static props...
Model "models/props_phx/construct/metal_wire1x2x2b.mdl" is missing $staticprop. Allowing due to -allowdynamicpropsasstatic
Model "models/props_phx/construct/metal_wire_angle360x2.mdl" is missing $staticprop. Allowing due to -allowdynamicpropsasstatic
Placing detail props : 0...1...2...3...4...5...6...7...8...9...10
Water found with no water_lod_control entity, creating a default one.
Compacting texture/material tables...
Reduced 2937 texinfos to 1676
Reduced 336 texdatas to 303 (10822 bytes to 7879)
Writing w:\programs\steam\steamapps\common\garrysmod\garrysmod\addons\garrysmodmap\maps\gmm_garrymod_map_by_woowz_real_rp_normal.bsp
2 seconds elapsed

==================================================================
Date: 2026-09-29 13:26:59
W:\Programs\Steam\steamapps\common\GarrysMod\bin\win64\vvisplusplus.exe -game W:\Programs\Steam\steamapps\common\GarrysMod\garrysmod w:\programs\steam\steamapps\common\garrysmod\garrysmod\addons\garrysmodmap\maps\gmm_garrymod_map_by_woowz_real_rp_normal
==================================================================
16 threads
CPU supports AVX2
reading w:\programs\steam\steamapps\common\garrysmod\garrysmod\addons\garrysmodmap\maps\gmm_garrymod_map_by_woowz_real_rp_normal.bsp
reading w:\programs\steam\steamapps\common\garrysmod\garrysmod\addons\garrysmodmap\maps\gmm_garrymod_map_by_woowz_real_rp_normal.prt
1516 portalclusters
2833 numportals
0...1...2...3...4...5...6...7...8...9...100...1...2...3...4...5...6...7...8...9...10Optimized: 274 visible clusters (0.34%)
Total clusters visible: 81578
Average clusters visible: 53
Building PAS...
Average clusters audible: 201
visdatasize:172304  compressed from 582144
writing w:\programs\steam\steamapps\common\garrysmod\garrysmod\addons\garrysmodmap\maps\gmm_garrymod_map_by_woowz_real_rp_normal.bsp
Wrote ZIP buffer, estimated size 133349, actual size 128981
0 seconds elapsed

==================================================================
Date: 2026-09-29 13:26:59
W:\Programs\Steam\steamapps\common\GarrysMod\bin\win64\vradplusplus.exe -both -final -game W:\Programs\Steam\steamapps\common\GarrysMod\garrysmod w:\programs\steam\steamapps\common\garrysmod\garrysmod\addons\garrysmodmap\maps\gmm_garrymod_map_by_woowz_real_rp_normal
==================================================================
---------------
gamedir: W:\Programs\Steam\steamapps\common\GarrysMod\garrysmod\
---------------
16 threads
Compiling in LDR+HDR mode
Reading texlights from 'lights.rad'...
53 texlights parsed
Loading w:\programs\steam\steamapps\common\garrysmod\garrysmod\addons\garrysmodmap\maps\gmm_garrymod_map_by_woowz_real_rp_normal.bsp
164 props added to raytrace
17760 faces
1 degenerate faces
568 fake patch planes
1928791 square feet [277745984.00 square inches]
4 Displacements
3259 Square Feet [469401.19 Square Inches]
0...1...2...3...4...5...6...7...8...9...1017759 patches before subdivision
208757 patches after subdivision
CreateDirectLights...
0...1...2...3...4...5...6...7...8...9...10549 lights, 6 styled (0.01 seconds)
0...1...2...3...4...5...6...7...8...9...100...1...2...3...4...5...6...7...8...9...10transfers 24350727, max 1077
transfer lists: 185.8 megs
0...1...2...3...4...5...6...7...8...9...10	Bounce #1 added RGB(1861468, 1444920, 1006460)
0...1...2...3...4...5...6...7...8...9...10	Bounce #2 added RGB(514422, 387468, 255793)
0...1...2...3...4...5...6...7...8...9...10	Bounce #3 added RGB(167267, 124508, 79239)
0...1...2...3...4...5...6...7...8...9...10	Bounce #4 added RGB(60967, 44628, 27058)
0...1...2...3...4...5...6...7...8...9...10	Bounce #5 added RGB(23870, 17074, 9804)
0...1...2...3...4...5...6...7...8...9...10	Bounce #6 added RGB(9873, 6854, 3708)
0...1...2...3...4...5...6...7...8...9...10	Bounce #7 added RGB(4250, 2849, 1447)
0...1...2...3...4...5...6...7...8...9...10	Bounce #8 added RGB(1888, 1218, 580)
0...1...2...3...4...5...6...7...8...9...10	Bounce #9 added RGB(859, 532, 237)
0...1...2...3...4...5...6...7...8...9...10	Bounce #10 added RGB(398, 236, 98)
0...1...2...3...4...5...6...7...8...9...10	Bounce #11 added RGB(187, 106, 41)
0...1...2...3...4...5...6...7...8...9...10	Bounce #12 added RGB(89, 48, 17)
0...1...2...3...4...5...6...7...8...9...10	Bounce #13 added RGB(42, 22, 7)
0...1...2...3...4...5...6...7...8...9...10	Bounce #14 added RGB(20, 10, 3)
0...1...2...3...4...5...6...7...8...9...10	Bounce #15 added RGB(10, 5, 1)
0...1...2...3...4...5...6...7...8...9...10	Bounce #16 added RGB(5, 2, 1)
0...1...2...3...4...5...6...7...8...9...10	Bounce #17 added RGB(2, 1, 0)
0...1...2...3...4...5...6...7...8...9...10	Bounce #18 added RGB(1, 0, 0)
0...1...2...3...4...5...6...7...8...9...10	Bounce #19 added RGB(1, 0, 0)
Build Patch/Sample Hash Table(s).....Done<0.0910 sec>
0...1...2...3...4...5...6...7...8...9...10FinalLightFace Done
0...1...2...3...4...5...6...7...8...9...10Setting up leaf ambient computation...
115 of 402 (28% of) surface lights went in leaf ambient cubes.
0...1...2...3...4...5...6...7...8...9...10Writing leaf ambient...done
Ready to Finish

Object names       Objects/Maxobjs  Fullness 
------------       ---------------  -------- 
entities              1249/65536    ( 1.9%) 
models                 164/4096     ( 4.0%) 
brushes               4475/65536    ( 6.8%) 
brushsides           28155/655350   ( 4.3%) 
planes                5174/65536    ( 7.9%) 
vertexes             31285/65536    (47.7%) 
nodes                 5025/65536    ( 7.7%) 
texinfos              1676/32768    ( 5.1%) 
texdata                303/8192     ( 3.7%) 
dispinfos                4/16384    ( 0.0%) 
faces                17760/65536    (27.1%) 
hdr faces            17760/65536    (27.1%) 
origfaces             9219/65536    (14.1%) 
leaves                5190/65536    ( 7.9%) 
leaffaces            21256/65536    (32.4%) 
leafbrushes           9197/65536    (14.0%) 
areas                   90/1024     ( 8.8%) 
surfedges            87331/512000   (17.1%) 
edges                49213/256000   (19.2%) 
leafwaterdata           16/32768    ( 0.0%) 
primitives            2745/32768    ( 8.4%) 
primverts                0/65536    ( 0.0%) 
primindices          42945/65536    (65.5%) 
cubemapsamples           0/1024     ( 0.0%) 
overlays                68/8192     ( 0.8%) 
vertnormalindices    87173/256000   (34.1%) 
visdata             172304/16777216 ( 1.0%) 
entdata             448723/393216   (114.1%) FULL!!!
LDR ambient table     5190/65536    ( 7.9%) 
HDR ambient table     5190/65536    ( 7.9%) 
LDR worldlights            0       
HDR worldlights            549     
LDR lightdata              0       
HDR lightdata              35467752
LDR leaf ambient           5190    
HDR leaf ambient           17570   
occluders                  0       
occluder polygons          0       
occluder vert ind          0       
detail props               1140    
dtl prp lght               4       
HDR dtl prp lght           4       
static props               20418   
pakfile                    128981  
physics                    1455231 
physics terrain            1376    

Level flags = 0

Total triangle count: 51653
Writing w:\programs\steam\steamapps\common\garrysmod\garrysmod\addons\garrysmodmap\maps\gmm_garrymod_map_by_woowz_real_rp_normal.bsp
10 seconds elapsed

==================================================================
Date: 2026-09-29 13:30:02
W:\Programs\Steam\steamapps\common\GarrysMod\bin\win64\vbspplusplus.exe -allowdynamicpropsasstatic -game W:\Programs\Steam\steamapps\common\GarrysMod\garrysmod w:\programs\steam\steamapps\common\garrysmod\garrysmod\addons\garrysmodmap\maps\gmm_garrymod_map_by_woowz_real_rp_normal
==================================================================
16 threads
---------------
gamedir: W:\Programs\Steam\steamapps\common\GarrysMod\garrysmod\
---------------
Loading w:\programs\steam\steamapps\common\garrysmod\garrysmod\addons\garrysmodmap\maps\gmm_garrymod_map_by_woowz_real_rp_normal.vmf
Can't find surfaceprop antlion_eggshell for material NATURE/ROCKWALL_ANTLION03A, using default
Locating GameData file 'garrysmod.fgd'...
Parsing GameData file w:\programs\steam\steamapps\common\garrysmod\bin\garrysmod.fgd
Parsing GameData file w:\programs\steam\steamapps\common\garrysmod\bin\base.fgd
Parsing GameData file w:\programs\steam\steamapps\common\garrysmod\bin\halflife2.fgd
Parsing GameData file w:\programs\steam\steamapps\common\garrysmod\bin\base.fgd
fixing up env_cubemap materials on brush sides...
FloodEntities...
FloodEntities...
Processing areas...done (0)
Building Faces...done (1)
Chop Details...done (0)
Find Visible Detail Sides...
Merged 1052 detail faces...done (0)
Merging details...done (0)
FixTjuncs...
PruneNodes...
WriteBSP...
done (0)
writing w:\programs\steam\steamapps\common\garrysmod\garrysmod\addons\garrysmodmap\maps\gmm_garrymod_map_by_woowz_real_rp_normal.prt...
Building visibility clusters...
done (0)
Generating blank default cubemaps...
Generating blank default cubemaps...
Emitted 4472 brushes and 28137 brushsides
Finding displacement neighbors...
Finding lightmap sample positions...
Building Physics collision data...
done (0) (1453805 bytes)
Emitting static props...
Model "models/props_phx/construct/metal_wire1x2x2b.mdl" is missing $staticprop. Allowing due to -allowdynamicpropsasstatic
Model "models/props_phx/construct/metal_wire_angle360x2.mdl" is missing $staticprop. Allowing due to -allowdynamicpropsasstatic
Placing detail props : 0...1...2...3...4...5...6...7...8...9...10
Water found with no water_lod_control entity, creating a default one.
Compacting texture/material tables...
Reduced 2928 texinfos to 1674
Reduced 336 texdatas to 303 (10822 bytes to 7879)
Writing w:\programs\steam\steamapps\common\garrysmod\garrysmod\addons\garrysmodmap\maps\gmm_garrymod_map_by_woowz_real_rp_normal.bsp
2 seconds elapsed

==================================================================
Date: 2026-09-29 13:30:04
W:\Programs\Steam\steamapps\common\GarrysMod\bin\win64\vvisplusplus.exe -game W:\Programs\Steam\steamapps\common\GarrysMod\garrysmod w:\programs\steam\steamapps\common\garrysmod\garrysmod\addons\garrysmodmap\maps\gmm_garrymod_map_by_woowz_real_rp_normal
==================================================================
16 threads
CPU supports AVX2
reading w:\programs\steam\steamapps\common\garrysmod\garrysmod\addons\garrysmodmap\maps\gmm_garrymod_map_by_woowz_real_rp_normal.bsp
reading w:\programs\steam\steamapps\common\garrysmod\garrysmod\addons\garrysmodmap\maps\gmm_garrymod_map_by_woowz_real_rp_normal.prt
1516 portalclusters
2833 numportals
0...1...2...3...4...5...6...7...8...9...100...1...2...3...4...5...6...7...8...9...10Optimized: 272 visible clusters (0.33%)
Total clusters visible: 81576
Average clusters visible: 53
Building PAS...
Average clusters audible: 201
visdatasize:172304  compressed from 582144
writing w:\programs\steam\steamapps\common\garrysmod\garrysmod\addons\garrysmodmap\maps\gmm_garrymod_map_by_woowz_real_rp_normal.bsp
Wrote ZIP buffer, estimated size 133349, actual size 128981
0 seconds elapsed

==================================================================
Date: 2026-09-29 13:30:04
W:\Programs\Steam\steamapps\common\GarrysMod\bin\win64\vradplusplus.exe -both -final -game W:\Programs\Steam\steamapps\common\GarrysMod\garrysmod w:\programs\steam\steamapps\common\garrysmod\garrysmod\addons\garrysmodmap\maps\gmm_garrymod_map_by_woowz_real_rp_normal
==================================================================
---------------
gamedir: W:\Programs\Steam\steamapps\common\GarrysMod\garrysmod\
---------------
16 threads
Compiling in LDR+HDR mode
Reading texlights from 'lights.rad'...
53 texlights parsed
Loading w:\programs\steam\steamapps\common\garrysmod\garrysmod\addons\garrysmodmap\maps\gmm_garrymod_map_by_woowz_real_rp_normal.bsp
164 props added to raytrace
17755 faces
1 degenerate faces
564 fake patch planes
1928624 square feet [277721920.00 square inches]
4 Displacements
3259 Square Feet [469401.19 Square Inches]
0...1...2...3...4...5...6...7...8...9...1017754 patches before subdivision
208752 patches after subdivision
CreateDirectLights...
0...1...2...3...4...5...6...7...8...9...10551 lights, 6 styled (0.01 seconds)
0...1...2...3...4...5...6...7...8...9...100...1...2...3...4...5...6...7...8...9...10transfers 24351830, max 1077
transfer lists: 185.8 megs
0...1...2...3...4...5...6...7...8...9...10	Bounce #1 added RGB(1863637, 1446713, 1007752)
0...1...2...3...4...5...6...7...8...9...10	Bounce #2 added RGB(514940, 387862, 256026)
0...1...2...3...4...5...6...7...8...9...10	Bounce #3 added RGB(167393, 124589, 79279)
0...1...2...3...4...5...6...7...8...9...10	Bounce #4 added RGB(60996, 44643, 27064)
0...1...2...3...4...5...6...7...8...9...10	Bounce #5 added RGB(23876, 17077, 9805)
0...1...2...3...4...5...6...7...8...9...10	Bounce #6 added RGB(9875, 6854, 3708)
0...1...2...3...4...5...6...7...8...9...10	Bounce #7 added RGB(4250, 2849, 1447)
0...1...2...3...4...5...6...7...8...9...10	Bounce #8 added RGB(1888, 1218, 580)
0...1...2...3...4...5...6...7...8...9...10	Bounce #9 added RGB(859, 531, 237)
0...1...2...3...4...5...6...7...8...9...10	Bounce #10 added RGB(398, 236, 98)
0...1...2...3...4...5...6...7...8...9...10	Bounce #11 added RGB(187, 106, 41)
0...1...2...3...4...5...6...7...8...9...10	Bounce #12 added RGB(89, 48, 17)
0...1...2...3...4...5...6...7...8...9...10	Bounce #13 added RGB(42, 22, 7)
0...1...2...3...4...5...6...7...8...9...10	Bounce #14 added RGB(20, 10, 3)
0...1...2...3...4...5...6...7...8...9...10	Bounce #15 added RGB(10, 5, 1)
0...1...2...3...4...5...6...7...8...9...10	Bounce #16 added RGB(5, 2, 1)
0...1...2...3...4...5...6...7...8...9...10	Bounce #17 added RGB(2, 1, 0)
0...1...2...3...4...5...6...7...8...9...10	Bounce #18 added RGB(1, 0, 0)
0...1...2...3...4...5...6...7...8...9...10	Bounce #19 added RGB(1, 0, 0)
Build Patch/Sample Hash Table(s).....Done<0.0920 sec>
0...1...2...3...4...5...6...7...8...9...10FinalLightFace Done
0...1...2...3...4...5...6...7...8...9...10Setting up leaf ambient computation...
115 of 402 (28% of) surface lights went in leaf ambient cubes.
0...1...2...3...4...5...6...7...8...9...10Writing leaf ambient...done
Ready to Finish

Object names       Objects/Maxobjs  Fullness 
------------       ---------------  -------- 
entities              1251/65536    ( 1.9%) 
models                 162/4096     ( 4.0%) 
brushes               4472/65536    ( 6.8%) 
brushsides           28137/655350   ( 4.3%) 
planes                5170/65536    ( 7.9%) 
vertexes             31265/65536    (47.7%) 
nodes                 5013/65536    ( 7.6%) 
texinfos              1674/32768    ( 5.1%) 
texdata                303/8192     ( 3.7%) 
dispinfos                4/16384    ( 0.0%) 
faces                17755/65536    (27.1%) 
hdr faces            17755/65536    (27.1%) 
origfaces             9214/65536    (14.1%) 
leaves                5176/65536    ( 7.9%) 
leaffaces            21250/65536    (32.4%) 
leafbrushes           9194/65536    (14.0%) 
areas                   90/1024     ( 8.8%) 
surfedges            87309/512000   (17.1%) 
edges                49193/256000   (19.2%) 
leafwaterdata           16/32768    ( 0.0%) 
primitives            2746/32768    ( 8.4%) 
primverts                0/65536    ( 0.0%) 
primindices          42957/65536    (65.5%) 
cubemapsamples           0/1024     ( 0.0%) 
overlays                68/8192     ( 0.8%) 
vertnormalindices    87153/256000   (34.0%) 
visdata             172304/16777216 ( 1.0%) 
entdata             448931/393216   (114.2%) FULL!!!
LDR ambient table     5176/65536    ( 7.9%) 
HDR ambient table     5176/65536    ( 7.9%) 
LDR worldlights            0       
HDR worldlights            551     
LDR lightdata              0       
HDR lightdata              35464668
LDR leaf ambient           5176    
HDR leaf ambient           17557   
occluders                  0       
occluder polygons          0       
occluder vert ind          0       
detail props               1140    
dtl prp lght               4       
HDR dtl prp lght           4       
static props               20418   
pakfile                    128981  
physics                    1453805 
physics terrain            1376    

Level flags = 0

Total triangle count: 51643
Writing w:\programs\steam\steamapps\common\garrysmod\garrysmod\addons\garrysmodmap\maps\gmm_garrymod_map_by_woowz_real_rp_normal.bsp
10 seconds elapsed

==================================================================
Date: 2026-09-29 13:41:18
W:\Programs\Steam\steamapps\common\GarrysMod\bin\win64\vbspplusplus.exe -allowdynamicpropsasstatic -game W:\Programs\Steam\steamapps\common\GarrysMod\garrysmod w:\programs\steam\steamapps\common\garrysmod\garrysmod\addons\garrysmodmap\maps\gmm_garrymod_map_by_woowz_real_rp_normal
==================================================================
16 threads
---------------
gamedir: W:\Programs\Steam\steamapps\common\GarrysMod\garrysmod\
---------------
Loading w:\programs\steam\steamapps\common\garrysmod\garrysmod\addons\garrysmodmap\maps\gmm_garrymod_map_by_woowz_real_rp_normal.vmf
Can't find surfaceprop antlion_eggshell for material NATURE/ROCKWALL_ANTLION03A, using default
Locating GameData file 'garrysmod.fgd'...
Parsing GameData file w:\programs\steam\steamapps\common\garrysmod\bin\garrysmod.fgd
Parsing GameData file w:\programs\steam\steamapps\common\garrysmod\bin\base.fgd
Parsing GameData file w:\programs\steam\steamapps\common\garrysmod\bin\halflife2.fgd
Parsing GameData file w:\programs\steam\steamapps\common\garrysmod\bin\base.fgd
fixing up env_cubemap materials on brush sides...
FloodEntities...
FloodEntities...
Processing areas...done (0)
Building Faces...done (1)
Chop Details...done (0)
Find Visible Detail Sides...
Merged 1052 detail faces...done (0)
Merging details...done (0)
FixTjuncs...
PruneNodes...
WriteBSP...
done (0)
writing w:\programs\steam\steamapps\common\garrysmod\garrysmod\addons\garrysmodmap\maps\gmm_garrymod_map_by_woowz_real_rp_normal.prt...
Building visibility clusters...
done (0)
Generating blank default cubemaps...
Generating blank default cubemaps...
Emitted 4480 brushes and 28185 brushsides
Finding displacement neighbors...
Finding lightmap sample positions...
Building Physics collision data...
done (0) (1456121 bytes)
Emitting static props...
Model "models/props_phx/construct/metal_wire1x2x2b.mdl" is missing $staticprop. Allowing due to -allowdynamicpropsasstatic
Model "models/props_phx/construct/metal_wire_angle360x2.mdl" is missing $staticprop. Allowing due to -allowdynamicpropsasstatic
Placing detail props : 0...1...2...3...4...5...6...7...8...9...10
Water found with no water_lod_control entity, creating a default one.
Compacting texture/material tables...
Reduced 2946 texinfos to 1680
Reduced 335 texdatas to 302 (10798 bytes to 7855)
Writing w:\programs\steam\steamapps\common\garrysmod\garrysmod\addons\garrysmodmap\maps\gmm_garrymod_map_by_woowz_real_rp_normal.bsp
2 seconds elapsed

==================================================================
Date: 2026-09-29 13:41:21
W:\Programs\Steam\steamapps\common\GarrysMod\bin\win64\vvisplusplus.exe -game W:\Programs\Steam\steamapps\common\GarrysMod\garrysmod w:\programs\steam\steamapps\common\garrysmod\garrysmod\addons\garrysmodmap\maps\gmm_garrymod_map_by_woowz_real_rp_normal
==================================================================
16 threads
CPU supports AVX2
reading w:\programs\steam\steamapps\common\garrysmod\garrysmod\addons\garrysmodmap\maps\gmm_garrymod_map_by_woowz_real_rp_normal.bsp
reading w:\programs\steam\steamapps\common\garrysmod\garrysmod\addons\garrysmodmap\maps\gmm_garrymod_map_by_woowz_real_rp_normal.prt
1518 portalclusters
2834 numportals
0...1...2...3...4...5...6...7...8...9...100...1...2...3...4...5...6...7...8...9...10Optimized: 265 visible clusters (0.32%)
Total clusters visible: 81729
Average clusters visible: 53
Building PAS...
Average clusters audible: 202
visdatasize:172495  compressed from 582912
writing w:\programs\steam\steamapps\common\garrysmod\garrysmod\addons\garrysmodmap\maps\gmm_garrymod_map_by_woowz_real_rp_normal.bsp
Wrote ZIP buffer, estimated size 133349, actual size 128981
0 seconds elapsed

==================================================================
Date: 2026-09-29 13:41:21
W:\Programs\Steam\steamapps\common\GarrysMod\bin\win64\vradplusplus.exe -both -final -game W:\Programs\Steam\steamapps\common\GarrysMod\garrysmod w:\programs\steam\steamapps\common\garrysmod\garrysmod\addons\garrysmodmap\maps\gmm_garrymod_map_by_woowz_real_rp_normal
==================================================================
---------------
gamedir: W:\Programs\Steam\steamapps\common\GarrysMod\garrysmod\
---------------
16 threads
Compiling in LDR+HDR mode
Reading texlights from 'lights.rad'...
53 texlights parsed
Loading w:\programs\steam\steamapps\common\garrysmod\garrysmod\addons\garrysmodmap\maps\gmm_garrymod_map_by_woowz_real_rp_normal.bsp
164 props added to raytrace
17772 faces
1 degenerate faces
570 fake patch planes
1928712 square feet [277734656.00 square inches]
4 Displacements
3259 Square Feet [469401.19 Square Inches]
0...1...2...3...4...5...6...7...8...9...1017771 patches before subdivision
208761 patches after subdivision
CreateDirectLights...
0...1...2...3...4...5...6...7...8...9...10550 lights, 6 styled (0.01 seconds)
0...1...2...3...4...5...6...7...8...9...100...1...2...3...4...5...6...7...8...9...10transfers 24348832, max 1077
transfer lists: 185.8 megs
0...1...2...3...4...5...6...7...8...9...10	Bounce #1 added RGB(1862558, 1445440, 1006638)
0...1...2...3...4...5...6...7...8...9...10	Bounce #2 added RGB(514694, 387633, 255860)
0...1...2...3...4...5...6...7...8...9...10	Bounce #3 added RGB(167336, 124548, 79254)
0...1...2...3...4...5...6...7...8...9...10	Bounce #4 added RGB(60982, 44636, 27061)
0...1...2...3...4...5...6...7...8...9...10	Bounce #5 added RGB(23873, 17075, 9804)
0...1...2...3...4...5...6...7...8...9...10	Bounce #6 added RGB(9874, 6854, 3708)
0...1...2...3...4...5...6...7...8...9...10	Bounce #7 added RGB(4250, 2849, 1447)
0...1...2...3...4...5...6...7...8...9...10	Bounce #8 added RGB(1888, 1218, 580)
0...1...2...3...4...5...6...7...8...9...10	Bounce #9 added RGB(859, 531, 237)
0...1...2...3...4...5...6...7...8...9...10	Bounce #10 added RGB(398, 236, 98)
0...1...2...3...4...5...6...7...8...9...10	Bounce #11 added RGB(187, 106, 41)
0...1...2...3...4...5...6...7...8...9...10	Bounce #12 added RGB(89, 48, 17)
0...1...2...3...4...5...6...7...8...9...10	Bounce #13 added RGB(42, 22, 7)
0...1...2...3...4...5...6...7...8...9...10	Bounce #14 added RGB(20, 10, 3)
0...1...2...3...4...5...6...7...8...9...10	Bounce #15 added RGB(10, 5, 1)
0...1...2...3...4...5...6...7...8...9...10	Bounce #16 added RGB(5, 2, 1)
0...1...2...3...4...5...6...7...8...9...10	Bounce #17 added RGB(2, 1, 0)
0...1...2...3...4...5...6...7...8...9...10	Bounce #18 added RGB(1, 0, 0)
0...1...2...3...4...5...6...7...8...9...10	Bounce #19 added RGB(1, 0, 0)
Build Patch/Sample Hash Table(s).....Done<0.0932 sec>
0...1...2...3...4...5...6...7...8...9...10FinalLightFace Done
0...1...2...3...4...5...6...7...8...9...10Setting up leaf ambient computation...
115 of 402 (28% of) surface lights went in leaf ambient cubes.
0...1...2...3...4...5...6...7...8...9...10Writing leaf ambient...done
Ready to Finish

Object names       Objects/Maxobjs  Fullness 
------------       ---------------  -------- 
entities              1248/65536    ( 1.9%) 
models                 163/4096     ( 4.0%) 
brushes               4480/65536    ( 6.8%) 
brushsides           28185/655350   ( 4.3%) 
planes                5184/65536    ( 7.9%) 
vertexes             31298/65536    (47.8%) 
nodes                 5025/65536    ( 7.7%) 
texinfos              1680/32768    ( 5.1%) 
texdata                302/8192     ( 3.7%) 
dispinfos                4/16384    ( 0.0%) 
faces                17772/65536    (27.1%) 
hdr faces            17772/65536    (27.1%) 
origfaces             9223/65536    (14.1%) 
leaves                5189/65536    ( 7.9%) 
leaffaces            21263/65536    (32.4%) 
leafbrushes           9210/65536    (14.1%) 
areas                   91/1024     ( 8.9%) 
surfedges            87394/512000   (17.1%) 
edges                49267/256000   (19.2%) 
leafwaterdata           16/32768    ( 0.0%) 
primitives            2758/32768    ( 8.4%) 
primverts                0/65536    ( 0.0%) 
primindices          43140/65536    (65.8%) 
cubemapsamples           0/1024     ( 0.0%) 
overlays                66/8192     ( 0.8%) 
vertnormalindices    87237/256000   (34.1%) 
visdata             172495/16777216 ( 1.0%) 
entdata             448174/393216   (114.0%) FULL!!!
LDR ambient table     5189/65536    ( 7.9%) 
HDR ambient table     5189/65536    ( 7.9%) 
LDR worldlights            0       
HDR worldlights            550     
LDR lightdata              0       
HDR lightdata              35468252
LDR leaf ambient           5189    
HDR leaf ambient           17544   
occluders                  0       
occluder polygons          0       
occluder vert ind          0       
detail props               1140    
dtl prp lght               4       
HDR dtl prp lght           4       
static props               20418   
pakfile                    128981  
physics                    1456121 
physics terrain            1376    

Level flags = 0

Total triangle count: 51693
Writing w:\programs\steam\steamapps\common\garrysmod\garrysmod\addons\garrysmodmap\maps\gmm_garrymod_map_by_woowz_real_rp_normal.bsp
10 seconds elapsed

==================================================================
Date: 2026-09-29 13:51:33
W:\Programs\Steam\steamapps\common\GarrysMod\bin\win64\vbspplusplus.exe -allowdynamicpropsasstatic -game W:\Programs\Steam\steamapps\common\GarrysMod\garrysmod w:\programs\steam\steamapps\common\garrysmod\garrysmod\addons\garrysmodmap\maps\gmm_garrymod_map_by_woowz_real_rp_normal
==================================================================
16 threads
---------------
gamedir: W:\Programs\Steam\steamapps\common\GarrysMod\garrysmod\
---------------
Loading w:\programs\steam\steamapps\common\garrysmod\garrysmod\addons\garrysmodmap\maps\gmm_garrymod_map_by_woowz_real_rp_normal.vmf
Can't find surfaceprop antlion_eggshell for material NATURE/ROCKWALL_ANTLION03A, using default
Locating GameData file 'garrysmod.fgd'...
Parsing GameData file w:\programs\steam\steamapps\common\garrysmod\bin\garrysmod.fgd
Parsing GameData file w:\programs\steam\steamapps\common\garrysmod\bin\base.fgd
Parsing GameData file w:\programs\steam\steamapps\common\garrysmod\bin\halflife2.fgd
Parsing GameData file w:\programs\steam\steamapps\common\garrysmod\bin\base.fgd
fixing up env_cubemap materials on brush sides...
FloodEntities...
FloodEntities...
Processing areas...done (1)
Building Faces...done (0)
Chop Details...done (0)
Find Visible Detail Sides...
Merged 1054 detail faces...done (0)
Merging details...done (0)
FixTjuncs...
PruneNodes...
WriteBSP...
done (0)
writing w:\programs\steam\steamapps\common\garrysmod\garrysmod\addons\garrysmodmap\maps\gmm_garrymod_map_by_woowz_real_rp_normal.prt...
Building visibility clusters...
done (0)
Generating blank default cubemaps...
Generating blank default cubemaps...
Emitted 4484 brushes and 28223 brushsides
Finding displacement neighbors...
Finding lightmap sample positions...
Building Physics collision data...
done (0) (1458137 bytes)
Emitting static props...
Model "models/props_phx/construct/metal_wire1x2x2b.mdl" is missing $staticprop. Allowing due to -allowdynamicpropsasstatic
Model "models/props_phx/construct/metal_wire_angle360x2.mdl" is missing $staticprop. Allowing due to -allowdynamicpropsasstatic
Placing detail props : 0...1...2...3...4...5...6...7...8...9...10
Water found with no water_lod_control entity, creating a default one.
Compacting texture/material tables...
Reduced 2954 texinfos to 1685
Reduced 337 texdatas to 304 (10838 bytes to 7895)
Writing w:\programs\steam\steamapps\common\garrysmod\garrysmod\addons\garrysmodmap\maps\gmm_garrymod_map_by_woowz_real_rp_normal.bsp
2 seconds elapsed

==================================================================
Date: 2026-09-29 13:51:36
W:\Programs\Steam\steamapps\common\GarrysMod\bin\win64\vvisplusplus.exe -game W:\Programs\Steam\steamapps\common\GarrysMod\garrysmod w:\programs\steam\steamapps\common\garrysmod\garrysmod\addons\garrysmodmap\maps\gmm_garrymod_map_by_woowz_real_rp_normal
==================================================================
16 threads
CPU supports AVX2
reading w:\programs\steam\steamapps\common\garrysmod\garrysmod\addons\garrysmodmap\maps\gmm_garrymod_map_by_woowz_real_rp_normal.bsp
reading w:\programs\steam\steamapps\common\garrysmod\garrysmod\addons\garrysmodmap\maps\gmm_garrymod_map_by_woowz_real_rp_normal.prt
1518 portalclusters
2834 numportals
0...1...2...3...4...5...6...7...8...9...100...1...2...3...4...5...6...7...8...9...10Optimized: 265 visible clusters (0.32%)
Total clusters visible: 81729
Average clusters visible: 53
Building PAS...
Average clusters audible: 202
visdatasize:172495  compressed from 582912
writing w:\programs\steam\steamapps\common\garrysmod\garrysmod\addons\garrysmodmap\maps\gmm_garrymod_map_by_woowz_real_rp_normal.bsp
Wrote ZIP buffer, estimated size 133349, actual size 128981
0 seconds elapsed

==================================================================
Date: 2026-09-29 13:51:36
W:\Programs\Steam\steamapps\common\GarrysMod\bin\win64\vradplusplus.exe -both -final -game W:\Programs\Steam\steamapps\common\GarrysMod\garrysmod w:\programs\steam\steamapps\common\garrysmod\garrysmod\addons\garrysmodmap\maps\gmm_garrymod_map_by_woowz_real_rp_normal
==================================================================
---------------
gamedir: W:\Programs\Steam\steamapps\common\GarrysMod\garrysmod\
---------------
16 threads
Compiling in LDR+HDR mode
Reading texlights from 'lights.rad'...
53 texlights parsed
Loading w:\programs\steam\steamapps\common\garrysmod\garrysmod\addons\garrysmodmap\maps\gmm_garrymod_map_by_woowz_real_rp_normal.bsp
170 props added to raytrace
17796 faces
1 degenerate faces
570 fake patch planes
1928882 square feet [277759104.00 square inches]
4 Displacements
3259 Square Feet [469401.19 Square Inches]
0...1...2...3...4...5...6...7...8...9...1017795 patches before subdivision
208793 patches after subdivision
CreateDirectLights...
0...1...2...3...4...5...6...7...8...9...10554 lights, 6 styled (0.01 seconds)
0...1...2...3...4...5...6...7...8...9...100...1...2...3...4...5...6...7...8...9...10transfers 24347520, max 1077
transfer lists: 185.8 megs
0...1...2...3...4...5...6...7...8...9...10	Bounce #1 added RGB(1865800, 1448274, 1008505)
0...1...2...3...4...5...6...7...8...9...10	Bounce #2 added RGB(515462, 388233, 256198)
0...1...2...3...4...5...6...7...8...9...10	Bounce #3 added RGB(167519, 124677, 79316)
0...1...2...3...4...5...6...7...8...9...10	Bounce #4 added RGB(61025, 44664, 27073)
0...1...2...3...4...5...6...7...8...9...10	Bounce #5 added RGB(23883, 17081, 9806)
0...1...2...3...4...5...6...7...8...9...10	Bounce #6 added RGB(9876, 6855, 3708)
0...1...2...3...4...5...6...7...8...9...10	Bounce #7 added RGB(4250, 2849, 1447)
0...1...2...3...4...5...6...7...8...9...10	Bounce #8 added RGB(1888, 1218, 580)
0...1...2...3...4...5...6...7...8...9...10	Bounce #9 added RGB(858, 531, 237)
0...1...2...3...4...5...6...7...8...9...10	Bounce #10 added RGB(398, 236, 98)
0...1...2...3...4...5...6...7...8...9...10	Bounce #11 added RGB(187, 106, 41)
0...1...2...3...4...5...6...7...8...9...10	Bounce #12 added RGB(89, 48, 17)
0...1...2...3...4...5...6...7...8...9...10	Bounce #13 added RGB(42, 22, 7)
0...1...2...3...4...5...6...7...8...9...10	Bounce #14 added RGB(20, 10, 3)
0...1...2...3...4...5...6...7...8...9...10	Bounce #15 added RGB(10, 5, 1)
0...1...2...3...4...5...6...7...8...9...10	Bounce #16 added RGB(5, 2, 1)
0...1...2...3...4...5...6...7...8...9...10	Bounce #17 added RGB(2, 1, 0)
0...1...2...3...4...5...6...7...8...9...10	Bounce #18 added RGB(1, 0, 0)
0...1...2...3...4...5...6...7...8...9...10	Bounce #19 added RGB(1, 0, 0)
Build Patch/Sample Hash Table(s).....Done<0.0925 sec>
0...1...2...3...4...5...6...7...8...9...10FinalLightFace Done
0...1...2...3...4...5...6...7...8...9...10Setting up leaf ambient computation...
115 of 402 (28% of) surface lights went in leaf ambient cubes.
0...1...2...3...4...5...6...7...8...9...10Writing leaf ambient...done
Ready to Finish

Object names       Objects/Maxobjs  Fullness 
------------       ---------------  -------- 
entities              1254/65536    ( 1.9%) 
models                 163/4096     ( 4.0%) 
brushes               4484/65536    ( 6.8%) 
brushsides           28223/655350   ( 4.3%) 
planes                5228/65536    ( 8.0%) 
vertexes             31338/65536    (47.8%) 
nodes                 5025/65536    ( 7.7%) 
texinfos              1685/32768    ( 5.1%) 
texdata                304/8192     ( 3.7%) 
dispinfos                4/16384    ( 0.0%) 
faces                17796/65536    (27.2%) 
hdr faces            17796/65536    (27.2%) 
origfaces             9247/65536    (14.1%) 
leaves                5189/65536    ( 7.9%) 
leaffaces            21287/65536    (32.5%) 
leafbrushes           9214/65536    (14.1%) 
areas                   91/1024     ( 8.9%) 
surfedges            87509/512000   (17.1%) 
edges                49338/256000   (19.3%) 
leafwaterdata           16/32768    ( 0.0%) 
primitives            2760/32768    ( 8.4%) 
primverts                0/65536    ( 0.0%) 
primindices          43170/65536    (65.9%) 
cubemapsamples           0/1024     ( 0.0%) 
overlays                66/8192     ( 0.8%) 
vertnormalindices    87352/256000   (34.1%) 
visdata             172495/16777216 ( 1.0%) 
entdata             450177/393216   (114.5%) FULL!!!
LDR ambient table     5189/65536    ( 7.9%) 
HDR ambient table     5189/65536    ( 7.9%) 
LDR worldlights            0       
HDR worldlights            554     
LDR lightdata              0       
HDR lightdata              35471220
LDR leaf ambient           5189    
HDR leaf ambient           17567   
occluders                  0       
occluder polygons          0       
occluder vert ind          0       
detail props               1140    
dtl prp lght               4       
HDR dtl prp lght           4       
static props               20870   
pakfile                    128981  
physics                    1458137 
physics terrain            1376    

Level flags = 0

Total triangle count: 51760
Writing w:\programs\steam\steamapps\common\garrysmod\garrysmod\addons\garrysmodmap\maps\gmm_garrymod_map_by_woowz_real_rp_normal.bsp
10 seconds elapsed

==================================================================
Date: 2026-09-29 14:04:50
W:\Programs\Steam\steamapps\common\GarrysMod\bin\win64\vbspplusplus.exe -allowdynamicpropsasstatic -game W:\Programs\Steam\steamapps\common\GarrysMod\garrysmod w:\programs\steam\steamapps\common\garrysmod\garrysmod\addons\garrysmodmap\maps\gmm_garrymod_map_by_woowz_real_rp_normal
==================================================================
16 threads
---------------
gamedir: W:\Programs\Steam\steamapps\common\GarrysMod\garrysmod\
---------------
Loading w:\programs\steam\steamapps\common\garrysmod\garrysmod\addons\garrysmodmap\maps\gmm_garrymod_map_by_woowz_real_rp_normal.vmf
Can't find surfaceprop antlion_eggshell for material NATURE/ROCKWALL_ANTLION03A, using default
Locating GameData file 'garrysmod.fgd'...
Parsing GameData file w:\programs\steam\steamapps\common\garrysmod\bin\garrysmod.fgd
Parsing GameData file w:\programs\steam\steamapps\common\garrysmod\bin\base.fgd
Parsing GameData file w:\programs\steam\steamapps\common\garrysmod\bin\halflife2.fgd
Parsing GameData file w:\programs\steam\steamapps\common\garrysmod\bin\base.fgd
fixing up env_cubemap materials on brush sides...
FloodEntities...
FloodEntities...
Processing areas...done (0)
Building Faces...done (0)
Chop Details...done (0)
Find Visible Detail Sides...
Merged 1052 detail faces...done (0)
Merging details...done (0)
FixTjuncs...
PruneNodes...
WriteBSP...
done (0)
writing w:\programs\steam\steamapps\common\garrysmod\garrysmod\addons\garrysmodmap\maps\gmm_garrymod_map_by_woowz_real_rp_normal.prt...
Building visibility clusters...
done (0)
Generating blank default cubemaps...
Generating blank default cubemaps...
Emitted 4484 brushes and 28223 brushsides
Finding displacement neighbors...
Finding lightmap sample positions...
Building Physics collision data...
done (0) (1458137 bytes)
Emitting static props...
Model "models/props_phx/construct/metal_wire1x2x2b.mdl" is missing $staticprop. Allowing due to -allowdynamicpropsasstatic
Model "models/props_phx/construct/metal_wire_angle360x2.mdl" is missing $staticprop. Allowing due to -allowdynamicpropsasstatic
Placing detail props : 0...1...2...3...4...5...6...7...8...9...10
Water found with no water_lod_control entity, creating a default one.
Compacting texture/material tables...
Reduced 2956 texinfos to 1687
Reduced 339 texdatas to 306 (10914 bytes to 7971)
Writing w:\programs\steam\steamapps\common\garrysmod\garrysmod\addons\garrysmodmap\maps\gmm_garrymod_map_by_woowz_real_rp_normal.bsp
2 seconds elapsed

==================================================================
Date: 2026-09-29 14:04:52
W:\Programs\Steam\steamapps\common\GarrysMod\bin\win64\vvisplusplus.exe -game W:\Programs\Steam\steamapps\common\GarrysMod\garrysmod w:\programs\steam\steamapps\common\garrysmod\garrysmod\addons\garrysmodmap\maps\gmm_garrymod_map_by_woowz_real_rp_normal
==================================================================
16 threads
CPU supports AVX2
reading w:\programs\steam\steamapps\common\garrysmod\garrysmod\addons\garrysmodmap\maps\gmm_garrymod_map_by_woowz_real_rp_normal.bsp
reading w:\programs\steam\steamapps\common\garrysmod\garrysmod\addons\garrysmodmap\maps\gmm_garrymod_map_by_woowz_real_rp_normal.prt
1518 portalclusters
2834 numportals
0...1...2...3...4...5...6...7...8...9...100...1...2...3...4...5...6...7...8...9...10Optimized: 265 visible clusters (0.32%)
Total clusters visible: 81729
Average clusters visible: 53
Building PAS...
Average clusters audible: 202
visdatasize:172495  compressed from 582912
writing w:\programs\steam\steamapps\common\garrysmod\garrysmod\addons\garrysmodmap\maps\gmm_garrymod_map_by_woowz_real_rp_normal.bsp
Wrote ZIP buffer, estimated size 133349, actual size 128981
0 seconds elapsed

==================================================================
Date: 2026-09-29 14:04:52
W:\Programs\Steam\steamapps\common\GarrysMod\bin\win64\vradplusplus.exe -both -final -game W:\Programs\Steam\steamapps\common\GarrysMod\garrysmod w:\programs\steam\steamapps\common\garrysmod\garrysmod\addons\garrysmodmap\maps\gmm_garrymod_map_by_woowz_real_rp_normal
==================================================================
---------------
gamedir: W:\Programs\Steam\steamapps\common\GarrysMod\garrysmod\
---------------
16 threads
Compiling in LDR+HDR mode
Reading texlights from 'lights.rad'...
53 texlights parsed
Loading w:\programs\steam\steamapps\common\garrysmod\garrysmod\addons\garrysmodmap\maps\gmm_garrymod_map_by_woowz_real_rp_normal.bsp
170 props added to raytrace
17797 faces
1 degenerate faces
570 fake patch planes
1928882 square feet [277759104.00 square inches]
4 Displacements
3259 Square Feet [469401.19 Square Inches]
0...1...2...3...4...5...6...7...8...9...1017796 patches before subdivision
208796 patches after subdivision
CreateDirectLights...
0...1...2...3...4...5...6...7...8...9...10554 lights, 6 styled (0.01 seconds)
0...1...2...3...4...5...6...7...8...9...100...1...2...3...4...5...6...7...8...9...10transfers 24347853, max 1077
transfer lists: 185.8 megs
0...1...2...3...4...5...6...7...8...9...10	Bounce #1 added RGB(1865829, 1448303, 1008526)
0...1...2...3...4...5...6...7...8...9...10	Bounce #2 added RGB(515468, 388238, 256201)
0...1...2...3...4...5...6...7...8...9...10	Bounce #3 added RGB(167520, 124677, 79317)
0...1...2...3...4...5...6...7...8...9...10	Bounce #4 added RGB(61025, 44664, 27073)
0...1...2...3...4...5...6...7...8...9...10	Bounce #5 added RGB(23883, 17081, 9807)
0...1...2...3...4...5...6...7...8...9...10	Bounce #6 added RGB(9876, 6855, 3708)
0...1...2...3...4...5...6...7...8...9...10	Bounce #7 added RGB(4250, 2849, 1447)
0...1...2...3...4...5...6...7...8...9...10	Bounce #8 added RGB(1888, 1218, 580)
0...1...2...3...4...5...6...7...8...9...10	Bounce #9 added RGB(858, 531, 237)
0...1...2...3...4...5...6...7...8...9...10	Bounce #10 added RGB(398, 236, 98)
0...1...2...3...4...5...6...7...8...9...10	Bounce #11 added RGB(187, 106, 41)
0...1...2...3...4...5...6...7...8...9...10	Bounce #12 added RGB(89, 48, 17)
0...1...2...3...4...5...6...7...8...9...10	Bounce #13 added RGB(42, 22, 7)
0...1...2...3...4...5...6...7...8...9...10	Bounce #14 added RGB(20, 10, 3)
0...1...2...3...4...5...6...7...8...9...10	Bounce #15 added RGB(10, 5, 1)
0...1...2...3...4...5...6...7...8...9...10	Bounce #16 added RGB(5, 2, 1)
0...1...2...3...4...5...6...7...8...9...10	Bounce #17 added RGB(2, 1, 0)
0...1...2...3...4...5...6...7...8...9...10	Bounce #18 added RGB(1, 0, 0)
0...1...2...3...4...5...6...7...8...9...10	Bounce #19 added RGB(1, 0, 0)
Build Patch/Sample Hash Table(s).....Done<0.0920 sec>
0...1...2...3...4...5...6...7...8...9...10FinalLightFace Done
0...1...2...3...4...5...6...7...8...9...10Setting up leaf ambient computation...
115 of 402 (28% of) surface lights went in leaf ambient cubes.
0...1...2...3...4...5...6...7...8...9...10Writing leaf ambient...done
Ready to Finish

Object names       Objects/Maxobjs  Fullness 
------------       ---------------  -------- 
entities              1275/65536    ( 1.9%) 
models                 163/4096     ( 4.0%) 
brushes               4484/65536    ( 6.8%) 
brushsides           28223/655350   ( 4.3%) 
planes                5228/65536    ( 8.0%) 
vertexes             31338/65536    (47.8%) 
nodes                 5025/65536    ( 7.7%) 
texinfos              1687/32768    ( 5.1%) 
texdata                306/8192     ( 3.7%) 
dispinfos                4/16384    ( 0.0%) 
faces                17797/65536    (27.2%) 
hdr faces            17797/65536    (27.2%) 
origfaces             9248/65536    (14.1%) 
leaves                5189/65536    ( 7.9%) 
leaffaces            21288/65536    (32.5%) 
leafbrushes           9214/65536    (14.1%) 
areas                   91/1024     ( 8.9%) 
surfedges            87513/512000   (17.1%) 
edges                49341/256000   (19.3%) 
leafwaterdata           16/32768    ( 0.0%) 
primitives            2760/32768    ( 8.4%) 
primverts                0/65536    ( 0.0%) 
primindices          43170/65536    (65.9%) 
cubemapsamples           0/1024     ( 0.0%) 
overlays                68/8192     ( 0.8%) 
vertnormalindices    87356/256000   (34.1%) 
visdata             172495/16777216 ( 1.0%) 
entdata             466498/393216   (118.6%) FULL!!!
LDR ambient table     5189/65536    ( 7.9%) 
HDR ambient table     5189/65536    ( 7.9%) 
LDR worldlights            0       
HDR worldlights            554     
LDR lightdata              0       
HDR lightdata              35471352
LDR leaf ambient           5189    
HDR leaf ambient           17567   
occluders                  0       
occluder polygons          0       
occluder vert ind          0       
detail props               1140    
dtl prp lght               4       
HDR dtl prp lght           4       
static props               20870   
pakfile                    128981  
physics                    1458137 
physics terrain            1376    

Level flags = 0

Total triangle count: 51762
Writing w:\programs\steam\steamapps\common\garrysmod\garrysmod\addons\garrysmodmap\maps\gmm_garrymod_map_by_woowz_real_rp_normal.bsp
10 seconds elapsed

==================================================================
Date: 2026-09-29 14:08:42
W:\Programs\Steam\steamapps\common\GarrysMod\bin\win64\vbspplusplus.exe -allowdynamicpropsasstatic -game W:\Programs\Steam\steamapps\common\GarrysMod\garrysmod w:\programs\steam\steamapps\common\garrysmod\garrysmod\addons\garrysmodmap\maps\gmm_garrymod_map_by_woowz_real_rp_normal
==================================================================
16 threads
---------------
gamedir: W:\Programs\Steam\steamapps\common\GarrysMod\garrysmod\
---------------
Loading w:\programs\steam\steamapps\common\garrysmod\garrysmod\addons\garrysmodmap\maps\gmm_garrymod_map_by_woowz_real_rp_normal.vmf
Can't find surfaceprop antlion_eggshell for material NATURE/ROCKWALL_ANTLION03A, using default
Locating GameData file 'garrysmod.fgd'...
Parsing GameData file w:\programs\steam\steamapps\common\garrysmod\bin\garrysmod.fgd
Parsing GameData file w:\programs\steam\steamapps\common\garrysmod\bin\base.fgd
Parsing GameData file w:\programs\steam\steamapps\common\garrysmod\bin\halflife2.fgd
Parsing GameData file w:\programs\steam\steamapps\common\garrysmod\bin\base.fgd
fixing up env_cubemap materials on brush sides...
FloodEntities...
FloodEntities...
Processing areas...done (0)
Building Faces...done (1)
Chop Details...done (0)
Find Visible Detail Sides...
Merged 1052 detail faces...done (0)
Merging details...done (0)
FixTjuncs...
PruneNodes...
WriteBSP...
done (0)
writing w:\programs\steam\steamapps\common\garrysmod\garrysmod\addons\garrysmodmap\maps\gmm_garrymod_map_by_woowz_real_rp_normal.prt...
Building visibility clusters...
done (0)
Generating blank default cubemaps...
Generating blank default cubemaps...
Emitted 4484 brushes and 28223 brushsides
Finding displacement neighbors...
Finding lightmap sample positions...
Building Physics collision data...
done (0) (1458137 bytes)
Emitting static props...
Model "models/props_phx/construct/metal_wire1x2x2b.mdl" is missing $staticprop. Allowing due to -allowdynamicpropsasstatic
Model "models/props_phx/construct/metal_wire_angle360x2.mdl" is missing $staticprop. Allowing due to -allowdynamicpropsasstatic
Placing detail props : 0...1...2...3...4...5...6...7...8...9...10
Water found with no water_lod_control entity, creating a default one.
Compacting texture/material tables...
Reduced 2956 texinfos to 1687
Reduced 339 texdatas to 306 (10914 bytes to 7971)
Writing w:\programs\steam\steamapps\common\garrysmod\garrysmod\addons\garrysmodmap\maps\gmm_garrymod_map_by_woowz_real_rp_normal.bsp
2 seconds elapsed

==================================================================
Date: 2026-09-29 14:08:45
W:\Programs\Steam\steamapps\common\GarrysMod\bin\win64\vvisplusplus.exe -game W:\Programs\Steam\steamapps\common\GarrysMod\garrysmod w:\programs\steam\steamapps\common\garrysmod\garrysmod\addons\garrysmodmap\maps\gmm_garrymod_map_by_woowz_real_rp_normal
==================================================================
16 threads
CPU supports AVX2
reading w:\programs\steam\steamapps\common\garrysmod\garrysmod\addons\garrysmodmap\maps\gmm_garrymod_map_by_woowz_real_rp_normal.bsp
reading w:\programs\steam\steamapps\common\garrysmod\garrysmod\addons\garrysmodmap\maps\gmm_garrymod_map_by_woowz_real_rp_normal.prt
1518 portalclusters
2834 numportals
0...1...2...3...4...5...6...7...8...9...100...1...2...3...4...5...6...7...8...9...10Optimized: 265 visible clusters (0.32%)
Total clusters visible: 81729
Average clusters visible: 53
Building PAS...
Average clusters audible: 202
visdatasize:172495  compressed from 582912
writing w:\programs\steam\steamapps\common\garrysmod\garrysmod\addons\garrysmodmap\maps\gmm_garrymod_map_by_woowz_real_rp_normal.bsp
Wrote ZIP buffer, estimated size 133349, actual size 128981
0 seconds elapsed

==================================================================
Date: 2026-09-29 14:08:45
W:\Programs\Steam\steamapps\common\GarrysMod\bin\win64\vradplusplus.exe -both -final -game W:\Programs\Steam\steamapps\common\GarrysMod\garrysmod w:\programs\steam\steamapps\common\garrysmod\garrysmod\addons\garrysmodmap\maps\gmm_garrymod_map_by_woowz_real_rp_normal
==================================================================
---------------
gamedir: W:\Programs\Steam\steamapps\common\GarrysMod\garrysmod\
---------------
16 threads
Compiling in LDR+HDR mode
Reading texlights from 'lights.rad'...
53 texlights parsed
Loading w:\programs\steam\steamapps\common\garrysmod\garrysmod\addons\garrysmodmap\maps\gmm_garrymod_map_by_woowz_real_rp_normal.bsp
170 props added to raytrace
17797 faces
1 degenerate faces
570 fake patch planes
1928882 square feet [277759104.00 square inches]
4 Displacements
3259 Square Feet [469401.19 Square Inches]
0...1...2...3...4...5...6...7...8...9...1017796 patches before subdivision
208796 patches after subdivision
CreateDirectLights...
0...1...2...3...4...5...6...7...8...9...10554 lights, 6 styled (0.01 seconds)
0...1...2...3...4...5...6...7...8...9...100...1...2...3...4...5...6...7...8...9...10transfers 24347853, max 1077
transfer lists: 185.8 megs
0...1...2...3...4...5...6...7...8...9...10	Bounce #1 added RGB(1865824, 1448301, 1008525)
0...1...2...3...4...5...6...7...8...9...10	Bounce #2 added RGB(515466, 388237, 256201)
0...1...2...3...4...5...6...7...8...9...10	Bounce #3 added RGB(167520, 124677, 79317)
0...1...2...3...4...5...6...7...8...9...10	Bounce #4 added RGB(61025, 44664, 27073)
0...1...2...3...4...5...6...7...8...9...10	Bounce #5 added RGB(23883, 17081, 9807)
0...1...2...3...4...5...6...7...8...9...10	Bounce #6 added RGB(9876, 6855, 3708)
0...1...2...3...4...5...6...7...8...9...10	Bounce #7 added RGB(4250, 2849, 1447)
0...1...2...3...4...5...6...7...8...9...10	Bounce #8 added RGB(1888, 1218, 580)
0...1...2...3...4...5...6...7...8...9...10	Bounce #9 added RGB(858, 531, 237)
0...1...2...3...4...5...6...7...8...9...10	Bounce #10 added RGB(398, 236, 98)
0...1...2...3...4...5...6...7...8...9...10	Bounce #11 added RGB(187, 106, 41)
0...1...2...3...4...5...6...7...8...9...10	Bounce #12 added RGB(89, 48, 17)
0...1...2...3...4...5...6...7...8...9...10	Bounce #13 added RGB(42, 22, 7)
0...1...2...3...4...5...6...7...8...9...10	Bounce #14 added RGB(20, 10, 3)
0...1...2...3...4...5...6...7...8...9...10	Bounce #15 added RGB(10, 5, 1)
0...1...2...3...4...5...6...7...8...9...10	Bounce #16 added RGB(5, 2, 1)
0...1...2...3...4...5...6...7...8...9...10	Bounce #17 added RGB(2, 1, 0)
0...1...2...3...4...5...6...7...8...9...10	Bounce #18 added RGB(1, 0, 0)
0...1...2...3...4...5...6...7...8...9...10	Bounce #19 added RGB(1, 0, 0)
Build Patch/Sample Hash Table(s).....Done<0.0913 sec>
0...1...2...3...4...5...6...7...8...9...10FinalLightFace Done
0...1...2...3...4...5...6...7...8...9...10Setting up leaf ambient computation...
115 of 402 (28% of) surface lights went in leaf ambient cubes.
0...1...2...3...4...5...6...7...8...9...10Writing leaf ambient...done
Ready to Finish

Object names       Objects/Maxobjs  Fullness 
------------       ---------------  -------- 
entities              1281/65536    ( 2.0%) 
models                 163/4096     ( 4.0%) 
brushes               4484/65536    ( 6.8%) 
brushsides           28223/655350   ( 4.3%) 
planes                5228/65536    ( 8.0%) 
vertexes             31338/65536    (47.8%) 
nodes                 5025/65536    ( 7.7%) 
texinfos              1687/32768    ( 5.1%) 
texdata                306/8192     ( 3.7%) 
dispinfos                4/16384    ( 0.0%) 
faces                17797/65536    (27.2%) 
hdr faces            17797/65536    (27.2%) 
origfaces             9248/65536    (14.1%) 
leaves                5189/65536    ( 7.9%) 
leaffaces            21288/65536    (32.5%) 
leafbrushes           9214/65536    (14.1%) 
areas                   91/1024     ( 8.9%) 
surfedges            87513/512000   (17.1%) 
edges                49341/256000   (19.3%) 
leafwaterdata           16/32768    ( 0.0%) 
primitives            2760/32768    ( 8.4%) 
primverts                0/65536    ( 0.0%) 
primindices          43170/65536    (65.9%) 
cubemapsamples           0/1024     ( 0.0%) 
overlays                68/8192     ( 0.8%) 
vertnormalindices    87356/256000   (34.1%) 
visdata             172495/16777216 ( 1.0%) 
entdata             470941/393216   (119.8%) FULL!!!
LDR ambient table     5189/65536    ( 7.9%) 
HDR ambient table     5189/65536    ( 7.9%) 
LDR worldlights            0       
HDR worldlights            554     
LDR lightdata              0       
HDR lightdata              35471352
LDR leaf ambient           5189    
HDR leaf ambient           17567   
occluders                  0       
occluder polygons          0       
occluder vert ind          0       
detail props               1140    
dtl prp lght               4       
HDR dtl prp lght           4       
static props               20870   
pakfile                    128981  
physics                    1458137 
physics terrain            1376    

Level flags = 0

Total triangle count: 51762
Writing w:\programs\steam\steamapps\common\garrysmod\garrysmod\addons\garrysmodmap\maps\gmm_garrymod_map_by_woowz_real_rp_normal.bsp
10 seconds elapsed

==================================================================
Date: 2026-09-29 14:15:20
W:\Programs\Steam\steamapps\common\GarrysMod\bin\win64\vbspplusplus.exe -allowdynamicpropsasstatic -game W:\Programs\Steam\steamapps\common\GarrysMod\garrysmod w:\programs\steam\steamapps\common\garrysmod\garrysmod\addons\garrysmodmap\maps\gmm_garrymod_map_by_woowz_real_rp_normal
==================================================================
16 threads
---------------
gamedir: W:\Programs\Steam\steamapps\common\GarrysMod\garrysmod\
---------------
Loading w:\programs\steam\steamapps\common\garrysmod\garrysmod\addons\garrysmodmap\maps\gmm_garrymod_map_by_woowz_real_rp_normal.vmf
Can't find surfaceprop antlion_eggshell for material NATURE/ROCKWALL_ANTLION03A, using default
Locating GameData file 'garrysmod.fgd'...
Parsing GameData file w:\programs\steam\steamapps\common\garrysmod\bin\garrysmod.fgd
Parsing GameData file w:\programs\steam\steamapps\common\garrysmod\bin\base.fgd
Parsing GameData file w:\programs\steam\steamapps\common\garrysmod\bin\halflife2.fgd
Parsing GameData file w:\programs\steam\steamapps\common\garrysmod\bin\base.fgd
fixing up env_cubemap materials on brush sides...
FloodEntities...
FloodEntities...
Processing areas...done (0)
Building Faces...done (1)
Chop Details...done (0)
Find Visible Detail Sides...
Merged 1052 detail faces...done (0)
Merging details...done (0)
FixTjuncs...
PruneNodes...
WriteBSP...
done (0)
writing w:\programs\steam\steamapps\common\garrysmod\garrysmod\addons\garrysmodmap\maps\gmm_garrymod_map_by_woowz_real_rp_normal.prt...
Building visibility clusters...
done (0)
Generating blank default cubemaps...
Generating blank default cubemaps...
Emitted 4484 brushes and 28223 brushsides
Finding displacement neighbors...
Finding lightmap sample positions...
Building Physics collision data...
done (0) (1458137 bytes)
Emitting static props...
Model "models/props_phx/construct/metal_wire1x2x2b.mdl" is missing $staticprop. Allowing due to -allowdynamicpropsasstatic
Model "models/props_phx/construct/metal_wire_angle360x2.mdl" is missing $staticprop. Allowing due to -allowdynamicpropsasstatic
Placing detail props : 0...1...2...3...4...5...6...7...8...9...10
Water found with no water_lod_control entity, creating a default one.
Compacting texture/material tables...
Reduced 2957 texinfos to 1688
Reduced 340 texdatas to 307 (10973 bytes to 8030)
Writing w:\programs\steam\steamapps\common\garrysmod\garrysmod\addons\garrysmodmap\maps\gmm_garrymod_map_by_woowz_real_rp_normal.bsp
2 seconds elapsed

==================================================================
Date: 2026-09-29 14:15:22
W:\Programs\Steam\steamapps\common\GarrysMod\bin\win64\vvisplusplus.exe -game W:\Programs\Steam\steamapps\common\GarrysMod\garrysmod w:\programs\steam\steamapps\common\garrysmod\garrysmod\addons\garrysmodmap\maps\gmm_garrymod_map_by_woowz_real_rp_normal
==================================================================
16 threads
CPU supports AVX2
reading w:\programs\steam\steamapps\common\garrysmod\garrysmod\addons\garrysmodmap\maps\gmm_garrymod_map_by_woowz_real_rp_normal.bsp
reading w:\programs\steam\steamapps\common\garrysmod\garrysmod\addons\garrysmodmap\maps\gmm_garrymod_map_by_woowz_real_rp_normal.prt
1518 portalclusters
2834 numportals
0...1...2...3...4...5...6...7...8...9...100...1...2...3...4...5...6...7...8...9...10Optimized: 265 visible clusters (0.32%)
Total clusters visible: 81729
Average clusters visible: 53
Building PAS...
Average clusters audible: 202
visdatasize:172495  compressed from 582912
writing w:\programs\steam\steamapps\common\garrysmod\garrysmod\addons\garrysmodmap\maps\gmm_garrymod_map_by_woowz_real_rp_normal.bsp
Wrote ZIP buffer, estimated size 133349, actual size 128981
0 seconds elapsed

==================================================================
Date: 2026-09-29 14:15:22
W:\Programs\Steam\steamapps\common\GarrysMod\bin\win64\vradplusplus.exe -both -final -game W:\Programs\Steam\steamapps\common\GarrysMod\garrysmod w:\programs\steam\steamapps\common\garrysmod\garrysmod\addons\garrysmodmap\maps\gmm_garrymod_map_by_woowz_real_rp_normal
==================================================================
---------------
gamedir: W:\Programs\Steam\steamapps\common\GarrysMod\garrysmod\
---------------
16 threads
Compiling in LDR+HDR mode
Reading texlights from 'lights.rad'...
53 texlights parsed
Loading w:\programs\steam\steamapps\common\garrysmod\garrysmod\addons\garrysmodmap\maps\gmm_garrymod_map_by_woowz_real_rp_normal.bsp
172 props added to raytrace
17799 faces
1 degenerate faces
570 fake patch planes
1928882 square feet [277759104.00 square inches]
4 Displacements
3259 Square Feet [469401.19 Square Inches]
0...1...2...3...4...5...6...7...8...9...1017798 patches before subdivision
208810 patches after subdivision
CreateDirectLights...
0...1...2...3...4...5...6...7...8...9...10554 lights, 6 styled (0.01 seconds)
0...1...2...3...4...5...6...7...8...9...100...1...2...3...4...5...6...7...8...9...10transfers 24347107, max 1077
transfer lists: 185.8 megs
0...1...2...3...4...5...6...7...8...9...10	Bounce #1 added RGB(1865819, 1448256, 1008484)
0...1...2...3...4...5...6...7...8...9...10	Bounce #2 added RGB(515460, 388226, 256192)
0...1...2...3...4...5...6...7...8...9...10	Bounce #3 added RGB(167517, 124673, 79314)
0...1...2...3...4...5...6...7...8...9...10	Bounce #4 added RGB(61024, 44663, 27072)
0...1...2...3...4...5...6...7...8...9...10	Bounce #5 added RGB(23883, 17081, 9806)
0...1...2...3...4...5...6...7...8...9...10	Bounce #6 added RGB(9876, 6855, 3708)
0...1...2...3...4...5...6...7...8...9...10	Bounce #7 added RGB(4250, 2849, 1447)
0...1...2...3...4...5...6...7...8...9...10	Bounce #8 added RGB(1888, 1218, 580)
0...1...2...3...4...5...6...7...8...9...10	Bounce #9 added RGB(858, 531, 237)
0...1...2...3...4...5...6...7...8...9...10	Bounce #10 added RGB(398, 236, 98)
0...1...2...3...4...5...6...7...8...9...10	Bounce #11 added RGB(187, 106, 41)
0...1...2...3...4...5...6...7...8...9...10	Bounce #12 added RGB(89, 48, 17)
0...1...2...3...4...5...6...7...8...9...10	Bounce #13 added RGB(42, 22, 7)
0...1...2...3...4...5...6...7...8...9...10	Bounce #14 added RGB(20, 10, 3)
0...1...2...3...4...5...6...7...8...9...10	Bounce #15 added RGB(10, 5, 1)
0...1...2...3...4...5...6...7...8...9...10	Bounce #16 added RGB(5, 2, 1)
0...1...2...3...4...5...6...7...8...9...10	Bounce #17 added RGB(2, 1, 0)
0...1...2...3...4...5...6...7...8...9...10	Bounce #18 added RGB(1, 0, 0)
0...1...2...3...4...5...6...7...8...9...10	Bounce #19 added RGB(1, 0, 0)
Build Patch/Sample Hash Table(s).....Done<0.0970 sec>
0...1...2...3...4...5...6...7...8...9...10FinalLightFace Done
0...1...2...3...4...5...6...7...8...9...10Setting up leaf ambient computation...
115 of 402 (28% of) surface lights went in leaf ambient cubes.
0...1...2...3...4...5...6...7...8...9...10Writing leaf ambient...done
Ready to Finish

Object names       Objects/Maxobjs  Fullness 
------------       ---------------  -------- 
entities              1288/65536    ( 2.0%) 
models                 163/4096     ( 4.0%) 
brushes               4484/65536    ( 6.8%) 
brushsides           28223/655350   ( 4.3%) 
planes                5228/65536    ( 8.0%) 
vertexes             31339/65536    (47.8%) 
nodes                 5025/65536    ( 7.7%) 
texinfos              1688/32768    ( 5.2%) 
texdata                307/8192     ( 3.7%) 
dispinfos                4/16384    ( 0.0%) 
faces                17799/65536    (27.2%) 
hdr faces            17799/65536    (27.2%) 
origfaces             9250/65536    (14.1%) 
leaves                5189/65536    ( 7.9%) 
leaffaces            21290/65536    (32.5%) 
leafbrushes           9214/65536    (14.1%) 
areas                   91/1024     ( 8.9%) 
surfedges            87525/512000   (17.1%) 
edges                49347/256000   (19.3%) 
leafwaterdata           16/32768    ( 0.0%) 
primitives            2760/32768    ( 8.4%) 
primverts                0/65536    ( 0.0%) 
primindices          43170/65536    (65.9%) 
cubemapsamples           0/1024     ( 0.0%) 
overlays                69/8192     ( 0.8%) 
vertnormalindices    87368/256000   (34.1%) 
visdata             172495/16777216 ( 1.0%) 
entdata             475712/393216   (121.0%) FULL!!!
LDR ambient table     5189/65536    ( 7.9%) 
HDR ambient table     5189/65536    ( 7.9%) 
LDR worldlights            0       
HDR worldlights            554     
LDR lightdata              0       
HDR lightdata              35471512
LDR leaf ambient           5189    
HDR leaf ambient           17569   
occluders                  0       
occluder polygons          0       
occluder vert ind          0       
detail props               1140    
dtl prp lght               4       
HDR dtl prp lght           4       
static props               21278   
pakfile                    128981  
physics                    1458137 
physics terrain            1376    

Level flags = 0

Total triangle count: 51770
Writing w:\programs\steam\steamapps\common\garrysmod\garrysmod\addons\garrysmodmap\maps\gmm_garrymod_map_by_woowz_real_rp_normal.bsp
10 seconds elapsed

==================================================================
Date: 2026-09-29 14:22:51
W:\Programs\Steam\steamapps\common\GarrysMod\bin\win64\vbspplusplus.exe -allowdynamicpropsasstatic -game W:\Programs\Steam\steamapps\common\GarrysMod\garrysmod w:\programs\steam\steamapps\common\garrysmod\garrysmod\addons\garrysmodmap\maps\gmm_garrymod_map_by_woowz_real_rp_normal
==================================================================
16 threads
---------------
gamedir: W:\Programs\Steam\steamapps\common\GarrysMod\garrysmod\
---------------
Loading w:\programs\steam\steamapps\common\garrysmod\garrysmod\addons\garrysmodmap\maps\gmm_garrymod_map_by_woowz_real_rp_normal.vmf
Can't find surfaceprop antlion_eggshell for material NATURE/ROCKWALL_ANTLION03A, using default
Locating GameData file 'garrysmod.fgd'...
Parsing GameData file w:\programs\steam\steamapps\common\garrysmod\bin\garrysmod.fgd
Parsing GameData file w:\programs\steam\steamapps\common\garrysmod\bin\base.fgd
Parsing GameData file w:\programs\steam\steamapps\common\garrysmod\bin\halflife2.fgd
Parsing GameData file w:\programs\steam\steamapps\common\garrysmod\bin\base.fgd
fixing up env_cubemap materials on brush sides...
FloodEntities...
FloodEntities...
Processing areas...done (0)
Building Faces...done (0)
Chop Details...done (0)
Find Visible Detail Sides...
Merged 1052 detail faces...done (0)
Merging details...done (0)
FixTjuncs...
PruneNodes...
WriteBSP...
done (0)
writing w:\programs\steam\steamapps\common\garrysmod\garrysmod\addons\garrysmodmap\maps\gmm_garrymod_map_by_woowz_real_rp_normal.prt...
Building visibility clusters...
done (0)
Generating blank default cubemaps...
Generating blank default cubemaps...
Emitted 4484 brushes and 28223 brushsides
Finding displacement neighbors...
Finding lightmap sample positions...
Building Physics collision data...
done (0) (1458137 bytes)
Emitting static props...
Model "models/props_phx/construct/metal_wire1x2x2b.mdl" is missing $staticprop. Allowing due to -allowdynamicpropsasstatic
Model "models/props_phx/construct/metal_wire_angle360x2.mdl" is missing $staticprop. Allowing due to -allowdynamicpropsasstatic
Placing detail props : 0...1...2...3...4...5...6...7...8...9...10
Water found with no water_lod_control entity, creating a default one.
Compacting texture/material tables...
Reduced 2957 texinfos to 1688
Reduced 340 texdatas to 307 (10973 bytes to 8030)
Writing w:\programs\steam\steamapps\common\garrysmod\garrysmod\addons\garrysmodmap\maps\gmm_garrymod_map_by_woowz_real_rp_normal.bsp
2 seconds elapsed

==================================================================
Date: 2026-09-29 14:22:53
W:\Programs\Steam\steamapps\common\GarrysMod\bin\win64\vvisplusplus.exe -game W:\Programs\Steam\steamapps\common\GarrysMod\garrysmod w:\programs\steam\steamapps\common\garrysmod\garrysmod\addons\garrysmodmap\maps\gmm_garrymod_map_by_woowz_real_rp_normal
==================================================================
16 threads
CPU supports AVX2
reading w:\programs\steam\steamapps\common\garrysmod\garrysmod\addons\garrysmodmap\maps\gmm_garrymod_map_by_woowz_real_rp_normal.bsp
reading w:\programs\steam\steamapps\common\garrysmod\garrysmod\addons\garrysmodmap\maps\gmm_garrymod_map_by_woowz_real_rp_normal.prt
1518 portalclusters
2834 numportals
0...1...2...3...4...5...6...7...8...9...100...1...2...3...4...5...6...7...8...9...10Optimized: 269 visible clusters (0.33%)
Total clusters visible: 81733
Average clusters visible: 53
Building PAS...
Average clusters audible: 202
visdatasize:172495  compressed from 582912
writing w:\programs\steam\steamapps\common\garrysmod\garrysmod\addons\garrysmodmap\maps\gmm_garrymod_map_by_woowz_real_rp_normal.bsp
Wrote ZIP buffer, estimated size 133349, actual size 128981
0 seconds elapsed

==================================================================
Date: 2026-09-29 14:22:53
W:\Programs\Steam\steamapps\common\GarrysMod\bin\win64\vradplusplus.exe -both -final -game W:\Programs\Steam\steamapps\common\GarrysMod\garrysmod w:\programs\steam\steamapps\common\garrysmod\garrysmod\addons\garrysmodmap\maps\gmm_garrymod_map_by_woowz_real_rp_normal
==================================================================
---------------
gamedir: W:\Programs\Steam\steamapps\common\GarrysMod\garrysmod\
---------------
16 threads
Compiling in LDR+HDR mode
Reading texlights from 'lights.rad'...
53 texlights parsed
Loading w:\programs\steam\steamapps\common\garrysmod\garrysmod\addons\garrysmodmap\maps\gmm_garrymod_map_by_woowz_real_rp_normal.bsp
173 props added to raytrace
17799 faces
1 degenerate faces
570 fake patch planes
1928882 square feet [277759104.00 square inches]
4 Displacements
3259 Square Feet [469401.19 Square Inches]
0...1...2...3...4...5...6...7...8...9...1017798 patches before subdivision
208810 patches after subdivision
CreateDirectLights...
0...1...2...3...4...5...6...7...8...9...10555 lights, 6 styled (0.01 seconds)
0...1...2...3...4...5...6...7...8...9...100...1...2...3...4...5...6...7...8...9...10transfers 24347007, max 1077
transfer lists: 185.8 megs
0...1...2...3...4...5...6...7...8...9...10	Bounce #1 added RGB(1867687, 1450100, 1009861)
0...1...2...3...4...5...6...7...8...9...10	Bounce #2 added RGB(516007, 388650, 256458)
0...1...2...3...4...5...6...7...8...9...10	Bounce #3 added RGB(167692, 124777, 79370)
0...1...2...3...4...5...6...7...8...9...10	Bounce #4 added RGB(61085, 44689, 27084)
0...1...2...3...4...5...6...7...8...9...10	Bounce #5 added RGB(23905, 17088, 9809)
0...1...2...3...4...5...6...7...8...9...10	Bounce #6 added RGB(9884, 6857, 3709)
0...1...2...3...4...5...6...7...8...9...10	Bounce #7 added RGB(4253, 2849, 1448)
0...1...2...3...4...5...6...7...8...9...10	Bounce #8 added RGB(1889, 1218, 580)
0...1...2...3...4...5...6...7...8...9...10	Bounce #9 added RGB(859, 532, 237)
0...1...2...3...4...5...6...7...8...9...10	Bounce #10 added RGB(398, 236, 98)
0...1...2...3...4...5...6...7...8...9...10	Bounce #11 added RGB(187, 106, 41)
0...1...2...3...4...5...6...7...8...9...10	Bounce #12 added RGB(89, 48, 17)
0...1...2...3...4...5...6...7...8...9...10	Bounce #13 added RGB(42, 22, 7)
0...1...2...3...4...5...6...7...8...9...10	Bounce #14 added RGB(20, 10, 3)
0...1...2...3...4...5...6...7...8...9...10	Bounce #15 added RGB(10, 5, 1)
0...1...2...3...4...5...6...7...8...9...10	Bounce #16 added RGB(5, 2, 1)
0...1...2...3...4...5...6...7...8...9...10	Bounce #17 added RGB(2, 1, 0)
0...1...2...3...4...5...6...7...8...9...10	Bounce #18 added RGB(1, 0, 0)
0...1...2...3...4...5...6...7...8...9...10	Bounce #19 added RGB(1, 0, 0)
Build Patch/Sample Hash Table(s).....Done<0.0930 sec>
0...1...2...3...4...5...6...7...8...9...10FinalLightFace Done
0...1...2...3...4...5...6...7...8...9...10Setting up leaf ambient computation...
115 of 402 (28% of) surface lights went in leaf ambient cubes.
0...1...2...3...4...5...6...7...8...9...10Writing leaf ambient...done
Ready to Finish

Object names       Objects/Maxobjs  Fullness 
------------       ---------------  -------- 
entities              1304/65536    ( 2.0%) 
models                 163/4096     ( 4.0%) 
brushes               4484/65536    ( 6.8%) 
brushsides           28223/655350   ( 4.3%) 
planes                5228/65536    ( 8.0%) 
vertexes             31339/65536    (47.8%) 
nodes                 5025/65536    ( 7.7%) 
texinfos              1688/32768    ( 5.2%) 
texdata                307/8192     ( 3.7%) 
dispinfos                4/16384    ( 0.0%) 
faces                17799/65536    (27.2%) 
hdr faces            17799/65536    (27.2%) 
origfaces             9250/65536    (14.1%) 
leaves                5189/65536    ( 7.9%) 
leaffaces            21290/65536    (32.5%) 
leafbrushes           9214/65536    (14.1%) 
areas                   91/1024     ( 8.9%) 
surfedges            87525/512000   (17.1%) 
edges                49347/256000   (19.3%) 
leafwaterdata           16/32768    ( 0.0%) 
primitives            2760/32768    ( 8.4%) 
primverts                0/65536    ( 0.0%) 
primindices          43170/65536    (65.9%) 
cubemapsamples           0/1024     ( 0.0%) 
overlays                69/8192     ( 0.8%) 
vertnormalindices    87368/256000   (34.1%) 
visdata             172495/16777216 ( 1.0%) 
entdata             486745/393216   (123.8%) FULL!!!
LDR ambient table     5189/65536    ( 7.9%) 
HDR ambient table     5189/65536    ( 7.9%) 
LDR worldlights            0       
HDR worldlights            555     
LDR lightdata              0       
HDR lightdata              35471512
LDR leaf ambient           5189    
HDR leaf ambient           17571   
occluders                  0       
occluder polygons          0       
occluder vert ind          0       
detail props               1140    
dtl prp lght               4       
HDR dtl prp lght           4       
static props               21352   
pakfile                    128981  
physics                    1458137 
physics terrain            1376    

Level flags = 0

Total triangle count: 51770
Writing w:\programs\steam\steamapps\common\garrysmod\garrysmod\addons\garrysmodmap\maps\gmm_garrymod_map_by_woowz_real_rp_normal.bsp
10 seconds elapsed

==================================================================
Date: 2026-09-29 14:30:05
W:\Programs\Steam\steamapps\common\GarrysMod\bin\win64\vbspplusplus.exe -allowdynamicpropsasstatic -game W:\Programs\Steam\steamapps\common\GarrysMod\garrysmod w:\programs\steam\steamapps\common\garrysmod\garrysmod\addons\garrysmodmap\maps\gmm_garrymod_map_by_woowz_real_rp_normal
==================================================================
16 threads
---------------
gamedir: W:\Programs\Steam\steamapps\common\GarrysMod\garrysmod\
---------------
Loading w:\programs\steam\steamapps\common\garrysmod\garrysmod\addons\garrysmodmap\maps\gmm_garrymod_map_by_woowz_real_rp_normal.vmf
Can't find surfaceprop antlion_eggshell for material NATURE/ROCKWALL_ANTLION03A, using default
Locating GameData file 'garrysmod.fgd'...
Parsing GameData file w:\programs\steam\steamapps\common\garrysmod\bin\garrysmod.fgd
Parsing GameData file w:\programs\steam\steamapps\common\garrysmod\bin\base.fgd
Parsing GameData file w:\programs\steam\steamapps\common\garrysmod\bin\halflife2.fgd
Parsing GameData file w:\programs\steam\steamapps\common\garrysmod\bin\base.fgd
fixing up env_cubemap materials on brush sides...
FloodEntities...
FloodEntities...
Processing areas...done (0)
Building Faces...done (1)
Chop Details...done (0)
Find Visible Detail Sides...
Merged 1052 detail faces...done (0)
Merging details...done (0)
FixTjuncs...
PruneNodes...
WriteBSP...
done (0)
writing w:\programs\steam\steamapps\common\garrysmod\garrysmod\addons\garrysmodmap\maps\gmm_garrymod_map_by_woowz_real_rp_normal.prt...
Building visibility clusters...
done (0)
Generating blank default cubemaps...
Generating blank default cubemaps...
Emitted 4486 brushes and 28235 brushsides
Finding displacement neighbors...
Finding lightmap sample positions...
Building Physics collision data...
done (0) (1459231 bytes)
Emitting static props...
Model "models/props_phx/construct/metal_wire1x2x2b.mdl" is missing $staticprop. Allowing due to -allowdynamicpropsasstatic
Model "models/props_phx/construct/metal_wire_angle360x2.mdl" is missing $staticprop. Allowing due to -allowdynamicpropsasstatic
Placing detail props : 0...1...2...3...4...5...6...7...8...9...10
Water found with no water_lod_control entity, creating a default one.
Compacting texture/material tables...
Reduced 2971 texinfos to 1690
Reduced 342 texdatas to 309 (11013 bytes to 8070)
Writing w:\programs\steam\steamapps\common\garrysmod\garrysmod\addons\garrysmodmap\maps\gmm_garrymod_map_by_woowz_real_rp_normal.bsp
2 seconds elapsed

==================================================================
Date: 2026-09-29 14:30:08
W:\Programs\Steam\steamapps\common\GarrysMod\bin\win64\vvisplusplus.exe -game W:\Programs\Steam\steamapps\common\GarrysMod\garrysmod w:\programs\steam\steamapps\common\garrysmod\garrysmod\addons\garrysmodmap\maps\gmm_garrymod_map_by_woowz_real_rp_normal
==================================================================
16 threads
CPU supports AVX2
reading w:\programs\steam\steamapps\common\garrysmod\garrysmod\addons\garrysmodmap\maps\gmm_garrymod_map_by_woowz_real_rp_normal.bsp
reading w:\programs\steam\steamapps\common\garrysmod\garrysmod\addons\garrysmodmap\maps\gmm_garrymod_map_by_woowz_real_rp_normal.prt
1518 portalclusters
2834 numportals
0...1...2...3...4...5...6...7...8...9...100...1...2...3...4...5...6...7...8...9...10Optimized: 266 visible clusters (0.33%)
Total clusters visible: 81730
Average clusters visible: 53
Building PAS...
Average clusters audible: 202
visdatasize:172495  compressed from 582912
writing w:\programs\steam\steamapps\common\garrysmod\garrysmod\addons\garrysmodmap\maps\gmm_garrymod_map_by_woowz_real_rp_normal.bsp
Wrote ZIP buffer, estimated size 133349, actual size 128981
0 seconds elapsed

==================================================================
Date: 2026-09-29 14:30:08
W:\Programs\Steam\steamapps\common\GarrysMod\bin\win64\vradplusplus.exe -both -final -game W:\Programs\Steam\steamapps\common\GarrysMod\garrysmod w:\programs\steam\steamapps\common\garrysmod\garrysmod\addons\garrysmodmap\maps\gmm_garrymod_map_by_woowz_real_rp_normal
==================================================================
---------------
gamedir: W:\Programs\Steam\steamapps\common\GarrysMod\garrysmod\
---------------
16 threads
Compiling in LDR+HDR mode
Reading texlights from 'lights.rad'...
53 texlights parsed
Loading w:\programs\steam\steamapps\common\garrysmod\garrysmod\addons\garrysmodmap\maps\gmm_garrymod_map_by_woowz_real_rp_normal.bsp
173 props added to raytrace
17800 faces
1 degenerate faces
570 fake patch planes
1928882 square feet [277759104.00 square inches]
4 Displacements
3259 Square Feet [469401.19 Square Inches]
0...1...2...3...4...5...6...7...8...9...1017799 patches before subdivision
208811 patches after subdivision
CreateDirectLights...
0...1...2...3...4...5...6...7...8...9...10555 lights, 6 styled (0.01 seconds)
0...1...2...3...4...5...6...7...8...9...100...1...2...3...4...5...6...7...8...9...10transfers 24347331, max 1077
transfer lists: 185.8 megs
0...1...2...3...4...5...6...7...8...9...10	Bounce #1 added RGB(1867701, 1450113, 1009870)
0...1...2...3...4...5...6...7...8...9...10	Bounce #2 added RGB(516009, 388653, 256460)
0...1...2...3...4...5...6...7...8...9...10	Bounce #3 added RGB(167692, 124778, 79370)
0...1...2...3...4...5...6...7...8...9...10	Bounce #4 added RGB(61086, 44690, 27084)
0...1...2...3...4...5...6...7...8...9...10	Bounce #5 added RGB(23905, 17088, 9809)
0...1...2...3...4...5...6...7...8...9...10	Bounce #6 added RGB(9884, 6857, 3709)
0...1...2...3...4...5...6...7...8...9...10	Bounce #7 added RGB(4253, 2849, 1448)
0...1...2...3...4...5...6...7...8...9...10	Bounce #8 added RGB(1889, 1218, 580)
0...1...2...3...4...5...6...7...8...9...10	Bounce #9 added RGB(859, 532, 237)
0...1...2...3...4...5...6...7...8...9...10	Bounce #10 added RGB(398, 236, 98)
0...1...2...3...4...5...6...7...8...9...10	Bounce #11 added RGB(187, 106, 41)
0...1...2...3...4...5...6...7...8...9...10	Bounce #12 added RGB(89, 48, 17)
0...1...2...3...4...5...6...7...8...9...10	Bounce #13 added RGB(42, 22, 7)
0...1...2...3...4...5...6...7...8...9...10	Bounce #14 added RGB(20, 10, 3)
0...1...2...3...4...5...6...7...8...9...10	Bounce #15 added RGB(10, 5, 1)
0...1...2...3...4...5...6...7...8...9...10	Bounce #16 added RGB(5, 2, 1)
0...1...2...3...4...5...6...7...8...9...10	Bounce #17 added RGB(2, 1, 0)
0...1...2...3...4...5...6...7...8...9...10	Bounce #18 added RGB(1, 0, 0)
0...1...2...3...4...5...6...7...8...9...10	Bounce #19 added RGB(1, 0, 0)
Build Patch/Sample Hash Table(s).....Done<0.0889 sec>
0...1...2...3...4...5...6...7...8...9...10FinalLightFace Done
0...1...2...3...4...5...6...7...8...9...10Setting up leaf ambient computation...
115 of 402 (28% of) surface lights went in leaf ambient cubes.
0...1...2...3...4...5...6...7...8...9...10Writing leaf ambient...done
Ready to Finish

Object names       Objects/Maxobjs  Fullness 
------------       ---------------  -------- 
entities              1309/65536    ( 2.0%) 
models                 165/4096     ( 4.0%) 
brushes               4486/65536    ( 6.8%) 
brushsides           28235/655350   ( 4.3%) 
planes                5256/65536    ( 8.0%) 
vertexes             31355/65536    (47.8%) 
nodes                 5037/65536    ( 7.7%) 
texinfos              1690/32768    ( 5.2%) 
texdata                309/8192     ( 3.8%) 
dispinfos                4/16384    ( 0.0%) 
faces                17800/65536    (27.2%) 
hdr faces            17800/65536    (27.2%) 
origfaces             9250/65536    (14.1%) 
leaves                5203/65536    ( 7.9%) 
leaffaces            21291/65536    (32.5%) 
leafbrushes           9216/65536    (14.1%) 
areas                   91/1024     ( 8.9%) 
surfedges            87529/512000   (17.1%) 
edges                49349/256000   (19.3%) 
leafwaterdata           16/32768    ( 0.0%) 
primitives            2761/32768    ( 8.4%) 
primverts                0/65536    ( 0.0%) 
primindices          43185/65536    (65.9%) 
cubemapsamples           0/1024     ( 0.0%) 
overlays                71/8192     ( 0.9%) 
vertnormalindices    87372/256000   (34.1%) 
visdata             172495/16777216 ( 1.0%) 
entdata             489939/393216   (124.6%) FULL!!!
LDR ambient table     5203/65536    ( 7.9%) 
HDR ambient table     5203/65536    ( 7.9%) 
LDR worldlights            0       
HDR worldlights            555     
LDR lightdata              0       
HDR lightdata              35471692
LDR leaf ambient           5203    
HDR leaf ambient           17583   
occluders                  0       
occluder polygons          0       
occluder vert ind          0       
detail props               1140    
dtl prp lght               4       
HDR dtl prp lght           4       
static props               21352   
pakfile                    128981  
physics                    1459231 
physics terrain            1376    

Level flags = 0

Total triangle count: 51772
Writing w:\programs\steam\steamapps\common\garrysmod\garrysmod\addons\garrysmodmap\maps\gmm_garrymod_map_by_woowz_real_rp_normal.bsp
10 seconds elapsed

==================================================================
Date: 2026-09-29 14:46:21
W:\Programs\Steam\steamapps\common\GarrysMod\bin\win64\vbspplusplus.exe -allowdynamicpropsasstatic -game W:\Programs\Steam\steamapps\common\GarrysMod\garrysmod w:\programs\steam\steamapps\common\garrysmod\garrysmod\addons\garrysmodmap\maps\gmm_garrymod_map_by_woowz_real_rp_normal
==================================================================
16 threads
---------------
gamedir: W:\Programs\Steam\steamapps\common\GarrysMod\garrysmod\
---------------
Loading w:\programs\steam\steamapps\common\garrysmod\garrysmod\addons\garrysmodmap\maps\gmm_garrymod_map_by_woowz_real_rp_normal.vmf
Can't find surfaceprop antlion_eggshell for material NATURE/ROCKWALL_ANTLION03A, using default
Locating GameData file 'garrysmod.fgd'...
Parsing GameData file w:\programs\steam\steamapps\common\garrysmod\bin\garrysmod.fgd
Parsing GameData file w:\programs\steam\steamapps\common\garrysmod\bin\base.fgd
Parsing GameData file w:\programs\steam\steamapps\common\garrysmod\bin\halflife2.fgd
Parsing GameData file w:\programs\steam\steamapps\common\garrysmod\bin\base.fgd
fixing up env_cubemap materials on brush sides...
FloodEntities...
FloodEntities...
Processing areas...done (0)
Building Faces...done (1)
Chop Details...done (0)
Find Visible Detail Sides...
Merged 1052 detail faces...done (0)
Merging details...done (0)
FixTjuncs...
PruneNodes...
WriteBSP...
done (0)
writing w:\programs\steam\steamapps\common\garrysmod\garrysmod\addons\garrysmodmap\maps\gmm_garrymod_map_by_woowz_real_rp_normal.prt...
Building visibility clusters...
done (0)
Generating blank default cubemaps...
Generating blank default cubemaps...
Emitted 4486 brushes and 28235 brushsides
Finding displacement neighbors...
Finding lightmap sample positions...
Building Physics collision data...
done (0) (1459231 bytes)
Emitting static props...
Model "models/props_phx/construct/metal_wire1x2x2b.mdl" is missing $staticprop. Allowing due to -allowdynamicpropsasstatic
Model "models/props_phx/construct/metal_wire_angle360x2.mdl" is missing $staticprop. Allowing due to -allowdynamicpropsasstatic
Placing detail props : 0...1...2...3...4...5...6...7...8...9...10
Water found with no water_lod_control entity, creating a default one.
Compacting texture/material tables...
Reduced 2972 texinfos to 1691
Reduced 343 texdatas to 310 (11034 bytes to 8091)
Writing w:\programs\steam\steamapps\common\garrysmod\garrysmod\addons\garrysmodmap\maps\gmm_garrymod_map_by_woowz_real_rp_normal.bsp
2 seconds elapsed

==================================================================
Date: 2026-09-29 14:46:23
W:\Programs\Steam\steamapps\common\GarrysMod\bin\win64\vvisplusplus.exe -game W:\Programs\Steam\steamapps\common\GarrysMod\garrysmod w:\programs\steam\steamapps\common\garrysmod\garrysmod\addons\garrysmodmap\maps\gmm_garrymod_map_by_woowz_real_rp_normal
==================================================================
16 threads
CPU supports AVX2
reading w:\programs\steam\steamapps\common\garrysmod\garrysmod\addons\garrysmodmap\maps\gmm_garrymod_map_by_woowz_real_rp_normal.bsp
reading w:\programs\steam\steamapps\common\garrysmod\garrysmod\addons\garrysmodmap\maps\gmm_garrymod_map_by_woowz_real_rp_normal.prt
1518 portalclusters
2834 numportals
0...1...2...3...4...5...6...7...8...9...100...1...2...3...4...5...6...7...8...9...10Optimized: 265 visible clusters (0.32%)
Total clusters visible: 81729
Average clusters visible: 53
Building PAS...
Average clusters audible: 202
visdatasize:172495  compressed from 582912
writing w:\programs\steam\steamapps\common\garrysmod\garrysmod\addons\garrysmodmap\maps\gmm_garrymod_map_by_woowz_real_rp_normal.bsp
Wrote ZIP buffer, estimated size 133349, actual size 128981
0 seconds elapsed

==================================================================
Date: 2026-09-29 14:46:23
W:\Programs\Steam\steamapps\common\GarrysMod\bin\win64\vradplusplus.exe -both -final -game W:\Programs\Steam\steamapps\common\GarrysMod\garrysmod w:\programs\steam\steamapps\common\garrysmod\garrysmod\addons\garrysmodmap\maps\gmm_garrymod_map_by_woowz_real_rp_normal
==================================================================
---------------
gamedir: W:\Programs\Steam\steamapps\common\GarrysMod\garrysmod\
---------------
16 threads
Compiling in LDR+HDR mode
Reading texlights from 'lights.rad'...
53 texlights parsed
Loading w:\programs\steam\steamapps\common\garrysmod\garrysmod\addons\garrysmodmap\maps\gmm_garrymod_map_by_woowz_real_rp_normal.bsp
175 props added to raytrace
17800 faces
1 degenerate faces
570 fake patch planes
1928882 square feet [277759104.00 square inches]
4 Displacements
3259 Square Feet [469401.19 Square Inches]
0...1...2...3...4...5...6...7...8...9...1017799 patches before subdivision
208811 patches after subdivision
CreateDirectLights...
0...1...2...3...4...5...6...7...8...9...10555 lights, 6 styled (0.01 seconds)
0...1...2...3...4...5...6...7...8...9...100...1...2...3...4...5...6...7...8...9...10transfers 24345338, max 1077
transfer lists: 185.7 megs
0...1...2...3...4...5...6...7...8...9...10	Bounce #1 added RGB(1867566, 1450019, 1009821)
0...1...2...3...4...5...6...7...8...9...10	Bounce #2 added RGB(515964, 388624, 256448)
0...1...2...3...4...5...6...7...8...9...10	Bounce #3 added RGB(167679, 124771, 79368)
0...1...2...3...4...5...6...7...8...9...10	Bounce #4 added RGB(61082, 44688, 27084)
0...1...2...3...4...5...6...7...8...9...10	Bounce #5 added RGB(23904, 17088, 9809)
0...1...2...3...4...5...6...7...8...9...10	Bounce #6 added RGB(9884, 6857, 3709)
0...1...2...3...4...5...6...7...8...9...10	Bounce #7 added RGB(4253, 2849, 1448)
0...1...2...3...4...5...6...7...8...9...10	Bounce #8 added RGB(1889, 1218, 580)
0...1...2...3...4...5...6...7...8...9...10	Bounce #9 added RGB(859, 532, 237)
0...1...2...3...4...5...6...7...8...9...10	Bounce #10 added RGB(398, 236, 98)
0...1...2...3...4...5...6...7...8...9...10	Bounce #11 added RGB(187, 106, 41)
0...1...2...3...4...5...6...7...8...9...10	Bounce #12 added RGB(89, 48, 17)
0...1...2...3...4...5...6...7...8...9...10	Bounce #13 added RGB(42, 22, 7)
0...1...2...3...4...5...6...7...8...9...10	Bounce #14 added RGB(20, 10, 3)
0...1...2...3...4...5...6...7...8...9...10	Bounce #15 added RGB(10, 5, 1)
0...1...2...3...4...5...6...7...8...9...10	Bounce #16 added RGB(5, 2, 1)
0...1...2...3...4...5...6...7...8...9...10	Bounce #17 added RGB(2, 1, 0)
0...1...2...3...4...5...6...7...8...9...10	Bounce #18 added RGB(1, 0, 0)
0...1...2...3...4...5...6...7...8...9...10	Bounce #19 added RGB(1, 0, 0)
Build Patch/Sample Hash Table(s).....Done<0.0907 sec>
0...1...2...3...4...5...6...7...8...9...10FinalLightFace Done
0...1...2...3...4...5...6...7...8...9...10Setting up leaf ambient computation...
115 of 402 (28% of) surface lights went in leaf ambient cubes.
0...1...2...3...4...5...6...7...8...9...10Writing leaf ambient...done
Ready to Finish

Object names       Objects/Maxobjs  Fullness 
------------       ---------------  -------- 
entities              1340/65536    ( 2.0%) 
models                 165/4096     ( 4.0%) 
brushes               4486/65536    ( 6.8%) 
brushsides           28235/655350   ( 4.3%) 
planes                5256/65536    ( 8.0%) 
vertexes             31355/65536    (47.8%) 
nodes                 5037/65536    ( 7.7%) 
texinfos              1691/32768    ( 5.2%) 
texdata                310/8192     ( 3.8%) 
dispinfos                4/16384    ( 0.0%) 
faces                17800/65536    (27.2%) 
hdr faces            17800/65536    (27.2%) 
origfaces             9250/65536    (14.1%) 
leaves                5203/65536    ( 7.9%) 
leaffaces            21291/65536    (32.5%) 
leafbrushes           9216/65536    (14.1%) 
areas                   91/1024     ( 8.9%) 
surfedges            87529/512000   (17.1%) 
edges                49349/256000   (19.3%) 
leafwaterdata           16/32768    ( 0.0%) 
primitives            2761/32768    ( 8.4%) 
primverts                0/65536    ( 0.0%) 
primindices          43185/65536    (65.9%) 
cubemapsamples           0/1024     ( 0.0%) 
overlays                72/8192     ( 0.9%) 
vertnormalindices    87372/256000   (34.1%) 
visdata             172495/16777216 ( 1.0%) 
entdata             497990/393216   (126.6%) FULL!!!
LDR ambient table     5203/65536    ( 7.9%) 
HDR ambient table     5203/65536    ( 7.9%) 
LDR worldlights            0       
HDR worldlights            555     
LDR lightdata              0       
HDR lightdata              35471692
LDR leaf ambient           5203    
HDR leaf ambient           17583   
occluders                  0       
occluder polygons          0       
occluder vert ind          0       
detail props               1140    
dtl prp lght               4       
HDR dtl prp lght           4       
static props               21962   
pakfile                    128981  
physics                    1459231 
physics terrain            1376    

Level flags = 0

Total triangle count: 51772
Writing w:\programs\steam\steamapps\common\garrysmod\garrysmod\addons\garrysmodmap\maps\gmm_garrymod_map_by_woowz_real_rp_normal.bsp
9 seconds elapsed

==================================================================
Date: 2026-09-29 15:00:46
W:\Programs\Steam\steamapps\common\GarrysMod\bin\win64\vbspplusplus.exe -allowdynamicpropsasstatic -game W:\Programs\Steam\steamapps\common\GarrysMod\garrysmod w:\programs\steam\steamapps\common\garrysmod\garrysmod\addons\garrysmodmap\maps\gmm_garrymod_map_by_woowz_real_rp_normal
==================================================================
16 threads
---------------
gamedir: W:\Programs\Steam\steamapps\common\GarrysMod\garrysmod\
---------------
Loading w:\programs\steam\steamapps\common\garrysmod\garrysmod\addons\garrysmodmap\maps\gmm_garrymod_map_by_woowz_real_rp_normal.vmf
Can't find surfaceprop antlion_eggshell for material NATURE/ROCKWALL_ANTLION03A, using default
Locating GameData file 'garrysmod.fgd'...
Parsing GameData file w:\programs\steam\steamapps\common\garrysmod\bin\garrysmod.fgd
Parsing GameData file w:\programs\steam\steamapps\common\garrysmod\bin\base.fgd
Parsing GameData file w:\programs\steam\steamapps\common\garrysmod\bin\halflife2.fgd
Parsing GameData file w:\programs\steam\steamapps\common\garrysmod\bin\base.fgd
fixing up env_cubemap materials on brush sides...
FloodEntities...
FloodEntities...
Processing areas...done (0)
Building Faces...done (1)
Chop Details...done (0)
Find Visible Detail Sides...
Merged 1052 detail faces...done (0)
Merging details...done (0)
FixTjuncs...
PruneNodes...
WriteBSP...
done (0)
writing w:\programs\steam\steamapps\common\garrysmod\garrysmod\addons\garrysmodmap\maps\gmm_garrymod_map_by_woowz_real_rp_normal.prt...
Building visibility clusters...
done (0)
Generating blank default cubemaps...
Generating blank default cubemaps...
Emitted 4488 brushes and 28247 brushsides
Finding displacement neighbors...
Finding lightmap sample positions...
Building Physics collision data...
done (0) (1459983 bytes)
Emitting static props...
Model "models/props_phx/construct/metal_wire1x2x2b.mdl" is missing $staticprop. Allowing due to -allowdynamicpropsasstatic
Model "models/props_phx/construct/metal_wire_angle360x2.mdl" is missing $staticprop. Allowing due to -allowdynamicpropsasstatic
Placing detail props : 0...1...2...3...4...5...6...7...8...9...10
Water found with no water_lod_control entity, creating a default one.
Compacting texture/material tables...
Reduced 2972 texinfos to 1691
Reduced 343 texdatas to 310 (11034 bytes to 8091)
Writing w:\programs\steam\steamapps\common\garrysmod\garrysmod\addons\garrysmodmap\maps\gmm_garrymod_map_by_woowz_real_rp_normal.bsp
2 seconds elapsed

==================================================================
Date: 2026-09-29 15:00:48
W:\Programs\Steam\steamapps\common\GarrysMod\bin\win64\vvisplusplus.exe -game W:\Programs\Steam\steamapps\common\GarrysMod\garrysmod w:\programs\steam\steamapps\common\garrysmod\garrysmod\addons\garrysmodmap\maps\gmm_garrymod_map_by_woowz_real_rp_normal
==================================================================
16 threads
CPU supports AVX2
reading w:\programs\steam\steamapps\common\garrysmod\garrysmod\addons\garrysmodmap\maps\gmm_garrymod_map_by_woowz_real_rp_normal.bsp
reading w:\programs\steam\steamapps\common\garrysmod\garrysmod\addons\garrysmodmap\maps\gmm_garrymod_map_by_woowz_real_rp_normal.prt
1518 portalclusters
2834 numportals
0...1...2...3...4...5...6...7...8...9...100...1...2...3...4...5...6...7...8...9...10Optimized: 265 visible clusters (0.32%)
Total clusters visible: 81729
Average clusters visible: 53
Building PAS...
Average clusters audible: 202
visdatasize:172495  compressed from 582912
writing w:\programs\steam\steamapps\common\garrysmod\garrysmod\addons\garrysmodmap\maps\gmm_garrymod_map_by_woowz_real_rp_normal.bsp
Wrote ZIP buffer, estimated size 133349, actual size 128981
0 seconds elapsed

==================================================================
Date: 2026-09-29 15:00:49
W:\Programs\Steam\steamapps\common\GarrysMod\bin\win64\vradplusplus.exe -both -final -game W:\Programs\Steam\steamapps\common\GarrysMod\garrysmod w:\programs\steam\steamapps\common\garrysmod\garrysmod\addons\garrysmodmap\maps\gmm_garrymod_map_by_woowz_real_rp_normal
==================================================================
---------------
gamedir: W:\Programs\Steam\steamapps\common\GarrysMod\garrysmod\
---------------
16 threads
Compiling in LDR+HDR mode
Reading texlights from 'lights.rad'...
53 texlights parsed
Loading w:\programs\steam\steamapps\common\garrysmod\garrysmod\addons\garrysmodmap\maps\gmm_garrymod_map_by_woowz_real_rp_normal.bsp
175 props added to raytrace
17807 faces
1 degenerate faces
570 fake patch planes
1929558 square feet [277856384.00 square inches]
4 Displacements
3259 Square Feet [469401.19 Square Inches]
0...1...2...3...4...5...6...7...8...9...1017806 patches before subdivision
208900 patches after subdivision
CreateDirectLights...
0...1...2...3...4...5...6...7...8...9...10555 lights, 6 styled (0.01 seconds)
0...1...2...3...4...5...6...7...8...9...100...1...2...3...4...5...6...7...8...9...10transfers 24335213, max 1077
transfer lists: 185.7 megs
0...1...2...3...4...5...6...7...8...9...10	Bounce #1 added RGB(1867746, 1450172, 1009906)
0...1...2...3...4...5...6...7...8...9...10	Bounce #2 added RGB(516022, 388667, 256467)
0...1...2...3...4...5...6...7...8...9...10	Bounce #3 added RGB(167695, 124782, 79372)
0...1...2...3...4...5...6...7...8...9...10	Bounce #4 added RGB(61087, 44691, 27085)
0...1...2...3...4...5...6...7...8...9...10	Bounce #5 added RGB(23906, 17089, 9809)
0...1...2...3...4...5...6...7...8...9...10	Bounce #6 added RGB(9884, 6857, 3709)
0...1...2...3...4...5...6...7...8...9...10	Bounce #7 added RGB(4253, 2849, 1448)
0...1...2...3...4...5...6...7...8...9...10	Bounce #8 added RGB(1889, 1218, 580)
0...1...2...3...4...5...6...7...8...9...10	Bounce #9 added RGB(859, 532, 237)
0...1...2...3...4...5...6...7...8...9...10	Bounce #10 added RGB(398, 236, 98)
0...1...2...3...4...5...6...7...8...9...10	Bounce #11 added RGB(187, 106, 41)
0...1...2...3...4...5...6...7...8...9...10	Bounce #12 added RGB(89, 48, 17)
0...1...2...3...4...5...6...7...8...9...10	Bounce #13 added RGB(42, 22, 7)
0...1...2...3...4...5...6...7...8...9...10	Bounce #14 added RGB(20, 10, 3)
0...1...2...3...4...5...6...7...8...9...10	Bounce #15 added RGB(10, 5, 1)
0...1...2...3...4...5...6...7...8...9...10	Bounce #16 added RGB(5, 2, 1)
0...1...2...3...4...5...6...7...8...9...10	Bounce #17 added RGB(2, 1, 0)
0...1...2...3...4...5...6...7...8...9...10	Bounce #18 added RGB(1, 0, 0)
0...1...2...3...4...5...6...7...8...9...10	Bounce #19 added RGB(1, 0, 0)
Build Patch/Sample Hash Table(s).....Done<0.0922 sec>
0...1...2...3...4...5...6...7...8...9...10FinalLightFace Done
0...1...2...3...4...5...6...7...8...9...10Setting up leaf ambient computation...
115 of 402 (28% of) surface lights went in leaf ambient cubes.
0...1...2...3...4...5...6...7...8...9...10Writing leaf ambient...done
Ready to Finish

Object names       Objects/Maxobjs  Fullness 
------------       ---------------  -------- 
entities              1349/65536    ( 2.1%) 
models                 165/4096     ( 4.0%) 
brushes               4488/65536    ( 6.8%) 
brushsides           28247/655350   ( 4.3%) 
planes                5256/65536    ( 8.0%) 
vertexes             31371/65536    (47.9%) 
nodes                 5037/65536    ( 7.7%) 
texinfos              1691/32768    ( 5.2%) 
texdata                310/8192     ( 3.8%) 
dispinfos                4/16384    ( 0.0%) 
faces                17807/65536    (27.2%) 
hdr faces            17807/65536    (27.2%) 
origfaces             9256/65536    (14.1%) 
leaves                5203/65536    ( 7.9%) 
leaffaces            21299/65536    (32.5%) 
leafbrushes           9219/65536    (14.1%) 
areas                   91/1024     ( 8.9%) 
surfedges            87569/512000   (17.1%) 
edges                49378/256000   (19.3%) 
leafwaterdata           16/32768    ( 0.0%) 
primitives            2764/32768    ( 8.4%) 
primverts                0/65536    ( 0.0%) 
primindices          43242/65536    (66.0%) 
cubemapsamples           0/1024     ( 0.0%) 
overlays                72/8192     ( 0.9%) 
vertnormalindices    87412/256000   (34.1%) 
visdata             172495/16777216 ( 1.0%) 
entdata             504173/393216   (128.2%) FULL!!!
LDR ambient table     5203/65536    ( 7.9%) 
HDR ambient table     5203/65536    ( 7.9%) 
LDR worldlights            0       
HDR worldlights            555     
LDR lightdata              0       
HDR lightdata              35478692
LDR leaf ambient           5203    
HDR leaf ambient           17582   
occluders                  0       
occluder polygons          0       
occluder vert ind          0       
detail props               1140    
dtl prp lght               4       
HDR dtl prp lght           4       
static props               21962   
pakfile                    128981  
physics                    1459983 
physics terrain            1376    

Level flags = 0

Total triangle count: 51798
Writing w:\programs\steam\steamapps\common\garrysmod\garrysmod\addons\garrysmodmap\maps\gmm_garrymod_map_by_woowz_real_rp_normal.bsp
9 seconds elapsed

==================================================================
Date: 2026-09-29 15:02:26
W:\Programs\Steam\steamapps\common\GarrysMod\bin\win64\vbspplusplus.exe -allowdynamicpropsasstatic -game W:\Programs\Steam\steamapps\common\GarrysMod\garrysmod w:\programs\steam\steamapps\common\garrysmod\garrysmod\addons\garrysmodmap\maps\gmm_garrymod_map_by_woowz_real_rp_normal
==================================================================
16 threads
---------------
gamedir: W:\Programs\Steam\steamapps\common\GarrysMod\garrysmod\
---------------
Loading w:\programs\steam\steamapps\common\garrysmod\garrysmod\addons\garrysmodmap\maps\gmm_garrymod_map_by_woowz_real_rp_normal.vmf
Can't find surfaceprop antlion_eggshell for material NATURE/ROCKWALL_ANTLION03A, using default
Locating GameData file 'garrysmod.fgd'...
Parsing GameData file w:\programs\steam\steamapps\common\garrysmod\bin\garrysmod.fgd
Parsing GameData file w:\programs\steam\steamapps\common\garrysmod\bin\base.fgd
Parsing GameData file w:\programs\steam\steamapps\common\garrysmod\bin\halflife2.fgd
Parsing GameData file w:\programs\steam\steamapps\common\garrysmod\bin\base.fgd
fixing up env_cubemap materials on brush sides...
FloodEntities...
FloodEntities...
Processing areas...done (0)
Building Faces...done (1)
Chop Details...done (0)
Find Visible Detail Sides...
Merged 1052 detail faces...done (0)
Merging details...done (0)
FixTjuncs...
PruneNodes...
WriteBSP...
done (0)
writing w:\programs\steam\steamapps\common\garrysmod\garrysmod\addons\garrysmodmap\maps\gmm_garrymod_map_by_woowz_real_rp_normal.prt...
Building visibility clusters...
done (0)
Generating blank default cubemaps...
Generating blank default cubemaps...
Emitted 4488 brushes and 28247 brushsides
Finding displacement neighbors...
Finding lightmap sample positions...
Building Physics collision data...
done (0) (1459983 bytes)
Emitting static props...
Model "models/props_phx/construct/metal_wire1x2x2b.mdl" is missing $staticprop. Allowing due to -allowdynamicpropsasstatic
Model "models/props_phx/construct/metal_wire_angle360x2.mdl" is missing $staticprop. Allowing due to -allowdynamicpropsasstatic
Placing detail props : 0...1...2...3...4...5...6...7...8...9...10
Water found with no water_lod_control entity, creating a default one.
Compacting texture/material tables...
Reduced 2972 texinfos to 1691
Reduced 343 texdatas to 310 (11034 bytes to 8091)
Writing w:\programs\steam\steamapps\common\garrysmod\garrysmod\addons\garrysmodmap\maps\gmm_garrymod_map_by_woowz_real_rp_normal.bsp
2 seconds elapsed

==================================================================
Date: 2026-09-29 15:02:29
W:\Programs\Steam\steamapps\common\GarrysMod\bin\win64\vvisplusplus.exe -game W:\Programs\Steam\steamapps\common\GarrysMod\garrysmod w:\programs\steam\steamapps\common\garrysmod\garrysmod\addons\garrysmodmap\maps\gmm_garrymod_map_by_woowz_real_rp_normal
==================================================================
16 threads
CPU supports AVX2
reading w:\programs\steam\steamapps\common\garrysmod\garrysmod\addons\garrysmodmap\maps\gmm_garrymod_map_by_woowz_real_rp_normal.bsp
reading w:\programs\steam\steamapps\common\garrysmod\garrysmod\addons\garrysmodmap\maps\gmm_garrymod_map_by_woowz_real_rp_normal.prt
1520 portalclusters
2837 numportals
0...1...2...3...4...5...6...7...8...9...100...1...2...3...4...5...6...7...8...9...10Optimized: 268 visible clusters (0.33%)
Total clusters visible: 81706
Average clusters visible: 53
Building PAS...
Average clusters audible: 202
visdatasize:172451  compressed from 583680
writing w:\programs\steam\steamapps\common\garrysmod\garrysmod\addons\garrysmodmap\maps\gmm_garrymod_map_by_woowz_real_rp_normal.bsp
Wrote ZIP buffer, estimated size 133349, actual size 128981
0 seconds elapsed

==================================================================
Date: 2026-09-29 15:02:29
W:\Programs\Steam\steamapps\common\GarrysMod\bin\win64\vradplusplus.exe -both -final -game W:\Programs\Steam\steamapps\common\GarrysMod\garrysmod w:\programs\steam\steamapps\common\garrysmod\garrysmod\addons\garrysmodmap\maps\gmm_garrymod_map_by_woowz_real_rp_normal
==================================================================
---------------
gamedir: W:\Programs\Steam\steamapps\common\GarrysMod\garrysmod\
---------------
16 threads
Compiling in LDR+HDR mode
Reading texlights from 'lights.rad'...
53 texlights parsed
Loading w:\programs\steam\steamapps\common\garrysmod\garrysmod\addons\garrysmodmap\maps\gmm_garrymod_map_by_woowz_real_rp_normal.bsp
175 props added to raytrace
17812 faces
1 degenerate faces
570 fake patch planes
1929519 square feet [277850752.00 square inches]
4 Displacements
3259 Square Feet [469401.19 Square Inches]
0...1...2...3...4...5...6...7...8...9...1017811 patches before subdivision
208855 patches after subdivision
CreateDirectLights...
0...1...2...3...4...5...6...7...8...9...10555 lights, 8 styled (0.01 seconds)
0...1...2...3...4...5...6...7...8...9...100...1...2...3...4...5...6...7...8...9...10transfers 24333125, max 1077
transfer lists: 185.6 megs
0...1...2...3...4...5...6...7...8...9...10	Bounce #1 added RGB(1866290, 1449145, 1009382)
0...1...2...3...4...5...6...7...8...9...10	Bounce #2 added RGB(515668, 388451, 256381)
0...1...2...3...4...5...6...7...8...9...10	Bounce #3 added RGB(167607, 124736, 79358)
0...1...2...3...4...5...6...7...8...9...10	Bounce #4 added RGB(61065, 44681, 27082)
0...1...2...3...4...5...6...7...8...9...10	Bounce #5 added RGB(23900, 17087, 9809)
0...1...2...3...4...5...6...7...8...9...10	Bounce #6 added RGB(9883, 6857, 3709)
0...1...2...3...4...5...6...7...8...9...10	Bounce #7 added RGB(4253, 2849, 1448)
0...1...2...3...4...5...6...7...8...9...10	Bounce #8 added RGB(1889, 1218, 580)
0...1...2...3...4...5...6...7...8...9...10	Bounce #9 added RGB(859, 532, 237)
0...1...2...3...4...5...6...7...8...9...10	Bounce #10 added RGB(398, 236, 98)
0...1...2...3...4...5...6...7...8...9...10	Bounce #11 added RGB(187, 106, 41)
0...1...2...3...4...5...6...7...8...9...10	Bounce #12 added RGB(89, 48, 17)
0...1...2...3...4...5...6...7...8...9...10	Bounce #13 added RGB(42, 22, 7)
0...1...2...3...4...5...6...7...8...9...10	Bounce #14 added RGB(20, 10, 3)
0...1...2...3...4...5...6...7...8...9...10	Bounce #15 added RGB(10, 5, 1)
0...1...2...3...4...5...6...7...8...9...10	Bounce #16 added RGB(5, 2, 1)
0...1...2...3...4...5...6...7...8...9...10	Bounce #17 added RGB(2, 1, 0)
0...1...2...3...4...5...6...7...8...9...10	Bounce #18 added RGB(1, 0, 0)
0...1...2...3...4...5...6...7...8...9...10	Bounce #19 added RGB(1, 0, 0)
Build Patch/Sample Hash Table(s).....Done<0.0921 sec>
0...1...2...3...4...5...6...7...8...9...10FinalLightFace Done
0...1...2...3...4...5...6...7...8...9...10Setting up leaf ambient computation...
115 of 402 (28% of) surface lights went in leaf ambient cubes.
0...1...2...3...4...5...6...7...8...9...10Writing leaf ambient...done
Ready to Finish

Object names       Objects/Maxobjs  Fullness 
------------       ---------------  -------- 
entities              1348/65536    ( 2.1%) 
models                 165/4096     ( 4.0%) 
brushes               4488/65536    ( 6.8%) 
brushsides           28247/655350   ( 4.3%) 
planes                5256/65536    ( 8.0%) 
vertexes             31377/65536    (47.9%) 
nodes                 5040/65536    ( 7.7%) 
texinfos              1691/32768    ( 5.2%) 
texdata                310/8192     ( 3.8%) 
dispinfos                4/16384    ( 0.0%) 
faces                17812/65536    (27.2%) 
hdr faces            17812/65536    (27.2%) 
origfaces             9257/65536    (14.1%) 
leaves                5206/65536    ( 7.9%) 
leaffaces            21306/65536    (32.5%) 
leafbrushes           9219/65536    (14.1%) 
areas                   91/1024     ( 8.9%) 
surfedges            87591/512000   (17.1%) 
edges                49385/256000   (19.3%) 
leafwaterdata           16/32768    ( 0.0%) 
primitives            2761/32768    ( 8.4%) 
primverts                0/65536    ( 0.0%) 
primindices          43209/65536    (65.9%) 
cubemapsamples           0/1024     ( 0.0%) 
overlays                72/8192     ( 0.9%) 
vertnormalindices    87434/256000   (34.2%) 
visdata             172451/16777216 ( 1.0%) 
entdata             503830/393216   (128.1%) FULL!!!
LDR ambient table     5206/65536    ( 7.9%) 
HDR ambient table     5206/65536    ( 7.9%) 
LDR worldlights            0       
HDR worldlights            555     
LDR lightdata              0       
HDR lightdata              35643156
LDR leaf ambient           5206    
HDR leaf ambient           17612   
occluders                  0       
occluder polygons          0       
occluder vert ind          0       
detail props               1140    
dtl prp lght               4       
HDR dtl prp lght           4       
static props               21962   
pakfile                    128981  
physics                    1459983 
physics terrain            1376    

Level flags = 0

Total triangle count: 51810
Writing w:\programs\steam\steamapps\common\garrysmod\garrysmod\addons\garrysmodmap\maps\gmm_garrymod_map_by_woowz_real_rp_normal.bsp
9 seconds elapsed

==================================================================
Date: 2026-09-29 15:10:42
W:\Programs\Steam\steamapps\common\GarrysMod\bin\win64\vbspplusplus.exe -allowdynamicpropsasstatic -game W:\Programs\Steam\steamapps\common\GarrysMod\garrysmod w:\programs\steam\steamapps\common\garrysmod\garrysmod\addons\garrysmodmap\maps\gmm_garrymod_map_by_woowz_real_rp_normal
==================================================================
16 threads
---------------
gamedir: W:\Programs\Steam\steamapps\common\GarrysMod\garrysmod\
---------------
Loading w:\programs\steam\steamapps\common\garrysmod\garrysmod\addons\garrysmodmap\maps\gmm_garrymod_map_by_woowz_real_rp_normal.vmf
Can't find surfaceprop antlion_eggshell for material NATURE/ROCKWALL_ANTLION03A, using default
Locating GameData file 'garrysmod.fgd'...
Parsing GameData file w:\programs\steam\steamapps\common\garrysmod\bin\garrysmod.fgd
Parsing GameData file w:\programs\steam\steamapps\common\garrysmod\bin\base.fgd
Parsing GameData file w:\programs\steam\steamapps\common\garrysmod\bin\halflife2.fgd
Parsing GameData file w:\programs\steam\steamapps\common\garrysmod\bin\base.fgd
fixing up env_cubemap materials on brush sides...
FloodEntities...
FloodEntities...
Processing areas...done (0)
Building Faces...done (1)
Chop Details...done (0)
Find Visible Detail Sides...
Merged 1052 detail faces...done (0)
Merging details...done (0)
FixTjuncs...
PruneNodes...
WriteBSP...
done (0)
writing w:\programs\steam\steamapps\common\garrysmod\garrysmod\addons\garrysmodmap\maps\gmm_garrymod_map_by_woowz_real_rp_normal.prt...
Building visibility clusters...
done (0)
Generating blank default cubemaps...
Generating blank default cubemaps...
Emitted 4488 brushes and 28247 brushsides
Finding displacement neighbors...
Finding lightmap sample positions...
Building Physics collision data...
done (0) (1459983 bytes)
Emitting static props...
Model "models/props_phx/construct/metal_wire1x2x2b.mdl" is missing $staticprop. Allowing due to -allowdynamicpropsasstatic
Model "models/props_phx/construct/metal_wire_angle360x2.mdl" is missing $staticprop. Allowing due to -allowdynamicpropsasstatic
Placing detail props : 0...1...2...3...4...5...6...7...8...9...10
Water found with no water_lod_control entity, creating a default one.
Compacting texture/material tables...
Reduced 2972 texinfos to 1691
Reduced 343 texdatas to 310 (11034 bytes to 8091)
Writing w:\programs\steam\steamapps\common\garrysmod\garrysmod\addons\garrysmodmap\maps\gmm_garrymod_map_by_woowz_real_rp_normal.bsp
2 seconds elapsed

==================================================================
Date: 2026-09-29 15:10:44
W:\Programs\Steam\steamapps\common\GarrysMod\bin\win64\vvisplusplus.exe -game W:\Programs\Steam\steamapps\common\GarrysMod\garrysmod w:\programs\steam\steamapps\common\garrysmod\garrysmod\addons\garrysmodmap\maps\gmm_garrymod_map_by_woowz_real_rp_normal
==================================================================
16 threads
CPU supports AVX2
reading w:\programs\steam\steamapps\common\garrysmod\garrysmod\addons\garrysmodmap\maps\gmm_garrymod_map_by_woowz_real_rp_normal.bsp
reading w:\programs\steam\steamapps\common\garrysmod\garrysmod\addons\garrysmodmap\maps\gmm_garrymod_map_by_woowz_real_rp_normal.prt
1520 portalclusters
2837 numportals
0...1...2...3...4...5...6...7...8...9...100...1...2...3...4...5...6...7...8...9...10Optimized: 268 visible clusters (0.33%)
Total clusters visible: 81706
Average clusters visible: 53
Building PAS...
Average clusters audible: 202
visdatasize:172451  compressed from 583680
writing w:\programs\steam\steamapps\common\garrysmod\garrysmod\addons\garrysmodmap\maps\gmm_garrymod_map_by_woowz_real_rp_normal.bsp
Wrote ZIP buffer, estimated size 133349, actual size 128981
0 seconds elapsed

==================================================================
Date: 2026-09-29 15:10:45
W:\Programs\Steam\steamapps\common\GarrysMod\bin\win64\vradplusplus.exe -both -final -game W:\Programs\Steam\steamapps\common\GarrysMod\garrysmod w:\programs\steam\steamapps\common\garrysmod\garrysmod\addons\garrysmodmap\maps\gmm_garrymod_map_by_woowz_real_rp_normal
==================================================================
---------------
gamedir: W:\Programs\Steam\steamapps\common\GarrysMod\garrysmod\
---------------
16 threads
Compiling in LDR+HDR mode
Reading texlights from 'lights.rad'...
53 texlights parsed
Loading w:\programs\steam\steamapps\common\garrysmod\garrysmod\addons\garrysmodmap\maps\gmm_garrymod_map_by_woowz_real_rp_normal.bsp
175 props added to raytrace
17812 faces
1 degenerate faces
570 fake patch planes
1929519 square feet [277850752.00 square inches]
4 Displacements
3259 Square Feet [469401.19 Square Inches]
0...1...2...3...4...5...6...7...8...9...1017811 patches before subdivision
208855 patches after subdivision
CreateDirectLights...
0...1...2...3...4...5...6...7...8...9...10555 lights, 8 styled (0.01 seconds)
0...1...2...3...4...5...6...7...8...9...100...1...2...3...4...5...6...7...8...9...10transfers 24333125, max 1077
transfer lists: 185.6 megs
0...1...2...3...4...5...6...7...8...9...10	Bounce #1 added RGB(1866292, 1449146, 1009383)
0...1...2...3...4...5...6...7...8...9...10	Bounce #2 added RGB(515669, 388451, 256382)
0...1...2...3...4...5...6...7...8...9...10	Bounce #3 added RGB(167607, 124736, 79358)
0...1...2...3...4...5...6...7...8...9...10	Bounce #4 added RGB(61065, 44681, 27082)
0...1...2...3...4...5...6...7...8...9...10	Bounce #5 added RGB(23900, 17087, 9809)
0...1...2...3...4...5...6...7...8...9...10	Bounce #6 added RGB(9883, 6857, 3709)
0...1...2...3...4...5...6...7...8...9...10	Bounce #7 added RGB(4253, 2849, 1448)
0...1...2...3...4...5...6...7...8...9...10	Bounce #8 added RGB(1889, 1218, 580)
0...1...2...3...4...5...6...7...8...9...10	Bounce #9 added RGB(859, 532, 237)
0...1...2...3...4...5...6...7...8...9...10	Bounce #10 added RGB(398, 236, 98)
0...1...2...3...4...5...6...7...8...9...10	Bounce #11 added RGB(187, 106, 41)
0...1...2...3...4...5...6...7...8...9...10	Bounce #12 added RGB(89, 48, 17)
0...1...2...3...4...5...6...7...8...9...10	Bounce #13 added RGB(42, 22, 7)
0...1...2...3...4...5...6...7...8...9...10	Bounce #14 added RGB(20, 10, 3)
0...1...2...3...4...5...6...7...8...9...10	Bounce #15 added RGB(10, 5, 1)
0...1...2...3...4...5...6...7...8...9...10	Bounce #16 added RGB(5, 2, 1)
0...1...2...3...4...5...6...7...8...9...10	Bounce #17 added RGB(2, 1, 0)
0...1...2...3...4...5...6...7...8...9...10	Bounce #18 added RGB(1, 0, 0)
0...1...2...3...4...5...6...7...8...9...10	Bounce #19 added RGB(1, 0, 0)
Build Patch/Sample Hash Table(s).....Done<0.0923 sec>
0...1...2...3...4...5...6...7...8...9...10FinalLightFace Done
0...1...2...3...4...5...6...7...8...9...10Setting up leaf ambient computation...
115 of 402 (28% of) surface lights went in leaf ambient cubes.
0...1...2...3...4...5...6...7...8...9...10Writing leaf ambient...done
Ready to Finish

Object names       Objects/Maxobjs  Fullness 
------------       ---------------  -------- 
entities              1348/65536    ( 2.1%) 
models                 165/4096     ( 4.0%) 
brushes               4488/65536    ( 6.8%) 
brushsides           28247/655350   ( 4.3%) 
planes                5256/65536    ( 8.0%) 
vertexes             31377/65536    (47.9%) 
nodes                 5040/65536    ( 7.7%) 
texinfos              1691/32768    ( 5.2%) 
texdata                310/8192     ( 3.8%) 
dispinfos                4/16384    ( 0.0%) 
faces                17812/65536    (27.2%) 
hdr faces            17812/65536    (27.2%) 
origfaces             9257/65536    (14.1%) 
leaves                5206/65536    ( 7.9%) 
leaffaces            21306/65536    (32.5%) 
leafbrushes           9219/65536    (14.1%) 
areas                   91/1024     ( 8.9%) 
surfedges            87591/512000   (17.1%) 
edges                49385/256000   (19.3%) 
leafwaterdata           16/32768    ( 0.0%) 
primitives            2761/32768    ( 8.4%) 
primverts                0/65536    ( 0.0%) 
primindices          43209/65536    (65.9%) 
cubemapsamples           0/1024     ( 0.0%) 
overlays                72/8192     ( 0.9%) 
vertnormalindices    87434/256000   (34.2%) 
visdata             172451/16777216 ( 1.0%) 
entdata             503828/393216   (128.1%) FULL!!!
LDR ambient table     5206/65536    ( 7.9%) 
HDR ambient table     5206/65536    ( 7.9%) 
LDR worldlights            0       
HDR worldlights            555     
LDR lightdata              0       
HDR lightdata              35643156
LDR leaf ambient           5206    
HDR leaf ambient           17612   
occluders                  0       
occluder polygons          0       
occluder vert ind          0       
detail props               1140    
dtl prp lght               4       
HDR dtl prp lght           4       
static props               21962   
pakfile                    128981  
physics                    1459983 
physics terrain            1376    

Level flags = 0

Total triangle count: 51810
Writing w:\programs\steam\steamapps\common\garrysmod\garrysmod\addons\garrysmodmap\maps\gmm_garrymod_map_by_woowz_real_rp_normal.bsp
9 seconds elapsed

==================================================================
Date: 2026-09-29 15:30:26
W:\Programs\Steam\steamapps\common\GarrysMod\bin\win64\vbspplusplus.exe -allowdynamicpropsasstatic -game W:\Programs\Steam\steamapps\common\GarrysMod\garrysmod w:\programs\steam\steamapps\common\garrysmod\garrysmod\addons\garrysmodmap\maps\gmm_garrymod_map_by_woowz_real_rp_normal
==================================================================
16 threads
---------------
gamedir: W:\Programs\Steam\steamapps\common\GarrysMod\garrysmod\
---------------
Loading w:\programs\steam\steamapps\common\garrysmod\garrysmod\addons\garrysmodmap\maps\gmm_garrymod_map_by_woowz_real_rp_normal.vmf
Can't find surfaceprop antlion_eggshell for material NATURE/ROCKWALL_ANTLION03A, using default
Locating GameData file 'garrysmod.fgd'...
Parsing GameData file w:\programs\steam\steamapps\common\garrysmod\bin\garrysmod.fgd
Parsing GameData file w:\programs\steam\steamapps\common\garrysmod\bin\base.fgd
Parsing GameData file w:\programs\steam\steamapps\common\garrysmod\bin\halflife2.fgd
Parsing GameData file w:\programs\steam\steamapps\common\garrysmod\bin\base.fgd
fixing up env_cubemap materials on brush sides...
FloodEntities...
FloodEntities...
Processing areas...done (0)
Building Faces...done (0)
Chop Details...done (0)
Find Visible Detail Sides...
Merged 1046 detail faces...done (0)
Merging details...done (0)
FixTjuncs...
PruneNodes...
WriteBSP...
done (0)
writing w:\programs\steam\steamapps\common\garrysmod\garrysmod\addons\garrysmodmap\maps\gmm_garrymod_map_by_woowz_real_rp_normal.prt...
Building visibility clusters...
done (0)
Generating blank default cubemaps...
Generating blank default cubemaps...
Emitted 4473 brushes and 28116 brushsides
Finding displacement neighbors...
Finding lightmap sample positions...
Building Physics collision data...
done (0) (1456943 bytes)
Emitting static props...
Model "models/props_phx/construct/metal_wire1x2x2b.mdl" is missing $staticprop. Allowing due to -allowdynamicpropsasstatic
Model "models/props_phx/construct/metal_wire_angle360x2.mdl" is missing $staticprop. Allowing due to -allowdynamicpropsasstatic
Placing detail props : 0...1...2...3...4...5...6...7...8...9...10
Water found with no water_lod_control entity, creating a default one.
Compacting texture/material tables...
Reduced 2964 texinfos to 1686
Reduced 344 texdatas to 311 (11055 bytes to 8112)
Writing w:\programs\steam\steamapps\common\garrysmod\garrysmod\addons\garrysmodmap\maps\gmm_garrymod_map_by_woowz_real_rp_normal.bsp
2 seconds elapsed

==================================================================
Date: 2026-09-29 15:30:29
W:\Programs\Steam\steamapps\common\GarrysMod\bin\win64\vvisplusplus.exe -game W:\Programs\Steam\steamapps\common\GarrysMod\garrysmod w:\programs\steam\steamapps\common\garrysmod\garrysmod\addons\garrysmodmap\maps\gmm_garrymod_map_by_woowz_real_rp_normal
==================================================================
16 threads
CPU supports AVX2
reading w:\programs\steam\steamapps\common\garrysmod\garrysmod\addons\garrysmodmap\maps\gmm_garrymod_map_by_woowz_real_rp_normal.bsp
reading w:\programs\steam\steamapps\common\garrysmod\garrysmod\addons\garrysmodmap\maps\gmm_garrymod_map_by_woowz_real_rp_normal.prt
1524 portalclusters
2843 numportals
0...1...2...3...4...5...6...7...8...9...100...1...2...3...4...5...6...7...8...9...10Optimized: 276 visible clusters (0.34%)
Total clusters visible: 81536
Average clusters visible: 53
Building PAS...
Average clusters audible: 200
visdatasize:173890  compressed from 585216
writing w:\programs\steam\steamapps\common\garrysmod\garrysmod\addons\garrysmodmap\maps\gmm_garrymod_map_by_woowz_real_rp_normal.bsp
Wrote ZIP buffer, estimated size 133349, actual size 128981
0 seconds elapsed

==================================================================
Date: 2026-09-29 15:30:29
W:\Programs\Steam\steamapps\common\GarrysMod\bin\win64\vradplusplus.exe -both -final -game W:\Programs\Steam\steamapps\common\GarrysMod\garrysmod w:\programs\steam\steamapps\common\garrysmod\garrysmod\addons\garrysmodmap\maps\gmm_garrymod_map_by_woowz_real_rp_normal
==================================================================
---------------
gamedir: W:\Programs\Steam\steamapps\common\GarrysMod\garrysmod\
---------------
16 threads
Compiling in LDR+HDR mode
Reading texlights from 'lights.rad'...
53 texlights parsed
Loading w:\programs\steam\steamapps\common\garrysmod\garrysmod\addons\garrysmodmap\maps\gmm_garrymod_map_by_woowz_real_rp_normal.bsp
175 props added to raytrace
17807 faces
1 degenerate faces
570 fake patch planes
1929130 square feet [277794816.00 square inches]
4 Displacements
3259 Square Feet [469401.19 Square Inches]
0...1...2...3...4...5...6...7...8...9...1017806 patches before subdivision
208858 patches after subdivision
CreateDirectLights...
0...1...2...3...4...5...6...7...8...9...10552 lights, 8 styled (0.01 seconds)
0...1...2...3...4...5...6...7...8...9...100...1...2...3...4...5...6...7...8...9...10transfers 24329917, max 1077
transfer lists: 185.6 megs
0...1...2...3...4...5...6...7...8...9...10	Bounce #1 added RGB(1854526, 1438721, 1000003)
0...1...2...3...4...5...6...7...8...9...10	Bounce #2 added RGB(511768, 385305, 253928)
0...1...2...3...4...5...6...7...8...9...10	Bounce #3 added RGB(166334, 123847, 78756)
0...1...2...3...4...5...6...7...8...9...10	Bounce #4 added RGB(60658, 44440, 26939)
0...1...2...3...4...5...6...7...8...9...10	Bounce #5 added RGB(23771, 17024, 9775)
0...1...2...3...4...5...6...7...8...9...10	Bounce #6 added RGB(9842, 6841, 3701)
0...1...2...3...4...5...6...7...8...9...10	Bounce #7 added RGB(4240, 2846, 1446)
0...1...2...3...4...5...6...7...8...9...10	Bounce #8 added RGB(1885, 1217, 579)
0...1...2...3...4...5...6...7...8...9...10	Bounce #9 added RGB(858, 531, 236)
0...1...2...3...4...5...6...7...8...9...10	Bounce #10 added RGB(397, 236, 98)
0...1...2...3...4...5...6...7...8...9...10	Bounce #11 added RGB(187, 106, 41)
0...1...2...3...4...5...6...7...8...9...10	Bounce #12 added RGB(89, 48, 17)
0...1...2...3...4...5...6...7...8...9...10	Bounce #13 added RGB(42, 22, 7)
0...1...2...3...4...5...6...7...8...9...10	Bounce #14 added RGB(20, 10, 3)
0...1...2...3...4...5...6...7...8...9...10	Bounce #15 added RGB(10, 5, 1)
0...1...2...3...4...5...6...7...8...9...10	Bounce #16 added RGB(5, 2, 1)
0...1...2...3...4...5...6...7...8...9...10	Bounce #17 added RGB(2, 1, 0)
0...1...2...3...4...5...6...7...8...9...10	Bounce #18 added RGB(1, 0, 0)
0...1...2...3...4...5...6...7...8...9...10	Bounce #19 added RGB(1, 0, 0)
Build Patch/Sample Hash Table(s).....Done<0.0906 sec>
0...1...2...3...4...5...6...7...8...9...10FinalLightFace Done
0...1...2...3...4...5...6...7...8...9...10Setting up leaf ambient computation...
115 of 402 (28% of) surface lights went in leaf ambient cubes.
0...1...2...3...4...5...6...7...8...9...10Writing leaf ambient...done
Ready to Finish

Object names       Objects/Maxobjs  Fullness 
------------       ---------------  -------- 
entities              1362/65536    ( 2.1%) 
models                 165/4096     ( 4.0%) 
brushes               4473/65536    ( 6.8%) 
brushsides           28116/655350   ( 4.3%) 
planes                5178/65536    ( 7.9%) 
vertexes             31389/65536    (47.9%) 
nodes                 5056/65536    ( 7.7%) 
texinfos              1686/32768    ( 5.1%) 
texdata                311/8192     ( 3.8%) 
dispinfos                4/16384    ( 0.0%) 
faces                17807/65536    (27.2%) 
hdr faces            17807/65536    (27.2%) 
origfaces             9251/65536    (14.1%) 
leaves                5222/65536    ( 8.0%) 
leaffaces            21305/65536    (32.5%) 
leafbrushes           9215/65536    (14.1%) 
areas                   91/1024     ( 8.9%) 
surfedges            87581/512000   (17.1%) 
edges                49377/256000   (19.3%) 
leafwaterdata           16/32768    ( 0.0%) 
primitives            2759/32768    ( 8.4%) 
primverts                0/65536    ( 0.0%) 
primindices          43161/65536    (65.9%) 
cubemapsamples           0/1024     ( 0.0%) 
overlays                72/8192     ( 0.9%) 
vertnormalindices    87424/256000   (34.2%) 
visdata             173890/16777216 ( 1.0%) 
entdata             506646/393216   (128.8%) FULL!!!
LDR ambient table     5222/65536    ( 8.0%) 
HDR ambient table     5222/65536    ( 8.0%) 
LDR worldlights            0       
HDR worldlights            552     
LDR lightdata              0       
HDR lightdata              35633324
LDR leaf ambient           5222    
HDR leaf ambient           17604   
occluders                  0       
occluder polygons          0       
occluder vert ind          0       
detail props               1140    
dtl prp lght               4       
HDR dtl prp lght           4       
static props               21962   
pakfile                    128981  
physics                    1456943 
physics terrain            1376    

Level flags = 0

Total triangle count: 51810
Writing w:\programs\steam\steamapps\common\garrysmod\garrysmod\addons\garrysmodmap\maps\gmm_garrymod_map_by_woowz_real_rp_normal.bsp
9 seconds elapsed

==================================================================
Date: 2026-09-29 15:33:09
W:\Programs\Steam\steamapps\common\GarrysMod\bin\win64\vbspplusplus.exe -allowdynamicpropsasstatic -game W:\Programs\Steam\steamapps\common\GarrysMod\garrysmod w:\programs\steam\steamapps\common\garrysmod\garrysmod\addons\garrysmodmap\maps\gmm_garrymod_map_by_woowz_real_rp_normal
==================================================================
16 threads
---------------
gamedir: W:\Programs\Steam\steamapps\common\GarrysMod\garrysmod\
---------------
Loading w:\programs\steam\steamapps\common\garrysmod\garrysmod\addons\garrysmodmap\maps\gmm_garrymod_map_by_woowz_real_rp_normal.vmf
Can't find surfaceprop antlion_eggshell for material NATURE/ROCKWALL_ANTLION03A, using default
Locating GameData file 'garrysmod.fgd'...
Parsing GameData file w:\programs\steam\steamapps\common\garrysmod\bin\garrysmod.fgd
Parsing GameData file w:\programs\steam\steamapps\common\garrysmod\bin\base.fgd
Parsing GameData file w:\programs\steam\steamapps\common\garrysmod\bin\halflife2.fgd
Parsing GameData file w:\programs\steam\steamapps\common\garrysmod\bin\base.fgd
fixing up env_cubemap materials on brush sides...
FloodEntities...
FloodEntities...
Processing areas...done (0)
Building Faces...done (1)
Chop Details...done (0)
Find Visible Detail Sides...
Merged 1012 detail faces...done (0)
Merging details...done (0)
FixTjuncs...
PruneNodes...
WriteBSP...
done (0)
writing w:\programs\steam\steamapps\common\garrysmod\garrysmod\addons\garrysmodmap\maps\gmm_garrymod_map_by_woowz_real_rp_normal.prt...
Building visibility clusters...
done (0)
Generating blank default cubemaps...
Generating blank default cubemaps...
Emitted 4449 brushes and 27972 brushsides
Finding displacement neighbors...
Finding lightmap sample positions...
Building Physics collision data...
done (0) (1448674 bytes)
Emitting static props...
Model "models/props_phx/construct/metal_wire1x2x2b.mdl" is missing $staticprop. Allowing due to -allowdynamicpropsasstatic
Model "models/props_phx/construct/metal_wire_angle360x2.mdl" is missing $staticprop. Allowing due to -allowdynamicpropsasstatic
Placing detail props : 0...1...2...3...4...5...6...7...8...9...10
Water found with no water_lod_control entity, creating a default one.
Compacting texture/material tables...
Reduced 2962 texinfos to 1683
Reduced 344 texdatas to 312 (10952 bytes to 8132)
Writing w:\programs\steam\steamapps\common\garrysmod\garrysmod\addons\garrysmodmap\maps\gmm_garrymod_map_by_woowz_real_rp_normal.bsp
2 seconds elapsed

==================================================================
Date: 2026-09-29 15:33:11
W:\Programs\Steam\steamapps\common\GarrysMod\bin\win64\vvisplusplus.exe -game W:\Programs\Steam\steamapps\common\GarrysMod\garrysmod w:\programs\steam\steamapps\common\garrysmod\garrysmod\addons\garrysmodmap\maps\gmm_garrymod_map_by_woowz_real_rp_normal
==================================================================
16 threads
CPU supports AVX2
reading w:\programs\steam\steamapps\common\garrysmod\garrysmod\addons\garrysmodmap\maps\gmm_garrymod_map_by_woowz_real_rp_normal.bsp
reading w:\programs\steam\steamapps\common\garrysmod\garrysmod\addons\garrysmodmap\maps\gmm_garrymod_map_by_woowz_real_rp_normal.prt
1513 portalclusters
2820 numportals
0...1...2...3...4...5...6...7...8...9...100...1...2...3...4...5...6...7...8...9...10Optimized: 262 visible clusters (0.32%)
Total clusters visible: 80737
Average clusters visible: 53
Building PAS...
Average clusters audible: 200
visdatasize:172316  compressed from 580992
writing w:\programs\steam\steamapps\common\garrysmod\garrysmod\addons\garrysmodmap\maps\gmm_garrymod_map_by_woowz_real_rp_normal.bsp
Wrote ZIP buffer, estimated size 132713, actual size 128479
0 seconds elapsed

==================================================================
Date: 2026-09-29 15:33:11
W:\Programs\Steam\steamapps\common\GarrysMod\bin\win64\vradplusplus.exe -both -final -game W:\Programs\Steam\steamapps\common\GarrysMod\garrysmod w:\programs\steam\steamapps\common\garrysmod\garrysmod\addons\garrysmodmap\maps\gmm_garrymod_map_by_woowz_real_rp_normal
==================================================================
---------------
gamedir: W:\Programs\Steam\steamapps\common\GarrysMod\garrysmod\
---------------
16 threads
Compiling in LDR+HDR mode
Reading texlights from 'lights.rad'...
53 texlights parsed
Loading w:\programs\steam\steamapps\common\garrysmod\garrysmod\addons\garrysmodmap\maps\gmm_garrymod_map_by_woowz_real_rp_normal.bsp
173 props added to raytrace
17697 faces
1 degenerate faces
570 fake patch planes
1919703 square feet [276437312.00 square inches]
4 Displacements
3259 Square Feet [469401.19 Square Inches]
0...1...2...3...4...5...6...7...8...9...1017696 patches before subdivision
207670 patches after subdivision
CreateDirectLights...
0...1...2...3...4...5...6...7...8...9...10551 lights, 8 styled (0.01 seconds)
0...1...2...3...4...5...6...7...8...9...100...1...2...3...4...5...6...7...8...9...10transfers 24276279, max 1076
transfer lists: 185.2 megs
0...1...2...3...4...5...6...7...8...9...10	Bounce #1 added RGB(1853352, 1436687, 999016)
0...1...2...3...4...5...6...7...8...9...10	Bounce #2 added RGB(511153, 384503, 253562)
0...1...2...3...4...5...6...7...8...9...10	Bounce #3 added RGB(166089, 123567, 78634)
0...1...2...3...4...5...6...7...8...9...10	Bounce #4 added RGB(60563, 44339, 26897)
0...1...2...3...4...5...6...7...8...9...10	Bounce #5 added RGB(23735, 16987, 9761)
0...1...2...3...4...5...6...7...8...9...10	Bounce #6 added RGB(9829, 6827, 3696)
0...1...2...3...4...5...6...7...8...9...10	Bounce #7 added RGB(4235, 2840, 1444)
0...1...2...3...4...5...6...7...8...9...10	Bounce #8 added RGB(1883, 1215, 578)
0...1...2...3...4...5...6...7...8...9...10	Bounce #9 added RGB(857, 531, 236)
0...1...2...3...4...5...6...7...8...9...10	Bounce #10 added RGB(397, 236, 98)
0...1...2...3...4...5...6...7...8...9...10	Bounce #11 added RGB(186, 106, 41)
0...1...2...3...4...5...6...7...8...9...10	Bounce #12 added RGB(88, 48, 17)
0...1...2...3...4...5...6...7...8...9...10	Bounce #13 added RGB(42, 22, 7)
0...1...2...3...4...5...6...7...8...9...10	Bounce #14 added RGB(20, 10, 3)
0...1...2...3...4...5...6...7...8...9...10	Bounce #15 added RGB(10, 5, 1)
0...1...2...3...4...5...6...7...8...9...10	Bounce #16 added RGB(5, 2, 1)
0...1...2...3...4...5...6...7...8...9...10	Bounce #17 added RGB(2, 1, 0)
0...1...2...3...4...5...6...7...8...9...10	Bounce #18 added RGB(1, 0, 0)
0...1...2...3...4...5...6...7...8...9...10	Bounce #19 added RGB(1, 0, 0)
Build Patch/Sample Hash Table(s).....Done<0.0894 sec>
0...1...2...3...4...5...6...7...8...9...10FinalLightFace Done
0...1...2...3...4...5...6...7...8...9...10Setting up leaf ambient computation...
115 of 402 (28% of) surface lights went in leaf ambient cubes.
0...1...2...3...4...5...6...7...8...9...10Writing leaf ambient...done
Ready to Finish

Object names       Objects/Maxobjs  Fullness 
------------       ---------------  -------- 
entities              1360/65536    ( 2.1%) 
models                 165/4096     ( 4.0%) 
brushes               4449/65536    ( 6.8%) 
brushsides           27972/655350   ( 4.3%) 
planes                5176/65536    ( 7.9%) 
vertexes             31208/65536    (47.6%) 
nodes                 5028/65536    ( 7.7%) 
texinfos              1683/32768    ( 5.1%) 
texdata                312/8192     ( 3.8%) 
dispinfos                4/16384    ( 0.0%) 
faces                17697/65536    (27.0%) 
hdr faces            17697/65536    (27.0%) 
origfaces             9187/65536    (14.0%) 
leaves                5194/65536    ( 7.9%) 
leaffaces            21125/65536    (32.2%) 
leafbrushes           9110/65536    (13.9%) 
areas                   91/1024     ( 8.9%) 
surfedges            87057/512000   (17.0%) 
edges                49082/256000   (19.2%) 
leafwaterdata           15/32768    ( 0.0%) 
primitives            2739/32768    ( 8.4%) 
primverts                0/65536    ( 0.0%) 
primindices          42852/65536    (65.4%) 
cubemapsamples           0/1024     ( 0.0%) 
overlays                73/8192     ( 0.9%) 
vertnormalindices    86900/256000   (33.9%) 
visdata             172316/16777216 ( 1.0%) 
entdata             506116/393216   (128.7%) FULL!!!
LDR ambient table     5194/65536    ( 7.9%) 
HDR ambient table     5194/65536    ( 7.9%) 
LDR worldlights            0       
HDR worldlights            551     
LDR lightdata              0       
HDR lightdata              35257572
LDR leaf ambient           5194    
HDR leaf ambient           17402   
occluders                  0       
occluder polygons          0       
occluder vert ind          0       
detail props               1140    
dtl prp lght               4       
HDR dtl prp lght           4       
static props               21550   
pakfile                    128479  
physics                    1448674 
physics terrain            1376    

Level flags = 0

Total triangle count: 51506
Writing w:\programs\steam\steamapps\common\garrysmod\garrysmod\addons\garrysmodmap\maps\gmm_garrymod_map_by_woowz_real_rp_normal.bsp
9 seconds elapsed

==================================================================
Date: 2026-09-29 15:44:10
W:\Programs\Steam\steamapps\common\GarrysMod\bin\win64\vbspplusplus.exe -allowdynamicpropsasstatic -game W:\Programs\Steam\steamapps\common\GarrysMod\garrysmod w:\programs\steam\steamapps\common\garrysmod\garrysmod\addons\garrysmodmap\maps\gmm_garrymod_map_by_woowz_real_rp_normal
==================================================================
16 threads
---------------
gamedir: W:\Programs\Steam\steamapps\common\GarrysMod\garrysmod\
---------------
Loading w:\programs\steam\steamapps\common\garrysmod\garrysmod\addons\garrysmodmap\maps\gmm_garrymod_map_by_woowz_real_rp_normal.vmf
Can't find surfaceprop antlion_eggshell for material NATURE/ROCKWALL_ANTLION03A, using default
Locating GameData file 'garrysmod.fgd'...
Parsing GameData file w:\programs\steam\steamapps\common\garrysmod\bin\garrysmod.fgd
Parsing GameData file w:\programs\steam\steamapps\common\garrysmod\bin\base.fgd
Parsing GameData file w:\programs\steam\steamapps\common\garrysmod\bin\halflife2.fgd
Parsing GameData file w:\programs\steam\steamapps\common\garrysmod\bin\base.fgd
fixing up env_cubemap materials on brush sides...
FloodEntities...
FloodEntities...
Processing areas...done (0)
Building Faces...done (0)
Chop Details...done (0)
Find Visible Detail Sides...
Merged 1016 detail faces...done (0)
Merging details...done (0)
FixTjuncs...
PruneNodes...
WriteBSP...
done (0)
writing w:\programs\steam\steamapps\common\garrysmod\garrysmod\addons\garrysmodmap\maps\gmm_garrymod_map_by_woowz_real_rp_normal.prt...
Building visibility clusters...
done (0)
Generating blank default cubemaps...
Generating blank default cubemaps...
Emitted 4455 brushes and 28008 brushsides
Finding displacement neighbors...
Finding lightmap sample positions...
Building Physics collision data...
done (0) (1450904 bytes)
Emitting static props...
Model "models/props_phx/construct/metal_wire1x2x2b.mdl" is missing $staticprop. Allowing due to -allowdynamicpropsasstatic
Model "models/props_phx/construct/metal_wire_angle360x2.mdl" is missing $staticprop. Allowing due to -allowdynamicpropsasstatic
Placing detail props : 0...1...2...3...4...5...6...7...8...9...10
Water found with no water_lod_control entity, creating a default one.
Compacting texture/material tables...
Reduced 2973 texinfos to 1686
Reduced 346 texdatas to 313 (11037 bytes to 8199)
Writing w:\programs\steam\steamapps\common\garrysmod\garrysmod\addons\garrysmodmap\maps\gmm_garrymod_map_by_woowz_real_rp_normal.bsp
2 seconds elapsed

==================================================================
Date: 2026-09-29 15:44:12
W:\Programs\Steam\steamapps\common\GarrysMod\bin\win64\vvisplusplus.exe -game W:\Programs\Steam\steamapps\common\GarrysMod\garrysmod w:\programs\steam\steamapps\common\garrysmod\garrysmod\addons\garrysmodmap\maps\gmm_garrymod_map_by_woowz_real_rp_normal
==================================================================
16 threads
CPU supports AVX2
reading w:\programs\steam\steamapps\common\garrysmod\garrysmod\addons\garrysmodmap\maps\gmm_garrymod_map_by_woowz_real_rp_normal.bsp
reading w:\programs\steam\steamapps\common\garrysmod\garrysmod\addons\garrysmodmap\maps\gmm_garrymod_map_by_woowz_real_rp_normal.prt
1513 portalclusters
2820 numportals
0...1...2...3...4...5...6...7...8...9...100...1...2...3...4...5...6...7...8...9...10Optimized: 259 visible clusters (0.32%)
Total clusters visible: 80734
Average clusters visible: 53
Building PAS...
Average clusters audible: 200
visdatasize:172316  compressed from 580992
writing w:\programs\steam\steamapps\common\garrysmod\garrysmod\addons\garrysmodmap\maps\gmm_garrymod_map_by_woowz_real_rp_normal.bsp
Wrote ZIP buffer, estimated size 132713, actual size 128479
0 seconds elapsed

==================================================================
Date: 2026-09-29 15:44:13
W:\Programs\Steam\steamapps\common\GarrysMod\bin\win64\vradplusplus.exe -both -final -game W:\Programs\Steam\steamapps\common\GarrysMod\garrysmod w:\programs\steam\steamapps\common\garrysmod\garrysmod\addons\garrysmodmap\maps\gmm_garrymod_map_by_woowz_real_rp_normal
==================================================================
---------------
gamedir: W:\Programs\Steam\steamapps\common\GarrysMod\garrysmod\
---------------
16 threads
Compiling in LDR+HDR mode
Reading texlights from 'lights.rad'...
53 texlights parsed
Loading w:\programs\steam\steamapps\common\garrysmod\garrysmod\addons\garrysmodmap\maps\gmm_garrymod_map_by_woowz_real_rp_normal.bsp
175 props added to raytrace
17718 faces
1 degenerate faces
576 fake patch planes
1919837 square feet [276456576.00 square inches]
4 Displacements
3259 Square Feet [469401.19 Square Inches]
0...1...2...3...4...5...6...7...8...9...1017717 patches before subdivision
207761 patches after subdivision
CreateDirectLights...
0...1...2...3...4...5...6...7...8...9...10551 lights, 8 styled (0.01 seconds)
0...1...2...3...4...5...6...7...8...9...100...1...2...3...4...5...6...7...8...9...10transfers 24285005, max 1076
transfer lists: 185.3 megs
0...1...2...3...4...5...6...7...8...9...10	Bounce #1 added RGB(1853382, 1436704, 999025)
0...1...2...3...4...5...6...7...8...9...10	Bounce #2 added RGB(511160, 384505, 253563)
0...1...2...3...4...5...6...7...8...9...10	Bounce #3 added RGB(166090, 123566, 78633)
0...1...2...3...4...5...6...7...8...9...10	Bounce #4 added RGB(60562, 44338, 26897)
0...1...2...3...4...5...6...7...8...9...10	Bounce #5 added RGB(23734, 16986, 9760)
0...1...2...3...4...5...6...7...8...9...10	Bounce #6 added RGB(9828, 6827, 3696)
0...1...2...3...4...5...6...7...8...9...10	Bounce #7 added RGB(4235, 2840, 1444)
0...1...2...3...4...5...6...7...8...9...10	Bounce #8 added RGB(1883, 1215, 578)
0...1...2...3...4...5...6...7...8...9...10	Bounce #9 added RGB(857, 531, 236)
0...1...2...3...4...5...6...7...8...9...10	Bounce #10 added RGB(397, 236, 98)
0...1...2...3...4...5...6...7...8...9...10	Bounce #11 added RGB(186, 106, 41)
0...1...2...3...4...5...6...7...8...9...10	Bounce #12 added RGB(88, 48, 17)
0...1...2...3...4...5...6...7...8...9...10	Bounce #13 added RGB(42, 22, 7)
0...1...2...3...4...5...6...7...8...9...10	Bounce #14 added RGB(20, 10, 3)
0...1...2...3...4...5...6...7...8...9...10	Bounce #15 added RGB(10, 5, 1)
0...1...2...3...4...5...6...7...8...9...10	Bounce #16 added RGB(5, 2, 1)
0...1...2...3...4...5...6...7...8...9...10	Bounce #17 added RGB(2, 1, 0)
0...1...2...3...4...5...6...7...8...9...10	Bounce #18 added RGB(1, 0, 0)
0...1...2...3...4...5...6...7...8...9...10	Bounce #19 added RGB(1, 0, 0)
Build Patch/Sample Hash Table(s).....Done<0.0902 sec>
0...1...2...3...4...5...6...7...8...9...10FinalLightFace Done
0...1...2...3...4...5...6...7...8...9...10Setting up leaf ambient computation...
115 of 402 (28% of) surface lights went in leaf ambient cubes.
0...1...2...3...4...5...6...7...8...9...10Writing leaf ambient...done
Ready to Finish

Object names       Objects/Maxobjs  Fullness 
------------       ---------------  -------- 
entities              1365/65536    ( 2.1%) 
models                 166/4096     ( 4.1%) 
brushes               4455/65536    ( 6.8%) 
brushsides           28008/655350   ( 4.3%) 
planes                5190/65536    ( 7.9%) 
vertexes             31249/65536    (47.7%) 
nodes                 5034/65536    ( 7.7%) 
texinfos              1686/32768    ( 5.1%) 
texdata                313/8192     ( 3.8%) 
dispinfos                4/16384    ( 0.0%) 
faces                17718/65536    (27.0%) 
hdr faces            17718/65536    (27.0%) 
origfaces             9207/65536    (14.0%) 
leaves                5201/65536    ( 7.9%) 
leaffaces            21147/65536    (32.3%) 
leafbrushes           9116/65536    (13.9%) 
areas                   91/1024     ( 8.9%) 
surfedges            87178/512000   (17.0%) 
edges                49154/256000   (19.2%) 
leafwaterdata           15/32768    ( 0.0%) 
primitives            2742/32768    ( 8.4%) 
primverts                0/65536    ( 0.0%) 
primindices          42897/65536    (65.5%) 
cubemapsamples           0/1024     ( 0.0%) 
overlays                73/8192     ( 0.9%) 
vertnormalindices    87020/256000   (34.0%) 
visdata             172316/16777216 ( 1.0%) 
entdata             507159/393216   (129.0%) FULL!!!
LDR ambient table     5201/65536    ( 7.9%) 
HDR ambient table     5201/65536    ( 7.9%) 
LDR worldlights            0       
HDR worldlights            551     
LDR lightdata              0       
HDR lightdata              35218024
LDR leaf ambient           5201    
HDR leaf ambient           17402   
occluders                  0       
occluder polygons          0       
occluder vert ind          0       
detail props               1140    
dtl prp lght               4       
HDR dtl prp lght           4       
static props               21826   
pakfile                    128479  
physics                    1450904 
physics terrain            1376    

Level flags = 0

Total triangle count: 51584
Writing w:\programs\steam\steamapps\common\garrysmod\garrysmod\addons\garrysmodmap\maps\gmm_garrymod_map_by_woowz_real_rp_normal.bsp
10 seconds elapsed

==================================================================
Date: 2026-09-29 15:50:23
W:\Programs\Steam\steamapps\common\GarrysMod\bin\win64\vbspplusplus.exe -allowdynamicpropsasstatic -game W:\Programs\Steam\steamapps\common\GarrysMod\garrysmod w:\programs\steam\steamapps\common\garrysmod\garrysmod\addons\garrysmodmap\maps\gmm_garrymod_map_by_woowz_real_rp_normal
==================================================================
16 threads
---------------
gamedir: W:\Programs\Steam\steamapps\common\GarrysMod\garrysmod\
---------------
Loading w:\programs\steam\steamapps\common\garrysmod\garrysmod\addons\garrysmodmap\maps\gmm_garrymod_map_by_woowz_real_rp_normal.vmf
Can't find surfaceprop antlion_eggshell for material NATURE/ROCKWALL_ANTLION03A, using default
Locating GameData file 'garrysmod.fgd'...
Parsing GameData file w:\programs\steam\steamapps\common\garrysmod\bin\garrysmod.fgd
Parsing GameData file w:\programs\steam\steamapps\common\garrysmod\bin\base.fgd
Parsing GameData file w:\programs\steam\steamapps\common\garrysmod\bin\halflife2.fgd
Parsing GameData file w:\programs\steam\steamapps\common\garrysmod\bin\base.fgd
fixing up env_cubemap materials on brush sides...
FloodEntities...
FloodEntities...
Processing areas...done (1)
Building Faces...done (0)
Chop Details...done (0)
Find Visible Detail Sides...
Merged 1016 detail faces...done (0)
Merging details...done (0)
FixTjuncs...
PruneNodes...
WriteBSP...
done (0)
writing w:\programs\steam\steamapps\common\garrysmod\garrysmod\addons\garrysmodmap\maps\gmm_garrymod_map_by_woowz_real_rp_normal.prt...
Building visibility clusters...
done (0)
Generating blank default cubemaps...
Generating blank default cubemaps...
Emitted 4456 brushes and 28014 brushsides
Finding displacement neighbors...
Finding lightmap sample positions...
Building Physics collision data...
done (0) (1451452 bytes)
Emitting static props...
Model "models/props_phx/construct/metal_wire1x2x2b.mdl" is missing $staticprop. Allowing due to -allowdynamicpropsasstatic
Model "models/props_phx/construct/metal_wire_angle360x2.mdl" is missing $staticprop. Allowing due to -allowdynamicpropsasstatic
Placing detail props : 0...1...2...3...4...5...6...7...8...9...10
Water found with no water_lod_control entity, creating a default one.
Compacting texture/material tables...
Reduced 2981 texinfos to 1687
Reduced 346 texdatas to 313 (11037 bytes to 8199)
Writing w:\programs\steam\steamapps\common\garrysmod\garrysmod\addons\garrysmodmap\maps\gmm_garrymod_map_by_woowz_real_rp_normal.bsp
2 seconds elapsed

==================================================================
Date: 2026-09-29 15:50:26
W:\Programs\Steam\steamapps\common\GarrysMod\bin\win64\vvisplusplus.exe -game W:\Programs\Steam\steamapps\common\GarrysMod\garrysmod w:\programs\steam\steamapps\common\garrysmod\garrysmod\addons\garrysmodmap\maps\gmm_garrymod_map_by_woowz_real_rp_normal
==================================================================
16 threads
CPU supports AVX2
reading w:\programs\steam\steamapps\common\garrysmod\garrysmod\addons\garrysmodmap\maps\gmm_garrymod_map_by_woowz_real_rp_normal.bsp
reading w:\programs\steam\steamapps\common\garrysmod\garrysmod\addons\garrysmodmap\maps\gmm_garrymod_map_by_woowz_real_rp_normal.prt
1513 portalclusters
2820 numportals
0...1...2...3...4...5...6...7...8...9...100...1...2...3...4...5...6...7...8...9...10Optimized: 260 visible clusters (0.32%)
Total clusters visible: 80735
Average clusters visible: 53
Building PAS...
Average clusters audible: 200
visdatasize:172316  compressed from 580992
writing w:\programs\steam\steamapps\common\garrysmod\garrysmod\addons\garrysmodmap\maps\gmm_garrymod_map_by_woowz_real_rp_normal.bsp
Wrote ZIP buffer, estimated size 132713, actual size 128479
0 seconds elapsed

==================================================================
Date: 2026-09-29 15:50:26
W:\Programs\Steam\steamapps\common\GarrysMod\bin\win64\vradplusplus.exe -both -final -game W:\Programs\Steam\steamapps\common\GarrysMod\garrysmod w:\programs\steam\steamapps\common\garrysmod\garrysmod\addons\garrysmodmap\maps\gmm_garrymod_map_by_woowz_real_rp_normal
==================================================================
---------------
gamedir: W:\Programs\Steam\steamapps\common\GarrysMod\garrysmod\
---------------
16 threads
Compiling in LDR+HDR mode
Reading texlights from 'lights.rad'...
53 texlights parsed
Loading w:\programs\steam\steamapps\common\garrysmod\garrysmod\addons\garrysmodmap\maps\gmm_garrymod_map_by_woowz_real_rp_normal.bsp
179 props added to raytrace
17719 faces
1 degenerate faces
577 fake patch planes
1919896 square feet [276465152.00 square inches]
4 Displacements
3259 Square Feet [469401.19 Square Inches]
0...1...2...3...4...5...6...7...8...9...1017718 patches before subdivision
207762 patches after subdivision
CreateDirectLights...
0...1...2...3...4...5...6...7...8...9...10551 lights, 8 styled (0.01 seconds)
0...1...2...3...4...5...6...7...8...9...100...1...2...3...4...5...6...7...8...9...10transfers 24283949, max 1076
transfer lists: 185.3 megs
0...1...2...3...4...5...6...7...8...9...10	Bounce #1 added RGB(1853384, 1436704, 999024)
0...1...2...3...4...5...6...7...8...9...10	Bounce #2 added RGB(511161, 384506, 253563)
0...1...2...3...4...5...6...7...8...9...10	Bounce #3 added RGB(166090, 123566, 78633)
0...1...2...3...4...5...6...7...8...9...10	Bounce #4 added RGB(60562, 44338, 26897)
0...1...2...3...4...5...6...7...8...9...10	Bounce #5 added RGB(23734, 16986, 9760)
0...1...2...3...4...5...6...7...8...9...10	Bounce #6 added RGB(9828, 6827, 3696)
0...1...2...3...4...5...6...7...8...9...10	Bounce #7 added RGB(4235, 2840, 1444)
0...1...2...3...4...5...6...7...8...9...10	Bounce #8 added RGB(1883, 1215, 578)
0...1...2...3...4...5...6...7...8...9...10	Bounce #9 added RGB(857, 531, 236)
0...1...2...3...4...5...6...7...8...9...10	Bounce #10 added RGB(397, 236, 98)
0...1...2...3...4...5...6...7...8...9...10	Bounce #11 added RGB(186, 106, 41)
0...1...2...3...4...5...6...7...8...9...10	Bounce #12 added RGB(88, 48, 17)
0...1...2...3...4...5...6...7...8...9...10	Bounce #13 added RGB(42, 22, 7)
0...1...2...3...4...5...6...7...8...9...10	Bounce #14 added RGB(20, 10, 3)
0...1...2...3...4...5...6...7...8...9...10	Bounce #15 added RGB(10, 5, 1)
0...1...2...3...4...5...6...7...8...9...10	Bounce #16 added RGB(5, 2, 1)
0...1...2...3...4...5...6...7...8...9...10	Bounce #17 added RGB(2, 1, 0)
0...1...2...3...4...5...6...7...8...9...10	Bounce #18 added RGB(1, 0, 0)
0...1...2...3...4...5...6...7...8...9...10	Bounce #19 added RGB(1, 0, 0)
Build Patch/Sample Hash Table(s).....Done<0.0909 sec>
0...1...2...3...4...5...6...7...8...9...10FinalLightFace Done
0...1...2...3...4...5...6...7...8...9...10Setting up leaf ambient computation...
115 of 402 (28% of) surface lights went in leaf ambient cubes.
0...1...2...3...4...5...6...7...8...9...10Writing leaf ambient...done
Ready to Finish

Object names       Objects/Maxobjs  Fullness 
------------       ---------------  -------- 
entities              1366/65536    ( 2.1%) 
models                 167/4096     ( 4.1%) 
brushes               4456/65536    ( 6.8%) 
brushsides           28014/655350   ( 4.3%) 
planes                5206/65536    ( 7.9%) 
vertexes             31257/65536    (47.7%) 
nodes                 5040/65536    ( 7.7%) 
texinfos              1687/32768    ( 5.1%) 
texdata                313/8192     ( 3.8%) 
dispinfos                4/16384    ( 0.0%) 
faces                17719/65536    (27.0%) 
hdr faces            17719/65536    (27.0%) 
origfaces             9208/65536    (14.1%) 
leaves                5208/65536    ( 7.9%) 
leaffaces            21148/65536    (32.3%) 
leafbrushes           9117/65536    (13.9%) 
areas                   91/1024     ( 8.9%) 
surfedges            87183/512000   (17.0%) 
edges                49159/256000   (19.2%) 
leafwaterdata           15/32768    ( 0.0%) 
primitives            2742/32768    ( 8.4%) 
primverts                0/65536    ( 0.0%) 
primindices          42897/65536    (65.5%) 
cubemapsamples           0/1024     ( 0.0%) 
overlays                73/8192     ( 0.9%) 
vertnormalindices    87024/256000   (34.0%) 
visdata             172316/16777216 ( 1.0%) 
entdata             507577/393216   (129.1%) FULL!!!
LDR ambient table     5208/65536    ( 7.9%) 
HDR ambient table     5208/65536    ( 7.9%) 
LDR worldlights            0       
HDR worldlights            551     
LDR lightdata              0       
HDR lightdata              35218024
LDR leaf ambient           5208    
HDR leaf ambient           17408   
occluders                  0       
occluder polygons          0       
occluder vert ind          0       
detail props               1140    
dtl prp lght               4       
HDR dtl prp lght           4       
static props               22250   
pakfile                    128479  
physics                    1451452 
physics terrain            1376    

Level flags = 0

Total triangle count: 51586
Writing w:\programs\steam\steamapps\common\garrysmod\garrysmod\addons\garrysmodmap\maps\gmm_garrymod_map_by_woowz_real_rp_normal.bsp
10 seconds elapsed

==================================================================
Date: 2026-09-29 15:55:56
W:\Programs\Steam\steamapps\common\GarrysMod\bin\win64\vbspplusplus.exe -allowdynamicpropsasstatic -game W:\Programs\Steam\steamapps\common\GarrysMod\garrysmod w:\programs\steam\steamapps\common\garrysmod\garrysmod\addons\garrysmodmap\maps\gmm_garrymod_map_by_woowz_real_rp_normal
==================================================================
16 threads
---------------
gamedir: W:\Programs\Steam\steamapps\common\GarrysMod\garrysmod\
---------------
Loading w:\programs\steam\steamapps\common\garrysmod\garrysmod\addons\garrysmodmap\maps\gmm_garrymod_map_by_woowz_real_rp_normal.vmf
Can't find surfaceprop antlion_eggshell for material NATURE/ROCKWALL_ANTLION03A, using default
Locating GameData file 'garrysmod.fgd'...
Parsing GameData file w:\programs\steam\steamapps\common\garrysmod\bin\garrysmod.fgd
Parsing GameData file w:\programs\steam\steamapps\common\garrysmod\bin\base.fgd
Parsing GameData file w:\programs\steam\steamapps\common\garrysmod\bin\halflife2.fgd
Parsing GameData file w:\programs\steam\steamapps\common\garrysmod\bin\base.fgd
fixing up env_cubemap materials on brush sides...
FloodEntities...
FloodEntities...
Processing areas...done (0)
Building Faces...done (1)
Chop Details...done (0)
Find Visible Detail Sides...
Merged 1016 detail faces...done (0)
Merging details...done (0)
FixTjuncs...
PruneNodes...
WriteBSP...
done (0)
writing w:\programs\steam\steamapps\common\garrysmod\garrysmod\addons\garrysmodmap\maps\gmm_garrymod_map_by_woowz_real_rp_normal.prt...
Building visibility clusters...
done (0)
Generating blank default cubemaps...
Generating blank default cubemaps...
Emitted 4456 brushes and 28014 brushsides
Finding displacement neighbors...
Finding lightmap sample positions...
Building Physics collision data...
done (0) (1451452 bytes)
Emitting static props...
Model "models/props_phx/construct/metal_wire1x2x2b.mdl" is missing $staticprop. Allowing due to -allowdynamicpropsasstatic
Model "models/props_phx/construct/metal_wire_angle360x2.mdl" is missing $staticprop. Allowing due to -allowdynamicpropsasstatic
Placing detail props : 0...1...2...3...4...5...6...7...8...9...10
Water found with no water_lod_control entity, creating a default one.
Compacting texture/material tables...
Reduced 2985 texinfos to 1687
Reduced 346 texdatas to 313 (11037 bytes to 8199)
Writing w:\programs\steam\steamapps\common\garrysmod\garrysmod\addons\garrysmodmap\maps\gmm_garrymod_map_by_woowz_real_rp_normal.bsp
2 seconds elapsed

==================================================================
Date: 2026-09-29 15:55:59
W:\Programs\Steam\steamapps\common\GarrysMod\bin\win64\vvisplusplus.exe -game W:\Programs\Steam\steamapps\common\GarrysMod\garrysmod w:\programs\steam\steamapps\common\garrysmod\garrysmod\addons\garrysmodmap\maps\gmm_garrymod_map_by_woowz_real_rp_normal
==================================================================
16 threads
CPU supports AVX2
reading w:\programs\steam\steamapps\common\garrysmod\garrysmod\addons\garrysmodmap\maps\gmm_garrymod_map_by_woowz_real_rp_normal.bsp
reading w:\programs\steam\steamapps\common\garrysmod\garrysmod\addons\garrysmodmap\maps\gmm_garrymod_map_by_woowz_real_rp_normal.prt
1521 portalclusters
2834 numportals
0...1...2...3...4...5...6...7...8...9...100...1...2...3...4...5...6...7...8...9...10Optimized: 260 visible clusters (0.32%)
Total clusters visible: 81417
Average clusters visible: 53
Building PAS...
Average clusters audible: 201
visdatasize:174302  compressed from 584064
writing w:\programs\steam\steamapps\common\garrysmod\garrysmod\addons\garrysmodmap\maps\gmm_garrymod_map_by_woowz_real_rp_normal.bsp
Wrote ZIP buffer, estimated size 132713, actual size 128479
0 seconds elapsed

==================================================================
Date: 2026-09-29 15:55:59
W:\Programs\Steam\steamapps\common\GarrysMod\bin\win64\vradplusplus.exe -both -final -game W:\Programs\Steam\steamapps\common\GarrysMod\garrysmod w:\programs\steam\steamapps\common\garrysmod\garrysmod\addons\garrysmodmap\maps\gmm_garrymod_map_by_woowz_real_rp_normal
==================================================================
---------------
gamedir: W:\Programs\Steam\steamapps\common\GarrysMod\garrysmod\
---------------
16 threads
Compiling in LDR+HDR mode
Reading texlights from 'lights.rad'...
53 texlights parsed
Loading w:\programs\steam\steamapps\common\garrysmod\garrysmod\addons\garrysmodmap\maps\gmm_garrymod_map_by_woowz_real_rp_normal.bsp
179 props added to raytrace
17750 faces
1 degenerate faces
577 fake patch planes
1919902 square feet [276465920.00 square inches]
4 Displacements
3259 Square Feet [469401.19 Square Inches]
0...1...2...3...4...5...6...7...8...9...1017749 patches before subdivision
207831 patches after subdivision
CreateDirectLights...
0...1...2...3...4...5...6...7...8...9...10551 lights, 8 styled (0.01 seconds)
0...1...2...3...4...5...6...7...8...9...100...1...2...3...4...5...6...7...8...9...10transfers 24290711, max 1076
transfer lists: 185.3 megs
0...1...2...3...4...5...6...7...8...9...10	Bounce #1 added RGB(1853310, 1436555, 998885)
0...1...2...3...4...5...6...7...8...9...10	Bounce #2 added RGB(511163, 384506, 253562)
0...1...2...3...4...5...6...7...8...9...10	Bounce #3 added RGB(166086, 123553, 78623)
0...1...2...3...4...5...6...7...8...9...10	Bounce #4 added RGB(60561, 44333, 26894)
0...1...2...3...4...5...6...7...8...9...10	Bounce #5 added RGB(23733, 16983, 9759)
0...1...2...3...4...5...6...7...8...9...10	Bounce #6 added RGB(9828, 6826, 3695)
0...1...2...3...4...5...6...7...8...9...10	Bounce #7 added RGB(4235, 2840, 1444)
0...1...2...3...4...5...6...7...8...9...10	Bounce #8 added RGB(1883, 1215, 578)
0...1...2...3...4...5...6...7...8...9...10	Bounce #9 added RGB(857, 530, 236)
0...1...2...3...4...5...6...7...8...9...10	Bounce #10 added RGB(397, 235, 98)
0...1...2...3...4...5...6...7...8...9...10	Bounce #11 added RGB(186, 106, 41)
0...1...2...3...4...5...6...7...8...9...10	Bounce #12 added RGB(88, 48, 17)
0...1...2...3...4...5...6...7...8...9...10	Bounce #13 added RGB(42, 22, 7)
0...1...2...3...4...5...6...7...8...9...10	Bounce #14 added RGB(20, 10, 3)
0...1...2...3...4...5...6...7...8...9...10	Bounce #15 added RGB(10, 5, 1)
0...1...2...3...4...5...6...7...8...9...10	Bounce #16 added RGB(5, 2, 1)
0...1...2...3...4...5...6...7...8...9...10	Bounce #17 added RGB(2, 1, 0)
0...1...2...3...4...5...6...7...8...9...10	Bounce #18 added RGB(1, 0, 0)
0...1...2...3...4...5...6...7...8...9...10	Bounce #19 added RGB(1, 0, 0)
Build Patch/Sample Hash Table(s).....Done<0.0914 sec>
0...1...2...3...4...5...6...7...8...9...10FinalLightFace Done
0...1...2...3...4...5...6...7...8...9...10Setting up leaf ambient computation...
115 of 402 (28% of) surface lights went in leaf ambient cubes.
0...1...2...3...4...5...6...7...8...9...10Writing leaf ambient...done
Ready to Finish

Object names       Objects/Maxobjs  Fullness 
------------       ---------------  -------- 
entities              1366/65536    ( 2.1%) 
models                 167/4096     ( 4.1%) 
brushes               4456/65536    ( 6.8%) 
brushsides           28014/655350   ( 4.3%) 
planes                5210/65536    ( 7.9%) 
vertexes             31285/65536    (47.7%) 
nodes                 5060/65536    ( 7.7%) 
texinfos              1687/32768    ( 5.1%) 
texdata                313/8192     ( 3.8%) 
dispinfos                4/16384    ( 0.0%) 
faces                17750/65536    (27.1%) 
hdr faces            17750/65536    (27.1%) 
origfaces             9203/65536    (14.0%) 
leaves                5228/65536    ( 8.0%) 
leaffaces            21181/65536    (32.3%) 
leafbrushes           9152/65536    (14.0%) 
areas                   91/1024     ( 8.9%) 
surfedges            87303/512000   (17.1%) 
edges                49223/256000   (19.2%) 
leafwaterdata           15/32768    ( 0.0%) 
primitives            2747/32768    ( 8.4%) 
primverts                0/65536    ( 0.0%) 
primindices          42963/65536    (65.6%) 
cubemapsamples           0/1024     ( 0.0%) 
overlays                73/8192     ( 0.9%) 
vertnormalindices    87144/256000   (34.0%) 
visdata             174302/16777216 ( 1.0%) 
entdata             507675/393216   (129.1%) FULL!!!
LDR ambient table     5228/65536    ( 8.0%) 
HDR ambient table     5228/65536    ( 8.0%) 
LDR worldlights            0       
HDR worldlights            551     
LDR lightdata              0       
HDR lightdata              35234228
LDR leaf ambient           5228    
HDR leaf ambient           17471   
occluders                  0       
occluder polygons          0       
occluder vert ind          0       
detail props               1140    
dtl prp lght               4       
HDR dtl prp lght           4       
static props               22254   
pakfile                    128479  
physics                    1451452 
physics terrain            1376    

Level flags = 0

Total triangle count: 51644
Writing w:\programs\steam\steamapps\common\garrysmod\garrysmod\addons\garrysmodmap\maps\gmm_garrymod_map_by_woowz_real_rp_normal.bsp
10 seconds elapsed

==================================================================
Date: 2026-09-29 16:03:14
W:\Programs\Steam\steamapps\common\GarrysMod\bin\win64\vbspplusplus.exe -allowdynamicpropsasstatic -game W:\Programs\Steam\steamapps\common\GarrysMod\garrysmod w:\programs\steam\steamapps\common\garrysmod\garrysmod\addons\garrysmodmap\maps\gmm_garrymod_map_by_woowz_real_rp_normal
==================================================================
16 threads
---------------
gamedir: W:\Programs\Steam\steamapps\common\GarrysMod\garrysmod\
---------------
Loading w:\programs\steam\steamapps\common\garrysmod\garrysmod\addons\garrysmodmap\maps\gmm_garrymod_map_by_woowz_real_rp_normal.vmf
Can't find surfaceprop antlion_eggshell for material NATURE/ROCKWALL_ANTLION03A, using default
Locating GameData file 'garrysmod.fgd'...
Parsing GameData file w:\programs\steam\steamapps\common\garrysmod\bin\garrysmod.fgd
Parsing GameData file w:\programs\steam\steamapps\common\garrysmod\bin\base.fgd
Parsing GameData file w:\programs\steam\steamapps\common\garrysmod\bin\halflife2.fgd
Parsing GameData file w:\programs\steam\steamapps\common\garrysmod\bin\base.fgd
fixing up env_cubemap materials on brush sides...
FloodEntities...
FloodEntities...
Processing areas...done (0)
Building Faces...done (1)
Chop Details...done (0)
Find Visible Detail Sides...
Merged 1016 detail faces...done (0)
Merging details...done (0)
FixTjuncs...
PruneNodes...
WriteBSP...
done (0)
writing w:\programs\steam\steamapps\common\garrysmod\garrysmod\addons\garrysmodmap\maps\gmm_garrymod_map_by_woowz_real_rp_normal.prt...
Building visibility clusters...
done (0)
Generating blank default cubemaps...
Generating blank default cubemaps...
Emitted 4451 brushes and 27984 brushsides
Finding displacement neighbors...
Finding lightmap sample positions...
Building Physics collision data...
done (0) (1450348 bytes)
Emitting static props...
Model "models/props_phx/construct/metal_wire1x2x2b.mdl" is missing $staticprop. Allowing due to -allowdynamicpropsasstatic
Model "models/props_phx/construct/metal_wire_angle360x2.mdl" is missing $staticprop. Allowing due to -allowdynamicpropsasstatic
Placing detail props : 0...1...2...3...4...5...6...7...8...9...10
Water found with no water_lod_control entity, creating a default one.
Compacting texture/material tables...
Reduced 2969 texinfos to 1681
Reduced 345 texdatas to 312 (11009 bytes to 8171)
Writing w:\programs\steam\steamapps\common\garrysmod\garrysmod\addons\garrysmodmap\maps\gmm_garrymod_map_by_woowz_real_rp_normal.bsp
2 seconds elapsed

==================================================================
Date: 2026-09-29 16:03:16
W:\Programs\Steam\steamapps\common\GarrysMod\bin\win64\vvisplusplus.exe -game W:\Programs\Steam\steamapps\common\GarrysMod\garrysmod w:\programs\steam\steamapps\common\garrysmod\garrysmod\addons\garrysmodmap\maps\gmm_garrymod_map_by_woowz_real_rp_normal
==================================================================
16 threads
CPU supports AVX2
reading w:\programs\steam\steamapps\common\garrysmod\garrysmod\addons\garrysmodmap\maps\gmm_garrymod_map_by_woowz_real_rp_normal.bsp
reading w:\programs\steam\steamapps\common\garrysmod\garrysmod\addons\garrysmodmap\maps\gmm_garrymod_map_by_woowz_real_rp_normal.prt
1518 portalclusters
2831 numportals
0...1...2...3...4...5...6...7...8...9...100...1...2...3...4...5...6...7...8...9...10Optimized: 264 visible clusters (0.32%)
Total clusters visible: 81266
Average clusters visible: 53
Building PAS...
Average clusters audible: 201
visdatasize:173520  compressed from 582912
writing w:\programs\steam\steamapps\common\garrysmod\garrysmod\addons\garrysmodmap\maps\gmm_garrymod_map_by_woowz_real_rp_normal.bsp
Wrote ZIP buffer, estimated size 132713, actual size 128479
0 seconds elapsed

==================================================================
Date: 2026-09-29 16:03:16
W:\Programs\Steam\steamapps\common\GarrysMod\bin\win64\vradplusplus.exe -both -final -game W:\Programs\Steam\steamapps\common\GarrysMod\garrysmod w:\programs\steam\steamapps\common\garrysmod\garrysmod\addons\garrysmodmap\maps\gmm_garrymod_map_by_woowz_real_rp_normal
==================================================================
---------------
gamedir: W:\Programs\Steam\steamapps\common\GarrysMod\garrysmod\
---------------
16 threads
Compiling in LDR+HDR mode
Reading texlights from 'lights.rad'...
53 texlights parsed
Loading w:\programs\steam\steamapps\common\garrysmod\garrysmod\addons\garrysmodmap\maps\gmm_garrymod_map_by_woowz_real_rp_normal.bsp
179 props added to raytrace
17720 faces
1 degenerate faces
565 fake patch planes
1919729 square feet [276441088.00 square inches]
4 Displacements
3259 Square Feet [469401.19 Square Inches]
0...1...2...3...4...5...6...7...8...9...1017719 patches before subdivision
207757 patches after subdivision
CreateDirectLights...
0...1...2...3...4...5...6...7...8...9...10551 lights, 8 styled (0.01 seconds)
0...1...2...3...4...5...6...7...8...9...100...1...2...3...4...5...6...7...8...9...10transfers 24286875, max 1076
transfer lists: 185.3 megs
0...1...2...3...4...5...6...7...8...9...10	Bounce #1 added RGB(1853293, 1436543, 998880)
0...1...2...3...4...5...6...7...8...9...10	Bounce #2 added RGB(511154, 384500, 253560)
0...1...2...3...4...5...6...7...8...9...10	Bounce #3 added RGB(166083, 123551, 78623)
0...1...2...3...4...5...6...7...8...9...10	Bounce #4 added RGB(60560, 44332, 26894)
0...1...2...3...4...5...6...7...8...9...10	Bounce #5 added RGB(23733, 16983, 9759)
0...1...2...3...4...5...6...7...8...9...10	Bounce #6 added RGB(9828, 6826, 3695)
0...1...2...3...4...5...6...7...8...9...10	Bounce #7 added RGB(4235, 2840, 1444)
0...1...2...3...4...5...6...7...8...9...10	Bounce #8 added RGB(1883, 1215, 578)
0...1...2...3...4...5...6...7...8...9...10	Bounce #9 added RGB(857, 530, 236)
0...1...2...3...4...5...6...7...8...9...10	Bounce #10 added RGB(397, 235, 98)
0...1...2...3...4...5...6...7...8...9...10	Bounce #11 added RGB(186, 106, 41)
0...1...2...3...4...5...6...7...8...9...10	Bounce #12 added RGB(88, 48, 17)
0...1...2...3...4...5...6...7...8...9...10	Bounce #13 added RGB(42, 22, 7)
0...1...2...3...4...5...6...7...8...9...10	Bounce #14 added RGB(20, 10, 3)
0...1...2...3...4...5...6...7...8...9...10	Bounce #15 added RGB(10, 5, 1)
0...1...2...3...4...5...6...7...8...9...10	Bounce #16 added RGB(5, 2, 1)
0...1...2...3...4...5...6...7...8...9...10	Bounce #17 added RGB(2, 1, 0)
0...1...2...3...4...5...6...7...8...9...10	Bounce #18 added RGB(1, 0, 0)
0...1...2...3...4...5...6...7...8...9...10	Bounce #19 added RGB(1, 0, 0)
Build Patch/Sample Hash Table(s).....Done<0.0888 sec>
0...1...2...3...4...5...6...7...8...9...10FinalLightFace Done
0...1...2...3...4...5...6...7...8...9...10Setting up leaf ambient computation...
115 of 402 (28% of) surface lights went in leaf ambient cubes.
0...1...2...3...4...5...6...7...8...9...10Writing leaf ambient...done
Ready to Finish

Object names       Objects/Maxobjs  Fullness 
------------       ---------------  -------- 
entities              1362/65536    ( 2.1%) 
models                 165/4096     ( 4.0%) 
brushes               4451/65536    ( 6.8%) 
brushsides           27984/655350   ( 4.3%) 
planes                5196/65536    ( 7.9%) 
vertexes             31253/65536    (47.7%) 
nodes                 5046/65536    ( 7.7%) 
texinfos              1681/32768    ( 5.1%) 
texdata                312/8192     ( 3.8%) 
dispinfos                4/16384    ( 0.0%) 
faces                17720/65536    (27.0%) 
hdr faces            17720/65536    (27.0%) 
origfaces             9191/65536    (14.0%) 
leaves                5212/65536    ( 8.0%) 
leaffaces            21144/65536    (32.3%) 
leafbrushes           9139/65536    (13.9%) 
areas                   89/1024     ( 8.7%) 
surfedges            87183/512000   (17.0%) 
edges                49141/256000   (19.2%) 
leafwaterdata           15/32768    ( 0.0%) 
primitives            2747/32768    ( 8.4%) 
primverts                0/65536    ( 0.0%) 
primindices          42987/65536    (65.6%) 
cubemapsamples           0/1024     ( 0.0%) 
overlays                73/8192     ( 0.9%) 
vertnormalindices    87026/256000   (34.0%) 
visdata             173520/16777216 ( 1.0%) 
entdata             506292/393216   (128.8%) FULL!!!
LDR ambient table     5212/65536    ( 8.0%) 
HDR ambient table     5212/65536    ( 8.0%) 
LDR worldlights            0       
HDR worldlights            551     
LDR lightdata              0       
HDR lightdata              35227460
LDR leaf ambient           5212    
HDR leaf ambient           17456   
occluders                  0       
occluder polygons          0       
occluder vert ind          0       
detail props               1140    
dtl prp lght               4       
HDR dtl prp lght           4       
static props               22254   
pakfile                    128479  
physics                    1450348 
physics terrain            1376    

Level flags = 0

Total triangle count: 51586
Writing w:\programs\steam\steamapps\common\garrysmod\garrysmod\addons\garrysmodmap\maps\gmm_garrymod_map_by_woowz_real_rp_normal.bsp
9 seconds elapsed

==================================================================
Date: 2026-09-29 16:06:02
W:\Programs\Steam\steamapps\common\GarrysMod\bin\win64\vbspplusplus.exe -allowdynamicpropsasstatic -game W:\Programs\Steam\steamapps\common\GarrysMod\garrysmod w:\programs\steam\steamapps\common\garrysmod\garrysmod\addons\garrysmodmap\maps\gmm_garrymod_map_by_woowz_real_rp_normal
==================================================================
16 threads
---------------
gamedir: W:\Programs\Steam\steamapps\common\GarrysMod\garrysmod\
---------------
Loading w:\programs\steam\steamapps\common\garrysmod\garrysmod\addons\garrysmodmap\maps\gmm_garrymod_map_by_woowz_real_rp_normal.vmf
Can't find surfaceprop antlion_eggshell for material NATURE/ROCKWALL_ANTLION03A, using default
Locating GameData file 'garrysmod.fgd'...
Parsing GameData file w:\programs\steam\steamapps\common\garrysmod\bin\garrysmod.fgd
Parsing GameData file w:\programs\steam\steamapps\common\garrysmod\bin\base.fgd
Parsing GameData file w:\programs\steam\steamapps\common\garrysmod\bin\halflife2.fgd
Parsing GameData file w:\programs\steam\steamapps\common\garrysmod\bin\base.fgd
fixing up env_cubemap materials on brush sides...
FloodEntities...
FloodEntities...
Processing areas...done (0)
Building Faces...done (0)
Chop Details...done (0)
Find Visible Detail Sides...
Merged 1016 detail faces...done (0)
Merging details...done (0)
FixTjuncs...
PruneNodes...
WriteBSP...
done (0)
writing w:\programs\steam\steamapps\common\garrysmod\garrysmod\addons\garrysmodmap\maps\gmm_garrymod_map_by_woowz_real_rp_normal.prt...
Building visibility clusters...
done (0)
Generating blank default cubemaps...
Generating blank default cubemaps...
Emitted 4456 brushes and 28014 brushsides
Finding displacement neighbors...
Finding lightmap sample positions...
Building Physics collision data...
done (0) (1451452 bytes)
Emitting static props...
Model "models/props_phx/construct/metal_wire1x2x2b.mdl" is missing $staticprop. Allowing due to -allowdynamicpropsasstatic
Model "models/props_phx/construct/metal_wire_angle360x2.mdl" is missing $staticprop. Allowing due to -allowdynamicpropsasstatic
Placing detail props : 0...1...2...3...4...5...6...7...8...9...10
Water found with no water_lod_control entity, creating a default one.
Compacting texture/material tables...
Reduced 2987 texinfos to 1687
Reduced 346 texdatas to 313 (11037 bytes to 8199)
Writing w:\programs\steam\steamapps\common\garrysmod\garrysmod\addons\garrysmodmap\maps\gmm_garrymod_map_by_woowz_real_rp_normal.bsp
2 seconds elapsed

==================================================================
Date: 2026-09-29 16:06:04
W:\Programs\Steam\steamapps\common\GarrysMod\bin\win64\vvisplusplus.exe -game W:\Programs\Steam\steamapps\common\GarrysMod\garrysmod w:\programs\steam\steamapps\common\garrysmod\garrysmod\addons\garrysmodmap\maps\gmm_garrymod_map_by_woowz_real_rp_normal
==================================================================
16 threads
CPU supports AVX2
reading w:\programs\steam\steamapps\common\garrysmod\garrysmod\addons\garrysmodmap\maps\gmm_garrymod_map_by_woowz_real_rp_normal.bsp
reading w:\programs\steam\steamapps\common\garrysmod\garrysmod\addons\garrysmodmap\maps\gmm_garrymod_map_by_woowz_real_rp_normal.prt
1517 portalclusters
2830 numportals
0...1...2...3...4...5...6...7...8...9...100...1...2...3...4...5...6...7...8...9...10Optimized: 262 visible clusters (0.32%)
Total clusters visible: 81199
Average clusters visible: 53
Building PAS...
Average clusters audible: 201
visdatasize:172577  compressed from 582528
writing w:\programs\steam\steamapps\common\garrysmod\garrysmod\addons\garrysmodmap\maps\gmm_garrymod_map_by_woowz_real_rp_normal.bsp
Wrote ZIP buffer, estimated size 132713, actual size 128479
0 seconds elapsed

==================================================================
Date: 2026-09-29 16:06:05
W:\Programs\Steam\steamapps\common\GarrysMod\bin\win64\vradplusplus.exe -both -final -game W:\Programs\Steam\steamapps\common\GarrysMod\garrysmod w:\programs\steam\steamapps\common\garrysmod\garrysmod\addons\garrysmodmap\maps\gmm_garrymod_map_by_woowz_real_rp_normal
==================================================================
---------------
gamedir: W:\Programs\Steam\steamapps\common\GarrysMod\garrysmod\
---------------
16 threads
Compiling in LDR+HDR mode
Reading texlights from 'lights.rad'...
53 texlights parsed
Loading w:\programs\steam\steamapps\common\garrysmod\garrysmod\addons\garrysmodmap\maps\gmm_garrymod_map_by_woowz_real_rp_normal.bsp
179 props added to raytrace
17730 faces
1 degenerate faces
577 fake patch planes
1919902 square feet [276465920.00 square inches]
4 Displacements
3259 Square Feet [469401.19 Square Inches]
0...1...2...3...4...5...6...7...8...9...1017729 patches before subdivision
207779 patches after subdivision
CreateDirectLights...
0...1...2...3...4...5...6...7...8...9...10552 lights, 8 styled (0.01 seconds)
0...1...2...3...4...5...6...7...8...9...100...1...2...3...4...5...6...7...8...9...10transfers 24278577, max 1076
transfer lists: 185.2 megs
0...1...2...3...4...5...6...7...8...9...10	Bounce #1 added RGB(1854693, 1437609, 999430)
0...1...2...3...4...5...6...7...8...9...10	Bounce #2 added RGB(511666, 384842, 253699)
0...1...2...3...4...5...6...7...8...9...10	Bounce #3 added RGB(166247, 123644, 78650)
0...1...2...3...4...5...6...7...8...9...10	Bounce #4 added RGB(60617, 44361, 26900)
0...1...2...3...4...5...6...7...8...9...10	Bounce #5 added RGB(23752, 16991, 9760)
0...1...2...3...4...5...6...7...8...9...10	Bounce #6 added RGB(9834, 6828, 3696)
0...1...2...3...4...5...6...7...8...9...10	Bounce #7 added RGB(4237, 2840, 1444)
0...1...2...3...4...5...6...7...8...9...10	Bounce #8 added RGB(1884, 1215, 578)
0...1...2...3...4...5...6...7...8...9...10	Bounce #9 added RGB(857, 531, 236)
0...1...2...3...4...5...6...7...8...9...10	Bounce #10 added RGB(397, 236, 98)
0...1...2...3...4...5...6...7...8...9...10	Bounce #11 added RGB(186, 106, 41)
0...1...2...3...4...5...6...7...8...9...10	Bounce #12 added RGB(88, 48, 17)
0...1...2...3...4...5...6...7...8...9...10	Bounce #13 added RGB(42, 22, 7)
0...1...2...3...4...5...6...7...8...9...10	Bounce #14 added RGB(20, 10, 3)
0...1...2...3...4...5...6...7...8...9...10	Bounce #15 added RGB(10, 5, 1)
0...1...2...3...4...5...6...7...8...9...10	Bounce #16 added RGB(5, 2, 1)
0...1...2...3...4...5...6...7...8...9...10	Bounce #17 added RGB(2, 1, 0)
0...1...2...3...4...5...6...7...8...9...10	Bounce #18 added RGB(1, 0, 0)
0...1...2...3...4...5...6...7...8...9...10	Bounce #19 added RGB(1, 0, 0)
Build Patch/Sample Hash Table(s).....Done<0.0886 sec>
0...1...2...3...4...5...6...7...8...9...10FinalLightFace Done
0...1...2...3...4...5...6...7...8...9...10Setting up leaf ambient computation...
115 of 402 (28% of) surface lights went in leaf ambient cubes.
0...1...2...3...4...5...6...7...8...9...10Writing leaf ambient...done
Ready to Finish

Object names       Objects/Maxobjs  Fullness 
------------       ---------------  -------- 
entities              1365/65536    ( 2.1%) 
models                 167/4096     ( 4.1%) 
brushes               4456/65536    ( 6.8%) 
brushsides           28014/655350   ( 4.3%) 
planes                5210/65536    ( 7.9%) 
vertexes             31281/65536    (47.7%) 
nodes                 5055/65536    ( 7.7%) 
texinfos              1687/32768    ( 5.1%) 
texdata                313/8192     ( 3.8%) 
dispinfos                4/16384    ( 0.0%) 
faces                17730/65536    (27.1%) 
hdr faces            17730/65536    (27.1%) 
origfaces             9203/65536    (14.0%) 
leaves                5223/65536    ( 8.0%) 
leaffaces            21149/65536    (32.3%) 
leafbrushes           9138/65536    (13.9%) 
areas                   89/1024     ( 8.7%) 
surfedges            87247/512000   (17.0%) 
edges                49179/256000   (19.2%) 
leafwaterdata           15/32768    ( 0.0%) 
primitives            2753/32768    ( 8.4%) 
primverts                0/65536    ( 0.0%) 
primindices          43089/65536    (65.7%) 
cubemapsamples           0/1024     ( 0.0%) 
overlays                73/8192     ( 0.9%) 
vertnormalindices    87088/256000   (34.0%) 
visdata             172577/16777216 ( 1.0%) 
entdata             507757/393216   (129.1%) FULL!!!
LDR ambient table     5223/65536    ( 8.0%) 
HDR ambient table     5223/65536    ( 8.0%) 
LDR worldlights            0       
HDR worldlights            552     
LDR lightdata              0       
HDR lightdata              35230340
LDR leaf ambient           5223    
HDR leaf ambient           17518   
occluders                  0       
occluder polygons          0       
occluder vert ind          0       
detail props               1140    
dtl prp lght               4       
HDR dtl prp lght           4       
static props               22328   
pakfile                    128479  
physics                    1451452 
physics terrain            1376    

Level flags = 0

Total triangle count: 51628
Writing w:\programs\steam\steamapps\common\garrysmod\garrysmod\addons\garrysmodmap\maps\gmm_garrymod_map_by_woowz_real_rp_normal.bsp
9 seconds elapsed

==================================================================
Date: 2026-09-29 16:09:40
W:\Programs\Steam\steamapps\common\GarrysMod\bin\win64\vbspplusplus.exe -allowdynamicpropsasstatic -game W:\Programs\Steam\steamapps\common\GarrysMod\garrysmod w:\programs\steam\steamapps\common\garrysmod\garrysmod\addons\garrysmodmap\maps\gmm_garrymod_map_by_woowz_real_rp_normal
==================================================================
16 threads
---------------
gamedir: W:\Programs\Steam\steamapps\common\GarrysMod\garrysmod\
---------------
Loading w:\programs\steam\steamapps\common\garrysmod\garrysmod\addons\garrysmodmap\maps\gmm_garrymod_map_by_woowz_real_rp_normal.vmf
Can't find surfaceprop antlion_eggshell for material NATURE/ROCKWALL_ANTLION03A, using default
Locating GameData file 'garrysmod.fgd'...
Parsing GameData file w:\programs\steam\steamapps\common\garrysmod\bin\garrysmod.fgd
Parsing GameData file w:\programs\steam\steamapps\common\garrysmod\bin\base.fgd
Parsing GameData file w:\programs\steam\steamapps\common\garrysmod\bin\halflife2.fgd
Parsing GameData file w:\programs\steam\steamapps\common\garrysmod\bin\base.fgd
fixing up env_cubemap materials on brush sides...
FloodEntities...
FloodEntities...
Processing areas...Brush 213780: areaportal brush doesn't touch two areas
Wrote w:\programs\steam\steamapps\common\garrysmod\garrysmod\addons\garrysmodmap\maps\gmm_garrymod_map_by_woowz_real_rp_normal.lin
Areaportal leak ! File: w:\programs\steam\steamapps\common\garrysmod\garrysmod\addons\garrysmodmap\maps\gmm_garrymod_map_by_woowz_real_rp_normal.lin 
--- AREAPORTAL LEAKED ---

==================================================================
Date: 2026-09-29 16:11:27
W:\Programs\Steam\steamapps\common\GarrysMod\bin\win64\vbspplusplus.exe -allowdynamicpropsasstatic -game W:\Programs\Steam\steamapps\common\GarrysMod\garrysmod w:\programs\steam\steamapps\common\garrysmod\garrysmod\addons\garrysmodmap\maps\gmm_garrymod_map_by_woowz_real_rp_normal
==================================================================
16 threads
---------------
gamedir: W:\Programs\Steam\steamapps\common\GarrysMod\garrysmod\
---------------
Loading w:\programs\steam\steamapps\common\garrysmod\garrysmod\addons\garrysmodmap\maps\gmm_garrymod_map_by_woowz_real_rp_normal.vmf
Can't find surfaceprop antlion_eggshell for material NATURE/ROCKWALL_ANTLION03A, using default
Locating GameData file 'garrysmod.fgd'...
Parsing GameData file w:\programs\steam\steamapps\common\garrysmod\bin\garrysmod.fgd
Parsing GameData file w:\programs\steam\steamapps\common\garrysmod\bin\base.fgd
Parsing GameData file w:\programs\steam\steamapps\common\garrysmod\bin\halflife2.fgd
Parsing GameData file w:\programs\steam\steamapps\common\garrysmod\bin\base.fgd
fixing up env_cubemap materials on brush sides...
FloodEntities...
FloodEntities...
Processing areas...Brush 213780: areaportal brush doesn't touch two areas
Wrote w:\programs\steam\steamapps\common\garrysmod\garrysmod\addons\garrysmodmap\maps\gmm_garrymod_map_by_woowz_real_rp_normal.lin
Areaportal leak ! File: w:\programs\steam\steamapps\common\garrysmod\garrysmod\addons\garrysmodmap\maps\gmm_garrymod_map_by_woowz_real_rp_normal.lin 
--- AREAPORTAL LEAKED ---

==================================================================
Date: 2026-09-29 16:13:35
W:\Programs\Steam\steamapps\common\GarrysMod\bin\win64\vbspplusplus.exe -allowdynamicpropsasstatic -game W:\Programs\Steam\steamapps\common\GarrysMod\garrysmod w:\programs\steam\steamapps\common\garrysmod\garrysmod\addons\garrysmodmap\maps\gmm_garrymod_map_by_woowz_real_rp_normal
==================================================================
16 threads
---------------
gamedir: W:\Programs\Steam\steamapps\common\GarrysMod\garrysmod\
---------------
Loading w:\programs\steam\steamapps\common\garrysmod\garrysmod\addons\garrysmodmap\maps\gmm_garrymod_map_by_woowz_real_rp_normal.vmf
Can't find surfaceprop antlion_eggshell for material NATURE/ROCKWALL_ANTLION03A, using default
Locating GameData file 'garrysmod.fgd'...
Parsing GameData file w:\programs\steam\steamapps\common\garrysmod\bin\garrysmod.fgd
Parsing GameData file w:\programs\steam\steamapps\common\garrysmod\bin\base.fgd
Parsing GameData file w:\programs\steam\steamapps\common\garrysmod\bin\halflife2.fgd
Parsing GameData file w:\programs\steam\steamapps\common\garrysmod\bin\base.fgd
fixing up env_cubemap materials on brush sides...
FloodEntities...
FloodEntities...
Processing areas...done (0)
Building Faces...done (1)
Chop Details...done (0)
Find Visible Detail Sides...
Merged 1016 detail faces...done (0)
Merging details...done (0)
FixTjuncs...
PruneNodes...
WriteBSP...
done (0)
writing w:\programs\steam\steamapps\common\garrysmod\garrysmod\addons\garrysmodmap\maps\gmm_garrymod_map_by_woowz_real_rp_normal.prt...
Building visibility clusters...
done (0)
Generating blank default cubemaps...
Generating blank default cubemaps...
Emitted 4465 brushes and 28068 brushsides
Finding displacement neighbors...
Finding lightmap sample positions...
Building Physics collision data...
done (0) (1453747 bytes)
Emitting static props...
Model "models/props_phx/construct/metal_wire1x2x2b.mdl" is missing $staticprop. Allowing due to -allowdynamicpropsasstatic
Model "models/props_phx/construct/metal_wire_angle360x2.mdl" is missing $staticprop. Allowing due to -allowdynamicpropsasstatic
Placing detail props : 0...1...2...3...4...5...6...7...8...9...10
Water found with no water_lod_control entity, creating a default one.
Compacting texture/material tables...
Reduced 2996 texinfos to 1688
Reduced 346 texdatas to 313 (11037 bytes to 8199)
Writing w:\programs\steam\steamapps\common\garrysmod\garrysmod\addons\garrysmodmap\maps\gmm_garrymod_map_by_woowz_real_rp_normal.bsp
2 seconds elapsed

==================================================================
Date: 2026-09-29 16:13:38
W:\Programs\Steam\steamapps\common\GarrysMod\bin\win64\vvisplusplus.exe -game W:\Programs\Steam\steamapps\common\GarrysMod\garrysmod w:\programs\steam\steamapps\common\garrysmod\garrysmod\addons\garrysmodmap\maps\gmm_garrymod_map_by_woowz_real_rp_normal
==================================================================
16 threads
CPU supports AVX2
reading w:\programs\steam\steamapps\common\garrysmod\garrysmod\addons\garrysmodmap\maps\gmm_garrymod_map_by_woowz_real_rp_normal.bsp
reading w:\programs\steam\steamapps\common\garrysmod\garrysmod\addons\garrysmodmap\maps\gmm_garrymod_map_by_woowz_real_rp_normal.prt
1522 portalclusters
2837 numportals
0...1...2...3...4...5...6...7...8...9...100...1...2...3...4...5...6...7...8...9...10Optimized: 264 visible clusters (0.32%)
Total clusters visible: 81546
Average clusters visible: 53
Building PAS...
Average clusters audible: 202
visdatasize:175272  compressed from 584448
writing w:\programs\steam\steamapps\common\garrysmod\garrysmod\addons\garrysmodmap\maps\gmm_garrymod_map_by_woowz_real_rp_normal.bsp
Wrote ZIP buffer, estimated size 132713, actual size 128479
0 seconds elapsed

==================================================================
Date: 2026-09-29 16:13:38
W:\Programs\Steam\steamapps\common\GarrysMod\bin\win64\vradplusplus.exe -both -final -game W:\Programs\Steam\steamapps\common\GarrysMod\garrysmod w:\programs\steam\steamapps\common\garrysmod\garrysmod\addons\garrysmodmap\maps\gmm_garrymod_map_by_woowz_real_rp_normal
==================================================================
---------------
gamedir: W:\Programs\Steam\steamapps\common\GarrysMod\garrysmod\
---------------
16 threads
Compiling in LDR+HDR mode
Reading texlights from 'lights.rad'...
53 texlights parsed
Loading w:\programs\steam\steamapps\common\garrysmod\garrysmod\addons\garrysmodmap\maps\gmm_garrymod_map_by_woowz_real_rp_normal.bsp
179 props added to raytrace
17754 faces
1 degenerate faces
576 fake patch planes
1919842 square feet [276457344.00 square inches]
4 Displacements
3259 Square Feet [469401.19 Square Inches]
0...1...2...3...4...5...6...7...8...9...1017753 patches before subdivision
207853 patches after subdivision
CreateDirectLights...
0...1...2...3...4...5...6...7...8...9...10552 lights, 8 styled (0.01 seconds)
0...1...2...3...4...5...6...7...8...9...100...1...2...3...4...5...6...7...8...9...10transfers 24284513, max 1076
transfer lists: 185.3 megs
0...1...2...3...4...5...6...7...8...9...10	Bounce #1 added RGB(1854746, 1437674, 999481)
0...1...2...3...4...5...6...7...8...9...10	Bounce #2 added RGB(511655, 384845, 253705)
0...1...2...3...4...5...6...7...8...9...10	Bounce #3 added RGB(166238, 123641, 78650)
0...1...2...3...4...5...6...7...8...9...10	Bounce #4 added RGB(60613, 44359, 26899)
0...1...2...3...4...5...6...7...8...9...10	Bounce #5 added RGB(23751, 16990, 9760)
0...1...2...3...4...5...6...7...8...9...10	Bounce #6 added RGB(9834, 6828, 3695)
0...1...2...3...4...5...6...7...8...9...10	Bounce #7 added RGB(4237, 2840, 1444)
0...1...2...3...4...5...6...7...8...9...10	Bounce #8 added RGB(1884, 1215, 578)
0...1...2...3...4...5...6...7...8...9...10	Bounce #9 added RGB(857, 530, 236)
0...1...2...3...4...5...6...7...8...9...10	Bounce #10 added RGB(397, 235, 98)
0...1...2...3...4...5...6...7...8...9...10	Bounce #11 added RGB(186, 106, 41)
0...1...2...3...4...5...6...7...8...9...10	Bounce #12 added RGB(88, 48, 17)
0...1...2...3...4...5...6...7...8...9...10	Bounce #13 added RGB(42, 22, 7)
0...1...2...3...4...5...6...7...8...9...10	Bounce #14 added RGB(20, 10, 3)
0...1...2...3...4...5...6...7...8...9...10	Bounce #15 added RGB(10, 5, 1)
0...1...2...3...4...5...6...7...8...9...10	Bounce #16 added RGB(5, 2, 1)
0...1...2...3...4...5...6...7...8...9...10	Bounce #17 added RGB(2, 1, 0)
0...1...2...3...4...5...6...7...8...9...10	Bounce #18 added RGB(1, 0, 0)
0...1...2...3...4...5...6...7...8...9...10	Bounce #19 added RGB(1, 0, 0)
Build Patch/Sample Hash Table(s).....Done<0.0896 sec>
0...1...2...3...4...5...6...7...8...9...10FinalLightFace Done
0...1...2...3...4...5...6...7...8...9...10Setting up leaf ambient computation...
115 of 402 (28% of) surface lights went in leaf ambient cubes.
0...1...2...3...4...5...6...7...8...9...10Writing leaf ambient...done
Ready to Finish

Object names       Objects/Maxobjs  Fullness 
------------       ---------------  -------- 
entities              1367/65536    ( 2.1%) 
models                 167/4096     ( 4.1%) 
brushes               4465/65536    ( 6.8%) 
brushsides           28068/655350   ( 4.3%) 
planes                5212/65536    ( 8.0%) 
vertexes             31320/65536    (47.8%) 
nodes                 5058/65536    ( 7.7%) 
texinfos              1688/32768    ( 5.2%) 
texdata                313/8192     ( 3.8%) 
dispinfos                4/16384    ( 0.0%) 
faces                17754/65536    (27.1%) 
hdr faces            17754/65536    (27.1%) 
origfaces             9209/65536    (14.1%) 
leaves                5226/65536    ( 8.0%) 
leaffaces            21192/65536    (32.3%) 
leafbrushes           9160/65536    (14.0%) 
areas                   91/1024     ( 8.9%) 
surfedges            87382/512000   (17.1%) 
edges                49272/256000   (19.2%) 
leafwaterdata           15/32768    ( 0.0%) 
primitives            2759/32768    ( 8.4%) 
primverts                0/65536    ( 0.0%) 
primindices          43161/65536    (65.9%) 
cubemapsamples           0/1024     ( 0.0%) 
overlays                73/8192     ( 0.9%) 
vertnormalindices    87224/256000   (34.1%) 
visdata             175272/16777216 ( 1.0%) 
entdata             508006/393216   (129.2%) FULL!!!
LDR ambient table     5226/65536    ( 8.0%) 
HDR ambient table     5226/65536    ( 8.0%) 
LDR worldlights            0       
HDR worldlights            552     
LDR lightdata              0       
HDR lightdata              35226120
LDR leaf ambient           5226    
HDR leaf ambient           17544   
occluders                  0       
occluder polygons          0       
occluder vert ind          0       
detail props               1140    
dtl prp lght               4       
HDR dtl prp lght           4       
static props               22332   
pakfile                    128479  
physics                    1453747 
physics terrain            1376    

Level flags = 0

Total triangle count: 51716
Writing w:\programs\steam\steamapps\common\garrysmod\garrysmod\addons\garrysmodmap\maps\gmm_garrymod_map_by_woowz_real_rp_normal.bsp
9 seconds elapsed

==================================================================
Date: 2026-09-29 17:51:47
W:\Programs\Steam\steamapps\common\GarrysMod\bin\win64\vbspplusplus.exe -allowdynamicpropsasstatic -game W:\Programs\Steam\steamapps\common\GarrysMod\garrysmod w:\programs\steam\steamapps\common\garrysmod\garrysmod\addons\garrysmodmap\maps\gmm_garrymod_map_by_woowz_real_rp_normal
==================================================================
16 threads
---------------
gamedir: W:\Programs\Steam\steamapps\common\GarrysMod\garrysmod\
---------------
Loading w:\programs\steam\steamapps\common\garrysmod\garrysmod\addons\garrysmodmap\maps\gmm_garrymod_map_by_woowz_real_rp_normal.vmf
Can't find surfaceprop antlion_eggshell for material NATURE/ROCKWALL_ANTLION03A, using default
Locating GameData file 'garrysmod.fgd'...
Parsing GameData file w:\programs\steam\steamapps\common\garrysmod\bin\garrysmod.fgd
Parsing GameData file w:\programs\steam\steamapps\common\garrysmod\bin\base.fgd
Parsing GameData file w:\programs\steam\steamapps\common\garrysmod\bin\halflife2.fgd
Parsing GameData file w:\programs\steam\steamapps\common\garrysmod\bin\base.fgd
fixing up env_cubemap materials on brush sides...
FloodEntities...
FloodEntities...
Processing areas...done (0)
Building Faces...done (0)
Chop Details...done (0)
Find Visible Detail Sides...
Merged 1016 detail faces...done (0)
Merging details...done (0)
FixTjuncs...
PruneNodes...
WriteBSP...
done (0)
writing w:\programs\steam\steamapps\common\garrysmod\garrysmod\addons\garrysmodmap\maps\gmm_garrymod_map_by_woowz_real_rp_normal.prt...
Building visibility clusters...
done (0)
Generating blank default cubemaps...
Generating blank default cubemaps...
Emitted 4465 brushes and 28068 brushsides
Finding displacement neighbors...
Finding lightmap sample positions...
Building Physics collision data...
done (0) (1453747 bytes)
Emitting static props...
Model "models/props_phx/construct/metal_wire1x2x2b.mdl" is missing $staticprop. Allowing due to -allowdynamicpropsasstatic
Model "models/props_phx/construct/metal_wire_angle360x2.mdl" is missing $staticprop. Allowing due to -allowdynamicpropsasstatic
Placing detail props : 0...1...2...3...4...5...6...7...8...9...10
Water found with no water_lod_control entity, creating a default one.
Compacting texture/material tables...
Reduced 2996 texinfos to 1688
Reduced 346 texdatas to 313 (11037 bytes to 8199)
Writing w:\programs\steam\steamapps\common\garrysmod\garrysmod\addons\garrysmodmap\maps\gmm_garrymod_map_by_woowz_real_rp_normal.bsp
2 seconds elapsed

==================================================================
Date: 2026-09-29 17:51:49
W:\Programs\Steam\steamapps\common\GarrysMod\bin\win64\vvisplusplus.exe -game W:\Programs\Steam\steamapps\common\GarrysMod\garrysmod w:\programs\steam\steamapps\common\garrysmod\garrysmod\addons\garrysmodmap\maps\gmm_garrymod_map_by_woowz_real_rp_normal
==================================================================
16 threads
CPU supports AVX2
reading w:\programs\steam\steamapps\common\garrysmod\garrysmod\addons\garrysmodmap\maps\gmm_garrymod_map_by_woowz_real_rp_normal.bsp
reading w:\programs\steam\steamapps\common\garrysmod\garrysmod\addons\garrysmodmap\maps\gmm_garrymod_map_by_woowz_real_rp_normal.prt
1522 portalclusters
2837 numportals
0...1...2...3...4...5...6...7...8...9...100...1...2...3...4...5...6...7...8...9...10Optimized: 264 visible clusters (0.32%)
Total clusters visible: 81546
Average clusters visible: 53
Building PAS...
Average clusters audible: 202
visdatasize:175272  compressed from 584448
writing w:\programs\steam\steamapps\common\garrysmod\garrysmod\addons\garrysmodmap\maps\gmm_garrymod_map_by_woowz_real_rp_normal.bsp
Wrote ZIP buffer, estimated size 132713, actual size 128479
0 seconds elapsed

==================================================================
Date: 2026-09-29 17:51:49
W:\Programs\Steam\steamapps\common\GarrysMod\bin\win64\vradplusplus.exe -both -final -game W:\Programs\Steam\steamapps\common\GarrysMod\garrysmod w:\programs\steam\steamapps\common\garrysmod\garrysmod\addons\garrysmodmap\maps\gmm_garrymod_map_by_woowz_real_rp_normal
==================================================================
---------------
gamedir: W:\Programs\Steam\steamapps\common\GarrysMod\garrysmod\
---------------
16 threads
Compiling in LDR+HDR mode
Reading texlights from 'lights.rad'...
53 texlights parsed
Loading w:\programs\steam\steamapps\common\garrysmod\garrysmod\addons\garrysmodmap\maps\gmm_garrymod_map_by_woowz_real_rp_normal.bsp
179 props added to raytrace
17754 faces
1 degenerate faces
576 fake patch planes
1919842 square feet [276457344.00 square inches]
4 Displacements
3259 Square Feet [469401.19 Square Inches]
0...1...2...3...4...5...6...7...8...9...1017753 patches before subdivision
207853 patches after subdivision
CreateDirectLights...
0...1...2...3...4...5...6...7...8...9...10552 lights, 8 styled (0.01 seconds)
0...1...2...3...4...5...6...7...8...9...100...1...2...3...4...5...6...7...8...9...10transfers 24284513, max 1076
transfer lists: 185.3 megs
0...1...2...3...4...5...6...7...8...9...10	Bounce #1 added RGB(1854745, 1437673, 999482)
0...1...2...3...4...5...6...7...8...9...10	Bounce #2 added RGB(511655, 384845, 253706)
0...1...2...3...4...5...6...7...8...9...10	Bounce #3 added RGB(166238, 123642, 78650)
0...1...2...3...4...5...6...7...8...9...10	Bounce #4 added RGB(60613, 44359, 26900)
0...1...2...3...4...5...6...7...8...9...10	Bounce #5 added RGB(23751, 16991, 9760)
0...1...2...3...4...5...6...7...8...9...10	Bounce #6 added RGB(9834, 6828, 3695)
0...1...2...3...4...5...6...7...8...9...10	Bounce #7 added RGB(4237, 2840, 1444)
0...1...2...3...4...5...6...7...8...9...10	Bounce #8 added RGB(1884, 1215, 578)
0...1...2...3...4...5...6...7...8...9...10	Bounce #9 added RGB(857, 530, 236)
0...1...2...3...4...5...6...7...8...9...10	Bounce #10 added RGB(397, 235, 98)
0...1...2...3...4...5...6...7...8...9...10	Bounce #11 added RGB(186, 106, 41)
0...1...2...3...4...5...6...7...8...9...10	Bounce #12 added RGB(88, 48, 17)
0...1...2...3...4...5...6...7...8...9...10	Bounce #13 added RGB(42, 22, 7)
0...1...2...3...4...5...6...7...8...9...10	Bounce #14 added RGB(20, 10, 3)
0...1...2...3...4...5...6...7...8...9...10	Bounce #15 added RGB(10, 5, 1)
0...1...2...3...4...5...6...7...8...9...10	Bounce #16 added RGB(5, 2, 1)
0...1...2...3...4...5...6...7...8...9...10	Bounce #17 added RGB(2, 1, 0)
0...1...2...3...4...5...6...7...8...9...10	Bounce #18 added RGB(1, 0, 0)
0...1...2...3...4...5...6...7...8...9...10	Bounce #19 added RGB(1, 0, 0)
Build Patch/Sample Hash Table(s).....Done<0.0910 sec>
0...1...2...3...4...5...6...7...8...9...10FinalLightFace Done
0...1...2...3...4...5...6...7...8...9...10Setting up leaf ambient computation...
115 of 402 (28% of) surface lights went in leaf ambient cubes.
0...1...2...3...4...5...6...7...8...9...10Writing leaf ambient...done
Ready to Finish

Object names       Objects/Maxobjs  Fullness 
------------       ---------------  -------- 
entities              1368/65536    ( 2.1%) 
models                 167/4096     ( 4.1%) 
brushes               4465/65536    ( 6.8%) 
brushsides           28068/655350   ( 4.3%) 
planes                5212/65536    ( 8.0%) 
vertexes             31320/65536    (47.8%) 
nodes                 5058/65536    ( 7.7%) 
texinfos              1688/32768    ( 5.2%) 
texdata                313/8192     ( 3.8%) 
dispinfos                4/16384    ( 0.0%) 
faces                17754/65536    (27.1%) 
hdr faces            17754/65536    (27.1%) 
origfaces             9209/65536    (14.1%) 
leaves                5226/65536    ( 8.0%) 
leaffaces            21192/65536    (32.3%) 
leafbrushes           9160/65536    (14.0%) 
areas                   91/1024     ( 8.9%) 
surfedges            87382/512000   (17.1%) 
edges                49272/256000   (19.2%) 
leafwaterdata           15/32768    ( 0.0%) 
primitives            2759/32768    ( 8.4%) 
primverts                0/65536    ( 0.0%) 
primindices          43161/65536    (65.9%) 
cubemapsamples           0/1024     ( 0.0%) 
overlays                73/8192     ( 0.9%) 
vertnormalindices    87224/256000   (34.1%) 
visdata             175272/16777216 ( 1.0%) 
entdata             508320/393216   (129.3%) FULL!!!
LDR ambient table     5226/65536    ( 8.0%) 
HDR ambient table     5226/65536    ( 8.0%) 
LDR worldlights            0       
HDR worldlights            552     
LDR lightdata              0       
HDR lightdata              35226120
LDR leaf ambient           5226    
HDR leaf ambient           17544   
occluders                  0       
occluder polygons          0       
occluder vert ind          0       
detail props               1140    
dtl prp lght               4       
HDR dtl prp lght           4       
static props               22332   
pakfile                    128479  
physics                    1453747 
physics terrain            1376    

Level flags = 0

Total triangle count: 51716
Writing w:\programs\steam\steamapps\common\garrysmod\garrysmod\addons\garrysmodmap\maps\gmm_garrymod_map_by_woowz_real_rp_normal.bsp
10 seconds elapsed

==================================================================
Date: 2026-09-29 17:52:57
W:\Programs\Steam\steamapps\common\GarrysMod\bin\win64\vbspplusplus.exe -allowdynamicpropsasstatic -game W:\Programs\Steam\steamapps\common\GarrysMod\garrysmod w:\programs\steam\steamapps\common\garrysmod\garrysmod\addons\garrysmodmap\maps\gmm_garrymod_map_by_woowz_real_rp_normal
==================================================================
16 threads
---------------
gamedir: W:\Programs\Steam\steamapps\common\GarrysMod\garrysmod\
---------------
Loading w:\programs\steam\steamapps\common\garrysmod\garrysmod\addons\garrysmodmap\maps\gmm_garrymod_map_by_woowz_real_rp_normal.vmf
Can't find surfaceprop antlion_eggshell for material NATURE/ROCKWALL_ANTLION03A, using default
Locating GameData file 'garrysmod.fgd'...
Parsing GameData file w:\programs\steam\steamapps\common\garrysmod\bin\garrysmod.fgd
Parsing GameData file w:\programs\steam\steamapps\common\garrysmod\bin\base.fgd
Parsing GameData file w:\programs\steam\steamapps\common\garrysmod\bin\halflife2.fgd
Parsing GameData file w:\programs\steam\steamapps\common\garrysmod\bin\base.fgd
fixing up env_cubemap materials on brush sides...
FloodEntities...
FloodEntities...
Processing areas...done (0)
Building Faces...done (0)
Chop Details...done (0)
Find Visible Detail Sides...
Merged 1016 detail faces...done (0)
Merging details...done (0)
FixTjuncs...
PruneNodes...
WriteBSP...
done (0)
writing w:\programs\steam\steamapps\common\garrysmod\garrysmod\addons\garrysmodmap\maps\gmm_garrymod_map_by_woowz_real_rp_normal.prt...
Building visibility clusters...
done (0)
Generating blank default cubemaps...
Generating blank default cubemaps...
Emitted 4465 brushes and 28068 brushsides
Finding displacement neighbors...
Finding lightmap sample positions...
Building Physics collision data...
done (0) (1453747 bytes)
Emitting static props...
Model "models/props_phx/construct/metal_wire1x2x2b.mdl" is missing $staticprop. Allowing due to -allowdynamicpropsasstatic
Model "models/props_phx/construct/metal_wire_angle360x2.mdl" is missing $staticprop. Allowing due to -allowdynamicpropsasstatic
Placing detail props : 0...1...2...3...4...5...6...7...8...9...10
Water found with no water_lod_control entity, creating a default one.
Compacting texture/material tables...
Reduced 2996 texinfos to 1688
Reduced 346 texdatas to 313 (11037 bytes to 8199)
Writing w:\programs\steam\steamapps\common\garrysmod\garrysmod\addons\garrysmodmap\maps\gmm_garrymod_map_by_woowz_real_rp_normal.bsp
2 seconds elapsed

==================================================================
Date: 2026-09-29 17:53:00
W:\Programs\Steam\steamapps\common\GarrysMod\bin\win64\vvisplusplus.exe -game W:\Programs\Steam\steamapps\common\GarrysMod\garrysmod w:\programs\steam\steamapps\common\garrysmod\garrysmod\addons\garrysmodmap\maps\gmm_garrymod_map_by_woowz_real_rp_normal
==================================================================
16 threads
CPU supports AVX2
reading w:\programs\steam\steamapps\common\garrysmod\garrysmod\addons\garrysmodmap\maps\gmm_garrymod_map_by_woowz_real_rp_normal.bsp
reading w:\programs\steam\steamapps\common\garrysmod\garrysmod\addons\garrysmodmap\maps\gmm_garrymod_map_by_woowz_real_rp_normal.prt
1522 portalclusters
2837 numportals
0...1...2...3...4...5...6...7...8...9...100...1...2...3...4...5...6...7...8...9...10Optimized: 264 visible clusters (0.32%)
Total clusters visible: 81546
Average clusters visible: 53
Building PAS...
Average clusters audible: 202
visdatasize:175272  compressed from 584448
writing w:\programs\steam\steamapps\common\garrysmod\garrysmod\addons\garrysmodmap\maps\gmm_garrymod_map_by_woowz_real_rp_normal.bsp
Wrote ZIP buffer, estimated size 132713, actual size 128479
0 seconds elapsed

==================================================================
Date: 2026-09-29 17:53:00
W:\Programs\Steam\steamapps\common\GarrysMod\bin\win64\vradplusplus.exe -both -final -game W:\Programs\Steam\steamapps\common\GarrysMod\garrysmod w:\programs\steam\steamapps\common\garrysmod\garrysmod\addons\garrysmodmap\maps\gmm_garrymod_map_by_woowz_real_rp_normal
==================================================================
---------------
gamedir: W:\Programs\Steam\steamapps\common\GarrysMod\garrysmod\
---------------
16 threads
Compiling in LDR+HDR mode
Reading texlights from 'lights.rad'...
53 texlights parsed
Loading w:\programs\steam\steamapps\common\garrysmod\garrysmod\addons\garrysmodmap\maps\gmm_garrymod_map_by_woowz_real_rp_normal.bsp
179 props added to raytrace
17754 faces
1 degenerate faces
576 fake patch planes
1919842 square feet [276457344.00 square inches]
4 Displacements
3259 Square Feet [469401.19 Square Inches]
0...1...2...3...4...5...6...7...8...9...1017753 patches before subdivision
207853 patches after subdivision
CreateDirectLights...
0...1...2...3...4...5...6...7...8...9...10552 lights, 8 styled (0.01 seconds)
0...1...2...3...4...5...6...7...8...9...100...1...2...3...4...5...6...7...8...9...10transfers 24284513, max 1076
transfer lists: 185.3 megs
0...1...2...3...4...5...6...7...8...9...10	Bounce #1 added RGB(1854750, 1437678, 999484)
0...1...2...3...4...5...6...7...8...9...10	Bounce #2 added RGB(511657, 384846, 253706)
0...1...2...3...4...5...6...7...8...9...10	Bounce #3 added RGB(166239, 123642, 78650)
0...1...2...3...4...5...6...7...8...9...10	Bounce #4 added RGB(60613, 44359, 26900)
0...1...2...3...4...5...6...7...8...9...10	Bounce #5 added RGB(23751, 16991, 9760)
0...1...2...3...4...5...6...7...8...9...10	Bounce #6 added RGB(9834, 6828, 3695)
0...1...2...3...4...5...6...7...8...9...10	Bounce #7 added RGB(4237, 2840, 1444)
0...1...2...3...4...5...6...7...8...9...10	Bounce #8 added RGB(1884, 1215, 578)
0...1...2...3...4...5...6...7...8...9...10	Bounce #9 added RGB(857, 530, 236)
0...1...2...3...4...5...6...7...8...9...10	Bounce #10 added RGB(397, 235, 98)
0...1...2...3...4...5...6...7...8...9...10	Bounce #11 added RGB(186, 106, 41)
0...1...2...3...4...5...6...7...8...9...10	Bounce #12 added RGB(88, 48, 17)
0...1...2...3...4...5...6...7...8...9...10	Bounce #13 added RGB(42, 22, 7)
0...1...2...3...4...5...6...7...8...9...10	Bounce #14 added RGB(20, 10, 3)
0...1...2...3...4...5...6...7...8...9...10	Bounce #15 added RGB(10, 5, 1)
0...1...2...3...4...5...6...7...8...9...10	Bounce #16 added RGB(5, 2, 1)
0...1...2...3...4...5...6...7...8...9...10	Bounce #17 added RGB(2, 1, 0)
0...1...2...3...4...5...6...7...8...9...10	Bounce #18 added RGB(1, 0, 0)
0...1...2...3...4...5...6...7...8...9...10	Bounce #19 added RGB(1, 0, 0)
Build Patch/Sample Hash Table(s).....Done<0.0909 sec>
0...1...2...3...4...5...6...7...8...9...10FinalLightFace Done
0...1...2...3...4...5...6...7...8...9...10Setting up leaf ambient computation...
115 of 402 (28% of) surface lights went in leaf ambient cubes.
0...1...2...3...4...5...6...7...8...9...10Writing leaf ambient...done
Ready to Finish

Object names       Objects/Maxobjs  Fullness 
------------       ---------------  -------- 
entities              1368/65536    ( 2.1%) 
models                 167/4096     ( 4.1%) 
brushes               4465/65536    ( 6.8%) 
brushsides           28068/655350   ( 4.3%) 
planes                5212/65536    ( 8.0%) 
vertexes             31320/65536    (47.8%) 
nodes                 5058/65536    ( 7.7%) 
texinfos              1688/32768    ( 5.2%) 
texdata                313/8192     ( 3.8%) 
dispinfos                4/16384    ( 0.0%) 
faces                17754/65536    (27.1%) 
hdr faces            17754/65536    (27.1%) 
origfaces             9209/65536    (14.1%) 
leaves                5226/65536    ( 8.0%) 
leaffaces            21192/65536    (32.3%) 
leafbrushes           9160/65536    (14.0%) 
areas                   91/1024     ( 8.9%) 
surfedges            87382/512000   (17.1%) 
edges                49272/256000   (19.2%) 
leafwaterdata           15/32768    ( 0.0%) 
primitives            2759/32768    ( 8.4%) 
primverts                0/65536    ( 0.0%) 
primindices          43161/65536    (65.9%) 
cubemapsamples           0/1024     ( 0.0%) 
overlays                73/8192     ( 0.9%) 
vertnormalindices    87224/256000   (34.1%) 
visdata             175272/16777216 ( 1.0%) 
entdata             508325/393216   (129.3%) FULL!!!
LDR ambient table     5226/65536    ( 8.0%) 
HDR ambient table     5226/65536    ( 8.0%) 
LDR worldlights            0       
HDR worldlights            552     
LDR lightdata              0       
HDR lightdata              35226120
LDR leaf ambient           5226    
HDR leaf ambient           17544   
occluders                  0       
occluder polygons          0       
occluder vert ind          0       
detail props               1140    
dtl prp lght               4       
HDR dtl prp lght           4       
static props               22332   
pakfile                    128479  
physics                    1453747 
physics terrain            1376    

Level flags = 0

Total triangle count: 51716
Writing w:\programs\steam\steamapps\common\garrysmod\garrysmod\addons\garrysmodmap\maps\gmm_garrymod_map_by_woowz_real_rp_normal.bsp
10 seconds elapsed

==================================================================
Date: 2026-09-29 18:13:50
W:\Programs\Steam\steamapps\common\GarrysMod\bin\win64\vbspplusplus.exe -allowdynamicpropsasstatic -game W:\Programs\Steam\steamapps\common\GarrysMod\garrysmod w:\programs\steam\steamapps\common\garrysmod\garrysmod\addons\garrysmodmap\maps\gmm_garrymod_map_by_woowz_real_rp_normal
==================================================================
16 threads
---------------
gamedir: W:\Programs\Steam\steamapps\common\GarrysMod\garrysmod\
---------------
Loading w:\programs\steam\steamapps\common\garrysmod\garrysmod\addons\garrysmodmap\maps\gmm_garrymod_map_by_woowz_real_rp_normal.vmf
Can't find surfaceprop antlion_eggshell for material NATURE/ROCKWALL_ANTLION03A, using default
Locating GameData file 'garrysmod.fgd'...
Parsing GameData file w:\programs\steam\steamapps\common\garrysmod\bin\garrysmod.fgd
Parsing GameData file w:\programs\steam\steamapps\common\garrysmod\bin\base.fgd
Parsing GameData file w:\programs\steam\steamapps\common\garrysmod\bin\halflife2.fgd
Parsing GameData file w:\programs\steam\steamapps\common\garrysmod\bin\base.fgd
fixing up env_cubemap materials on brush sides...
FloodEntities...
FloodEntities...
Processing areas...done (0)
Building Faces...done (0)
Chop Details...done (0)
Find Visible Detail Sides...
Merged 1016 detail faces...done (0)
Merging details...done (0)
FixTjuncs...
PruneNodes...
WriteBSP...
done (0)
writing w:\programs\steam\steamapps\common\garrysmod\garrysmod\addons\garrysmodmap\maps\gmm_garrymod_map_by_woowz_real_rp_normal.prt...
Building visibility clusters...
done (0)
Generating blank default cubemaps...
Generating blank default cubemaps...
Emitted 4465 brushes and 28068 brushsides
Finding displacement neighbors...
Finding lightmap sample positions...
Building Physics collision data...
done (0) (1453747 bytes)
Emitting static props...
Model "models/props_phx/construct/metal_wire1x2x2b.mdl" is missing $staticprop. Allowing due to -allowdynamicpropsasstatic
Model "models/props_phx/construct/metal_wire_angle360x2.mdl" is missing $staticprop. Allowing due to -allowdynamicpropsasstatic
Placing detail props : 0...1...2...3...4...5...6...7...8...9...10
Water found with no water_lod_control entity, creating a default one.
Compacting texture/material tables...
Reduced 2996 texinfos to 1688
Reduced 346 texdatas to 313 (11037 bytes to 8199)
Writing w:\programs\steam\steamapps\common\garrysmod\garrysmod\addons\garrysmodmap\maps\gmm_garrymod_map_by_woowz_real_rp_normal.bsp
2 seconds elapsed

==================================================================
Date: 2026-09-29 18:13:52
W:\Programs\Steam\steamapps\common\GarrysMod\bin\win64\vvisplusplus.exe -game W:\Programs\Steam\steamapps\common\GarrysMod\garrysmod w:\programs\steam\steamapps\common\garrysmod\garrysmod\addons\garrysmodmap\maps\gmm_garrymod_map_by_woowz_real_rp_normal
==================================================================
16 threads
CPU supports AVX2
reading w:\programs\steam\steamapps\common\garrysmod\garrysmod\addons\garrysmodmap\maps\gmm_garrymod_map_by_woowz_real_rp_normal.bsp
reading w:\programs\steam\steamapps\common\garrysmod\garrysmod\addons\garrysmodmap\maps\gmm_garrymod_map_by_woowz_real_rp_normal.prt
1522 portalclusters
2837 numportals
0...1...2...3...4...5...6...7...8...9...100...1...2...3...4...5...6...7...8...9...10Optimized: 272 visible clusters (0.33%)
Total clusters visible: 81554
Average clusters visible: 53
Building PAS...
Average clusters audible: 202
visdatasize:175272  compressed from 584448
writing w:\programs\steam\steamapps\common\garrysmod\garrysmod\addons\garrysmodmap\maps\gmm_garrymod_map_by_woowz_real_rp_normal.bsp
Wrote ZIP buffer, estimated size 132713, actual size 128479
0 seconds elapsed

==================================================================
Date: 2026-09-29 18:13:52
W:\Programs\Steam\steamapps\common\GarrysMod\bin\win64\vradplusplus.exe -both -final -game W:\Programs\Steam\steamapps\common\GarrysMod\garrysmod w:\programs\steam\steamapps\common\garrysmod\garrysmod\addons\garrysmodmap\maps\gmm_garrymod_map_by_woowz_real_rp_normal
==================================================================
---------------
gamedir: W:\Programs\Steam\steamapps\common\GarrysMod\garrysmod\
---------------
16 threads
Compiling in LDR+HDR mode
Reading texlights from 'lights.rad'...
53 texlights parsed
Loading w:\programs\steam\steamapps\common\garrysmod\garrysmod\addons\garrysmodmap\maps\gmm_garrymod_map_by_woowz_real_rp_normal.bsp
179 props added to raytrace
17754 faces
1 degenerate faces
576 fake patch planes
1919842 square feet [276457344.00 square inches]
4 Displacements
3259 Square Feet [469401.19 Square Inches]
0...1...2...3...4...5...6...7...8...9...1017753 patches before subdivision
207853 patches after subdivision
CreateDirectLights...
0...1...2...3...4...5...6...7...8...9...10552 lights, 8 styled (0.01 seconds)
0...1...2...3...4...5...6...7...8...9...100...1...2...3...4...5...6...7...8...9...10transfers 24284513, max 1076
transfer lists: 185.3 megs
0...1...2...3...4...5...6...7...8...9...10	Bounce #1 added RGB(1854746, 1437672, 999482)
0...1...2...3...4...5...6...7...8...9...10	Bounce #2 added RGB(511655, 384845, 253706)
0...1...2...3...4...5...6...7...8...9...10	Bounce #3 added RGB(166238, 123642, 78650)
0...1...2...3...4...5...6...7...8...9...10	Bounce #4 added RGB(60613, 44359, 26900)
0...1...2...3...4...5...6...7...8...9...10	Bounce #5 added RGB(23751, 16991, 9760)
0...1...2...3...4...5...6...7...8...9...10	Bounce #6 added RGB(9834, 6828, 3695)
0...1...2...3...4...5...6...7...8...9...10	Bounce #7 added RGB(4237, 2840, 1444)
0...1...2...3...4...5...6...7...8...9...10	Bounce #8 added RGB(1884, 1215, 578)
0...1...2...3...4...5...6...7...8...9...10	Bounce #9 added RGB(857, 530, 236)
0...1...2...3...4...5...6...7...8...9...10	Bounce #10 added RGB(397, 235, 98)
0...1...2...3...4...5...6...7...8...9...10	Bounce #11 added RGB(186, 106, 41)
0...1...2...3...4...5...6...7...8...9...10	Bounce #12 added RGB(88, 48, 17)
0...1...2...3...4...5...6...7...8...9...10	Bounce #13 added RGB(42, 22, 7)
0...1...2...3...4...5...6...7...8...9...10	Bounce #14 added RGB(20, 10, 3)
0...1...2...3...4...5...6...7...8...9...10	Bounce #15 added RGB(10, 5, 1)
0...1...2...3...4...5...6...7...8...9...10	Bounce #16 added RGB(5, 2, 1)
0...1...2...3...4...5...6...7...8...9...10	Bounce #17 added RGB(2, 1, 0)
0...1...2...3...4...5...6...7...8...9...10	Bounce #18 added RGB(1, 0, 0)
0...1...2...3...4...5...6...7...8...9...10	Bounce #19 added RGB(1, 0, 0)
Build Patch/Sample Hash Table(s).....Done<0.0924 sec>
0...1...2...3...4...5...6...7...8...9...10FinalLightFace Done
0...1...2...3...4...5...6...7...8...9...10Setting up leaf ambient computation...
115 of 402 (28% of) surface lights went in leaf ambient cubes.
0...1...2...3...4...5...6...7...8...9...10Writing leaf ambient...done
Ready to Finish

Object names       Objects/Maxobjs  Fullness 
------------       ---------------  -------- 
entities              1367/65536    ( 2.1%) 
models                 167/4096     ( 4.1%) 
brushes               4465/65536    ( 6.8%) 
brushsides           28068/655350   ( 4.3%) 
planes                5212/65536    ( 8.0%) 
vertexes             31320/65536    (47.8%) 
nodes                 5058/65536    ( 7.7%) 
texinfos              1688/32768    ( 5.2%) 
texdata                313/8192     ( 3.8%) 
dispinfos                4/16384    ( 0.0%) 
faces                17754/65536    (27.1%) 
hdr faces            17754/65536    (27.1%) 
origfaces             9209/65536    (14.1%) 
leaves                5226/65536    ( 8.0%) 
leaffaces            21192/65536    (32.3%) 
leafbrushes           9160/65536    (14.0%) 
areas                   91/1024     ( 8.9%) 
surfedges            87382/512000   (17.1%) 
edges                49272/256000   (19.2%) 
leafwaterdata           15/32768    ( 0.0%) 
primitives            2759/32768    ( 8.4%) 
primverts                0/65536    ( 0.0%) 
primindices          43161/65536    (65.9%) 
cubemapsamples           0/1024     ( 0.0%) 
overlays                73/8192     ( 0.9%) 
vertnormalindices    87224/256000   (34.1%) 
visdata             175272/16777216 ( 1.0%) 
entdata             508048/393216   (129.2%) FULL!!!
LDR ambient table     5226/65536    ( 8.0%) 
HDR ambient table     5226/65536    ( 8.0%) 
LDR worldlights            0       
HDR worldlights            552     
LDR lightdata              0       
HDR lightdata              35226120
LDR leaf ambient           5226    
HDR leaf ambient           17544   
occluders                  0       
occluder polygons          0       
occluder vert ind          0       
detail props               1140    
dtl prp lght               4       
HDR dtl prp lght           4       
static props               22332   
pakfile                    128479  
physics                    1453747 
physics terrain            1376    

Level flags = 0

Total triangle count: 51716
Writing w:\programs\steam\steamapps\common\garrysmod\garrysmod\addons\garrysmodmap\maps\gmm_garrymod_map_by_woowz_real_rp_normal.bsp
10 seconds elapsed

==================================================================
Date: 2026-09-29 19:05:45
W:\Programs\Steam\steamapps\common\GarrysMod\bin\win64\vbspplusplus.exe -allowdynamicpropsasstatic -game W:\Programs\Steam\steamapps\common\GarrysMod\garrysmod w:\programs\steam\steamapps\common\garrysmod\garrysmod\addons\garrysmodmap\maps\gmm_garrymod_map_by_woowz_real_rp_normal
==================================================================
16 threads
---------------
gamedir: W:\Programs\Steam\steamapps\common\GarrysMod\garrysmod\
---------------
Loading w:\programs\steam\steamapps\common\garrysmod\garrysmod\addons\garrysmodmap\maps\gmm_garrymod_map_by_woowz_real_rp_normal.vmf
Can't find surfaceprop antlion_eggshell for material NATURE/ROCKWALL_ANTLION03A, using default
Locating GameData file 'garrysmod.fgd'...
Parsing GameData file w:\programs\steam\steamapps\common\garrysmod\bin\garrysmod.fgd
Parsing GameData file w:\programs\steam\steamapps\common\garrysmod\bin\base.fgd
Parsing GameData file w:\programs\steam\steamapps\common\garrysmod\bin\halflife2.fgd
Parsing GameData file w:\programs\steam\steamapps\common\garrysmod\bin\base.fgd
fixing up env_cubemap materials on brush sides...
FloodEntities...
FloodEntities...
Processing areas...done (0)
Building Faces...done (0)
Chop Details...done (0)
Find Visible Detail Sides...
Merged 1016 detail faces...done (0)
Merging details...done (0)
FixTjuncs...
PruneNodes...
WriteBSP...
done (0)
writing w:\programs\steam\steamapps\common\garrysmod\garrysmod\addons\garrysmodmap\maps\gmm_garrymod_map_by_woowz_real_rp_normal.prt...
Building visibility clusters...
done (0)
Generating blank default cubemaps...
Generating blank default cubemaps...
Emitted 4466 brushes and 28074 brushsides
Finding displacement neighbors...
Finding lightmap sample positions...
Building Physics collision data...
done (0) (1454139 bytes)
Emitting static props...
Model "models/props_phx/construct/metal_wire1x2x2b.mdl" is missing $staticprop. Allowing due to -allowdynamicpropsasstatic
Model "models/props_phx/construct/metal_wire_angle360x2.mdl" is missing $staticprop. Allowing due to -allowdynamicpropsasstatic
Placing detail props : 0...1...2...3...4...5...6...7...8...9...10
Water found with no water_lod_control entity, creating a default one.
Compacting texture/material tables...
Reduced 2999 texinfos to 1691
Reduced 346 texdatas to 313 (11037 bytes to 8199)
Writing w:\programs\steam\steamapps\common\garrysmod\garrysmod\addons\garrysmodmap\maps\gmm_garrymod_map_by_woowz_real_rp_normal.bsp
2 seconds elapsed

==================================================================
Date: 2026-09-29 19:05:48
W:\Programs\Steam\steamapps\common\GarrysMod\bin\win64\vvisplusplus.exe -game W:\Programs\Steam\steamapps\common\GarrysMod\garrysmod w:\programs\steam\steamapps\common\garrysmod\garrysmod\addons\garrysmodmap\maps\gmm_garrymod_map_by_woowz_real_rp_normal
==================================================================
16 threads
CPU supports AVX2
reading w:\programs\steam\steamapps\common\garrysmod\garrysmod\addons\garrysmodmap\maps\gmm_garrymod_map_by_woowz_real_rp_normal.bsp
reading w:\programs\steam\steamapps\common\garrysmod\garrysmod\addons\garrysmodmap\maps\gmm_garrymod_map_by_woowz_real_rp_normal.prt
1522 portalclusters
2837 numportals
0...1...2...3...4...5...6...7...8...9...100...1...2...3...4...5...6...7...8...9...10Optimized: 265 visible clusters (0.32%)
Total clusters visible: 81547
Average clusters visible: 53
Building PAS...
Average clusters audible: 202
visdatasize:175272  compressed from 584448
writing w:\programs\steam\steamapps\common\garrysmod\garrysmod\addons\garrysmodmap\maps\gmm_garrymod_map_by_woowz_real_rp_normal.bsp
Wrote ZIP buffer, estimated size 132713, actual size 128479
0 seconds elapsed

==================================================================
Date: 2026-09-29 19:05:48
W:\Programs\Steam\steamapps\common\GarrysMod\bin\win64\vradplusplus.exe -both -final -game W:\Programs\Steam\steamapps\common\GarrysMod\garrysmod w:\programs\steam\steamapps\common\garrysmod\garrysmod\addons\garrysmodmap\maps\gmm_garrymod_map_by_woowz_real_rp_normal
==================================================================
---------------
gamedir: W:\Programs\Steam\steamapps\common\GarrysMod\garrysmod\
---------------
16 threads
Compiling in LDR+HDR mode
Reading texlights from 'lights.rad'...
53 texlights parsed
Loading w:\programs\steam\steamapps\common\garrysmod\garrysmod\addons\garrysmodmap\maps\gmm_garrymod_map_by_woowz_real_rp_normal.bsp
179 props added to raytrace
17759 faces
1 degenerate faces
576 fake patch planes
1919848 square feet [276458240.00 square inches]
4 Displacements
3259 Square Feet [469401.19 Square Inches]
0...1...2...3...4...5...6...7...8...9...1017758 patches before subdivision
207858 patches after subdivision
CreateDirectLights...
0...1...2...3...4...5...6...7...8...9...10552 lights, 8 styled (0.01 seconds)
0...1...2...3...4...5...6...7...8...9...100...1...2...3...4...5...6...7...8...9...10transfers 24289699, max 1076
transfer lists: 185.3 megs
0...1...2...3...4...5...6...7...8...9...10	Bounce #1 added RGB(1854762, 1437688, 999492)
0...1...2...3...4...5...6...7...8...9...10	Bounce #2 added RGB(511668, 384856, 253712)
0...1...2...3...4...5...6...7...8...9...10	Bounce #3 added RGB(166243, 123645, 78652)
0...1...2...3...4...5...6...7...8...9...10	Bounce #4 added RGB(60615, 44360, 26900)
0...1...2...3...4...5...6...7...8...9...10	Bounce #5 added RGB(23751, 16991, 9760)
0...1...2...3...4...5...6...7...8...9...10	Bounce #6 added RGB(9834, 6828, 3695)
0...1...2...3...4...5...6...7...8...9...10	Bounce #7 added RGB(4237, 2840, 1444)
0...1...2...3...4...5...6...7...8...9...10	Bounce #8 added RGB(1884, 1215, 578)
0...1...2...3...4...5...6...7...8...9...10	Bounce #9 added RGB(857, 530, 236)
0...1...2...3...4...5...6...7...8...9...10	Bounce #10 added RGB(397, 235, 98)
0...1...2...3...4...5...6...7...8...9...10	Bounce #11 added RGB(186, 106, 41)
0...1...2...3...4...5...6...7...8...9...10	Bounce #12 added RGB(88, 48, 17)
0...1...2...3...4...5...6...7...8...9...10	Bounce #13 added RGB(42, 22, 7)
0...1...2...3...4...5...6...7...8...9...10	Bounce #14 added RGB(20, 10, 3)
0...1...2...3...4...5...6...7...8...9...10	Bounce #15 added RGB(10, 5, 1)
0...1...2...3...4...5...6...7...8...9...10	Bounce #16 added RGB(5, 2, 1)
0...1...2...3...4...5...6...7...8...9...10	Bounce #17 added RGB(2, 1, 0)
0...1...2...3...4...5...6...7...8...9...10	Bounce #18 added RGB(1, 0, 0)
0...1...2...3...4...5...6...7...8...9...10	Bounce #19 added RGB(1, 0, 0)
Build Patch/Sample Hash Table(s).....Done<0.0918 sec>
0...1...2...3...4...5...6...7...8...9...10FinalLightFace Done
0...1...2...3...4...5...6...7...8...9...10Setting up leaf ambient computation...
115 of 402 (28% of) surface lights went in leaf ambient cubes.
0...1...2...3...4...5...6...7...8...9...10Writing leaf ambient...done
Ready to Finish

Object names       Objects/Maxobjs  Fullness 
------------       ---------------  -------- 
entities              1367/65536    ( 2.1%) 
models                 167/4096     ( 4.1%) 
brushes               4466/65536    ( 6.8%) 
brushsides           28074/655350   ( 4.3%) 
planes                5216/65536    ( 8.0%) 
vertexes             31328/65536    (47.8%) 
nodes                 5058/65536    ( 7.7%) 
texinfos              1691/32768    ( 5.2%) 
texdata                313/8192     ( 3.8%) 
dispinfos                4/16384    ( 0.0%) 
faces                17759/65536    (27.1%) 
hdr faces            17759/65536    (27.1%) 
origfaces             9214/65536    (14.1%) 
leaves                5226/65536    ( 8.0%) 
leaffaces            21201/65536    (32.4%) 
leafbrushes           9162/65536    (14.0%) 
areas                   91/1024     ( 8.9%) 
surfedges            87402/512000   (17.1%) 
edges                49284/256000   (19.3%) 
leafwaterdata           15/32768    ( 0.0%) 
primitives            2759/32768    ( 8.4%) 
primverts                0/65536    ( 0.0%) 
primindices          43161/65536    (65.9%) 
cubemapsamples           0/1024     ( 0.0%) 
overlays                73/8192     ( 0.9%) 
vertnormalindices    87244/256000   (34.1%) 
visdata             175272/16777216 ( 1.0%) 
entdata             508048/393216   (129.2%) FULL!!!
LDR ambient table     5226/65536    ( 8.0%) 
HDR ambient table     5226/65536    ( 8.0%) 
LDR worldlights            0       
HDR worldlights            552     
LDR lightdata              0       
HDR lightdata              35226412
LDR leaf ambient           5226    
HDR leaf ambient           17543   
occluders                  0       
occluder polygons          0       
occluder vert ind          0       
detail props               1140    
dtl prp lght               4       
HDR dtl prp lght           4       
static props               22332   
pakfile                    128479  
physics                    1454139 
physics terrain            1376    

Level flags = 0

Total triangle count: 51726
Writing w:\programs\steam\steamapps\common\garrysmod\garrysmod\addons\garrysmodmap\maps\gmm_garrymod_map_by_woowz_real_rp_normal.bsp
10 seconds elapsed

==================================================================
Date: 2026-09-29 19:17:07
W:\Programs\Steam\steamapps\common\GarrysMod\bin\win64\vbspplusplus.exe -allowdynamicpropsasstatic -game W:\Programs\Steam\steamapps\common\GarrysMod\garrysmod w:\programs\steam\steamapps\common\garrysmod\garrysmod\addons\garrysmodmap\maps\gmm_garrymod_map_by_woowz_real_rp_normal
==================================================================
16 threads
---------------
gamedir: W:\Programs\Steam\steamapps\common\GarrysMod\garrysmod\
---------------
Loading w:\programs\steam\steamapps\common\garrysmod\garrysmod\addons\garrysmodmap\maps\gmm_garrymod_map_by_woowz_real_rp_normal.vmf
Can't find surfaceprop antlion_eggshell for material NATURE/ROCKWALL_ANTLION03A, using default
Locating GameData file 'garrysmod.fgd'...
Parsing GameData file w:\programs\steam\steamapps\common\garrysmod\bin\garrysmod.fgd
Parsing GameData file w:\programs\steam\steamapps\common\garrysmod\bin\base.fgd
Parsing GameData file w:\programs\steam\steamapps\common\garrysmod\bin\halflife2.fgd
Parsing GameData file w:\programs\steam\steamapps\common\garrysmod\bin\base.fgd
fixing up env_cubemap materials on brush sides...
FloodEntities...
FloodEntities...
Processing areas...done (0)
Building Faces...done (0)
Chop Details...done (0)
Find Visible Detail Sides...
Merged 1016 detail faces...done (0)
Merging details...done (0)
FixTjuncs...
PruneNodes...
WriteBSP...
done (0)
writing w:\programs\steam\steamapps\common\garrysmod\garrysmod\addons\garrysmodmap\maps\gmm_garrymod_map_by_woowz_real_rp_normal.prt...
Building visibility clusters...
done (0)
Generating blank default cubemaps...
Generating blank default cubemaps...
Emitted 4469 brushes and 28092 brushsides
Finding displacement neighbors...
Finding lightmap sample positions...
Building Physics collision data...
done (0) (1455315 bytes)
Emitting static props...
Model "models/props_phx/construct/metal_wire1x2x2b.mdl" is missing $staticprop. Allowing due to -allowdynamicpropsasstatic
Model "models/props_phx/construct/metal_wire_angle360x2.mdl" is missing $staticprop. Allowing due to -allowdynamicpropsasstatic
Placing detail props : 0...1...2...3...4...5...6...7...8...9...10
Water found with no water_lod_control entity, creating a default one.
Compacting texture/material tables...
Reduced 3004 texinfos to 1696
Reduced 346 texdatas to 313 (11037 bytes to 8199)
Writing w:\programs\steam\steamapps\common\garrysmod\garrysmod\addons\garrysmodmap\maps\gmm_garrymod_map_by_woowz_real_rp_normal.bsp
2 seconds elapsed

==================================================================
Date: 2026-09-29 19:17:09
W:\Programs\Steam\steamapps\common\GarrysMod\bin\win64\vvisplusplus.exe -game W:\Programs\Steam\steamapps\common\GarrysMod\garrysmod w:\programs\steam\steamapps\common\garrysmod\garrysmod\addons\garrysmodmap\maps\gmm_garrymod_map_by_woowz_real_rp_normal
==================================================================
16 threads
CPU supports AVX2
reading w:\programs\steam\steamapps\common\garrysmod\garrysmod\addons\garrysmodmap\maps\gmm_garrymod_map_by_woowz_real_rp_normal.bsp
reading w:\programs\steam\steamapps\common\garrysmod\garrysmod\addons\garrysmodmap\maps\gmm_garrymod_map_by_woowz_real_rp_normal.prt
1522 portalclusters
2837 numportals
0...1...2...3...4...5...6...7...8...9...100...1...2...3...4...5...6...7...8...9...10Optimized: 265 visible clusters (0.32%)
Total clusters visible: 81547
Average clusters visible: 53
Building PAS...
Average clusters audible: 202
visdatasize:175272  compressed from 584448
writing w:\programs\steam\steamapps\common\garrysmod\garrysmod\addons\garrysmodmap\maps\gmm_garrymod_map_by_woowz_real_rp_normal.bsp
Wrote ZIP buffer, estimated size 132713, actual size 128479
0 seconds elapsed

==================================================================
Date: 2026-09-29 19:17:09
W:\Programs\Steam\steamapps\common\GarrysMod\bin\win64\vradplusplus.exe -both -final -game W:\Programs\Steam\steamapps\common\GarrysMod\garrysmod w:\programs\steam\steamapps\common\garrysmod\garrysmod\addons\garrysmodmap\maps\gmm_garrymod_map_by_woowz_real_rp_normal
==================================================================
---------------
gamedir: W:\Programs\Steam\steamapps\common\GarrysMod\garrysmod\
---------------
16 threads
Compiling in LDR+HDR mode
Reading texlights from 'lights.rad'...
53 texlights parsed
Loading w:\programs\steam\steamapps\common\garrysmod\garrysmod\addons\garrysmodmap\maps\gmm_garrymod_map_by_woowz_real_rp_normal.bsp
179 props added to raytrace
17774 faces
1 degenerate faces
576 fake patch planes
1919868 square feet [276460992.00 square inches]
4 Displacements
3259 Square Feet [469401.19 Square Inches]
0...1...2...3...4...5...6...7...8...9...1017773 patches before subdivision
207873 patches after subdivision
CreateDirectLights...
0...1...2...3...4...5...6...7...8...9...10552 lights, 8 styled (0.01 seconds)
0...1...2...3...4...5...6...7...8...9...100...1...2...3...4...5...6...7...8...9...10transfers 24304243, max 1076
transfer lists: 185.4 megs
0...1...2...3...4...5...6...7...8...9...10	Bounce #1 added RGB(1855520, 1438373, 999960)
0...1...2...3...4...5...6...7...8...9...10	Bounce #2 added RGB(511787, 384958, 253774)
0...1...2...3...4...5...6...7...8...9...10	Bounce #3 added RGB(166266, 123664, 78663)
0...1...2...3...4...5...6...7...8...9...10	Bounce #4 added RGB(60619, 44364, 26902)
0...1...2...3...4...5...6...7...8...9...10	Bounce #5 added RGB(23752, 16992, 9761)
0...1...2...3...4...5...6...7...8...9...10	Bounce #6 added RGB(9834, 6828, 3696)
0...1...2...3...4...5...6...7...8...9...10	Bounce #7 added RGB(4237, 2840, 1444)
0...1...2...3...4...5...6...7...8...9...10	Bounce #8 added RGB(1884, 1215, 578)
0...1...2...3...4...5...6...7...8...9...10	Bounce #9 added RGB(857, 530, 236)
0...1...2...3...4...5...6...7...8...9...10	Bounce #10 added RGB(397, 235, 98)
0...1...2...3...4...5...6...7...8...9...10	Bounce #11 added RGB(186, 106, 41)
0...1...2...3...4...5...6...7...8...9...10	Bounce #12 added RGB(88, 48, 17)
0...1...2...3...4...5...6...7...8...9...10	Bounce #13 added RGB(42, 22, 7)
0...1...2...3...4...5...6...7...8...9...10	Bounce #14 added RGB(20, 10, 3)
0...1...2...3...4...5...6...7...8...9...10	Bounce #15 added RGB(10, 5, 1)
0...1...2...3...4...5...6...7...8...9...10	Bounce #16 added RGB(5, 2, 1)
0...1...2...3...4...5...6...7...8...9...10	Bounce #17 added RGB(2, 1, 0)
0...1...2...3...4...5...6...7...8...9...10	Bounce #18 added RGB(1, 0, 0)
0...1...2...3...4...5...6...7...8...9...10	Bounce #19 added RGB(1, 0, 0)
Build Patch/Sample Hash Table(s).....Done<0.0919 sec>
0...1...2...3...4...5...6...7...8...9...10FinalLightFace Done
0...1...2...3...4...5...6...7...8...9...10Setting up leaf ambient computation...
115 of 402 (28% of) surface lights went in leaf ambient cubes.
0...1...2...3...4...5...6...7...8...9...10Writing leaf ambient...done
Ready to Finish

Object names       Objects/Maxobjs  Fullness 
------------       ---------------  -------- 
entities              1367/65536    ( 2.1%) 
models                 167/4096     ( 4.1%) 
brushes               4469/65536    ( 6.8%) 
brushsides           28092/655350   ( 4.3%) 
planes                5222/65536    ( 8.0%) 
vertexes             31352/65536    (47.8%) 
nodes                 5058/65536    ( 7.7%) 
texinfos              1696/32768    ( 5.2%) 
texdata                313/8192     ( 3.8%) 
dispinfos                4/16384    ( 0.0%) 
faces                17774/65536    (27.1%) 
hdr faces            17774/65536    (27.1%) 
origfaces             9229/65536    (14.1%) 
leaves                5226/65536    ( 8.0%) 
leaffaces            21228/65536    (32.4%) 
leafbrushes           9168/65536    (14.0%) 
areas                   91/1024     ( 8.9%) 
surfedges            87462/512000   (17.1%) 
edges                49320/256000   (19.3%) 
leafwaterdata           15/32768    ( 0.0%) 
primitives            2759/32768    ( 8.4%) 
primverts                0/65536    ( 0.0%) 
primindices          43161/65536    (65.9%) 
cubemapsamples           0/1024     ( 0.0%) 
overlays                73/8192     ( 0.9%) 
vertnormalindices    87304/256000   (34.1%) 
visdata             175272/16777216 ( 1.0%) 
entdata             508048/393216   (129.2%) FULL!!!
LDR ambient table     5226/65536    ( 8.0%) 
HDR ambient table     5226/65536    ( 8.0%) 
LDR worldlights            0       
HDR worldlights            552     
LDR lightdata              0       
HDR lightdata              35227560
LDR leaf ambient           5226    
HDR leaf ambient           17545   
occluders                  0       
occluder polygons          0       
occluder vert ind          0       
detail props               1140    
dtl prp lght               4       
HDR dtl prp lght           4       
static props               22332   
pakfile                    128479  
physics                    1455315 
physics terrain            1376    

Level flags = 0

Total triangle count: 51756
Writing w:\programs\steam\steamapps\common\garrysmod\garrysmod\addons\garrysmodmap\maps\gmm_garrymod_map_by_woowz_real_rp_normal.bsp
10 seconds elapsed

==================================================================
Date: 2026-09-29 21:36:24
W:\Programs\Steam\steamapps\common\GarrysMod\bin\win64\vbspplusplus.exe -allowdynamicpropsasstatic -game W:\Programs\Steam\steamapps\common\GarrysMod\garrysmod w:\programs\steam\steamapps\common\garrysmod\garrysmod\addons\garrysmodmap\maps\gmm_garrymod_map_by_woowz_real_rp_normal
==================================================================
16 threads
---------------
gamedir: W:\Programs\Steam\steamapps\common\GarrysMod\garrysmod\
---------------
Loading w:\programs\steam\steamapps\common\garrysmod\garrysmod\addons\garrysmodmap\maps\gmm_garrymod_map_by_woowz_real_rp_normal.vmf
Can't find surfaceprop antlion_eggshell for material NATURE/ROCKWALL_ANTLION03A, using default
Locating GameData file 'garrysmod.fgd'...
Parsing GameData file w:\programs\steam\steamapps\common\garrysmod\bin\garrysmod.fgd
Parsing GameData file w:\programs\steam\steamapps\common\garrysmod\bin\base.fgd
Parsing GameData file w:\programs\steam\steamapps\common\garrysmod\bin\halflife2.fgd
Parsing GameData file w:\programs\steam\steamapps\common\garrysmod\bin\base.fgd
fixing up env_cubemap materials on brush sides...
FloodEntities...
FloodEntities...
Processing areas...done (0)
Building Faces...done (0)
Chop Details...done (0)
Find Visible Detail Sides...
Merged 1010 detail faces...done (0)
Merging details...done (0)
FixTjuncs...
PruneNodes...
WriteBSP...
done (0)
writing w:\programs\steam\steamapps\common\garrysmod\garrysmod\addons\garrysmodmap\maps\gmm_garrymod_map_by_woowz_real_rp_normal.prt...
Building visibility clusters...
done (0)
Generating blank default cubemaps...
Generating blank default cubemaps...
Emitted 4442 brushes and 27909 brushsides
Finding displacement neighbors...
Finding lightmap sample positions...
Building Physics collision data...
done (0) (1446194 bytes)
Emitting static props...
Model "models/props_phx/construct/metal_wire1x2x2b.mdl" is missing $staticprop. Allowing due to -allowdynamicpropsasstatic
Model "models/props_phx/construct/metal_wire_angle360x2.mdl" is missing $staticprop. Allowing due to -allowdynamicpropsasstatic
Placing detail props : 0...1...2...3...4...5...6...7...8...9...10
Water found with no water_lod_control entity, creating a default one.
Compacting texture/material tables...
Reduced 3000 texinfos to 1692
Reduced 346 texdatas to 312 (11037 bytes to 8181)
Writing w:\programs\steam\steamapps\common\garrysmod\garrysmod\addons\garrysmodmap\maps\gmm_garrymod_map_by_woowz_real_rp_normal.bsp
2 seconds elapsed

==================================================================
Date: 2026-09-29 21:36:27
W:\Programs\Steam\steamapps\common\GarrysMod\bin\win64\vvisplusplus.exe -game W:\Programs\Steam\steamapps\common\GarrysMod\garrysmod w:\programs\steam\steamapps\common\garrysmod\garrysmod\addons\garrysmodmap\maps\gmm_garrymod_map_by_woowz_real_rp_normal
==================================================================
16 threads
CPU supports AVX2
reading w:\programs\steam\steamapps\common\garrysmod\garrysmod\addons\garrysmodmap\maps\gmm_garrymod_map_by_woowz_real_rp_normal.bsp
reading w:\programs\steam\steamapps\common\garrysmod\garrysmod\addons\garrysmodmap\maps\gmm_garrymod_map_by_woowz_real_rp_normal.prt
1513 portalclusters
2806 numportals
0...1...2...3...4...5...6...7...8...9...100...1...2...3...4...5...6...7...8...9...10Optimized: 264 visible clusters (0.33%)
Total clusters visible: 80709
Average clusters visible: 53
Building PAS...
Average clusters audible: 201
visdatasize:172983  compressed from 580992
writing w:\programs\steam\steamapps\common\garrysmod\garrysmod\addons\garrysmodmap\maps\gmm_garrymod_map_by_woowz_real_rp_normal.bsp
Wrote ZIP buffer, estimated size 132713, actual size 128479
0 seconds elapsed

==================================================================
Date: 2026-09-29 21:36:27
W:\Programs\Steam\steamapps\common\GarrysMod\bin\win64\vradplusplus.exe -both -final -game W:\Programs\Steam\steamapps\common\GarrysMod\garrysmod w:\programs\steam\steamapps\common\garrysmod\garrysmod\addons\garrysmodmap\maps\gmm_garrymod_map_by_woowz_real_rp_normal
==================================================================
---------------
gamedir: W:\Programs\Steam\steamapps\common\GarrysMod\garrysmod\
---------------
16 threads
Compiling in LDR+HDR mode
Reading texlights from 'lights.rad'...
53 texlights parsed
Loading w:\programs\steam\steamapps\common\garrysmod\garrysmod\addons\garrysmodmap\maps\gmm_garrymod_map_by_woowz_real_rp_normal.bsp
179 props added to raytrace
17691 faces
1 degenerate faces
574 fake patch planes
1916980 square feet [276045184.00 square inches]
4 Displacements
3259 Square Feet [469401.19 Square Inches]
0...1...2...3...4...5...6...7...8...9...1017690 patches before subdivision
207400 patches after subdivision
CreateDirectLights...
0...1...2...3...4...5...6...7...8...9...10552 lights, 8 styled (0.01 seconds)
0...1...2...3...4...5...6...7...8...9...100...1...2...3...4...5...6...7...8...9...10transfers 24316033, max 1076
transfer lists: 185.5 megs
0...1...2...3...4...5...6...7...8...9...10	Bounce #1 added RGB(1855379, 1438497, 1000119)
0...1...2...3...4...5...6...7...8...9...10	Bounce #2 added RGB(511615, 384942, 253788)
0...1...2...3...4...5...6...7...8...9...10	Bounce #3 added RGB(166204, 123660, 78665)
0...1...2...3...4...5...6...7...8...9...10	Bounce #4 added RGB(60599, 44361, 26901)
0...1...2...3...4...5...6...7...8...9...10	Bounce #5 added RGB(23746, 16990, 9760)
0...1...2...3...4...5...6...7...8...9...10	Bounce #6 added RGB(9832, 6827, 3695)
0...1...2...3...4...5...6...7...8...9...10	Bounce #7 added RGB(4236, 2840, 1443)
0...1...2...3...4...5...6...7...8...9...10	Bounce #8 added RGB(1884, 1215, 578)
0...1...2...3...4...5...6...7...8...9...10	Bounce #9 added RGB(857, 530, 236)
0...1...2...3...4...5...6...7...8...9...10	Bounce #10 added RGB(397, 235, 98)
0...1...2...3...4...5...6...7...8...9...10	Bounce #11 added RGB(186, 106, 41)
0...1...2...3...4...5...6...7...8...9...10	Bounce #12 added RGB(88, 48, 17)
0...1...2...3...4...5...6...7...8...9...10	Bounce #13 added RGB(42, 22, 7)
0...1...2...3...4...5...6...7...8...9...10	Bounce #14 added RGB(20, 10, 3)
0...1...2...3...4...5...6...7...8...9...10	Bounce #15 added RGB(10, 5, 1)
0...1...2...3...4...5...6...7...8...9...10	Bounce #16 added RGB(5, 2, 1)
0...1...2...3...4...5...6...7...8...9...10	Bounce #17 added RGB(2, 1, 0)
0...1...2...3...4...5...6...7...8...9...10	Bounce #18 added RGB(1, 0, 0)
0...1...2...3...4...5...6...7...8...9...10	Bounce #19 added RGB(1, 0, 0)
Build Patch/Sample Hash Table(s).....Done<0.0915 sec>
0...1...2...3...4...5...6...7...8...9...10FinalLightFace Done
0...1...2...3...4...5...6...7...8...9...10Setting up leaf ambient computation...
115 of 402 (28% of) surface lights went in leaf ambient cubes.
0...1...2...3...4...5...6...7...8...9...10Writing leaf ambient...done
Ready to Finish

Object names       Objects/Maxobjs  Fullness 
------------       ---------------  -------- 
entities              1367/65536    ( 2.1%) 
models                 166/4096     ( 4.1%) 
brushes               4442/65536    ( 6.8%) 
brushsides           27909/655350   ( 4.3%) 
planes                5168/65536    ( 7.9%) 
vertexes             31180/65536    (47.6%) 
nodes                 5029/65536    ( 7.7%) 
texinfos              1692/32768    ( 5.2%) 
texdata                312/8192     ( 3.8%) 
dispinfos                4/16384    ( 0.0%) 
faces                17691/65536    (27.0%) 
hdr faces            17691/65536    (27.0%) 
origfaces             9158/65536    (14.0%) 
leaves                5196/65536    ( 7.9%) 
leaffaces            21133/65536    (32.2%) 
leafbrushes           9126/65536    (13.9%) 
areas                   91/1024     ( 8.9%) 
surfedges            87046/512000   (17.0%) 
edges                49042/256000   (19.2%) 
leafwaterdata           15/32768    ( 0.0%) 
primitives            2746/32768    ( 8.4%) 
primverts                0/65536    ( 0.0%) 
primindices          42894/65536    (65.5%) 
cubemapsamples           0/1024     ( 0.0%) 
overlays                73/8192     ( 0.9%) 
vertnormalindices    86889/256000   (33.9%) 
visdata             172983/16777216 ( 1.0%) 
entdata             508293/393216   (129.3%) FULL!!!
LDR ambient table     5196/65536    ( 7.9%) 
HDR ambient table     5196/65536    ( 7.9%) 
LDR worldlights            0       
HDR worldlights            552     
LDR lightdata              0       
HDR lightdata              35195356
LDR leaf ambient           5196    
HDR leaf ambient           17431   
occluders                  0       
occluder polygons          0       
occluder vert ind          0       
detail props               1140    
dtl prp lght               4       
HDR dtl prp lght           4       
static props               22460   
pakfile                    128479  
physics                    1446194 
physics terrain            1376    

Level flags = 0

Total triangle count: 51507
Writing w:\programs\steam\steamapps\common\garrysmod\garrysmod\addons\garrysmodmap\maps\gmm_garrymod_map_by_woowz_real_rp_normal.bsp
10 seconds elapsed

==================================================================
Date: 2026-09-29 21:46:08
W:\Programs\Steam\steamapps\common\GarrysMod\bin\win64\vbspplusplus.exe -allowdynamicpropsasstatic -game W:\Programs\Steam\steamapps\common\GarrysMod\garrysmod w:\programs\steam\steamapps\common\garrysmod\garrysmod\addons\garrysmodmap\maps\gmm_garrymod_map_by_woowz_real_rp_normal
==================================================================
16 threads
---------------
gamedir: W:\Programs\Steam\steamapps\common\GarrysMod\garrysmod\
---------------
Loading w:\programs\steam\steamapps\common\garrysmod\garrysmod\addons\garrysmodmap\maps\gmm_garrymod_map_by_woowz_real_rp_normal.vmf
Can't find surfaceprop antlion_eggshell for material NATURE/ROCKWALL_ANTLION03A, using default
Locating GameData file 'garrysmod.fgd'...
Parsing GameData file w:\programs\steam\steamapps\common\garrysmod\bin\garrysmod.fgd
Parsing GameData file w:\programs\steam\steamapps\common\garrysmod\bin\base.fgd
Parsing GameData file w:\programs\steam\steamapps\common\garrysmod\bin\halflife2.fgd
Parsing GameData file w:\programs\steam\steamapps\common\garrysmod\bin\base.fgd
fixing up env_cubemap materials on brush sides...
FloodEntities...
FloodEntities...
Processing areas...done (0)
Building Faces...done (0)
Chop Details...done (0)
Find Visible Detail Sides...
Merged 1010 detail faces...done (0)
Merging details...done (0)
FixTjuncs...
PruneNodes...
WriteBSP...
done (1)
writing w:\programs\steam\steamapps\common\garrysmod\garrysmod\addons\garrysmodmap\maps\gmm_garrymod_map_by_woowz_real_rp_normal.prt...
Building visibility clusters...
done (0)
Generating blank default cubemaps...
Generating blank default cubemaps...
Emitted 4452 brushes and 27969 brushsides
Finding displacement neighbors...
Finding lightmap sample positions...
Building Physics collision data...
done (0) (1448991 bytes)
Emitting static props...
Model "models/props_phx/construct/metal_wire1x2x2b.mdl" is missing $staticprop. Allowing due to -allowdynamicpropsasstatic
Model "models/props_phx/construct/metal_wire_angle360x2.mdl" is missing $staticprop. Allowing due to -allowdynamicpropsasstatic
Placing detail props : 0...1...2...3...4...5...6...7...8...9...10
Water found with no water_lod_control entity, creating a default one.
Compacting texture/material tables...
Reduced 3013 texinfos to 1693
Reduced 347 texdatas to 313 (11057 bytes to 8201)
Writing w:\programs\steam\steamapps\common\garrysmod\garrysmod\addons\garrysmodmap\maps\gmm_garrymod_map_by_woowz_real_rp_normal.bsp
4 seconds elapsed

==================================================================
Date: 2026-09-29 21:46:13
W:\Programs\Steam\steamapps\common\GarrysMod\bin\win64\vvisplusplus.exe -game W:\Programs\Steam\steamapps\common\GarrysMod\garrysmod w:\programs\steam\steamapps\common\garrysmod\garrysmod\addons\garrysmodmap\maps\gmm_garrymod_map_by_woowz_real_rp_normal
==================================================================
16 threads
CPU supports AVX2
reading w:\programs\steam\steamapps\common\garrysmod\garrysmod\addons\garrysmodmap\maps\gmm_garrymod_map_by_woowz_real_rp_normal.bsp
reading w:\programs\steam\steamapps\common\garrysmod\garrysmod\addons\garrysmodmap\maps\gmm_garrymod_map_by_woowz_real_rp_normal.prt
1510 portalclusters
2801 numportals
0...1...2...3...4...5...6...7...8...9...100...1...2...3...4...5...6...7...8...9...10Optimized: 262 visible clusters (0.33%)
Total clusters visible: 80446
Average clusters visible: 53
Building PAS...
Average clusters audible: 201
visdatasize:171341  compressed from 579840
writing w:\programs\steam\steamapps\common\garrysmod\garrysmod\addons\garrysmodmap\maps\gmm_garrymod_map_by_woowz_real_rp_normal.bsp
Wrote ZIP buffer, estimated size 132713, actual size 128479
0 seconds elapsed

==================================================================
Date: 2026-09-29 21:46:13
W:\Programs\Steam\steamapps\common\GarrysMod\bin\win64\vradplusplus.exe -both -final -game W:\Programs\Steam\steamapps\common\GarrysMod\garrysmod w:\programs\steam\steamapps\common\garrysmod\garrysmod\addons\garrysmodmap\maps\gmm_garrymod_map_by_woowz_real_rp_normal
==================================================================
---------------
gamedir: W:\Programs\Steam\steamapps\common\GarrysMod\garrysmod\
---------------
16 threads
Compiling in LDR+HDR mode
Reading texlights from 'lights.rad'...
53 texlights parsed
Loading w:\programs\steam\steamapps\common\garrysmod\garrysmod\addons\garrysmodmap\maps\gmm_garrymod_map_by_woowz_real_rp_normal.bsp
179 props added to raytrace
17688 faces
1 degenerate faces
576 fake patch planes
1917037 square feet [276053376.00 square inches]
4 Displacements
3259 Square Feet [469401.19 Square Inches]
0...1...2...3...4...5...6...7...8...9...1017687 patches before subdivision
207385 patches after subdivision
CreateDirectLights...
0...1...2...3...4...5...6...7...8...9...10552 lights, 8 styled (0.01 seconds)
0...1...2...3...4...5...6...7...8...9...100...1...2...3...4...5...6...7...8...9...10transfers 24312401, max 1076
transfer lists: 185.5 megs
0...1...2...3...4...5...6...7...8...9...10	Bounce #1 added RGB(1855526, 1438536, 1000123)
0...1...2...3...4...5...6...7...8...9...10	Bounce #2 added RGB(511745, 384982, 253799)
0...1...2...3...4...5...6...7...8...9...10	Bounce #3 added RGB(166256, 123687, 78679)
0...1...2...3...4...5...6...7...8...9...10	Bounce #4 added RGB(60617, 44369, 26905)
0...1...2...3...4...5...6...7...8...9...10	Bounce #5 added RGB(23752, 16994, 9762)
0...1...2...3...4...5...6...7...8...9...10	Bounce #6 added RGB(9834, 6828, 3696)
0...1...2...3...4...5...6...7...8...9...10	Bounce #7 added RGB(4237, 2840, 1444)
0...1...2...3...4...5...6...7...8...9...10	Bounce #8 added RGB(1884, 1215, 578)
0...1...2...3...4...5...6...7...8...9...10	Bounce #9 added RGB(857, 530, 236)
0...1...2...3...4...5...6...7...8...9...10	Bounce #10 added RGB(397, 235, 98)
0...1...2...3...4...5...6...7...8...9...10	Bounce #11 added RGB(186, 106, 41)
0...1...2...3...4...5...6...7...8...9...10	Bounce #12 added RGB(88, 48, 17)
0...1...2...3...4...5...6...7...8...9...10	Bounce #13 added RGB(42, 22, 7)
0...1...2...3...4...5...6...7...8...9...10	Bounce #14 added RGB(20, 10, 3)
0...1...2...3...4...5...6...7...8...9...10	Bounce #15 added RGB(10, 5, 1)
0...1...2...3...4...5...6...7...8...9...10	Bounce #16 added RGB(5, 2, 1)
0...1...2...3...4...5...6...7...8...9...10	Bounce #17 added RGB(2, 1, 0)
0...1...2...3...4...5...6...7...8...9...10	Bounce #18 added RGB(1, 0, 0)
0...1...2...3...4...5...6...7...8...9...10	Bounce #19 added RGB(1, 0, 0)
Build Patch/Sample Hash Table(s).....Done<0.0941 sec>
0...1...2...3...4...5...6...7...8...9...10FinalLightFace Done
0...1...2...3...4...5...6...7...8...9...10Setting up leaf ambient computation...
115 of 402 (28% of) surface lights went in leaf ambient cubes.
0...1...2...3...4...5...6...7...8...9...10Writing leaf ambient...done
Ready to Finish

Object names       Objects/Maxobjs  Fullness 
------------       ---------------  -------- 
entities              1369/65536    ( 2.1%) 
models                 167/4096     ( 4.1%) 
brushes               4452/65536    ( 6.8%) 
brushsides           27969/655350   ( 4.3%) 
planes                5168/65536    ( 7.9%) 
vertexes             31195/65536    (47.6%) 
nodes                 5024/65536    ( 7.7%) 
texinfos              1693/32768    ( 5.2%) 
texdata                313/8192     ( 3.8%) 
dispinfos                4/16384    ( 0.0%) 
faces                17688/65536    (27.0%) 
hdr faces            17688/65536    (27.0%) 
origfaces             9165/65536    (14.0%) 
leaves                5192/65536    ( 7.9%) 
leaffaces            21126/65536    (32.2%) 
leafbrushes           9118/65536    (13.9%) 
areas                   91/1024     ( 8.9%) 
surfedges            87047/512000   (17.0%) 
edges                49055/256000   (19.2%) 
leafwaterdata           15/32768    ( 0.0%) 
primitives            2746/32768    ( 8.4%) 
primverts                0/65536    ( 0.0%) 
primindices          42906/65536    (65.5%) 
cubemapsamples           0/1024     ( 0.0%) 
overlays                73/8192     ( 0.9%) 
vertnormalindices    86889/256000   (33.9%) 
visdata             171341/16777216 ( 1.0%) 
entdata             509047/393216   (129.5%) FULL!!!
LDR ambient table     5192/65536    ( 7.9%) 
HDR ambient table     5192/65536    ( 7.9%) 
LDR worldlights            0       
HDR worldlights            552     
LDR lightdata              0       
HDR lightdata              35190232
LDR leaf ambient           5192    
HDR leaf ambient           17350   
occluders                  0       
occluder polygons          0       
occluder vert ind          0       
detail props               1140    
dtl prp lght               4       
HDR dtl prp lght           4       
static props               22456   
pakfile                    128479  
physics                    1448991 
physics terrain            1376    

Level flags = 0

Total triangle count: 51513
Writing w:\programs\steam\steamapps\common\garrysmod\garrysmod\addons\garrysmodmap\maps\gmm_garrymod_map_by_woowz_real_rp_normal.bsp
10 seconds elapsed

==================================================================
Date: 2026-09-29 21:56:40
W:\Programs\Steam\steamapps\common\GarrysMod\bin\win64\vbspplusplus.exe -allowdynamicpropsasstatic -game W:\Programs\Steam\steamapps\common\GarrysMod\garrysmod w:\programs\steam\steamapps\common\garrysmod\garrysmod\addons\garrysmodmap\maps\gmm_garrymod_map_by_woowz_real_rp_normal
==================================================================
16 threads
---------------
gamedir: W:\Programs\Steam\steamapps\common\GarrysMod\garrysmod\
---------------
Loading w:\programs\steam\steamapps\common\garrysmod\garrysmod\addons\garrysmodmap\maps\gmm_garrymod_map_by_woowz_real_rp_normal.vmf
Can't find surfaceprop antlion_eggshell for material NATURE/ROCKWALL_ANTLION03A, using default
Locating GameData file 'garrysmod.fgd'...
Parsing GameData file w:\programs\steam\steamapps\common\garrysmod\bin\garrysmod.fgd
Parsing GameData file w:\programs\steam\steamapps\common\garrysmod\bin\base.fgd
Parsing GameData file w:\programs\steam\steamapps\common\garrysmod\bin\halflife2.fgd
Parsing GameData file w:\programs\steam\steamapps\common\garrysmod\bin\base.fgd
fixing up env_cubemap materials on brush sides...
FloodEntities...
FloodEntities...
Processing areas...done (0)
Building Faces...done (0)
Chop Details...done (0)
Find Visible Detail Sides...
Merged 1010 detail faces...done (0)
Merging details...done (0)
FixTjuncs...
PruneNodes...
WriteBSP...
done (0)
writing w:\programs\steam\steamapps\common\garrysmod\garrysmod\addons\garrysmodmap\maps\gmm_garrymod_map_by_woowz_real_rp_normal.prt...
Building visibility clusters...
done (0)
Generating blank default cubemaps...
Generating blank default cubemaps...
Emitted 4457 brushes and 27999 brushsides
Finding displacement neighbors...
Finding lightmap sample positions...
Building Physics collision data...
done (0) (1451030 bytes)
Emitting static props...
Model "models/props_phx/construct/metal_wire1x2x2b.mdl" is missing $staticprop. Allowing due to -allowdynamicpropsasstatic
Model "models/props_phx/construct/metal_wire_angle360x2.mdl" is missing $staticprop. Allowing due to -allowdynamicpropsasstatic
Placing detail props : 0...1...2...3...4...5...6...7...8...9...10
Water found with no water_lod_control entity, creating a default one.
Compacting texture/material tables...
Reduced 3028 texinfos to 1705
Reduced 350 texdatas to 316 (11191 bytes to 8335)
Writing w:\programs\steam\steamapps\common\garrysmod\garrysmod\addons\garrysmodmap\maps\gmm_garrymod_map_by_woowz_real_rp_normal.bsp
2 seconds elapsed

==================================================================
Date: 2026-09-29 21:56:42
W:\Programs\Steam\steamapps\common\GarrysMod\bin\win64\vvisplusplus.exe -game W:\Programs\Steam\steamapps\common\GarrysMod\garrysmod w:\programs\steam\steamapps\common\garrysmod\garrysmod\addons\garrysmodmap\maps\gmm_garrymod_map_by_woowz_real_rp_normal
==================================================================
16 threads
CPU supports AVX2
reading w:\programs\steam\steamapps\common\garrysmod\garrysmod\addons\garrysmodmap\maps\gmm_garrymod_map_by_woowz_real_rp_normal.bsp
reading w:\programs\steam\steamapps\common\garrysmod\garrysmod\addons\garrysmodmap\maps\gmm_garrymod_map_by_woowz_real_rp_normal.prt
1510 portalclusters
2801 numportals
0...1...2...3...4...5...6...7...8...9...100...1...2...3...4...5...6...7...8...9...10Optimized: 265 visible clusters (0.33%)
Total clusters visible: 80449
Average clusters visible: 53
Building PAS...
Average clusters audible: 201
visdatasize:171341  compressed from 579840
writing w:\programs\steam\steamapps\common\garrysmod\garrysmod\addons\garrysmodmap\maps\gmm_garrymod_map_by_woowz_real_rp_normal.bsp
Wrote ZIP buffer, estimated size 132713, actual size 128479
0 seconds elapsed

==================================================================
Date: 2026-09-29 21:56:42
W:\Programs\Steam\steamapps\common\GarrysMod\bin\win64\vradplusplus.exe -both -final -game W:\Programs\Steam\steamapps\common\GarrysMod\garrysmod w:\programs\steam\steamapps\common\garrysmod\garrysmod\addons\garrysmodmap\maps\gmm_garrymod_map_by_woowz_real_rp_normal
==================================================================
---------------
gamedir: W:\Programs\Steam\steamapps\common\GarrysMod\garrysmod\
---------------
16 threads
Compiling in LDR+HDR mode
Reading texlights from 'lights.rad'...
53 texlights parsed
Loading w:\programs\steam\steamapps\common\garrysmod\garrysmod\addons\garrysmodmap\maps\gmm_garrymod_map_by_woowz_real_rp_normal.bsp
180 props added to raytrace
17713 faces
1 degenerate faces
582 fake patch planes
1917273 square feet [276087424.00 square inches]
4 Displacements
3259 Square Feet [469401.19 Square Inches]
0...1...2...3...4...5...6...7...8...9...1017712 patches before subdivision
207450 patches after subdivision
CreateDirectLights...
0...1...2...3...4...5...6...7...8...9...10552 lights, 8 styled (0.01 seconds)
0...1...2...3...4...5...6...7...8...9...100...1...2...3...4...5...6...7...8...9...10transfers 24317060, max 1076
transfer lists: 185.5 megs
0...1...2...3...4...5...6...7...8...9...10	Bounce #1 added RGB(1855560, 1438562, 1000140)
0...1...2...3...4...5...6...7...8...9...10	Bounce #2 added RGB(511760, 384994, 253806)
0...1...2...3...4...5...6...7...8...9...10	Bounce #3 added RGB(166261, 123691, 78681)
0...1...2...3...4...5...6...7...8...9...10	Bounce #4 added RGB(60619, 44371, 26906)
0...1...2...3...4...5...6...7...8...9...10	Bounce #5 added RGB(23753, 16994, 9762)
0...1...2...3...4...5...6...7...8...9...10	Bounce #6 added RGB(9834, 6829, 3696)
0...1...2...3...4...5...6...7...8...9...10	Bounce #7 added RGB(4237, 2840, 1444)
0...1...2...3...4...5...6...7...8...9...10	Bounce #8 added RGB(1884, 1215, 578)
0...1...2...3...4...5...6...7...8...9...10	Bounce #9 added RGB(857, 530, 236)
0...1...2...3...4...5...6...7...8...9...10	Bounce #10 added RGB(397, 235, 98)
0...1...2...3...4...5...6...7...8...9...10	Bounce #11 added RGB(186, 106, 41)
0...1...2...3...4...5...6...7...8...9...10	Bounce #12 added RGB(88, 48, 17)
0...1...2...3...4...5...6...7...8...9...10	Bounce #13 added RGB(42, 22, 7)
0...1...2...3...4...5...6...7...8...9...10	Bounce #14 added RGB(20, 10, 3)
0...1...2...3...4...5...6...7...8...9...10	Bounce #15 added RGB(10, 5, 1)
0...1...2...3...4...5...6...7...8...9...10	Bounce #16 added RGB(5, 2, 1)
0...1...2...3...4...5...6...7...8...9...10	Bounce #17 added RGB(2, 1, 0)
0...1...2...3...4...5...6...7...8...9...10	Bounce #18 added RGB(1, 0, 0)
0...1...2...3...4...5...6...7...8...9...10	Bounce #19 added RGB(1, 0, 0)
Build Patch/Sample Hash Table(s).....Done<0.0960 sec>
0...1...2...3...4...5...6...7...8...9...10FinalLightFace Done
0...1...2...3...4...5...6...7...8...9...10Setting up leaf ambient computation...
115 of 402 (28% of) surface lights went in leaf ambient cubes.
0...1...2...3...4...5...6...7...8...9...10Writing leaf ambient...done
Ready to Finish

Object names       Objects/Maxobjs  Fullness 
------------       ---------------  -------- 
entities              1369/65536    ( 2.1%) 
models                 168/4096     ( 4.1%) 
brushes               4457/65536    ( 6.8%) 
brushsides           27999/655350   ( 4.3%) 
planes                5180/65536    ( 7.9%) 
vertexes             31238/65536    (47.7%) 
nodes                 5030/65536    ( 7.7%) 
texinfos              1705/32768    ( 5.2%) 
texdata                316/8192     ( 3.9%) 
dispinfos                4/16384    ( 0.0%) 
faces                17713/65536    (27.0%) 
hdr faces            17713/65536    (27.0%) 
origfaces             9190/65536    (14.0%) 
leaves                5199/65536    ( 7.9%) 
leaffaces            21151/65536    (32.3%) 
leafbrushes           9123/65536    (13.9%) 
areas                   91/1024     ( 8.9%) 
surfedges            87174/512000   (17.0%) 
edges                49125/256000   (19.2%) 
leafwaterdata           15/32768    ( 0.0%) 
primitives            2751/32768    ( 8.4%) 
primverts                0/65536    ( 0.0%) 
primindices          43005/65536    (65.6%) 
cubemapsamples           0/1024     ( 0.0%) 
overlays                75/8192     ( 0.9%) 
vertnormalindices    87015/256000   (34.0%) 
visdata             171341/16777216 ( 1.0%) 
entdata             509339/393216   (129.5%) FULL!!!
LDR ambient table     5199/65536    ( 7.9%) 
HDR ambient table     5199/65536    ( 7.9%) 
LDR worldlights            0       
HDR worldlights            552     
LDR lightdata              0       
HDR lightdata              35206228
LDR leaf ambient           5199    
HDR leaf ambient           17357   
occluders                  0       
occluder polygons          0       
occluder vert ind          0       
detail props               1140    
dtl prp lght               4       
HDR dtl prp lght           4       
static props               22658   
pakfile                    128479  
physics                    1451030 
physics terrain            1376    

Level flags = 0

Total triangle count: 51589
Writing w:\programs\steam\steamapps\common\garrysmod\garrysmod\addons\garrysmodmap\maps\gmm_garrymod_map_by_woowz_real_rp_normal.bsp
10 seconds elapsed

==================================================================
Date: 2026-09-29 21:57:48
W:\Programs\Steam\steamapps\common\GarrysMod\bin\win64\vbspplusplus.exe -allowdynamicpropsasstatic -game W:\Programs\Steam\steamapps\common\GarrysMod\garrysmod w:\programs\steam\steamapps\common\garrysmod\garrysmod\addons\garrysmodmap\maps\gmm_garrymod_map_by_woowz_real_rp_normal
==================================================================
16 threads
---------------
gamedir: W:\Programs\Steam\steamapps\common\GarrysMod\garrysmod\
---------------
Loading w:\programs\steam\steamapps\common\garrysmod\garrysmod\addons\garrysmodmap\maps\gmm_garrymod_map_by_woowz_real_rp_normal.vmf
Can't find surfaceprop antlion_eggshell for material NATURE/ROCKWALL_ANTLION03A, using default
Locating GameData file 'garrysmod.fgd'...
Parsing GameData file w:\programs\steam\steamapps\common\garrysmod\bin\garrysmod.fgd
Parsing GameData file w:\programs\steam\steamapps\common\garrysmod\bin\base.fgd
Parsing GameData file w:\programs\steam\steamapps\common\garrysmod\bin\halflife2.fgd
Parsing GameData file w:\programs\steam\steamapps\common\garrysmod\bin\base.fgd
fixing up env_cubemap materials on brush sides...
FloodEntities...
FloodEntities...
Processing areas...done (0)
Building Faces...done (0)
Chop Details...done (0)
Find Visible Detail Sides...
Merged 1010 detail faces...done (0)
Merging details...done (0)
FixTjuncs...
PruneNodes...
WriteBSP...
done (0)
writing w:\programs\steam\steamapps\common\garrysmod\garrysmod\addons\garrysmodmap\maps\gmm_garrymod_map_by_woowz_real_rp_normal.prt...
Building visibility clusters...
done (0)
Generating blank default cubemaps...
Generating blank default cubemaps...
Emitted 4457 brushes and 27999 brushsides
Finding displacement neighbors...
Finding lightmap sample positions...
Building Physics collision data...
done (0) (1451030 bytes)
Emitting static props...
Model "models/props_phx/construct/metal_wire1x2x2b.mdl" is missing $staticprop. Allowing due to -allowdynamicpropsasstatic
Model "models/props_phx/construct/metal_wire_angle360x2.mdl" is missing $staticprop. Allowing due to -allowdynamicpropsasstatic
Placing detail props : 0...1...2...3...4...5...6...7...8...9...10
Water found with no water_lod_control entity, creating a default one.
Compacting texture/material tables...
Reduced 3027 texinfos to 1704
Reduced 349 texdatas to 315 (11132 bytes to 8276)
Writing w:\programs\steam\steamapps\common\garrysmod\garrysmod\addons\garrysmodmap\maps\gmm_garrymod_map_by_woowz_real_rp_normal.bsp
2 seconds elapsed

==================================================================
Date: 2026-09-29 21:57:50
W:\Programs\Steam\steamapps\common\GarrysMod\bin\win64\vvisplusplus.exe -game W:\Programs\Steam\steamapps\common\GarrysMod\garrysmod w:\programs\steam\steamapps\common\garrysmod\garrysmod\addons\garrysmodmap\maps\gmm_garrymod_map_by_woowz_real_rp_normal
==================================================================
16 threads
CPU supports AVX2
reading w:\programs\steam\steamapps\common\garrysmod\garrysmod\addons\garrysmodmap\maps\gmm_garrymod_map_by_woowz_real_rp_normal.bsp
reading w:\programs\steam\steamapps\common\garrysmod\garrysmod\addons\garrysmodmap\maps\gmm_garrymod_map_by_woowz_real_rp_normal.prt
1510 portalclusters
2801 numportals
0...1...2...3...4...5...6...7...8...9...100...1...2...3...4...5...6...7...8...9...10Optimized: 261 visible clusters (0.32%)
Total clusters visible: 80445
Average clusters visible: 53
Building PAS...
Average clusters audible: 201
visdatasize:171341  compressed from 579840
writing w:\programs\steam\steamapps\common\garrysmod\garrysmod\addons\garrysmodmap\maps\gmm_garrymod_map_by_woowz_real_rp_normal.bsp
Wrote ZIP buffer, estimated size 132713, actual size 128479
0 seconds elapsed

==================================================================
Date: 2026-09-29 21:57:51
W:\Programs\Steam\steamapps\common\GarrysMod\bin\win64\vradplusplus.exe -both -final -game W:\Programs\Steam\steamapps\common\GarrysMod\garrysmod w:\programs\steam\steamapps\common\garrysmod\garrysmod\addons\garrysmodmap\maps\gmm_garrymod_map_by_woowz_real_rp_normal
==================================================================
---------------
gamedir: W:\Programs\Steam\steamapps\common\GarrysMod\garrysmod\
---------------
16 threads
Compiling in LDR+HDR mode
Reading texlights from 'lights.rad'...
53 texlights parsed
Loading w:\programs\steam\steamapps\common\garrysmod\garrysmod\addons\garrysmodmap\maps\gmm_garrymod_map_by_woowz_real_rp_normal.bsp
180 props added to raytrace
17713 faces
1 degenerate faces
582 fake patch planes
1917273 square feet [276087424.00 square inches]
4 Displacements
3259 Square Feet [469401.19 Square Inches]
0...1...2...3...4...5...6...7...8...9...1017712 patches before subdivision
207450 patches after subdivision
CreateDirectLights...
0...1...2...3...4...5...6...7...8...9...10552 lights, 8 styled (0.01 seconds)
0...1...2...3...4...5...6...7...8...9...100...1...2...3...4...5...6...7...8...9...10transfers 24317060, max 1076
transfer lists: 185.5 megs
0...1...2...3...4...5...6...7...8...9...10	Bounce #1 added RGB(1855565, 1438570, 1000147)
0...1...2...3...4...5...6...7...8...9...10	Bounce #2 added RGB(511762, 384997, 253808)
0...1...2...3...4...5...6...7...8...9...10	Bounce #3 added RGB(166263, 123692, 78682)
0...1...2...3...4...5...6...7...8...9...10	Bounce #4 added RGB(60620, 44372, 26906)
0...1...2...3...4...5...6...7...8...9...10	Bounce #5 added RGB(23753, 16995, 9762)
0...1...2...3...4...5...6...7...8...9...10	Bounce #6 added RGB(9835, 6829, 3696)
0...1...2...3...4...5...6...7...8...9...10	Bounce #7 added RGB(4237, 2840, 1444)
0...1...2...3...4...5...6...7...8...9...10	Bounce #8 added RGB(1884, 1215, 578)
0...1...2...3...4...5...6...7...8...9...10	Bounce #9 added RGB(857, 531, 236)
0...1...2...3...4...5...6...7...8...9...10	Bounce #10 added RGB(397, 235, 98)
0...1...2...3...4...5...6...7...8...9...10	Bounce #11 added RGB(186, 106, 41)
0...1...2...3...4...5...6...7...8...9...10	Bounce #12 added RGB(88, 48, 17)
0...1...2...3...4...5...6...7...8...9...10	Bounce #13 added RGB(42, 22, 7)
0...1...2...3...4...5...6...7...8...9...10	Bounce #14 added RGB(20, 10, 3)
0...1...2...3...4...5...6...7...8...9...10	Bounce #15 added RGB(10, 5, 1)
0...1...2...3...4...5...6...7...8...9...10	Bounce #16 added RGB(5, 2, 1)
0...1...2...3...4...5...6...7...8...9...10	Bounce #17 added RGB(2, 1, 0)
0...1...2...3...4...5...6...7...8...9...10	Bounce #18 added RGB(1, 0, 0)
0...1...2...3...4...5...6...7...8...9...10	Bounce #19 added RGB(1, 0, 0)
Build Patch/Sample Hash Table(s).....Done<0.0934 sec>
0...1...2...3...4...5...6...7...8...9...10FinalLightFace Done
0...1...2...3...4...5...6...7...8...9...10Setting up leaf ambient computation...
115 of 402 (28% of) surface lights went in leaf ambient cubes.
0...1...2...3...4...5...6...7...8...9...10Writing leaf ambient...done
Ready to Finish

Object names       Objects/Maxobjs  Fullness 
------------       ---------------  -------- 
entities              1370/65536    ( 2.1%) 
models                 168/4096     ( 4.1%) 
brushes               4457/65536    ( 6.8%) 
brushsides           27999/655350   ( 4.3%) 
planes                5180/65536    ( 7.9%) 
vertexes             31238/65536    (47.7%) 
nodes                 5030/65536    ( 7.7%) 
texinfos              1704/32768    ( 5.2%) 
texdata                315/8192     ( 3.8%) 
dispinfos                4/16384    ( 0.0%) 
faces                17713/65536    (27.0%) 
hdr faces            17713/65536    (27.0%) 
origfaces             9190/65536    (14.0%) 
leaves                5199/65536    ( 7.9%) 
leaffaces            21151/65536    (32.3%) 
leafbrushes           9123/65536    (13.9%) 
areas                   91/1024     ( 8.9%) 
surfedges            87174/512000   (17.0%) 
edges                49125/256000   (19.2%) 
leafwaterdata           15/32768    ( 0.0%) 
primitives            2751/32768    ( 8.4%) 
primverts                0/65536    ( 0.0%) 
primindices          43005/65536    (65.6%) 
cubemapsamples           0/1024     ( 0.0%) 
overlays                74/8192     ( 0.9%) 
vertnormalindices    87015/256000   (34.0%) 
visdata             171341/16777216 ( 1.0%) 
entdata             509489/393216   (129.6%) FULL!!!
LDR ambient table     5199/65536    ( 7.9%) 
HDR ambient table     5199/65536    ( 7.9%) 
LDR worldlights            0       
HDR worldlights            552     
LDR lightdata              0       
HDR lightdata              35206228
LDR leaf ambient           5199    
HDR leaf ambient           17356   
occluders                  0       
occluder polygons          0       
occluder vert ind          0       
detail props               1140    
dtl prp lght               4       
HDR dtl prp lght           4       
static props               22658   
pakfile                    128479  
physics                    1451030 
physics terrain            1376    

Level flags = 0

Total triangle count: 51589
Writing w:\programs\steam\steamapps\common\garrysmod\garrysmod\addons\garrysmodmap\maps\gmm_garrymod_map_by_woowz_real_rp_normal.bsp
10 seconds elapsed

==================================================================
Date: 2026-09-29 21:59:52
W:\Programs\Steam\steamapps\common\GarrysMod\bin\win64\vbspplusplus.exe -allowdynamicpropsasstatic -game W:\Programs\Steam\steamapps\common\GarrysMod\garrysmod w:\programs\steam\steamapps\common\garrysmod\garrysmod\addons\garrysmodmap\maps\gmm_garrymod_map_by_woowz_real_rp_normal
==================================================================
16 threads
---------------
gamedir: W:\Programs\Steam\steamapps\common\GarrysMod\garrysmod\
---------------
Loading w:\programs\steam\steamapps\common\garrysmod\garrysmod\addons\garrysmodmap\maps\gmm_garrymod_map_by_woowz_real_rp_normal.vmf
Can't find surfaceprop antlion_eggshell for material NATURE/ROCKWALL_ANTLION03A, using default
Locating GameData file 'garrysmod.fgd'...
Parsing GameData file w:\programs\steam\steamapps\common\garrysmod\bin\garrysmod.fgd
Parsing GameData file w:\programs\steam\steamapps\common\garrysmod\bin\base.fgd
Parsing GameData file w:\programs\steam\steamapps\common\garrysmod\bin\halflife2.fgd
Parsing GameData file w:\programs\steam\steamapps\common\garrysmod\bin\base.fgd
fixing up env_cubemap materials on brush sides...
FloodEntities...
FloodEntities...
Processing areas...done (0)
Building Faces...done (0)
Chop Details...done (0)
Find Visible Detail Sides...
Merged 1010 detail faces...done (0)
Merging details...done (0)
FixTjuncs...
PruneNodes...
WriteBSP...
done (0)
writing w:\programs\steam\steamapps\common\garrysmod\garrysmod\addons\garrysmodmap\maps\gmm_garrymod_map_by_woowz_real_rp_normal.prt...
Building visibility clusters...
done (0)
Generating blank default cubemaps...
Generating blank default cubemaps...
Emitted 4472 brushes and 28089 brushsides
Finding displacement neighbors...
Finding lightmap sample positions...
Building Physics collision data...
done (0) (1457003 bytes)
Emitting static props...
Model "models/props_phx/construct/metal_wire1x2x2b.mdl" is missing $staticprop. Allowing due to -allowdynamicpropsasstatic
Model "models/props_phx/construct/metal_wire_angle360x2.mdl" is missing $staticprop. Allowing due to -allowdynamicpropsasstatic
Placing detail props : 0...1...2...3...4...5...6...7...8...9...10
Water found with no water_lod_control entity, creating a default one.
Compacting texture/material tables...
Reduced 3049 texinfos to 1725
Reduced 349 texdatas to 315 (11132 bytes to 8276)
Writing w:\programs\steam\steamapps\common\garrysmod\garrysmod\addons\garrysmodmap\maps\gmm_garrymod_map_by_woowz_real_rp_normal.bsp
2 seconds elapsed

==================================================================
Date: 2026-09-29 21:59:54
W:\Programs\Steam\steamapps\common\GarrysMod\bin\win64\vvisplusplus.exe -game W:\Programs\Steam\steamapps\common\GarrysMod\garrysmod w:\programs\steam\steamapps\common\garrysmod\garrysmod\addons\garrysmodmap\maps\gmm_garrymod_map_by_woowz_real_rp_normal
==================================================================
16 threads
CPU supports AVX2
reading w:\programs\steam\steamapps\common\garrysmod\garrysmod\addons\garrysmodmap\maps\gmm_garrymod_map_by_woowz_real_rp_normal.bsp
reading w:\programs\steam\steamapps\common\garrysmod\garrysmod\addons\garrysmodmap\maps\gmm_garrymod_map_by_woowz_real_rp_normal.prt
1510 portalclusters
2801 numportals
0...1...2...3...4...5...6...7...8...9...100...1...2...3...4...5...6...7...8...9...10Optimized: 265 visible clusters (0.33%)
Total clusters visible: 80449
Average clusters visible: 53
Building PAS...
Average clusters audible: 201
visdatasize:171341  compressed from 579840
writing w:\programs\steam\steamapps\common\garrysmod\garrysmod\addons\garrysmodmap\maps\gmm_garrymod_map_by_woowz_real_rp_normal.bsp
Wrote ZIP buffer, estimated size 132713, actual size 128479
0 seconds elapsed

==================================================================
Date: 2026-09-29 21:59:54
W:\Programs\Steam\steamapps\common\GarrysMod\bin\win64\vradplusplus.exe -both -final -game W:\Programs\Steam\steamapps\common\GarrysMod\garrysmod w:\programs\steam\steamapps\common\garrysmod\garrysmod\addons\garrysmodmap\maps\gmm_garrymod_map_by_woowz_real_rp_normal
==================================================================
---------------
gamedir: W:\Programs\Steam\steamapps\common\GarrysMod\garrysmod\
---------------
16 threads
Compiling in LDR+HDR mode
Reading texlights from 'lights.rad'...
53 texlights parsed
Loading w:\programs\steam\steamapps\common\garrysmod\garrysmod\addons\garrysmodmap\maps\gmm_garrymod_map_by_woowz_real_rp_normal.bsp
183 props added to raytrace
17788 faces
1 degenerate faces
600 fake patch planes
1917983 square feet [276189568.00 square inches]
4 Displacements
3259 Square Feet [469401.19 Square Inches]
0...1...2...3...4...5...6...7...8...9...1017787 patches before subdivision
207639 patches after subdivision
CreateDirectLights...
0...1...2...3...4...5...6...7...8...9...10552 lights, 8 styled (0.01 seconds)
0...1...2...3...4...5...6...7...8...9...100...1...2...3...4...5...6...7...8...9...10transfers 24331311, max 1076
transfer lists: 185.6 megs
0...1...2...3...4...5...6...7...8...9...10	Bounce #1 added RGB(1855655, 1438651, 1000196)
0...1...2...3...4...5...6...7...8...9...10	Bounce #2 added RGB(511805, 385034, 253828)
0...1...2...3...4...5...6...7...8...9...10	Bounce #3 added RGB(166279, 123706, 78688)
0...1...2...3...4...5...6...7...8...9...10	Bounce #4 added RGB(60626, 44376, 26908)
0...1...2...3...4...5...6...7...8...9...10	Bounce #5 added RGB(23756, 16996, 9762)
0...1...2...3...4...5...6...7...8...9...10	Bounce #6 added RGB(9836, 6829, 3696)
0...1...2...3...4...5...6...7...8...9...10	Bounce #7 added RGB(4237, 2841, 1444)
0...1...2...3...4...5...6...7...8...9...10	Bounce #8 added RGB(1884, 1215, 578)
0...1...2...3...4...5...6...7...8...9...10	Bounce #9 added RGB(857, 531, 236)
0...1...2...3...4...5...6...7...8...9...10	Bounce #10 added RGB(397, 236, 98)
0...1...2...3...4...5...6...7...8...9...10	Bounce #11 added RGB(186, 106, 41)
0...1...2...3...4...5...6...7...8...9...10	Bounce #12 added RGB(88, 48, 17)
0...1...2...3...4...5...6...7...8...9...10	Bounce #13 added RGB(42, 22, 7)
0...1...2...3...4...5...6...7...8...9...10	Bounce #14 added RGB(20, 10, 3)
0...1...2...3...4...5...6...7...8...9...10	Bounce #15 added RGB(10, 5, 1)
0...1...2...3...4...5...6...7...8...9...10	Bounce #16 added RGB(5, 2, 1)
0...1...2...3...4...5...6...7...8...9...10	Bounce #17 added RGB(2, 1, 0)
0...1...2...3...4...5...6...7...8...9...10	Bounce #18 added RGB(1, 0, 0)
0...1...2...3...4...5...6...7...8...9...10	Bounce #19 added RGB(1, 0, 0)
Build Patch/Sample Hash Table(s).....Done<0.0934 sec>
0...1...2...3...4...5...6...7...8...9...10FinalLightFace Done
0...1...2...3...4...5...6...7...8...9...10Setting up leaf ambient computation...
115 of 402 (28% of) surface lights went in leaf ambient cubes.
0...1...2...3...4...5...6...7...8...9...10Writing leaf ambient...done
Ready to Finish

Object names       Objects/Maxobjs  Fullness 
------------       ---------------  -------- 
entities              1377/65536    ( 2.1%) 
models                 171/4096     ( 4.2%) 
brushes               4472/65536    ( 6.8%) 
brushsides           28089/655350   ( 4.3%) 
planes                5200/65536    ( 7.9%) 
vertexes             31333/65536    (47.8%) 
nodes                 5048/65536    ( 7.7%) 
texinfos              1725/32768    ( 5.3%) 
texdata                315/8192     ( 3.8%) 
dispinfos                4/16384    ( 0.0%) 
faces                17788/65536    (27.1%) 
hdr faces            17788/65536    (27.1%) 
origfaces             9265/65536    (14.1%) 
leaves                5220/65536    ( 8.0%) 
leaffaces            21226/65536    (32.4%) 
leafbrushes           9138/65536    (13.9%) 
areas                   91/1024     ( 8.9%) 
surfedges            87499/512000   (17.1%) 
edges                49301/256000   (19.3%) 
leafwaterdata           15/32768    ( 0.0%) 
primitives            2755/32768    ( 8.4%) 
primverts                0/65536    ( 0.0%) 
primindices          43068/65536    (65.7%) 
cubemapsamples           0/1024     ( 0.0%) 
overlays                74/8192     ( 0.9%) 
vertnormalindices    87337/256000   (34.1%) 
visdata             171341/16777216 ( 1.0%) 
entdata             511623/393216   (130.1%) FULL!!!
LDR ambient table     5220/65536    ( 8.0%) 
HDR ambient table     5220/65536    ( 8.0%) 
LDR worldlights            0       
HDR worldlights            552     
LDR lightdata              0       
HDR lightdata              35254624
LDR leaf ambient           5220    
HDR leaf ambient           17376   
occluders                  0       
occluder polygons          0       
occluder vert ind          0       
detail props               1140    
dtl prp lght               4       
HDR dtl prp lght           4       
static props               22880   
pakfile                    128479  
physics                    1457003 
physics terrain            1376    

Level flags = 0

Total triangle count: 51761
Writing w:\programs\steam\steamapps\common\garrysmod\garrysmod\addons\garrysmodmap\maps\gmm_garrymod_map_by_woowz_real_rp_normal.bsp
10 seconds elapsed

==================================================================
Date: 2026-09-29 22:02:12
W:\Programs\Steam\steamapps\common\GarrysMod\bin\win64\vbspplusplus.exe -allowdynamicpropsasstatic -game W:\Programs\Steam\steamapps\common\GarrysMod\garrysmod w:\programs\steam\steamapps\common\garrysmod\garrysmod\addons\garrysmodmap\maps\gmm_garrymod_map_by_woowz_real_rp_normal
==================================================================
16 threads
---------------
gamedir: W:\Programs\Steam\steamapps\common\GarrysMod\garrysmod\
---------------
Loading w:\programs\steam\steamapps\common\garrysmod\garrysmod\addons\garrysmodmap\maps\gmm_garrymod_map_by_woowz_real_rp_normal.vmf
Can't find surfaceprop antlion_eggshell for material NATURE/ROCKWALL_ANTLION03A, using default
Locating GameData file 'garrysmod.fgd'...
Parsing GameData file w:\programs\steam\steamapps\common\garrysmod\bin\garrysmod.fgd
Parsing GameData file w:\programs\steam\steamapps\common\garrysmod\bin\base.fgd
Parsing GameData file w:\programs\steam\steamapps\common\garrysmod\bin\halflife2.fgd
Parsing GameData file w:\programs\steam\steamapps\common\garrysmod\bin\base.fgd
fixing up env_cubemap materials on brush sides...
FloodEntities...
FloodEntities...
Processing areas...done (0)
Building Faces...done (0)
Chop Details...done (0)
Find Visible Detail Sides...
Merged 1010 detail faces...done (0)
Merging details...done (0)
FixTjuncs...
PruneNodes...
WriteBSP...
done (0)
writing w:\programs\steam\steamapps\common\garrysmod\garrysmod\addons\garrysmodmap\maps\gmm_garrymod_map_by_woowz_real_rp_normal.prt...
Building visibility clusters...
done (0)
Generating blank default cubemaps...
Generating blank default cubemaps...
Emitted 4472 brushes and 28089 brushsides
Finding displacement neighbors...
Finding lightmap sample positions...
Building Physics collision data...
done (0) (1457003 bytes)
Emitting static props...
Model "models/props_phx/construct/metal_wire1x2x2b.mdl" is missing $staticprop. Allowing due to -allowdynamicpropsasstatic
Model "models/props_phx/construct/metal_wire_angle360x2.mdl" is missing $staticprop. Allowing due to -allowdynamicpropsasstatic
Placing detail props : 0...1...2...3...4...5...6...7...8...9...10
Water found with no water_lod_control entity, creating a default one.
Compacting texture/material tables...
Reduced 3049 texinfos to 1725
Reduced 349 texdatas to 315 (11132 bytes to 8276)
Writing w:\programs\steam\steamapps\common\garrysmod\garrysmod\addons\garrysmodmap\maps\gmm_garrymod_map_by_woowz_real_rp_normal.bsp
2 seconds elapsed

==================================================================
Date: 2026-09-29 22:02:15
W:\Programs\Steam\steamapps\common\GarrysMod\bin\win64\vvisplusplus.exe -game W:\Programs\Steam\steamapps\common\GarrysMod\garrysmod w:\programs\steam\steamapps\common\garrysmod\garrysmod\addons\garrysmodmap\maps\gmm_garrymod_map_by_woowz_real_rp_normal
==================================================================
16 threads
CPU supports AVX2
reading w:\programs\steam\steamapps\common\garrysmod\garrysmod\addons\garrysmodmap\maps\gmm_garrymod_map_by_woowz_real_rp_normal.bsp
reading w:\programs\steam\steamapps\common\garrysmod\garrysmod\addons\garrysmodmap\maps\gmm_garrymod_map_by_woowz_real_rp_normal.prt
1510 portalclusters
2801 numportals
0...1...2...3...4...5...6...7...8...9...100...1...2...3...4...5...6...7...8...9...10Optimized: 266 visible clusters (0.33%)
Total clusters visible: 80450
Average clusters visible: 53
Building PAS...
Average clusters audible: 201
visdatasize:171341  compressed from 579840
writing w:\programs\steam\steamapps\common\garrysmod\garrysmod\addons\garrysmodmap\maps\gmm_garrymod_map_by_woowz_real_rp_normal.bsp
Wrote ZIP buffer, estimated size 132713, actual size 128479
0 seconds elapsed

==================================================================
Date: 2026-09-29 22:02:15
W:\Programs\Steam\steamapps\common\GarrysMod\bin\win64\vradplusplus.exe -both -final -game W:\Programs\Steam\steamapps\common\GarrysMod\garrysmod w:\programs\steam\steamapps\common\garrysmod\garrysmod\addons\garrysmodmap\maps\gmm_garrymod_map_by_woowz_real_rp_normal
==================================================================
---------------
gamedir: W:\Programs\Steam\steamapps\common\GarrysMod\garrysmod\
---------------
16 threads
Compiling in LDR+HDR mode
Reading texlights from 'lights.rad'...
53 texlights parsed
Loading w:\programs\steam\steamapps\common\garrysmod\garrysmod\addons\garrysmodmap\maps\gmm_garrymod_map_by_woowz_real_rp_normal.bsp
183 props added to raytrace
17788 faces
1 degenerate faces
600 fake patch planes
1917983 square feet [276189568.00 square inches]
4 Displacements
3259 Square Feet [469401.19 Square Inches]
0...1...2...3...4...5...6...7...8...9...1017787 patches before subdivision
207639 patches after subdivision
CreateDirectLights...
0...1...2...3...4...5...6...7...8...9...10553 lights, 8 styled (0.01 seconds)
0...1...2...3...4...5...6...7...8...9...100...1...2...3...4...5...6...7...8...9...10transfers 24331311, max 1076
transfer lists: 185.6 megs
0...1...2...3...4...5...6...7...8...9...10	Bounce #1 added RGB(1857742, 1440281, 1001076)
0...1...2...3...4...5...6...7...8...9...10	Bounce #2 added RGB(512560, 385564, 254060)
0...1...2...3...4...5...6...7...8...9...10	Bounce #3 added RGB(166536, 123865, 78742)
0...1...2...3...4...5...6...7...8...9...10	Bounce #4 added RGB(60718, 44427, 26922)
0...1...2...3...4...5...6...7...8...9...10	Bounce #5 added RGB(23788, 17012, 9766)
0...1...2...3...4...5...6...7...8...9...10	Bounce #6 added RGB(9847, 6834, 3697)
0...1...2...3...4...5...6...7...8...9...10	Bounce #7 added RGB(4241, 2842, 1444)
0...1...2...3...4...5...6...7...8...9...10	Bounce #8 added RGB(1885, 1215, 578)
0...1...2...3...4...5...6...7...8...9...10	Bounce #9 added RGB(858, 531, 236)
0...1...2...3...4...5...6...7...8...9...10	Bounce #10 added RGB(397, 236, 98)
0...1...2...3...4...5...6...7...8...9...10	Bounce #11 added RGB(187, 106, 41)
0...1...2...3...4...5...6...7...8...9...10	Bounce #12 added RGB(88, 48, 17)
0...1...2...3...4...5...6...7...8...9...10	Bounce #13 added RGB(42, 22, 7)
0...1...2...3...4...5...6...7...8...9...10	Bounce #14 added RGB(20, 10, 3)
0...1...2...3...4...5...6...7...8...9...10	Bounce #15 added RGB(10, 5, 1)
0...1...2...3...4...5...6...7...8...9...10	Bounce #16 added RGB(5, 2, 1)
0...1...2...3...4...5...6...7...8...9...10	Bounce #17 added RGB(2, 1, 0)
0...1...2...3...4...5...6...7...8...9...10	Bounce #18 added RGB(1, 0, 0)
0...1...2...3...4...5...6...7...8...9...10	Bounce #19 added RGB(1, 0, 0)
Build Patch/Sample Hash Table(s).....Done<0.0981 sec>
0...1...2...3...4...5...6...7...8...9...10FinalLightFace Done
0...1...2...3...4...5...6...7...8...9...10Setting up leaf ambient computation...
115 of 402 (28% of) surface lights went in leaf ambient cubes.
0...1...2...3...4...5...6...7...8...9...10Writing leaf ambient...done
Ready to Finish

Object names       Objects/Maxobjs  Fullness 
------------       ---------------  -------- 
entities              1378/65536    ( 2.1%) 
models                 171/4096     ( 4.2%) 
brushes               4472/65536    ( 6.8%) 
brushsides           28089/655350   ( 4.3%) 
planes                5200/65536    ( 7.9%) 
vertexes             31333/65536    (47.8%) 
nodes                 5048/65536    ( 7.7%) 
texinfos              1725/32768    ( 5.3%) 
texdata                315/8192     ( 3.8%) 
dispinfos                4/16384    ( 0.0%) 
faces                17788/65536    (27.1%) 
hdr faces            17788/65536    (27.1%) 
origfaces             9265/65536    (14.1%) 
leaves                5220/65536    ( 8.0%) 
leaffaces            21226/65536    (32.4%) 
leafbrushes           9138/65536    (13.9%) 
areas                   91/1024     ( 8.9%) 
surfedges            87499/512000   (17.1%) 
edges                49301/256000   (19.3%) 
leafwaterdata           15/32768    ( 0.0%) 
primitives            2755/32768    ( 8.4%) 
primverts                0/65536    ( 0.0%) 
primindices          43068/65536    (65.7%) 
cubemapsamples           0/1024     ( 0.0%) 
overlays                74/8192     ( 0.9%) 
vertnormalindices    87337/256000   (34.1%) 
visdata             171341/16777216 ( 1.0%) 
entdata             511966/393216   (130.2%) FULL!!!
LDR ambient table     5220/65536    ( 8.0%) 
HDR ambient table     5220/65536    ( 8.0%) 
LDR worldlights            0       
HDR worldlights            553     
LDR lightdata              0       
HDR lightdata              35254624
LDR leaf ambient           5220    
HDR leaf ambient           17378   
occluders                  0       
occluder polygons          0       
occluder vert ind          0       
detail props               1140    
dtl prp lght               4       
HDR dtl prp lght           4       
static props               22954   
pakfile                    128479  
physics                    1457003 
physics terrain            1376    

Level flags = 0

Total triangle count: 51761
Writing w:\programs\steam\steamapps\common\garrysmod\garrysmod\addons\garrysmodmap\maps\gmm_garrymod_map_by_woowz_real_rp_normal.bsp
10 seconds elapsed

==================================================================
Date: 2026-09-29 22:09:35
W:\Programs\Steam\steamapps\common\GarrysMod\bin\win64\vbspplusplus.exe -allowdynamicpropsasstatic -game W:\Programs\Steam\steamapps\common\GarrysMod\garrysmod w:\programs\steam\steamapps\common\garrysmod\garrysmod\addons\garrysmodmap\maps\gmm_garrymod_map_by_woowz_real_rp_normal
==================================================================
16 threads
---------------
gamedir: W:\Programs\Steam\steamapps\common\GarrysMod\garrysmod\
---------------
Loading w:\programs\steam\steamapps\common\garrysmod\garrysmod\addons\garrysmodmap\maps\gmm_garrymod_map_by_woowz_real_rp_normal.vmf
Can't find surfaceprop antlion_eggshell for material NATURE/ROCKWALL_ANTLION03A, using default
Locating GameData file 'garrysmod.fgd'...
Parsing GameData file w:\programs\steam\steamapps\common\garrysmod\bin\garrysmod.fgd
Parsing GameData file w:\programs\steam\steamapps\common\garrysmod\bin\base.fgd
Parsing GameData file w:\programs\steam\steamapps\common\garrysmod\bin\halflife2.fgd
Parsing GameData file w:\programs\steam\steamapps\common\garrysmod\bin\base.fgd
fixing up env_cubemap materials on brush sides...
FloodEntities...
FloodEntities...
Processing areas...done (0)
Building Faces...done (0)
Chop Details...done (0)
Find Visible Detail Sides...
Merged 1010 detail faces...done (0)
Merging details...done (0)
FixTjuncs...
PruneNodes...
WriteBSP...
done (0)
writing w:\programs\steam\steamapps\common\garrysmod\garrysmod\addons\garrysmodmap\maps\gmm_garrymod_map_by_woowz_real_rp_normal.prt...
Building visibility clusters...
done (0)
Generating blank default cubemaps...
Generating blank default cubemaps...
Emitted 4472 brushes and 28089 brushsides
Finding displacement neighbors...
Finding lightmap sample positions...
Building Physics collision data...
done (0) (1457003 bytes)
Emitting static props...
Model "models/props_phx/construct/metal_wire1x2x2b.mdl" is missing $staticprop. Allowing due to -allowdynamicpropsasstatic
Model "models/props_phx/construct/metal_wire_angle360x2.mdl" is missing $staticprop. Allowing due to -allowdynamicpropsasstatic
Placing detail props : 0...1...2...3...4...5...6...7...8...9...10
Water found with no water_lod_control entity, creating a default one.
Compacting texture/material tables...
Reduced 3049 texinfos to 1725
Reduced 349 texdatas to 315 (11132 bytes to 8276)
Writing w:\programs\steam\steamapps\common\garrysmod\garrysmod\addons\garrysmodmap\maps\gmm_garrymod_map_by_woowz_real_rp_normal.bsp
2 seconds elapsed

==================================================================
Date: 2026-09-29 22:09:37
W:\Programs\Steam\steamapps\common\GarrysMod\bin\win64\vvisplusplus.exe -game W:\Programs\Steam\steamapps\common\GarrysMod\garrysmod w:\programs\steam\steamapps\common\garrysmod\garrysmod\addons\garrysmodmap\maps\gmm_garrymod_map_by_woowz_real_rp_normal
==================================================================
16 threads
CPU supports AVX2
reading w:\programs\steam\steamapps\common\garrysmod\garrysmod\addons\garrysmodmap\maps\gmm_garrymod_map_by_woowz_real_rp_normal.bsp
reading w:\programs\steam\steamapps\common\garrysmod\garrysmod\addons\garrysmodmap\maps\gmm_garrymod_map_by_woowz_real_rp_normal.prt
1510 portalclusters
2801 numportals
0...1...2...3...4...5...6...7...8...9...100...1...2...3...4...5...6...7...8...9...10Optimized: 261 visible clusters (0.32%)
Total clusters visible: 80445
Average clusters visible: 53
Building PAS...
Average clusters audible: 201
visdatasize:171341  compressed from 579840
writing w:\programs\steam\steamapps\common\garrysmod\garrysmod\addons\garrysmodmap\maps\gmm_garrymod_map_by_woowz_real_rp_normal.bsp
Wrote ZIP buffer, estimated size 132713, actual size 128479
0 seconds elapsed

==================================================================
Date: 2026-09-29 22:09:37
W:\Programs\Steam\steamapps\common\GarrysMod\bin\win64\vradplusplus.exe -both -final -game W:\Programs\Steam\steamapps\common\GarrysMod\garrysmod w:\programs\steam\steamapps\common\garrysmod\garrysmod\addons\garrysmodmap\maps\gmm_garrymod_map_by_woowz_real_rp_normal
==================================================================
---------------
gamedir: W:\Programs\Steam\steamapps\common\GarrysMod\garrysmod\
---------------
16 threads
Compiling in LDR+HDR mode
Reading texlights from 'lights.rad'...
53 texlights parsed
Loading w:\programs\steam\steamapps\common\garrysmod\garrysmod\addons\garrysmodmap\maps\gmm_garrymod_map_by_woowz_real_rp_normal.bsp
183 props added to raytrace
17788 faces
1 degenerate faces
600 fake patch planes
1917983 square feet [276189568.00 square inches]
4 Displacements
3259 Square Feet [469401.19 Square Inches]
0...1...2...3...4...5...6...7...8...9...1017787 patches before subdivision
207639 patches after subdivision
CreateDirectLights...
0...1...2...3...4...5...6...7...8...9...10553 lights, 8 styled (0.01 seconds)
0...1...2...3...4...5...6...7...8...9...100...1...2...3...4...5...6...7...8...9...10transfers 24331311, max 1076
transfer lists: 185.6 megs
0...1...2...3...4...5...6...7...8...9...10	Bounce #1 added RGB(1858578, 1441011, 1001552)
0...1...2...3...4...5...6...7...8...9...10	Bounce #2 added RGB(512779, 385724, 254132)
0...1...2...3...4...5...6...7...8...9...10	Bounce #3 added RGB(166623, 123922, 78764)
0...1...2...3...4...5...6...7...8...9...10	Bounce #4 added RGB(60746, 44443, 26926)
0...1...2...3...4...5...6...7...8...9...10	Bounce #5 added RGB(23798, 17017, 9767)
0...1...2...3...4...5...6...7...8...9...10	Bounce #6 added RGB(9850, 6836, 3697)
0...1...2...3...4...5...6...7...8...9...10	Bounce #7 added RGB(4242, 2843, 1444)
0...1...2...3...4...5...6...7...8...9...10	Bounce #8 added RGB(1886, 1216, 578)
0...1...2...3...4...5...6...7...8...9...10	Bounce #9 added RGB(858, 531, 236)
0...1...2...3...4...5...6...7...8...9...10	Bounce #10 added RGB(397, 236, 98)
0...1...2...3...4...5...6...7...8...9...10	Bounce #11 added RGB(187, 106, 41)
0...1...2...3...4...5...6...7...8...9...10	Bounce #12 added RGB(88, 48, 17)
0...1...2...3...4...5...6...7...8...9...10	Bounce #13 added RGB(42, 22, 7)
0...1...2...3...4...5...6...7...8...9...10	Bounce #14 added RGB(20, 10, 3)
0...1...2...3...4...5...6...7...8...9...10	Bounce #15 added RGB(10, 5, 1)
0...1...2...3...4...5...6...7...8...9...10	Bounce #16 added RGB(5, 2, 1)
0...1...2...3...4...5...6...7...8...9...10	Bounce #17 added RGB(2, 1, 0)
0...1...2...3...4...5...6...7...8...9...10	Bounce #18 added RGB(1, 0, 0)
0...1...2...3...4...5...6...7...8...9...10	Bounce #19 added RGB(1, 0, 0)
Build Patch/Sample Hash Table(s).....Done<0.0930 sec>
0...1...2...3...4...5...6...7...8...9...10FinalLightFace Done
0...1...2...3...4...5...6...7...8...9...10Setting up leaf ambient computation...
115 of 402 (28% of) surface lights went in leaf ambient cubes.
0...1...2...3...4...5...6...7...8...9...10Writing leaf ambient...done
Ready to Finish

Object names       Objects/Maxobjs  Fullness 
------------       ---------------  -------- 
entities              1389/65536    ( 2.1%) 
models                 171/4096     ( 4.2%) 
brushes               4472/65536    ( 6.8%) 
brushsides           28089/655350   ( 4.3%) 
planes                5200/65536    ( 7.9%) 
vertexes             31333/65536    (47.8%) 
nodes                 5048/65536    ( 7.7%) 
texinfos              1725/32768    ( 5.3%) 
texdata                315/8192     ( 3.8%) 
dispinfos                4/16384    ( 0.0%) 
faces                17788/65536    (27.1%) 
hdr faces            17788/65536    (27.1%) 
origfaces             9265/65536    (14.1%) 
leaves                5220/65536    ( 8.0%) 
leaffaces            21226/65536    (32.4%) 
leafbrushes           9138/65536    (13.9%) 
areas                   91/1024     ( 8.9%) 
surfedges            87499/512000   (17.1%) 
edges                49301/256000   (19.3%) 
leafwaterdata           15/32768    ( 0.0%) 
primitives            2755/32768    ( 8.4%) 
primverts                0/65536    ( 0.0%) 
primindices          43068/65536    (65.7%) 
cubemapsamples           0/1024     ( 0.0%) 
overlays                74/8192     ( 0.9%) 
vertnormalindices    87337/256000   (34.1%) 
visdata             171341/16777216 ( 1.0%) 
entdata             516387/393216   (131.3%) FULL!!!
LDR ambient table     5220/65536    ( 8.0%) 
HDR ambient table     5220/65536    ( 8.0%) 
LDR worldlights            0       
HDR worldlights            553     
LDR lightdata              0       
HDR lightdata              35254624
LDR leaf ambient           5220    
HDR leaf ambient           17376   
occluders                  0       
occluder polygons          0       
occluder vert ind          0       
detail props               1140    
dtl prp lght               4       
HDR dtl prp lght           4       
static props               22954   
pakfile                    128479  
physics                    1457003 
physics terrain            1376    

Level flags = 0

Total triangle count: 51761
Writing w:\programs\steam\steamapps\common\garrysmod\garrysmod\addons\garrysmodmap\maps\gmm_garrymod_map_by_woowz_real_rp_normal.bsp
10 seconds elapsed

==================================================================
Date: 2026-09-30 16:50:53
W:\Programs\Steam\steamapps\common\GarrysMod\bin\win64\vbspplusplus.exe -allowdynamicpropsasstatic -game W:\Programs\Steam\steamapps\common\GarrysMod\garrysmod w:\programs\steam\steamapps\common\garrysmod\garrysmod\addons\garrysmodmap\maps\gmm_garrymod_map_by_woowz_real_rp_normal
==================================================================
16 threads
---------------
gamedir: W:\Programs\Steam\steamapps\common\GarrysMod\garrysmod\
---------------
Loading w:\programs\steam\steamapps\common\garrysmod\garrysmod\addons\garrysmodmap\maps\gmm_garrymod_map_by_woowz_real_rp_normal.vmf
Can't find surfaceprop antlion_eggshell for material NATURE/ROCKWALL_ANTLION03A, using default
Locating GameData file 'garrysmod.fgd'...
Parsing GameData file w:\programs\steam\steamapps\common\garrysmod\bin\garrysmod.fgd
Parsing GameData file w:\programs\steam\steamapps\common\garrysmod\bin\base.fgd
Parsing GameData file w:\programs\steam\steamapps\common\garrysmod\bin\halflife2.fgd
Parsing GameData file w:\programs\steam\steamapps\common\garrysmod\bin\base.fgd
fixing up env_cubemap materials on brush sides...
FloodEntities...
FloodEntities...
Processing areas...done (0)
Building Faces...done (0)
Chop Details...done (0)
Find Visible Detail Sides...
Merged 1010 detail faces...done (0)
Merging details...done (0)
FixTjuncs...
PruneNodes...
WriteBSP...
done (0)
writing w:\programs\steam\steamapps\common\garrysmod\garrysmod\addons\garrysmodmap\maps\gmm_garrymod_map_by_woowz_real_rp_normal.prt...
Building visibility clusters...
done (0)
Generating blank default cubemaps...
Generating blank default cubemaps...
Emitted 4479 brushes and 28131 brushsides
Finding displacement neighbors...
Finding lightmap sample positions...
Building Physics collision data...
done (0) (1459219 bytes)
Emitting static props...
Model "models/props_phx/construct/metal_wire1x2x2b.mdl" is missing $staticprop. Allowing due to -allowdynamicpropsasstatic
Model "models/props_phx/construct/metal_wire_angle360x2.mdl" is missing $staticprop. Allowing due to -allowdynamicpropsasstatic
Placing detail props : 0...1...2...3...4...5...6...7...8...9...10
Water found with no water_lod_control entity, creating a default one.
Compacting texture/material tables...
Reduced 3056 texinfos to 1727
Reduced 352 texdatas to 317 (11258 bytes to 8323)
Writing w:\programs\steam\steamapps\common\garrysmod\garrysmod\addons\garrysmodmap\maps\gmm_garrymod_map_by_woowz_real_rp_normal.bsp
2 seconds elapsed

==================================================================
Date: 2026-09-30 16:50:55
W:\Programs\Steam\steamapps\common\GarrysMod\bin\win64\vvisplusplus.exe -game W:\Programs\Steam\steamapps\common\GarrysMod\garrysmod w:\programs\steam\steamapps\common\garrysmod\garrysmod\addons\garrysmodmap\maps\gmm_garrymod_map_by_woowz_real_rp_normal
==================================================================
16 threads
CPU supports AVX2
reading w:\programs\steam\steamapps\common\garrysmod\garrysmod\addons\garrysmodmap\maps\gmm_garrymod_map_by_woowz_real_rp_normal.bsp
reading w:\programs\steam\steamapps\common\garrysmod\garrysmod\addons\garrysmodmap\maps\gmm_garrymod_map_by_woowz_real_rp_normal.prt
1510 portalclusters
2801 numportals
0...1...2...3...4...5...6...7...8...9...100...1...2...3...4...5...6...7...8...9...10Optimized: 261 visible clusters (0.32%)
Total clusters visible: 80449
Average clusters visible: 53
Building PAS...
Average clusters audible: 201
visdatasize:171345  compressed from 579840
writing w:\programs\steam\steamapps\common\garrysmod\garrysmod\addons\garrysmodmap\maps\gmm_garrymod_map_by_woowz_real_rp_normal.bsp
Wrote ZIP buffer, estimated size 133266, actual size 128898
0 seconds elapsed

==================================================================
Date: 2026-09-30 16:50:55
W:\Programs\Steam\steamapps\common\GarrysMod\bin\win64\vradplusplus.exe -both -final -game W:\Programs\Steam\steamapps\common\GarrysMod\garrysmod w:\programs\steam\steamapps\common\garrysmod\garrysmod\addons\garrysmodmap\maps\gmm_garrymod_map_by_woowz_real_rp_normal
==================================================================
---------------
gamedir: W:\Programs\Steam\steamapps\common\GarrysMod\garrysmod\
---------------
16 threads
Compiling in LDR+HDR mode
Reading texlights from 'lights.rad'...
53 texlights parsed
Loading w:\programs\steam\steamapps\common\garrysmod\garrysmod\addons\garrysmodmap\maps\gmm_garrymod_map_by_woowz_real_rp_normal.bsp
183 props added to raytrace
17799 faces
1 degenerate faces
600 fake patch planes
1917955 square feet [276185536.00 square inches]
4 Displacements
3259 Square Feet [469401.19 Square Inches]
0...1...2...3...4...5...6...7...8...9...1017798 patches before subdivision
207766 patches after subdivision
CreateDirectLights...
0...1...2...3...4...5...6...7...8...9...10554 lights, 8 styled (0.01 seconds)
0...1...2...3...4...5...6...7...8...9...100...1...2...3...4...5...6...7...8...9...10transfers 24381586, max 1076
transfer lists: 186.0 megs
0...1...2...3...4...5...6...7...8...9...10	Bounce #1 added RGB(1865793, 1447844, 1007910)
0...1...2...3...4...5...6...7...8...9...10	Bounce #2 added RGB(515357, 388199, 256007)
0...1...2...3...4...5...6...7...8...9...10	Bounce #3 added RGB(167467, 124721, 79223)
0...1...2...3...4...5...6...7...8...9...10	Bounce #4 added RGB(61023, 44687, 27033)
0...1...2...3...4...5...6...7...8...9...10	Bounce #5 added RGB(23885, 17089, 9791)
0...1...2...3...4...5...6...7...8...9...10	Bounce #6 added RGB(9878, 6857, 3703)
0...1...2...3...4...5...6...7...8...9...10	Bounce #7 added RGB(4251, 2849, 1445)
0...1...2...3...4...5...6...7...8...9...10	Bounce #8 added RGB(1888, 1217, 579)
0...1...2...3...4...5...6...7...8...9...10	Bounce #9 added RGB(858, 531, 236)
0...1...2...3...4...5...6...7...8...9...10	Bounce #10 added RGB(398, 236, 98)
0...1...2...3...4...5...6...7...8...9...10	Bounce #11 added RGB(187, 106, 41)
0...1...2...3...4...5...6...7...8...9...10	Bounce #12 added RGB(88, 48, 17)
0...1...2...3...4...5...6...7...8...9...10	Bounce #13 added RGB(42, 22, 7)
0...1...2...3...4...5...6...7...8...9...10	Bounce #14 added RGB(20, 10, 3)
0...1...2...3...4...5...6...7...8...9...10	Bounce #15 added RGB(10, 5, 1)
0...1...2...3...4...5...6...7...8...9...10	Bounce #16 added RGB(5, 2, 1)
0...1...2...3...4...5...6...7...8...9...10	Bounce #17 added RGB(2, 1, 0)
0...1...2...3...4...5...6...7...8...9...10	Bounce #18 added RGB(1, 0, 0)
0...1...2...3...4...5...6...7...8...9...10	Bounce #19 added RGB(1, 0, 0)
Build Patch/Sample Hash Table(s).....Done<0.0880 sec>
0...1...2...3...4...5...6...7...8...9...10FinalLightFace Done
0...1...2...3...4...5...6...7...8...9...10Setting up leaf ambient computation...
115 of 402 (28% of) surface lights went in leaf ambient cubes.
0...1...2...3...4...5...6...7...8...9...10Writing leaf ambient...done
Ready to Finish

Object names       Objects/Maxobjs  Fullness 
------------       ---------------  -------- 
entities              1389/65536    ( 2.1%) 
models                 171/4096     ( 4.2%) 
brushes               4479/65536    ( 6.8%) 
brushsides           28131/655350   ( 4.3%) 
planes                5206/65536    ( 7.9%) 
vertexes             31355/65536    (47.8%) 
nodes                 5047/65536    ( 7.7%) 
texinfos              1727/32768    ( 5.3%) 
texdata                317/8192     ( 3.9%) 
dispinfos                4/16384    ( 0.0%) 
faces                17799/65536    (27.2%) 
hdr faces            17799/65536    (27.2%) 
origfaces             9267/65536    (14.1%) 
leaves                5219/65536    ( 8.0%) 
leaffaces            21235/65536    (32.4%) 
leafbrushes           9145/65536    (14.0%) 
areas                   91/1024     ( 8.9%) 
surfedges            87542/512000   (17.1%) 
edges                49329/256000   (19.3%) 
leafwaterdata           15/32768    ( 0.0%) 
primitives            2766/32768    ( 8.4%) 
primverts                0/65536    ( 0.0%) 
primindices          43164/65536    (65.9%) 
cubemapsamples           0/1024     ( 0.0%) 
overlays                74/8192     ( 0.9%) 
vertnormalindices    87380/256000   (34.1%) 
visdata             171345/16777216 ( 1.0%) 
entdata             516628/393216   (131.4%) FULL!!!
LDR ambient table     5219/65536    ( 8.0%) 
HDR ambient table     5219/65536    ( 8.0%) 
LDR worldlights            0       
HDR worldlights            554     
LDR lightdata              0       
HDR lightdata              35698108
LDR leaf ambient           5219    
HDR leaf ambient           17377   
occluders                  0       
occluder polygons          0       
occluder vert ind          0       
detail props               1140    
dtl prp lght               4       
HDR dtl prp lght           4       
static props               23230   
pakfile                    128898  
physics                    1459219 
physics terrain            1376    

Level flags = 0

Total triangle count: 51782
Writing w:\programs\steam\steamapps\common\garrysmod\garrysmod\addons\garrysmodmap\maps\gmm_garrymod_map_by_woowz_real_rp_normal.bsp
10 seconds elapsed

==================================================================
Date: 2026-09-30 21:22:51
W:\Programs\Steam\steamapps\common\GarrysMod\bin\win64\vbspplusplus.exe -allowdynamicpropsasstatic -game W:\Programs\Steam\steamapps\common\GarrysMod\garrysmod w:\programs\steam\steamapps\common\garrysmod\garrysmod\addons\garrysmodmap\maps\gmm_garrymod_map_by_woowz_real_rp_normal
==================================================================
16 threads
---------------
gamedir: W:\Programs\Steam\steamapps\common\GarrysMod\garrysmod\
---------------
Loading w:\programs\steam\steamapps\common\garrysmod\garrysmod\addons\garrysmodmap\maps\gmm_garrymod_map_by_woowz_real_rp_normal.vmf
Locating GameData file 'garrysmod.fgd'...
Parsing GameData file w:\programs\steam\steamapps\common\garrysmod\bin\garrysmod.fgd
Parsing GameData file w:\programs\steam\steamapps\common\garrysmod\bin\base.fgd
Parsing GameData file w:\programs\steam\steamapps\common\garrysmod\bin\halflife2.fgd
Parsing GameData file w:\programs\steam\steamapps\common\garrysmod\bin\base.fgd
fixing up env_cubemap materials on brush sides...
FloodEntities...
FloodEntities...
Processing areas...done (0)
Building Faces...done (0)
Chop Details...done (0)
Find Visible Detail Sides...
Merged 1006 detail faces...done (0)
Merging details...done (0)
FixTjuncs...
PruneNodes...
WriteBSP...
done (0)
writing w:\programs\steam\steamapps\common\garrysmod\garrysmod\addons\garrysmodmap\maps\gmm_garrymod_map_by_woowz_real_rp_normal.prt...
Building visibility clusters...
done (0)
Generating blank default cubemaps...
Generating blank default cubemaps...
Emitted 4480 brushes and 28138 brushsides
Finding displacement neighbors...
Finding lightmap sample positions...
Building Physics collision data...
done (0) (1458799 bytes)
Emitting static props...
Model "models/props_phx/construct/metal_wire1x2x2b.mdl" is missing $staticprop. Allowing due to -allowdynamicpropsasstatic
Model "models/props_phx/construct/metal_wire_angle360x2.mdl" is missing $staticprop. Allowing due to -allowdynamicpropsasstatic
Placing detail props : 0...1...2...3...4...5...6...7...8...9...10
Water found with no water_lod_control entity, creating a default one.
Compacting texture/material tables...
Reduced 3031 texinfos to 1722
Reduced 349 texdatas to 314 (11115 bytes to 8239)
Writing w:\programs\steam\steamapps\common\garrysmod\garrysmod\addons\garrysmodmap\maps\gmm_garrymod_map_by_woowz_real_rp_normal.bsp
2 seconds elapsed

==================================================================
Date: 2026-09-30 21:22:53
W:\Programs\Steam\steamapps\common\GarrysMod\bin\win64\vvisplusplus.exe -game W:\Programs\Steam\steamapps\common\GarrysMod\garrysmod w:\programs\steam\steamapps\common\garrysmod\garrysmod\addons\garrysmodmap\maps\gmm_garrymod_map_by_woowz_real_rp_normal
==================================================================
16 threads
CPU supports AVX2
reading w:\programs\steam\steamapps\common\garrysmod\garrysmod\addons\garrysmodmap\maps\gmm_garrymod_map_by_woowz_real_rp_normal.bsp
reading w:\programs\steam\steamapps\common\garrysmod\garrysmod\addons\garrysmodmap\maps\gmm_garrymod_map_by_woowz_real_rp_normal.prt
1511 portalclusters
2801 numportals
0...1...2...3...4...5...6...7...8...9...100...1...2...3...4...5...6...7...8...9...10Optimized: 260 visible clusters (0.32%)
Total clusters visible: 80391
Average clusters visible: 53
Building PAS...
Average clusters audible: 201
visdatasize:171821  compressed from 580224
writing w:\programs\steam\steamapps\common\garrysmod\garrysmod\addons\garrysmodmap\maps\gmm_garrymod_map_by_woowz_real_rp_normal.bsp
Wrote ZIP buffer, estimated size 132713, actual size 128479
0 seconds elapsed

==================================================================
Date: 2026-09-30 21:22:53
W:\Programs\Steam\steamapps\common\GarrysMod\bin\win64\vradplusplus.exe -both -final -game W:\Programs\Steam\steamapps\common\GarrysMod\garrysmod w:\programs\steam\steamapps\common\garrysmod\garrysmod\addons\garrysmodmap\maps\gmm_garrymod_map_by_woowz_real_rp_normal
==================================================================
---------------
gamedir: W:\Programs\Steam\steamapps\common\GarrysMod\garrysmod\
---------------
16 threads
Compiling in LDR+HDR mode
Reading texlights from 'lights.rad'...
53 texlights parsed
Loading w:\programs\steam\steamapps\common\garrysmod\garrysmod\addons\garrysmodmap\maps\gmm_garrymod_map_by_woowz_real_rp_normal.bsp
183 props added to raytrace
17780 faces
1 degenerate faces
576 fake patch planes
1917709 square feet [276150208.00 square inches]
4 Displacements
3259 Square Feet [469401.19 Square Inches]
0...1...2...3...4...5...6...7...8...9...1017779 patches before subdivision
207765 patches after subdivision
CreateDirectLights...
0...1...2...3...4...5...6...7...8...9...10554 lights, 8 styled (0.01 seconds)
0...1...2...3...4...5...6...7...8...9...100...1...2...3...4...5...6...7...8...9...10transfers 24395889, max 1076
transfer lists: 186.1 megs
0...1...2...3...4...5...6...7...8...9...10	Bounce #1 added RGB(1888246, 1458567, 1010989)
0...1...2...3...4...5...6...7...8...9...10	Bounce #2 added RGB(521663, 390629, 256528)
0...1...2...3...4...5...6...7...8...9...10	Bounce #3 added RGB(169050, 125157, 79293)
0...1...2...3...4...5...6...7...8...9...10	Bounce #4 added RGB(61429, 44763, 27044)
0...1...2...3...4...5...6...7...8...9...10	Bounce #5 added RGB(23984, 17098, 9793)
0...1...2...3...4...5...6...7...8...9...10	Bounce #6 added RGB(9902, 6857, 3703)
0...1...2...3...4...5...6...7...8...9...10	Bounce #7 added RGB(4256, 2848, 1445)
0...1...2...3...4...5...6...7...8...9...10	Bounce #8 added RGB(1890, 1217, 579)
0...1...2...3...4...5...6...7...8...9...10	Bounce #9 added RGB(859, 531, 236)
0...1...2...3...4...5...6...7...8...9...10	Bounce #10 added RGB(398, 236, 98)
0...1...2...3...4...5...6...7...8...9...10	Bounce #11 added RGB(187, 106, 41)
0...1...2...3...4...5...6...7...8...9...10	Bounce #12 added RGB(88, 48, 17)
0...1...2...3...4...5...6...7...8...9...10	Bounce #13 added RGB(42, 22, 7)
0...1...2...3...4...5...6...7...8...9...10	Bounce #14 added RGB(20, 10, 3)
0...1...2...3...4...5...6...7...8...9...10	Bounce #15 added RGB(10, 5, 1)
0...1...2...3...4...5...6...7...8...9...10	Bounce #16 added RGB(5, 2, 1)
0...1...2...3...4...5...6...7...8...9...10	Bounce #17 added RGB(2, 1, 0)
0...1...2...3...4...5...6...7...8...9...10	Bounce #18 added RGB(1, 0, 0)
0...1...2...3...4...5...6...7...8...9...10	Bounce #19 added RGB(1, 0, 0)
Build Patch/Sample Hash Table(s).....Done<0.0922 sec>
0...1...2...3...4...5...6...7...8...9...10FinalLightFace Done
0...1...2...3...4...5...6...7...8...9...10Setting up leaf ambient computation...
115 of 402 (28% of) surface lights went in leaf ambient cubes.
0...1...2...3...4...5...6...7...8...9...10Writing leaf ambient...done
Ready to Finish

Object names       Objects/Maxobjs  Fullness 
------------       ---------------  -------- 
entities              1371/65536    ( 2.1%) 
models                 165/4096     ( 4.0%) 
brushes               4480/65536    ( 6.8%) 
brushsides           28138/655350   ( 4.3%) 
planes                5180/65536    ( 7.9%) 
vertexes             31284/65536    (47.7%) 
nodes                 5015/65536    ( 7.7%) 
texinfos              1722/32768    ( 5.3%) 
texdata                314/8192     ( 3.8%) 
dispinfos                4/16384    ( 0.0%) 
faces                17780/65536    (27.1%) 
hdr faces            17780/65536    (27.1%) 
origfaces             9249/65536    (14.1%) 
leaves                5181/65536    ( 7.9%) 
leaffaces            21196/65536    (32.3%) 
leafbrushes           9183/65536    (14.0%) 
areas                   90/1024     ( 8.8%) 
surfedges            87415/512000   (17.1%) 
edges                49224/256000   (19.2%) 
leafwaterdata           15/32768    ( 0.0%) 
primitives            2750/32768    ( 8.4%) 
primverts                0/65536    ( 0.0%) 
primindices          42906/65536    (65.5%) 
cubemapsamples           0/1024     ( 0.0%) 
overlays                73/8192     ( 0.9%) 
vertnormalindices    87258/256000   (34.1%) 
visdata             171821/16777216 ( 1.0%) 
entdata             510284/393216   (129.8%) FULL!!!
LDR ambient table     5181/65536    ( 7.9%) 
HDR ambient table     5181/65536    ( 7.9%) 
LDR worldlights            0       
HDR worldlights            554     
LDR lightdata              0       
HDR lightdata              35648852
LDR leaf ambient           5181    
HDR leaf ambient           17373   
occluders                  0       
occluder polygons          0       
occluder vert ind          0       
detail props               1140    
dtl prp lght               4       
HDR dtl prp lght           4       
static props               23432   
pakfile                    128479  
physics                    1458799 
physics terrain            1376    

Level flags = 0

Total triangle count: 51698
Writing w:\programs\steam\steamapps\common\garrysmod\garrysmod\addons\garrysmodmap\maps\gmm_garrymod_map_by_woowz_real_rp_normal.bsp
10 seconds elapsed

==================================================================
Date: 2026-09-30 21:28:30
W:\Programs\Steam\steamapps\common\GarrysMod\bin\win64\vbspplusplus.exe -allowdynamicpropsasstatic -game W:\Programs\Steam\steamapps\common\GarrysMod\garrysmod w:\programs\steam\steamapps\common\garrysmod\garrysmod\addons\garrysmodmap\maps\gmm_garrymod_map_by_woowz_real_rp_normal
==================================================================
16 threads
---------------
gamedir: W:\Programs\Steam\steamapps\common\GarrysMod\garrysmod\
---------------
Loading w:\programs\steam\steamapps\common\garrysmod\garrysmod\addons\garrysmodmap\maps\gmm_garrymod_map_by_woowz_real_rp_normal.vmf
Locating GameData file 'garrysmod.fgd'...
Parsing GameData file w:\programs\steam\steamapps\common\garrysmod\bin\garrysmod.fgd
Parsing GameData file w:\programs\steam\steamapps\common\garrysmod\bin\base.fgd
Parsing GameData file w:\programs\steam\steamapps\common\garrysmod\bin\halflife2.fgd
Parsing GameData file w:\programs\steam\steamapps\common\garrysmod\bin\base.fgd
fixing up env_cubemap materials on brush sides...
FloodEntities...
FloodEntities...
Processing areas...done (0)
Building Faces...done (0)
Chop Details...done (0)
Find Visible Detail Sides...
Merged 1002 detail faces...done (0)
Merging details...done (0)
FixTjuncs...
PruneNodes...
WriteBSP...
done (0)
writing w:\programs\steam\steamapps\common\garrysmod\garrysmod\addons\garrysmodmap\maps\gmm_garrymod_map_by_woowz_real_rp_normal.prt...
Building visibility clusters...
done (0)
Generating blank default cubemaps...
Generating blank default cubemaps...
Emitted 4479 brushes and 28120 brushsides
Finding displacement neighbors...
Finding lightmap sample positions...
Building Physics collision data...
done (0) (1458407 bytes)
Emitting static props...
Model "models/props_phx/construct/metal_wire1x2x2b.mdl" is missing $staticprop. Allowing due to -allowdynamicpropsasstatic
Model "models/props_phx/construct/metal_wire_angle360x2.mdl" is missing $staticprop. Allowing due to -allowdynamicpropsasstatic
Placing detail props : 0...1...2...3...4...5...6...7...8...9...10
Water found with no water_lod_control entity, creating a default one.
Compacting texture/material tables...
Reduced 3024 texinfos to 1716
Reduced 349 texdatas to 314 (11118 bytes to 8242)
Writing w:\programs\steam\steamapps\common\garrysmod\garrysmod\addons\garrysmodmap\maps\gmm_garrymod_map_by_woowz_real_rp_normal.bsp
2 seconds elapsed

==================================================================
Date: 2026-09-30 21:28:32
W:\Programs\Steam\steamapps\common\GarrysMod\bin\win64\vvisplusplus.exe -game W:\Programs\Steam\steamapps\common\GarrysMod\garrysmod w:\programs\steam\steamapps\common\garrysmod\garrysmod\addons\garrysmodmap\maps\gmm_garrymod_map_by_woowz_real_rp_normal
==================================================================
16 threads
CPU supports AVX2
reading w:\programs\steam\steamapps\common\garrysmod\garrysmod\addons\garrysmodmap\maps\gmm_garrymod_map_by_woowz_real_rp_normal.bsp
reading w:\programs\steam\steamapps\common\garrysmod\garrysmod\addons\garrysmodmap\maps\gmm_garrymod_map_by_woowz_real_rp_normal.prt
1511 portalclusters
2801 numportals
0...1...2...3...4...5...6...7...8...9...100...1...2...3...4...5...6...7...8...9...10Optimized: 261 visible clusters (0.32%)
Total clusters visible: 80392
Average clusters visible: 53
Building PAS...
Average clusters audible: 201
visdatasize:171821  compressed from 580224
writing w:\programs\steam\steamapps\common\garrysmod\garrysmod\addons\garrysmodmap\maps\gmm_garrymod_map_by_woowz_real_rp_normal.bsp
Wrote ZIP buffer, estimated size 132713, actual size 128479
0 seconds elapsed

==================================================================
Date: 2026-09-30 21:28:32
W:\Programs\Steam\steamapps\common\GarrysMod\bin\win64\vradplusplus.exe -both -final -game W:\Programs\Steam\steamapps\common\GarrysMod\garrysmod w:\programs\steam\steamapps\common\garrysmod\garrysmod\addons\garrysmodmap\maps\gmm_garrymod_map_by_woowz_real_rp_normal
==================================================================
---------------
gamedir: W:\Programs\Steam\steamapps\common\GarrysMod\garrysmod\
---------------
16 threads
Compiling in LDR+HDR mode
Reading texlights from 'lights.rad'...
53 texlights parsed
Loading w:\programs\steam\steamapps\common\garrysmod\garrysmod\addons\garrysmodmap\maps\gmm_garrymod_map_by_woowz_real_rp_normal.bsp
183 props added to raytrace
17775 faces
1 degenerate faces
576 fake patch planes
1917258 square feet [276085184.00 square inches]
4 Displacements
3259 Square Feet [469401.19 Square Inches]
0...1...2...3...4...5...6...7...8...9...1017774 patches before subdivision
207918 patches after subdivision
CreateDirectLights...
0...1...2...3...4...5...6...7...8...9...10552 lights, 8 styled (0.01 seconds)
0...1...2...3...4...5...6...7...8...9...100...1...2...3...4...5...6...7...8...9...10transfers 24417945, max 1076
transfer lists: 186.3 megs
0...1...2...3...4...5...6...7...8...9...10	Bounce #1 added RGB(1854010, 1432316, 993035)
0...1...2...3...4...5...6...7...8...9...10	Bounce #2 added RGB(512536, 384397, 253404)
0...1...2...3...4...5...6...7...8...9...10	Bounce #3 added RGB(166654, 123721, 78774)
0...1...2...3...4...5...6...7...8...9...10	Bounce #4 added RGB(60790, 44431, 26961)
0...1...2...3...4...5...6...7...8...9...10	Bounce #5 added RGB(23814, 17022, 9780)
0...1...2...3...4...5...6...7...8...9...10	Bounce #6 added RGB(9856, 6839, 3701)
0...1...2...3...4...5...6...7...8...9...10	Bounce #7 added RGB(4244, 2844, 1445)
0...1...2...3...4...5...6...7...8...9...10	Bounce #8 added RGB(1886, 1216, 579)
0...1...2...3...4...5...6...7...8...9...10	Bounce #9 added RGB(858, 531, 236)
0...1...2...3...4...5...6...7...8...9...10	Bounce #10 added RGB(397, 236, 98)
0...1...2...3...4...5...6...7...8...9...10	Bounce #11 added RGB(186, 106, 41)
0...1...2...3...4...5...6...7...8...9...10	Bounce #12 added RGB(88, 48, 17)
0...1...2...3...4...5...6...7...8...9...10	Bounce #13 added RGB(42, 22, 7)
0...1...2...3...4...5...6...7...8...9...10	Bounce #14 added RGB(20, 10, 3)
0...1...2...3...4...5...6...7...8...9...10	Bounce #15 added RGB(10, 5, 1)
0...1...2...3...4...5...6...7...8...9...10	Bounce #16 added RGB(5, 2, 1)
0...1...2...3...4...5...6...7...8...9...10	Bounce #17 added RGB(2, 1, 0)
0...1...2...3...4...5...6...7...8...9...10	Bounce #18 added RGB(1, 0, 0)
0...1...2...3...4...5...6...7...8...9...10	Bounce #19 added RGB(1, 0, 0)
Build Patch/Sample Hash Table(s).....Done<0.0947 sec>
0...1...2...3...4...5...6...7...8...9...10FinalLightFace Done
0...1...2...3...4...5...6...7...8...9...10Setting up leaf ambient computation...
115 of 402 (28% of) surface lights went in leaf ambient cubes.
0...1...2...3...4...5...6...7...8...9...10Writing leaf ambient...done
Ready to Finish

Object names       Objects/Maxobjs  Fullness 
------------       ---------------  -------- 
entities              1365/65536    ( 2.1%) 
models                 165/4096     ( 4.0%) 
brushes               4479/65536    ( 6.8%) 
brushsides           28120/655350   ( 4.3%) 
planes                5132/65536    ( 7.8%) 
vertexes             31283/65536    (47.7%) 
nodes                 5015/65536    ( 7.7%) 
texinfos              1716/32768    ( 5.2%) 
texdata                314/8192     ( 3.8%) 
dispinfos                4/16384    ( 0.0%) 
faces                17775/65536    (27.1%) 
hdr faces            17775/65536    (27.1%) 
origfaces             9242/65536    (14.1%) 
leaves                5181/65536    ( 7.9%) 
leaffaces            21195/65536    (32.3%) 
leafbrushes           9183/65536    (14.0%) 
areas                   90/1024     ( 8.8%) 
surfedges            87428/512000   (17.1%) 
edges                49234/256000   (19.2%) 
leafwaterdata           15/32768    ( 0.0%) 
primitives            2753/32768    ( 8.4%) 
primverts                0/65536    ( 0.0%) 
primindices          42969/65536    (65.6%) 
cubemapsamples           0/1024     ( 0.0%) 
overlays                72/8192     ( 0.9%) 
vertnormalindices    87271/256000   (34.1%) 
visdata             171821/16777216 ( 1.0%) 
entdata             508180/393216   (129.2%) FULL!!!
LDR ambient table     5181/65536    ( 7.9%) 
HDR ambient table     5181/65536    ( 7.9%) 
LDR worldlights            0       
HDR worldlights            552     
LDR lightdata              0       
HDR lightdata              35722864
LDR leaf ambient           5181    
HDR leaf ambient           17326   
occluders                  0       
occluder polygons          0       
occluder vert ind          0       
detail props               1140    
dtl prp lght               4       
HDR dtl prp lght           4       
static props               23432   
pakfile                    128479  
physics                    1458407 
physics terrain            1376    

Level flags = 0

Total triangle count: 51721
Writing w:\programs\steam\steamapps\common\garrysmod\garrysmod\addons\garrysmodmap\maps\gmm_garrymod_map_by_woowz_real_rp_normal.bsp
10 seconds elapsed

==================================================================
Date: 2026-09-30 21:44:43
W:\Programs\Steam\steamapps\common\GarrysMod\bin\win64\vbspplusplus.exe -allowdynamicpropsasstatic -game W:\Programs\Steam\steamapps\common\GarrysMod\garrysmod w:\programs\steam\steamapps\common\garrysmod\garrysmod\addons\garrysmodmap\maps\gmm_garrymod_map_by_woowz_real_rp_normal
==================================================================
16 threads
---------------
gamedir: W:\Programs\Steam\steamapps\common\GarrysMod\garrysmod\
---------------
Loading w:\programs\steam\steamapps\common\garrysmod\garrysmod\addons\garrysmodmap\maps\gmm_garrymod_map_by_woowz_real_rp_normal.vmf
Locating GameData file 'garrysmod.fgd'...
Parsing GameData file w:\programs\steam\steamapps\common\garrysmod\bin\garrysmod.fgd
Parsing GameData file w:\programs\steam\steamapps\common\garrysmod\bin\base.fgd
Parsing GameData file w:\programs\steam\steamapps\common\garrysmod\bin\halflife2.fgd
Parsing GameData file w:\programs\steam\steamapps\common\garrysmod\bin\base.fgd
fixing up env_cubemap materials on brush sides...
FloodEntities...
FloodEntities...
Processing areas...done (0)
Building Faces...done (0)
Chop Details...done (0)
Find Visible Detail Sides...
Merged 1006 detail faces...done (0)
Merging details...done (0)
FixTjuncs...
PruneNodes...
WriteBSP...
done (0)
writing w:\programs\steam\steamapps\common\garrysmod\garrysmod\addons\garrysmodmap\maps\gmm_garrymod_map_by_woowz_real_rp_normal.prt...
Building visibility clusters...
done (0)
Generating blank default cubemaps...
Generating blank default cubemaps...
Emitted 4488 brushes and 28178 brushsides
Finding displacement neighbors...
Finding lightmap sample positions...
Building Physics collision data...
done (0) (1461673 bytes)
Emitting static props...
Model "models/props_phx/construct/metal_wire1x2x2b.mdl" is missing $staticprop. Allowing due to -allowdynamicpropsasstatic
Model "models/props_phx/construct/metal_wire_angle360x2.mdl" is missing $staticprop. Allowing due to -allowdynamicpropsasstatic
Placing detail props : 0...1...2...3...4...5...6...7...8...9...10
Water found with no water_lod_control entity, creating a default one.
Compacting texture/material tables...
Reduced 3037 texinfos to 1724
Reduced 350 texdatas to 315 (11136 bytes to 8260)
Writing w:\programs\steam\steamapps\common\garrysmod\garrysmod\addons\garrysmodmap\maps\gmm_garrymod_map_by_woowz_real_rp_normal.bsp
2 seconds elapsed

==================================================================
Date: 2026-09-30 21:44:46
W:\Programs\Steam\steamapps\common\GarrysMod\bin\win64\vvisplusplus.exe -game W:\Programs\Steam\steamapps\common\GarrysMod\garrysmod w:\programs\steam\steamapps\common\garrysmod\garrysmod\addons\garrysmodmap\maps\gmm_garrymod_map_by_woowz_real_rp_normal
==================================================================
16 threads
CPU supports AVX2
reading w:\programs\steam\steamapps\common\garrysmod\garrysmod\addons\garrysmodmap\maps\gmm_garrymod_map_by_woowz_real_rp_normal.bsp
reading w:\programs\steam\steamapps\common\garrysmod\garrysmod\addons\garrysmodmap\maps\gmm_garrymod_map_by_woowz_real_rp_normal.prt
1511 portalclusters
2801 numportals
0...1...2...3...4...5...6...7...8...9...100...1...2...3...4...5...6...7...8...9...10Optimized: 260 visible clusters (0.32%)
Total clusters visible: 80391
Average clusters visible: 53
Building PAS...
Average clusters audible: 201
visdatasize:171821  compressed from 580224
writing w:\programs\steam\steamapps\common\garrysmod\garrysmod\addons\garrysmodmap\maps\gmm_garrymod_map_by_woowz_real_rp_normal.bsp
Wrote ZIP buffer, estimated size 132713, actual size 128479
0 seconds elapsed

==================================================================
Date: 2026-09-30 21:44:46
W:\Programs\Steam\steamapps\common\GarrysMod\bin\win64\vradplusplus.exe -both -final -game W:\Programs\Steam\steamapps\common\GarrysMod\garrysmod w:\programs\steam\steamapps\common\garrysmod\garrysmod\addons\garrysmodmap\maps\gmm_garrymod_map_by_woowz_real_rp_normal
==================================================================
---------------
gamedir: W:\Programs\Steam\steamapps\common\GarrysMod\garrysmod\
---------------
16 threads
Compiling in LDR+HDR mode
Reading texlights from 'lights.rad'...
53 texlights parsed
Loading w:\programs\steam\steamapps\common\garrysmod\garrysmod\addons\garrysmodmap\maps\gmm_garrymod_map_by_woowz_real_rp_normal.bsp
183 props added to raytrace
17793 faces
1 degenerate faces
582 fake patch planes
1917373 square feet [276101824.00 square inches]
4 Displacements
3259 Square Feet [469401.19 Square Inches]
0...1...2...3...4...5...6...7...8...9...1017792 patches before subdivision
207948 patches after subdivision
CreateDirectLights...
0...1...2...3...4...5...6...7...8...9...10552 lights, 8 styled (0.01 seconds)
0...1...2...3...4...5...6...7...8...9...100...1...2...3...4...5...6...7...8...9...10transfers 24421481, max 1076
transfer lists: 186.3 megs
0...1...2...3...4...5...6...7...8...9...10	Bounce #1 added RGB(1854016, 1432315, 993032)
0...1...2...3...4...5...6...7...8...9...10	Bounce #2 added RGB(512538, 384397, 253404)
0...1...2...3...4...5...6...7...8...9...10	Bounce #3 added RGB(166655, 123722, 78774)
0...1...2...3...4...5...6...7...8...9...10	Bounce #4 added RGB(60791, 44431, 26961)
0...1...2...3...4...5...6...7...8...9...10	Bounce #5 added RGB(23815, 17022, 9780)
0...1...2...3...4...5...6...7...8...9...10	Bounce #6 added RGB(9856, 6839, 3701)
0...1...2...3...4...5...6...7...8...9...10	Bounce #7 added RGB(4244, 2844, 1445)
0...1...2...3...4...5...6...7...8...9...10	Bounce #8 added RGB(1886, 1216, 579)
0...1...2...3...4...5...6...7...8...9...10	Bounce #9 added RGB(858, 531, 236)
0...1...2...3...4...5...6...7...8...9...10	Bounce #10 added RGB(397, 236, 98)
0...1...2...3...4...5...6...7...8...9...10	Bounce #11 added RGB(186, 106, 41)
0...1...2...3...4...5...6...7...8...9...10	Bounce #12 added RGB(88, 48, 17)
0...1...2...3...4...5...6...7...8...9...10	Bounce #13 added RGB(42, 22, 7)
0...1...2...3...4...5...6...7...8...9...10	Bounce #14 added RGB(20, 10, 3)
0...1...2...3...4...5...6...7...8...9...10	Bounce #15 added RGB(10, 5, 1)
0...1...2...3...4...5...6...7...8...9...10	Bounce #16 added RGB(5, 2, 1)
0...1...2...3...4...5...6...7...8...9...10	Bounce #17 added RGB(2, 1, 0)
0...1...2...3...4...5...6...7...8...9...10	Bounce #18 added RGB(1, 0, 0)
0...1...2...3...4...5...6...7...8...9...10	Bounce #19 added RGB(1, 0, 0)
Build Patch/Sample Hash Table(s).....Done<0.0926 sec>
0...1...2...3...4...5...6...7...8...9...10FinalLightFace Done
0...1...2...3...4...5...6...7...8...9...10Setting up leaf ambient computation...
115 of 402 (28% of) surface lights went in leaf ambient cubes.
0...1...2...3...4...5...6...7...8...9...10Writing leaf ambient...done
Ready to Finish

Object names       Objects/Maxobjs  Fullness 
------------       ---------------  -------- 
entities              1366/65536    ( 2.1%) 
models                 166/4096     ( 4.1%) 
brushes               4488/65536    ( 6.8%) 
brushsides           28178/655350   ( 4.3%) 
planes                5158/65536    ( 7.9%) 
vertexes             31320/65536    (47.8%) 
nodes                 5021/65536    ( 7.7%) 
texinfos              1724/32768    ( 5.3%) 
texdata                315/8192     ( 3.8%) 
dispinfos                4/16384    ( 0.0%) 
faces                17793/65536    (27.1%) 
hdr faces            17793/65536    (27.1%) 
origfaces             9261/65536    (14.1%) 
leaves                5188/65536    ( 7.9%) 
leaffaces            21217/65536    (32.4%) 
leafbrushes           9195/65536    (14.0%) 
areas                   90/1024     ( 8.8%) 
surfedges            87527/512000   (17.1%) 
edges                49292/256000   (19.3%) 
leafwaterdata           15/32768    ( 0.0%) 
primitives            2761/32768    ( 8.4%) 
primverts                0/65536    ( 0.0%) 
primindices          43077/65536    (65.7%) 
cubemapsamples           0/1024     ( 0.0%) 
overlays                72/8192     ( 0.9%) 
vertnormalindices    87369/256000   (34.1%) 
visdata             171821/16777216 ( 1.0%) 
entdata             508719/393216   (129.4%) FULL!!!
LDR ambient table     5188/65536    ( 7.9%) 
HDR ambient table     5188/65536    ( 7.9%) 
LDR worldlights            0       
HDR worldlights            552     
LDR lightdata              0       
HDR lightdata              35723640
LDR leaf ambient           5188    
HDR leaf ambient           17317   
occluders                  0       
occluder polygons          0       
occluder vert ind          0       
detail props               1140    
dtl prp lght               4       
HDR dtl prp lght           4       
static props               23432   
pakfile                    128479  
physics                    1461673 
physics terrain            1376    

Level flags = 0

Total triangle count: 51783
Writing w:\programs\steam\steamapps\common\garrysmod\garrysmod\addons\garrysmodmap\maps\gmm_garrymod_map_by_woowz_real_rp_normal.bsp
10 seconds elapsed

==================================================================
Date: 2026-09-30 21:49:43
W:\Programs\Steam\steamapps\common\GarrysMod\bin\win64\vbspplusplus.exe -allowdynamicpropsasstatic -game W:\Programs\Steam\steamapps\common\GarrysMod\garrysmod w:\programs\steam\steamapps\common\garrysmod\garrysmod\addons\garrysmodmap\maps\gmm_garrymod_map_by_woowz_real_rp_normal
==================================================================
16 threads
---------------
gamedir: W:\Programs\Steam\steamapps\common\GarrysMod\garrysmod\
---------------
Loading w:\programs\steam\steamapps\common\garrysmod\garrysmod\addons\garrysmodmap\maps\gmm_garrymod_map_by_woowz_real_rp_normal.vmf
Locating GameData file 'garrysmod.fgd'...
Parsing GameData file w:\programs\steam\steamapps\common\garrysmod\bin\garrysmod.fgd
Parsing GameData file w:\programs\steam\steamapps\common\garrysmod\bin\base.fgd
Parsing GameData file w:\programs\steam\steamapps\common\garrysmod\bin\halflife2.fgd
Parsing GameData file w:\programs\steam\steamapps\common\garrysmod\bin\base.fgd
fixing up env_cubemap materials on brush sides...
FloodEntities...
FloodEntities...
Processing areas...done (0)
Building Faces...done (0)
Chop Details...done (0)
Find Visible Detail Sides...
Merged 1010 detail faces...done (0)
Merging details...done (0)
FixTjuncs...
PruneNodes...
WriteBSP...
done (0)
writing w:\programs\steam\steamapps\common\garrysmod\garrysmod\addons\garrysmodmap\maps\gmm_garrymod_map_by_woowz_real_rp_normal.prt...
Building visibility clusters...
done (0)
Generating blank default cubemaps...
Generating blank default cubemaps...
Emitted 4498 brushes and 28238 brushsides
Finding displacement neighbors...
Finding lightmap sample positions...
Building Physics collision data...
done (0) (1463331 bytes)
Emitting static props...
Model "models/props_phx/construct/metal_wire1x2x2b.mdl" is missing $staticprop. Allowing due to -allowdynamicpropsasstatic
Model "models/props_phx/construct/metal_wire_angle360x2.mdl" is missing $staticprop. Allowing due to -allowdynamicpropsasstatic
Placing detail props : 0...1...2...3...4...5...6...7...8...9...10
Water found with no water_lod_control entity, creating a default one.
Compacting texture/material tables...
Reduced 3057 texinfos to 1732
Reduced 350 texdatas to 315 (11136 bytes to 8260)
Writing w:\programs\steam\steamapps\common\garrysmod\garrysmod\addons\garrysmodmap\maps\gmm_garrymod_map_by_woowz_real_rp_normal.bsp
2 seconds elapsed

==================================================================
Date: 2026-09-30 21:49:46
W:\Programs\Steam\steamapps\common\GarrysMod\bin\win64\vvisplusplus.exe -game W:\Programs\Steam\steamapps\common\GarrysMod\garrysmod w:\programs\steam\steamapps\common\garrysmod\garrysmod\addons\garrysmodmap\maps\gmm_garrymod_map_by_woowz_real_rp_normal
==================================================================
16 threads
CPU supports AVX2
reading w:\programs\steam\steamapps\common\garrysmod\garrysmod\addons\garrysmodmap\maps\gmm_garrymod_map_by_woowz_real_rp_normal.bsp
reading w:\programs\steam\steamapps\common\garrysmod\garrysmod\addons\garrysmodmap\maps\gmm_garrymod_map_by_woowz_real_rp_normal.prt
1514 portalclusters
2802 numportals
0...1...2...3...4...5...6...7...8...9...100...1...2...3...4...5...6...7...8...9...10Optimized: 259 visible clusters (0.32%)
Total clusters visible: 80491
Average clusters visible: 53
Building PAS...
Average clusters audible: 201
visdatasize:172171  compressed from 581376
writing w:\programs\steam\steamapps\common\garrysmod\garrysmod\addons\garrysmodmap\maps\gmm_garrymod_map_by_woowz_real_rp_normal.bsp
Wrote ZIP buffer, estimated size 132713, actual size 128479
0 seconds elapsed

==================================================================
Date: 2026-09-30 21:49:46
W:\Programs\Steam\steamapps\common\GarrysMod\bin\win64\vradplusplus.exe -both -final -game W:\Programs\Steam\steamapps\common\GarrysMod\garrysmod w:\programs\steam\steamapps\common\garrysmod\garrysmod\addons\garrysmodmap\maps\gmm_garrymod_map_by_woowz_real_rp_normal
==================================================================
---------------
gamedir: W:\Programs\Steam\steamapps\common\GarrysMod\garrysmod\
---------------
16 threads
Compiling in LDR+HDR mode
Reading texlights from 'lights.rad'...
53 texlights parsed
Loading w:\programs\steam\steamapps\common\garrysmod\garrysmod\addons\garrysmodmap\maps\gmm_garrymod_map_by_woowz_real_rp_normal.bsp
183 props added to raytrace
17823 faces
1 degenerate faces
588 fake patch planes
1917489 square feet [276118528.00 square inches]
4 Displacements
3259 Square Feet [469401.19 Square Inches]
0...1...2...3...4...5...6...7...8...9...1017822 patches before subdivision
208008 patches after subdivision
CreateDirectLights...
0...1...2...3...4...5...6...7...8...9...10552 lights, 8 styled (0.01 seconds)
0...1...2...3...4...5...6...7...8...9...100...1...2...3...4...5...6...7...8...9...10transfers 24415027, max 1076
transfer lists: 186.3 megs
0...1...2...3...4...5...6...7...8...9...10	Bounce #1 added RGB(1853910, 1432228, 992963)
0...1...2...3...4...5...6...7...8...9...10	Bounce #2 added RGB(512497, 384366, 253384)
0...1...2...3...4...5...6...7...8...9...10	Bounce #3 added RGB(166640, 123711, 78769)
0...1...2...3...4...5...6...7...8...9...10	Bounce #4 added RGB(60786, 44428, 26960)
0...1...2...3...4...5...6...7...8...9...10	Bounce #5 added RGB(23813, 17021, 9780)
0...1...2...3...4...5...6...7...8...9...10	Bounce #6 added RGB(9855, 6839, 3701)
0...1...2...3...4...5...6...7...8...9...10	Bounce #7 added RGB(4244, 2844, 1445)
0...1...2...3...4...5...6...7...8...9...10	Bounce #8 added RGB(1886, 1216, 579)
0...1...2...3...4...5...6...7...8...9...10	Bounce #9 added RGB(858, 531, 236)
0...1...2...3...4...5...6...7...8...9...10	Bounce #10 added RGB(397, 236, 98)
0...1...2...3...4...5...6...7...8...9...10	Bounce #11 added RGB(186, 106, 41)
0...1...2...3...4...5...6...7...8...9...10	Bounce #12 added RGB(88, 48, 17)
0...1...2...3...4...5...6...7...8...9...10	Bounce #13 added RGB(42, 22, 7)
0...1...2...3...4...5...6...7...8...9...10	Bounce #14 added RGB(20, 10, 3)
0...1...2...3...4...5...6...7...8...9...10	Bounce #15 added RGB(10, 5, 1)
0...1...2...3...4...5...6...7...8...9...10	Bounce #16 added RGB(5, 2, 1)
0...1...2...3...4...5...6...7...8...9...10	Bounce #17 added RGB(2, 1, 0)
0...1...2...3...4...5...6...7...8...9...10	Bounce #18 added RGB(1, 0, 0)
0...1...2...3...4...5...6...7...8...9...10	Bounce #19 added RGB(1, 0, 0)
Build Patch/Sample Hash Table(s).....Done<0.0905 sec>
0...1...2...3...4...5...6...7...8...9...10FinalLightFace Done
0...1...2...3...4...5...6...7...8...9...10Setting up leaf ambient computation...
115 of 402 (28% of) surface lights went in leaf ambient cubes.
0...1...2...3...4...5...6...7...8...9...10Writing leaf ambient...done
Ready to Finish

Object names       Objects/Maxobjs  Fullness 
------------       ---------------  -------- 
entities              1368/65536    ( 2.1%) 
models                 167/4096     ( 4.1%) 
brushes               4498/65536    ( 6.9%) 
brushsides           28238/655350   ( 4.3%) 
planes                5170/65536    ( 7.9%) 
vertexes             31382/65536    (47.9%) 
nodes                 5029/65536    ( 7.7%) 
texinfos              1732/32768    ( 5.3%) 
texdata                315/8192     ( 3.8%) 
dispinfos                4/16384    ( 0.0%) 
faces                17823/65536    (27.2%) 
hdr faces            17823/65536    (27.2%) 
origfaces             9277/65536    (14.2%) 
leaves                5197/65536    ( 7.9%) 
leaffaces            21254/65536    (32.4%) 
leafbrushes           9217/65536    (14.1%) 
areas                   91/1024     ( 8.9%) 
surfedges            87706/512000   (17.1%) 
edges                49418/256000   (19.3%) 
leafwaterdata           15/32768    ( 0.0%) 
primitives            2778/32768    ( 8.5%) 
primverts                0/65536    ( 0.0%) 
primindices          43359/65536    (66.2%) 
cubemapsamples           0/1024     ( 0.0%) 
overlays                72/8192     ( 0.9%) 
vertnormalindices    87547/256000   (34.2%) 
visdata             172171/16777216 ( 1.0%) 
entdata             509436/393216   (129.6%) FULL!!!
LDR ambient table     5197/65536    ( 7.9%) 
HDR ambient table     5197/65536    ( 7.9%) 
LDR worldlights            0       
HDR worldlights            552     
LDR lightdata              0       
HDR lightdata              35727912
LDR leaf ambient           5197    
HDR leaf ambient           17319   
occluders                  0       
occluder polygons          0       
occluder vert ind          0       
detail props               1140    
dtl prp lght               4       
HDR dtl prp lght           4       
static props               23432   
pakfile                    128479  
physics                    1463331 
physics terrain            1376    

Level flags = 0

Total triangle count: 51901
Writing w:\programs\steam\steamapps\common\garrysmod\garrysmod\addons\garrysmodmap\maps\gmm_garrymod_map_by_woowz_real_rp_normal.bsp
9 seconds elapsed

==================================================================
Date: 2026-09-30 21:54:27
W:\Programs\Steam\steamapps\common\GarrysMod\bin\win64\vbspplusplus.exe -allowdynamicpropsasstatic -game W:\Programs\Steam\steamapps\common\GarrysMod\garrysmod w:\programs\steam\steamapps\common\garrysmod\garrysmod\addons\garrysmodmap\maps\gmm_garrymod_map_by_woowz_real_rp_normal
==================================================================
16 threads
---------------
gamedir: W:\Programs\Steam\steamapps\common\GarrysMod\garrysmod\
---------------
Loading w:\programs\steam\steamapps\common\garrysmod\garrysmod\addons\garrysmodmap\maps\gmm_garrymod_map_by_woowz_real_rp_normal.vmf
Locating GameData file 'garrysmod.fgd'...
Parsing GameData file w:\programs\steam\steamapps\common\garrysmod\bin\garrysmod.fgd
Parsing GameData file w:\programs\steam\steamapps\common\garrysmod\bin\base.fgd
Parsing GameData file w:\programs\steam\steamapps\common\garrysmod\bin\halflife2.fgd
Parsing GameData file w:\programs\steam\steamapps\common\garrysmod\bin\base.fgd
fixing up env_cubemap materials on brush sides...
FloodEntities...
FloodEntities...
Processing areas...done (0)
Building Faces...done (0)
Chop Details...done (0)
Find Visible Detail Sides...
Merged 1010 detail faces...done (0)
Merging details...done (0)
FixTjuncs...
PruneNodes...
WriteBSP...
done (0)
writing w:\programs\steam\steamapps\common\garrysmod\garrysmod\addons\garrysmodmap\maps\gmm_garrymod_map_by_woowz_real_rp_normal.prt...
Building visibility clusters...
done (0)
Generating blank default cubemaps...
Generating blank default cubemaps...
Emitted 4498 brushes and 28238 brushsides
Finding displacement neighbors...
Finding lightmap sample positions...
Building Physics collision data...
done (0) (1463331 bytes)
Emitting static props...
Model "models/props_phx/construct/metal_wire1x2x2b.mdl" is missing $staticprop. Allowing due to -allowdynamicpropsasstatic
Model "models/props_phx/construct/metal_wire_angle360x2.mdl" is missing $staticprop. Allowing due to -allowdynamicpropsasstatic
Placing detail props : 0...1...2...3...4...5...6...7...8...9...10
Water found with no water_lod_control entity, creating a default one.
Compacting texture/material tables...
Reduced 3057 texinfos to 1732
Reduced 350 texdatas to 315 (11136 bytes to 8260)
Writing w:\programs\steam\steamapps\common\garrysmod\garrysmod\addons\garrysmodmap\maps\gmm_garrymod_map_by_woowz_real_rp_normal.bsp
2 seconds elapsed

==================================================================
Date: 2026-09-30 21:54:29
W:\Programs\Steam\steamapps\common\GarrysMod\bin\win64\vvisplusplus.exe -game W:\Programs\Steam\steamapps\common\GarrysMod\garrysmod w:\programs\steam\steamapps\common\garrysmod\garrysmod\addons\garrysmodmap\maps\gmm_garrymod_map_by_woowz_real_rp_normal
==================================================================
16 threads
CPU supports AVX2
reading w:\programs\steam\steamapps\common\garrysmod\garrysmod\addons\garrysmodmap\maps\gmm_garrymod_map_by_woowz_real_rp_normal.bsp
reading w:\programs\steam\steamapps\common\garrysmod\garrysmod\addons\garrysmodmap\maps\gmm_garrymod_map_by_woowz_real_rp_normal.prt
1514 portalclusters
2802 numportals
0...1...2...3...4...5...6...7...8...9...100...1...2...3...4...5...6...7...8...9...10Optimized: 259 visible clusters (0.32%)
Total clusters visible: 80491
Average clusters visible: 53
Building PAS...
Average clusters audible: 201
visdatasize:172171  compressed from 581376
writing w:\programs\steam\steamapps\common\garrysmod\garrysmod\addons\garrysmodmap\maps\gmm_garrymod_map_by_woowz_real_rp_normal.bsp
Wrote ZIP buffer, estimated size 132713, actual size 128479
0 seconds elapsed

==================================================================
Date: 2026-09-30 21:54:30
W:\Programs\Steam\steamapps\common\GarrysMod\bin\win64\vradplusplus.exe -both -final -game W:\Programs\Steam\steamapps\common\GarrysMod\garrysmod w:\programs\steam\steamapps\common\garrysmod\garrysmod\addons\garrysmodmap\maps\gmm_garrymod_map_by_woowz_real_rp_normal
==================================================================
---------------
gamedir: W:\Programs\Steam\steamapps\common\GarrysMod\garrysmod\
---------------
16 threads
Compiling in LDR+HDR mode
Reading texlights from 'lights.rad'...
53 texlights parsed
Loading w:\programs\steam\steamapps\common\garrysmod\garrysmod\addons\garrysmodmap\maps\gmm_garrymod_map_by_woowz_real_rp_normal.bsp
183 props added to raytrace
17823 faces
1 degenerate faces
588 fake patch planes
1917489 square feet [276118528.00 square inches]
4 Displacements
3259 Square Feet [469401.19 Square Inches]
0...1...2...3...4...5...6...7...8...9...1017822 patches before subdivision
208008 patches after subdivision
CreateDirectLights...
0...1...2...3...4...5...6...7...8...9...10553 lights, 9 styled (0.01 seconds)
0...1...2...3...4...5...6...7...8...9...100...1...2...3...4...5...6...7...8...9...10transfers 24415027, max 1076
transfer lists: 186.3 megs
0...1...2...3...4...5...6...7...8...9...10	Bounce #1 added RGB(1853912, 1432229, 992962)
0...1...2...3...4...5...6...7...8...9...10	Bounce #2 added RGB(512498, 384366, 253384)
0...1...2...3...4...5...6...7...8...9...10	Bounce #3 added RGB(166640, 123712, 78769)
0...1...2...3...4...5...6...7...8...9...10	Bounce #4 added RGB(60786, 44428, 26960)
0...1...2...3...4...5...6...7...8...9...10	Bounce #5 added RGB(23813, 17021, 9780)
0...1...2...3...4...5...6...7...8...9...10	Bounce #6 added RGB(9855, 6839, 3701)
0...1...2...3...4...5...6...7...8...9...10	Bounce #7 added RGB(4244, 2844, 1445)
0...1...2...3...4...5...6...7...8...9...10	Bounce #8 added RGB(1886, 1216, 579)
0...1...2...3...4...5...6...7...8...9...10	Bounce #9 added RGB(858, 531, 236)
0...1...2...3...4...5...6...7...8...9...10	Bounce #10 added RGB(397, 236, 98)
0...1...2...3...4...5...6...7...8...9...10	Bounce #11 added RGB(186, 106, 41)
0...1...2...3...4...5...6...7...8...9...10	Bounce #12 added RGB(88, 48, 17)
0...1...2...3...4...5...6...7...8...9...10	Bounce #13 added RGB(42, 22, 7)
0...1...2...3...4...5...6...7...8...9...10	Bounce #14 added RGB(20, 10, 3)
0...1...2...3...4...5...6...7...8...9...10	Bounce #15 added RGB(10, 5, 1)
0...1...2...3...4...5...6...7...8...9...10	Bounce #16 added RGB(5, 2, 1)
0...1...2...3...4...5...6...7...8...9...10	Bounce #17 added RGB(2, 1, 0)
0...1...2...3...4...5...6...7...8...9...10	Bounce #18 added RGB(1, 0, 0)
0...1...2...3...4...5...6...7...8...9...10	Bounce #19 added RGB(1, 0, 0)
Build Patch/Sample Hash Table(s).....Done<0.0913 sec>
0...1...2...3...4...5...6...7...8...9...10FinalLightFace Done
0...1...2...3...4...5...6...7...8...9...10Setting up leaf ambient computation...
115 of 402 (28% of) surface lights went in leaf ambient cubes.
0...1...2...3...4...5...6...7...8...9...10Writing leaf ambient...done
Ready to Finish

Object names       Objects/Maxobjs  Fullness 
------------       ---------------  -------- 
entities              1369/65536    ( 2.1%) 
models                 167/4096     ( 4.1%) 
brushes               4498/65536    ( 6.9%) 
brushsides           28238/655350   ( 4.3%) 
planes                5170/65536    ( 7.9%) 
vertexes             31382/65536    (47.9%) 
nodes                 5029/65536    ( 7.7%) 
texinfos              1732/32768    ( 5.3%) 
texdata                315/8192     ( 3.8%) 
dispinfos                4/16384    ( 0.0%) 
faces                17823/65536    (27.2%) 
hdr faces            17823/65536    (27.2%) 
origfaces             9277/65536    (14.2%) 
leaves                5197/65536    ( 7.9%) 
leaffaces            21254/65536    (32.4%) 
leafbrushes           9217/65536    (14.1%) 
areas                   91/1024     ( 8.9%) 
surfedges            87706/512000   (17.1%) 
edges                49418/256000   (19.3%) 
leafwaterdata           15/32768    ( 0.0%) 
primitives            2778/32768    ( 8.5%) 
primverts                0/65536    ( 0.0%) 
primindices          43359/65536    (66.2%) 
cubemapsamples           0/1024     ( 0.0%) 
overlays                72/8192     ( 0.9%) 
vertnormalindices    87547/256000   (34.2%) 
visdata             172171/16777216 ( 1.0%) 
entdata             509773/393216   (129.6%) FULL!!!
LDR ambient table     5197/65536    ( 7.9%) 
HDR ambient table     5197/65536    ( 7.9%) 
LDR worldlights            0       
HDR worldlights            553     
LDR lightdata              0       
HDR lightdata              35950352
LDR leaf ambient           5197    
HDR leaf ambient           17319   
occluders                  0       
occluder polygons          0       
occluder vert ind          0       
detail props               1140    
dtl prp lght               4       
HDR dtl prp lght           4       
static props               23634   
pakfile                    128479  
physics                    1463331 
physics terrain            1376    

Level flags = 0

Total triangle count: 51901
Writing w:\programs\steam\steamapps\common\garrysmod\garrysmod\addons\garrysmodmap\maps\gmm_garrymod_map_by_woowz_real_rp_normal.bsp
10 seconds elapsed

==================================================================
Date: 2026-09-30 21:59:29
W:\Programs\Steam\steamapps\common\GarrysMod\bin\win64\vbspplusplus.exe -allowdynamicpropsasstatic -game W:\Programs\Steam\steamapps\common\GarrysMod\garrysmod w:\programs\steam\steamapps\common\garrysmod\garrysmod\addons\garrysmodmap\maps\gmm_garrymod_map_by_woowz_real_rp_normal
==================================================================
16 threads
---------------
gamedir: W:\Programs\Steam\steamapps\common\GarrysMod\garrysmod\
---------------
Loading w:\programs\steam\steamapps\common\garrysmod\garrysmod\addons\garrysmodmap\maps\gmm_garrymod_map_by_woowz_real_rp_normal.vmf
Locating GameData file 'garrysmod.fgd'...
Parsing GameData file w:\programs\steam\steamapps\common\garrysmod\bin\garrysmod.fgd
Parsing GameData file w:\programs\steam\steamapps\common\garrysmod\bin\base.fgd
Parsing GameData file w:\programs\steam\steamapps\common\garrysmod\bin\halflife2.fgd
Parsing GameData file w:\programs\steam\steamapps\common\garrysmod\bin\base.fgd
fixing up env_cubemap materials on brush sides...
FloodEntities...
FloodEntities...
Processing areas...Brush 224044: areaportal brush doesn't touch two areas
--- AREAPORTAL LEAKED ---

==================================================================
Date: 2026-09-30 22:03:37
W:\Programs\Steam\steamapps\common\GarrysMod\bin\win64\vbspplusplus.exe -allowdynamicpropsasstatic -game W:\Programs\Steam\steamapps\common\GarrysMod\garrysmod w:\programs\steam\steamapps\common\garrysmod\garrysmod\addons\garrysmodmap\maps\gmm_garrymod_map_by_woowz_real_rp_normal
==================================================================
16 threads
---------------
gamedir: W:\Programs\Steam\steamapps\common\GarrysMod\garrysmod\
---------------
Loading w:\programs\steam\steamapps\common\garrysmod\garrysmod\addons\garrysmodmap\maps\gmm_garrymod_map_by_woowz_real_rp_normal.vmf
Locating GameData file 'garrysmod.fgd'...
Parsing GameData file w:\programs\steam\steamapps\common\garrysmod\bin\garrysmod.fgd
Parsing GameData file w:\programs\steam\steamapps\common\garrysmod\bin\base.fgd
Parsing GameData file w:\programs\steam\steamapps\common\garrysmod\bin\halflife2.fgd
Parsing GameData file w:\programs\steam\steamapps\common\garrysmod\bin\base.fgd
fixing up env_cubemap materials on brush sides...
FloodEntities...
FloodEntities...
Processing areas...done (0)
Building Faces...done (0)
Chop Details...done (0)
Find Visible Detail Sides...
Merged 1014 detail faces...done (0)
Merging details...done (0)
FixTjuncs...
PruneNodes...
WriteBSP...
done (0)
writing w:\programs\steam\steamapps\common\garrysmod\garrysmod\addons\garrysmodmap\maps\gmm_garrymod_map_by_woowz_real_rp_normal.prt...
Building visibility clusters...
done (0)
Generating blank default cubemaps...
Generating blank default cubemaps...
Emitted 4502 brushes and 28262 brushsides
Finding displacement neighbors...
Finding lightmap sample positions...
Building Physics collision data...
done (0) (1465383 bytes)
Emitting static props...
Model "models/props_phx/construct/metal_wire1x2x2b.mdl" is missing $staticprop. Allowing due to -allowdynamicpropsasstatic
Model "models/props_phx/construct/metal_wire_angle360x2.mdl" is missing $staticprop. Allowing due to -allowdynamicpropsasstatic
Placing detail props : 0...1...2...3...4...5...6...7...8...9...10
Water found with no water_lod_control entity, creating a default one.
Compacting texture/material tables...
Reduced 3074 texinfos to 1740
Reduced 351 texdatas to 316 (11155 bytes to 8279)
Writing w:\programs\steam\steamapps\common\garrysmod\garrysmod\addons\garrysmodmap\maps\gmm_garrymod_map_by_woowz_real_rp_normal.bsp
2 seconds elapsed

==================================================================
Date: 2026-09-30 22:03:40
W:\Programs\Steam\steamapps\common\GarrysMod\bin\win64\vvisplusplus.exe -game W:\Programs\Steam\steamapps\common\GarrysMod\garrysmod w:\programs\steam\steamapps\common\garrysmod\garrysmod\addons\garrysmodmap\maps\gmm_garrymod_map_by_woowz_real_rp_normal
==================================================================
16 threads
CPU supports AVX2
reading w:\programs\steam\steamapps\common\garrysmod\garrysmod\addons\garrysmodmap\maps\gmm_garrymod_map_by_woowz_real_rp_normal.bsp
reading w:\programs\steam\steamapps\common\garrysmod\garrysmod\addons\garrysmodmap\maps\gmm_garrymod_map_by_woowz_real_rp_normal.prt
1514 portalclusters
2802 numportals
0...1...2...3...4...5...6...7...8...9...100...1...2...3...4...5...6...7...8...9...10Optimized: 259 visible clusters (0.32%)
Total clusters visible: 80491
Average clusters visible: 53
Building PAS...
Average clusters audible: 201
visdatasize:172171  compressed from 581376
writing w:\programs\steam\steamapps\common\garrysmod\garrysmod\addons\garrysmodmap\maps\gmm_garrymod_map_by_woowz_real_rp_normal.bsp
Wrote ZIP buffer, estimated size 132713, actual size 128479
0 seconds elapsed

==================================================================
Date: 2026-09-30 22:03:40
W:\Programs\Steam\steamapps\common\GarrysMod\bin\win64\vradplusplus.exe -both -final -game W:\Programs\Steam\steamapps\common\GarrysMod\garrysmod w:\programs\steam\steamapps\common\garrysmod\garrysmod\addons\garrysmodmap\maps\gmm_garrymod_map_by_woowz_real_rp_normal
==================================================================
---------------
gamedir: W:\Programs\Steam\steamapps\common\GarrysMod\garrysmod\
---------------
16 threads
Compiling in LDR+HDR mode
Reading texlights from 'lights.rad'...
53 texlights parsed
Loading w:\programs\steam\steamapps\common\garrysmod\garrysmod\addons\garrysmodmap\maps\gmm_garrymod_map_by_woowz_real_rp_normal.bsp
183 props added to raytrace
17841 faces
1 degenerate faces
594 fake patch planes
1917639 square feet [276140096.00 square inches]
4 Displacements
3259 Square Feet [469401.19 Square Inches]
0...1...2...3...4...5...6...7...8...9...1017840 patches before subdivision
208068 patches after subdivision
CreateDirectLights...
0...1...2...3...4...5...6...7...8...9...10553 lights, 9 styled (0.01 seconds)
0...1...2...3...4...5...6...7...8...9...100...1...2...3...4...5...6...7...8...9...10transfers 24420652, max 1076
transfer lists: 186.3 megs
0...1...2...3...4...5...6...7...8...9...10	Bounce #1 added RGB(1854177, 1432444, 993102)
0...1...2...3...4...5...6...7...8...9...10	Bounce #2 added RGB(512568, 384419, 253410)
0...1...2...3...4...5...6...7...8...9...10	Bounce #3 added RGB(166661, 123725, 78773)
0...1...2...3...4...5...6...7...8...9...10	Bounce #4 added RGB(60791, 44431, 26960)
0...1...2...3...4...5...6...7...8...9...10	Bounce #5 added RGB(23815, 17022, 9780)
0...1...2...3...4...5...6...7...8...9...10	Bounce #6 added RGB(9856, 6839, 3701)
0...1...2...3...4...5...6...7...8...9...10	Bounce #7 added RGB(4244, 2844, 1445)
0...1...2...3...4...5...6...7...8...9...10	Bounce #8 added RGB(1886, 1216, 579)
0...1...2...3...4...5...6...7...8...9...10	Bounce #9 added RGB(858, 531, 236)
0...1...2...3...4...5...6...7...8...9...10	Bounce #10 added RGB(397, 236, 98)
0...1...2...3...4...5...6...7...8...9...10	Bounce #11 added RGB(186, 106, 41)
0...1...2...3...4...5...6...7...8...9...10	Bounce #12 added RGB(88, 48, 17)
0...1...2...3...4...5...6...7...8...9...10	Bounce #13 added RGB(42, 22, 7)
0...1...2...3...4...5...6...7...8...9...10	Bounce #14 added RGB(20, 10, 3)
0...1...2...3...4...5...6...7...8...9...10	Bounce #15 added RGB(10, 5, 1)
0...1...2...3...4...5...6...7...8...9...10	Bounce #16 added RGB(5, 2, 1)
0...1...2...3...4...5...6...7...8...9...10	Bounce #17 added RGB(2, 1, 0)
0...1...2...3...4...5...6...7...8...9...10	Bounce #18 added RGB(1, 0, 0)
0...1...2...3...4...5...6...7...8...9...10	Bounce #19 added RGB(1, 0, 0)
Build Patch/Sample Hash Table(s).....Done<0.0920 sec>
0...1...2...3...4...5...6...7...8...9...10FinalLightFace Done
0...1...2...3...4...5...6...7...8...9...10Setting up leaf ambient computation...
115 of 402 (28% of) surface lights went in leaf ambient cubes.
0...1...2...3...4...5...6...7...8...9...10Writing leaf ambient...done
Ready to Finish

Object names       Objects/Maxobjs  Fullness 
------------       ---------------  -------- 
entities              1370/65536    ( 2.1%) 
models                 168/4096     ( 4.1%) 
brushes               4502/65536    ( 6.9%) 
brushsides           28262/655350   ( 4.3%) 
planes                5180/65536    ( 7.9%) 
vertexes             31418/65536    (47.9%) 
nodes                 5035/65536    ( 7.7%) 
texinfos              1740/32768    ( 5.3%) 
texdata                316/8192     ( 3.9%) 
dispinfos                4/16384    ( 0.0%) 
faces                17841/65536    (27.2%) 
hdr faces            17841/65536    (27.2%) 
origfaces             9295/65536    (14.2%) 
leaves                5204/65536    ( 7.9%) 
leaffaces            21275/65536    (32.5%) 
leafbrushes           9224/65536    (14.1%) 
areas                   91/1024     ( 8.9%) 
surfedges            87807/512000   (17.1%) 
edges                49481/256000   (19.3%) 
leafwaterdata           15/32768    ( 0.0%) 
primitives            2787/32768    ( 8.5%) 
primverts                0/65536    ( 0.0%) 
primindices          43491/65536    (66.4%) 
cubemapsamples           0/1024     ( 0.0%) 
overlays                72/8192     ( 0.9%) 
vertnormalindices    87647/256000   (34.2%) 
visdata             172171/16777216 ( 1.0%) 
entdata             510273/393216   (129.8%) FULL!!!
LDR ambient table     5204/65536    ( 7.9%) 
HDR ambient table     5204/65536    ( 7.9%) 
LDR worldlights            0       
HDR worldlights            553     
LDR lightdata              0       
HDR lightdata              35956208
LDR leaf ambient           5204    
HDR leaf ambient           17324   
occluders                  0       
occluder polygons          0       
occluder vert ind          0       
detail props               1140    
dtl prp lght               4       
HDR dtl prp lght           4       
static props               23634   
pakfile                    128479  
physics                    1465383 
physics terrain            1376    

Level flags = 0

Total triangle count: 51965
Writing w:\programs\steam\steamapps\common\garrysmod\garrysmod\addons\garrysmodmap\maps\gmm_garrymod_map_by_woowz_real_rp_normal.bsp
10 seconds elapsed

==================================================================
Date: 2026-09-30 22:04:37
W:\Programs\Steam\steamapps\common\GarrysMod\bin\win64\vbspplusplus.exe -allowdynamicpropsasstatic -game W:\Programs\Steam\steamapps\common\GarrysMod\garrysmod w:\programs\steam\steamapps\common\garrysmod\garrysmod\addons\garrysmodmap\maps\gmm_garrymod_map_by_woowz_real_rp_normal
==================================================================
16 threads
---------------
gamedir: W:\Programs\Steam\steamapps\common\GarrysMod\garrysmod\
---------------
Loading w:\programs\steam\steamapps\common\garrysmod\garrysmod\addons\garrysmodmap\maps\gmm_garrymod_map_by_woowz_real_rp_normal.vmf
Locating GameData file 'garrysmod.fgd'...
Parsing GameData file w:\programs\steam\steamapps\common\garrysmod\bin\garrysmod.fgd
Parsing GameData file w:\programs\steam\steamapps\common\garrysmod\bin\base.fgd
Parsing GameData file w:\programs\steam\steamapps\common\garrysmod\bin\halflife2.fgd
Parsing GameData file w:\programs\steam\steamapps\common\garrysmod\bin\base.fgd
fixing up env_cubemap materials on brush sides...
FloodEntities...
FloodEntities...
Processing areas...done (0)
Building Faces...done (0)
Chop Details...done (0)
Find Visible Detail Sides...
Merged 1014 detail faces...done (0)
Merging details...done (0)
FixTjuncs...
PruneNodes...
WriteBSP...
done (0)
writing w:\programs\steam\steamapps\common\garrysmod\garrysmod\addons\garrysmodmap\maps\gmm_garrymod_map_by_woowz_real_rp_normal.prt...
Building visibility clusters...
done (0)
Generating blank default cubemaps...
Generating blank default cubemaps...
Emitted 4502 brushes and 28262 brushsides
Finding displacement neighbors...
Finding lightmap sample positions...
Building Physics collision data...
done (0) (1465383 bytes)
Emitting static props...
Model "models/props_phx/construct/metal_wire1x2x2b.mdl" is missing $staticprop. Allowing due to -allowdynamicpropsasstatic
Model "models/props_phx/construct/metal_wire_angle360x2.mdl" is missing $staticprop. Allowing due to -allowdynamicpropsasstatic
Placing detail props : 0...1...2...3...4...5...6...7...8...9...10
Water found with no water_lod_control entity, creating a default one.
Compacting texture/material tables...
Reduced 3074 texinfos to 1740
Reduced 351 texdatas to 316 (11155 bytes to 8279)
Writing w:\programs\steam\steamapps\common\garrysmod\garrysmod\addons\garrysmodmap\maps\gmm_garrymod_map_by_woowz_real_rp_normal.bsp
2 seconds elapsed

==================================================================
Date: 2026-09-30 22:04:39
W:\Programs\Steam\steamapps\common\GarrysMod\bin\win64\vvisplusplus.exe -game W:\Programs\Steam\steamapps\common\GarrysMod\garrysmod w:\programs\steam\steamapps\common\garrysmod\garrysmod\addons\garrysmodmap\maps\gmm_garrymod_map_by_woowz_real_rp_normal
==================================================================
16 threads
CPU supports AVX2
reading w:\programs\steam\steamapps\common\garrysmod\garrysmod\addons\garrysmodmap\maps\gmm_garrymod_map_by_woowz_real_rp_normal.bsp
reading w:\programs\steam\steamapps\common\garrysmod\garrysmod\addons\garrysmodmap\maps\gmm_garrymod_map_by_woowz_real_rp_normal.prt
1514 portalclusters
2802 numportals
0...1...2...3...4...5...6...7...8...9...100...1...2...3...4...5...6...7...8...9...10Optimized: 259 visible clusters (0.32%)
Total clusters visible: 80491
Average clusters visible: 53
Building PAS...
Average clusters audible: 201
visdatasize:172171  compressed from 581376
writing w:\programs\steam\steamapps\common\garrysmod\garrysmod\addons\garrysmodmap\maps\gmm_garrymod_map_by_woowz_real_rp_normal.bsp
Wrote ZIP buffer, estimated size 132713, actual size 128479
0 seconds elapsed

==================================================================
Date: 2026-09-30 22:04:40
W:\Programs\Steam\steamapps\common\GarrysMod\bin\win64\vradplusplus.exe -both -final -game W:\Programs\Steam\steamapps\common\GarrysMod\garrysmod w:\programs\steam\steamapps\common\garrysmod\garrysmod\addons\garrysmodmap\maps\gmm_garrymod_map_by_woowz_real_rp_normal
==================================================================
---------------
gamedir: W:\Programs\Steam\steamapps\common\GarrysMod\garrysmod\
---------------
16 threads
Compiling in LDR+HDR mode
Reading texlights from 'lights.rad'...
53 texlights parsed
Loading w:\programs\steam\steamapps\common\garrysmod\garrysmod\addons\garrysmodmap\maps\gmm_garrymod_map_by_woowz_real_rp_normal.bsp
183 props added to raytrace
17841 faces
1 degenerate faces
594 fake patch planes
1917639 square feet [276140096.00 square inches]
4 Displacements
3259 Square Feet [469401.19 Square Inches]
0...1...2...3...4...5...6...7...8...9...1017840 patches before subdivision
208068 patches after subdivision
CreateDirectLights...
0...1...2...3...4...5...6...7...8...9...10553 lights, 9 styled (0.01 seconds)
0...1...2...3...4...5...6...7...8...9...100...1...2...3...4...5...6...7...8...9...10transfers 24420652, max 1076
transfer lists: 186.3 megs
0...1...2...3...4...5...6...7...8...9...10	Bounce #1 added RGB(1854182, 1432451, 993107)
0...1...2...3...4...5...6...7...8...9...10	Bounce #2 added RGB(512570, 384420, 253412)
0...1...2...3...4...5...6...7...8...9...10	Bounce #3 added RGB(166662, 123726, 78774)
0...1...2...3...4...5...6...7...8...9...10	Bounce #4 added RGB(60792, 44431, 26961)
0...1...2...3...4...5...6...7...8...9...10	Bounce #5 added RGB(23815, 17022, 9780)
0...1...2...3...4...5...6...7...8...9...10	Bounce #6 added RGB(9856, 6839, 3701)
0...1...2...3...4...5...6...7...8...9...10	Bounce #7 added RGB(4244, 2844, 1445)
0...1...2...3...4...5...6...7...8...9...10	Bounce #8 added RGB(1886, 1216, 579)
0...1...2...3...4...5...6...7...8...9...10	Bounce #9 added RGB(858, 531, 236)
0...1...2...3...4...5...6...7...8...9...10	Bounce #10 added RGB(397, 236, 98)
0...1...2...3...4...5...6...7...8...9...10	Bounce #11 added RGB(186, 106, 41)
0...1...2...3...4...5...6...7...8...9...10	Bounce #12 added RGB(88, 48, 17)
0...1...2...3...4...5...6...7...8...9...10	Bounce #13 added RGB(42, 22, 7)
0...1...2...3...4...5...6...7...8...9...10	Bounce #14 added RGB(20, 10, 3)
0...1...2...3...4...5...6...7...8...9...10	Bounce #15 added RGB(10, 5, 1)
0...1...2...3...4...5...6...7...8...9...10	Bounce #16 added RGB(5, 2, 1)
0...1...2...3...4...5...6...7...8...9...10	Bounce #17 added RGB(2, 1, 0)
0...1...2...3...4...5...6...7...8...9...10	Bounce #18 added RGB(1, 0, 0)
0...1...2...3...4...5...6...7...8...9...10	Bounce #19 added RGB(1, 0, 0)
Build Patch/Sample Hash Table(s).....Done<0.0927 sec>
0...1...2...3...4...5...6...7...8...9...10FinalLightFace Done
0...1...2...3...4...5...6...7...8...9...10Setting up leaf ambient computation...
115 of 402 (28% of) surface lights went in leaf ambient cubes.
0...1...2...3...4...5...6...7...8...9...10Writing leaf ambient...done
Ready to Finish

Object names       Objects/Maxobjs  Fullness 
------------       ---------------  -------- 
entities              1370/65536    ( 2.1%) 
models                 168/4096     ( 4.1%) 
brushes               4502/65536    ( 6.9%) 
brushsides           28262/655350   ( 4.3%) 
planes                5180/65536    ( 7.9%) 
vertexes             31418/65536    (47.9%) 
nodes                 5035/65536    ( 7.7%) 
texinfos              1740/32768    ( 5.3%) 
texdata                316/8192     ( 3.9%) 
dispinfos                4/16384    ( 0.0%) 
faces                17841/65536    (27.2%) 
hdr faces            17841/65536    (27.2%) 
origfaces             9295/65536    (14.2%) 
leaves                5204/65536    ( 7.9%) 
leaffaces            21275/65536    (32.5%) 
leafbrushes           9224/65536    (14.1%) 
areas                   91/1024     ( 8.9%) 
surfedges            87807/512000   (17.1%) 
edges                49481/256000   (19.3%) 
leafwaterdata           15/32768    ( 0.0%) 
primitives            2787/32768    ( 8.5%) 
primverts                0/65536    ( 0.0%) 
primindices          43491/65536    (66.4%) 
cubemapsamples           0/1024     ( 0.0%) 
overlays                72/8192     ( 0.9%) 
vertnormalindices    87647/256000   (34.2%) 
visdata             172171/16777216 ( 1.0%) 
entdata             510274/393216   (129.8%) FULL!!!
LDR ambient table     5204/65536    ( 7.9%) 
HDR ambient table     5204/65536    ( 7.9%) 
LDR worldlights            0       
HDR worldlights            553     
LDR lightdata              0       
HDR lightdata              35956208
LDR leaf ambient           5204    
HDR leaf ambient           17324   
occluders                  0       
occluder polygons          0       
occluder vert ind          0       
detail props               1140    
dtl prp lght               4       
HDR dtl prp lght           4       
static props               23634   
pakfile                    128479  
physics                    1465383 
physics terrain            1376    

Level flags = 0

Total triangle count: 51965
Writing w:\programs\steam\steamapps\common\garrysmod\garrysmod\addons\garrysmodmap\maps\gmm_garrymod_map_by_woowz_real_rp_normal.bsp
10 seconds elapsed

==================================================================
Date: 2026-09-30 22:09:40
W:\Programs\Steam\steamapps\common\GarrysMod\bin\win64\vbspplusplus.exe -allowdynamicpropsasstatic -game W:\Programs\Steam\steamapps\common\GarrysMod\garrysmod w:\programs\steam\steamapps\common\garrysmod\garrysmod\addons\garrysmodmap\maps\gmm_garrymod_map_by_woowz_real_rp_normal
==================================================================
16 threads
---------------
gamedir: W:\Programs\Steam\steamapps\common\GarrysMod\garrysmod\
---------------
Loading w:\programs\steam\steamapps\common\garrysmod\garrysmod\addons\garrysmodmap\maps\gmm_garrymod_map_by_woowz_real_rp_normal.vmf
Locating GameData file 'garrysmod.fgd'...
Parsing GameData file w:\programs\steam\steamapps\common\garrysmod\bin\garrysmod.fgd
Parsing GameData file w:\programs\steam\steamapps\common\garrysmod\bin\base.fgd
Parsing GameData file w:\programs\steam\steamapps\common\garrysmod\bin\halflife2.fgd
Parsing GameData file w:\programs\steam\steamapps\common\garrysmod\bin\base.fgd
fixing up env_cubemap materials on brush sides...
FloodEntities...
FloodEntities...
Processing areas...done (0)
Building Faces...done (0)
Chop Details...done (0)
Find Visible Detail Sides...
Merged 1014 detail faces...done (0)
Merging details...done (0)
FixTjuncs...
PruneNodes...
WriteBSP...
done (0)
writing w:\programs\steam\steamapps\common\garrysmod\garrysmod\addons\garrysmodmap\maps\gmm_garrymod_map_by_woowz_real_rp_normal.prt...
Building visibility clusters...
done (0)
Generating blank default cubemaps...
Generating blank default cubemaps...
Emitted 4510 brushes and 28310 brushsides
Finding displacement neighbors...
Finding lightmap sample positions...
Building Physics collision data...
done (0) (1468391 bytes)
Emitting static props...
Model "models/props_phx/construct/metal_wire1x2x2b.mdl" is missing $staticprop. Allowing due to -allowdynamicpropsasstatic
Model "models/props_phx/construct/metal_wire_angle360x2.mdl" is missing $staticprop. Allowing due to -allowdynamicpropsasstatic
Placing detail props : 0...1...2...3...4...5...6...7...8...9...10
Water found with no water_lod_control entity, creating a default one.
Compacting texture/material tables...
Reduced 3085 texinfos to 1742
Reduced 351 texdatas to 316 (11155 bytes to 8279)
Writing w:\programs\steam\steamapps\common\garrysmod\garrysmod\addons\garrysmodmap\maps\gmm_garrymod_map_by_woowz_real_rp_normal.bsp
2 seconds elapsed

==================================================================
Date: 2026-09-30 22:09:42
W:\Programs\Steam\steamapps\common\GarrysMod\bin\win64\vvisplusplus.exe -game W:\Programs\Steam\steamapps\common\GarrysMod\garrysmod w:\programs\steam\steamapps\common\garrysmod\garrysmod\addons\garrysmodmap\maps\gmm_garrymod_map_by_woowz_real_rp_normal
==================================================================
16 threads
CPU supports AVX2
reading w:\programs\steam\steamapps\common\garrysmod\garrysmod\addons\garrysmodmap\maps\gmm_garrymod_map_by_woowz_real_rp_normal.bsp
reading w:\programs\steam\steamapps\common\garrysmod\garrysmod\addons\garrysmodmap\maps\gmm_garrymod_map_by_woowz_real_rp_normal.prt
1514 portalclusters
2802 numportals
0...1...2...3...4...5...6...7...8...9...100...1...2...3...4...5...6...7...8...9...10Optimized: 259 visible clusters (0.32%)
Total clusters visible: 80491
Average clusters visible: 53
Building PAS...
Average clusters audible: 201
visdatasize:172171  compressed from 581376
writing w:\programs\steam\steamapps\common\garrysmod\garrysmod\addons\garrysmodmap\maps\gmm_garrymod_map_by_woowz_real_rp_normal.bsp
Wrote ZIP buffer, estimated size 132713, actual size 128479
0 seconds elapsed

==================================================================
Date: 2026-09-30 22:09:42
W:\Programs\Steam\steamapps\common\GarrysMod\bin\win64\vradplusplus.exe -both -final -game W:\Programs\Steam\steamapps\common\GarrysMod\garrysmod w:\programs\steam\steamapps\common\garrysmod\garrysmod\addons\garrysmodmap\maps\gmm_garrymod_map_by_woowz_real_rp_normal
==================================================================
---------------
gamedir: W:\Programs\Steam\steamapps\common\GarrysMod\garrysmod\
---------------
16 threads
Compiling in LDR+HDR mode
Reading texlights from 'lights.rad'...
53 texlights parsed
Loading w:\programs\steam\steamapps\common\garrysmod\garrysmod\addons\garrysmodmap\maps\gmm_garrymod_map_by_woowz_real_rp_normal.bsp
183 props added to raytrace
17868 faces
1 degenerate faces
594 fake patch planes
1917686 square feet [276146880.00 square inches]
4 Displacements
3259 Square Feet [469401.19 Square Inches]
0...1...2...3...4...5...6...7...8...9...1017867 patches before subdivision
208107 patches after subdivision
CreateDirectLights...
0...1...2...3...4...5...6...7...8...9...10553 lights, 9 styled (0.01 seconds)
0...1...2...3...4...5...6...7...8...9...100...1...2...3...4...5...6...7...8...9...10transfers 24427356, max 1076
transfer lists: 186.4 megs
0...1...2...3...4...5...6...7...8...9...10	Bounce #1 added RGB(1854272, 1432529, 993154)
0...1...2...3...4...5...6...7...8...9...10	Bounce #2 added RGB(512584, 384427, 253411)
0...1...2...3...4...5...6...7...8...9...10	Bounce #3 added RGB(166660, 123723, 78772)
0...1...2...3...4...5...6...7...8...9...10	Bounce #4 added RGB(60789, 44430, 26960)
0...1...2...3...4...5...6...7...8...9...10	Bounce #5 added RGB(23814, 17021, 9780)
0...1...2...3...4...5...6...7...8...9...10	Bounce #6 added RGB(9855, 6839, 3701)
0...1...2...3...4...5...6...7...8...9...10	Bounce #7 added RGB(4243, 2844, 1445)
0...1...2...3...4...5...6...7...8...9...10	Bounce #8 added RGB(1886, 1216, 579)
0...1...2...3...4...5...6...7...8...9...10	Bounce #9 added RGB(858, 531, 236)
0...1...2...3...4...5...6...7...8...9...10	Bounce #10 added RGB(397, 236, 98)
0...1...2...3...4...5...6...7...8...9...10	Bounce #11 added RGB(186, 106, 41)
0...1...2...3...4...5...6...7...8...9...10	Bounce #12 added RGB(88, 48, 17)
0...1...2...3...4...5...6...7...8...9...10	Bounce #13 added RGB(42, 22, 7)
0...1...2...3...4...5...6...7...8...9...10	Bounce #14 added RGB(20, 10, 3)
0...1...2...3...4...5...6...7...8...9...10	Bounce #15 added RGB(10, 5, 1)
0...1...2...3...4...5...6...7...8...9...10	Bounce #16 added RGB(5, 2, 1)
0...1...2...3...4...5...6...7...8...9...10	Bounce #17 added RGB(2, 1, 0)
0...1...2...3...4...5...6...7...8...9...10	Bounce #18 added RGB(1, 0, 0)
0...1...2...3...4...5...6...7...8...9...10	Bounce #19 added RGB(1, 0, 0)
Build Patch/Sample Hash Table(s).....Done<0.0971 sec>
0...1...2...3...4...5...6...7...8...9...10FinalLightFace Done
0...1...2...3...4...5...6...7...8...9...10Setting up leaf ambient computation...
115 of 402 (28% of) surface lights went in leaf ambient cubes.
0...1...2...3...4...5...6...7...8...9...10Writing leaf ambient...done
Ready to Finish

Object names       Objects/Maxobjs  Fullness 
------------       ---------------  -------- 
entities              1370/65536    ( 2.1%) 
models                 168/4096     ( 4.1%) 
brushes               4510/65536    ( 6.9%) 
brushsides           28310/655350   ( 4.3%) 
planes                5206/65536    ( 7.9%) 
vertexes             31474/65536    (48.0%) 
nodes                 5035/65536    ( 7.7%) 
texinfos              1742/32768    ( 5.3%) 
texdata                316/8192     ( 3.9%) 
dispinfos                4/16384    ( 0.0%) 
faces                17868/65536    (27.3%) 
hdr faces            17868/65536    (27.3%) 
origfaces             9322/65536    (14.2%) 
leaves                5204/65536    ( 7.9%) 
leaffaces            21302/65536    (32.5%) 
leafbrushes           9232/65536    (14.1%) 
areas                   91/1024     ( 8.9%) 
surfedges            88003/512000   (17.2%) 
edges                49603/256000   (19.4%) 
leafwaterdata           15/32768    ( 0.0%) 
primitives            2792/32768    ( 8.5%) 
primverts                0/65536    ( 0.0%) 
primindices          43653/65536    (66.6%) 
cubemapsamples           0/1024     ( 0.0%) 
overlays                72/8192     ( 0.9%) 
vertnormalindices    87843/256000   (34.3%) 
visdata             172171/16777216 ( 1.0%) 
entdata             510293/393216   (129.8%) FULL!!!
LDR ambient table     5204/65536    ( 7.9%) 
HDR ambient table     5204/65536    ( 7.9%) 
LDR worldlights            0       
HDR worldlights            553     
LDR lightdata              0       
HDR lightdata              35965848
LDR leaf ambient           5204    
HDR leaf ambient           17322   
occluders                  0       
occluder polygons          0       
occluder vert ind          0       
detail props               1140    
dtl prp lght               4       
HDR dtl prp lght           4       
static props               23634   
pakfile                    128479  
physics                    1468391 
physics terrain            1376    

Level flags = 0

Total triangle count: 52107
Writing w:\programs\steam\steamapps\common\garrysmod\garrysmod\addons\garrysmodmap\maps\gmm_garrymod_map_by_woowz_real_rp_normal.bsp
9 seconds elapsed
