
==================================================================
Date: 2026-09-16 22:34:19
W:\Programs\Steam\steamapps\common\GarrysMod\bin\win64\vbspplusplus.exe -allowdynamicpropsasstatic -game W:\Programs\Steam\steamapps\common\GarrysMod\garrysmod w:\programs\steam\steamapps\common\garrysmod\garrysmod\addons\garrysmodmap\maps\gmm_garrymod_map_by_woowz_flooded_water_blob
==================================================================
16 threads
---------------
gamedir: W:\Programs\Steam\steamapps\common\GarrysMod\garrysmod\
---------------
Loading w:\programs\steam\steamapps\common\garrysmod\garrysmod\addons\garrysmodmap\maps\gmm_garrymod_map_by_woowz_flooded_water_blob.vmf
Can't find surfaceprop antlion_eggshell for material NATURE/ROCKWALL_ANTLION03A, using default
Brush 174502, Side 5: duplicate plane
Locating GameData file 'garrysmod.fgd'...
Parsing GameData file w:\programs\steam\steamapps\common\garrysmod\bin\garrysmod.fgd
Parsing GameData file w:\programs\steam\steamapps\common\garrysmod\bin\base.fgd
Parsing GameData file w:\programs\steam\steamapps\common\garrysmod\bin\halflife2.fgd
Parsing GameData file w:\programs\steam\steamapps\common\garrysmod\bin\base.fgd
fixing up env_cubemap materials on brush sides...
FloodEntities...
FloodEntities...
Processing areas...done (0)
Building Faces...done (1)
Chop Details...done (0)
Find Visible Detail Sides...
Merged 1052 detail faces...done (0)
Merging details...done (0)
FixTjuncs...
PruneNodes...
WriteBSP...
done (0)
writing w:\programs\steam\steamapps\common\garrysmod\garrysmod\addons\garrysmodmap\maps\gmm_garrymod_map_by_woowz_flooded_water_blob.prt...
Building visibility clusters...
done (0)
Generating blank default cubemaps...
Generating blank default cubemaps...
Emitted 4077 brushes and 25758 brushsides
Finding displacement neighbors...
Finding lightmap sample positions...
Building Physics collision data...
done (0) (1326154 bytes)
Emitting static props...
Model "models/props_phx/construct/metal_wire1x2x2b.mdl" is missing $staticprop. Allowing due to -allowdynamicpropsasstatic
Model "models/props_phx/construct/metal_wire_angle360x2.mdl" is missing $staticprop. Allowing due to -allowdynamicpropsasstatic
Placing detail props : 0...1...2...3...4...5...6...7...8...9...10
Water found with no water_lod_control entity, creating a default one.
Compacting texture/material tables...
Reduced 2646 texinfos to 1559
Reduced 328 texdatas to 299 (10410 bytes to 7845)
Writing w:\programs\steam\steamapps\common\garrysmod\garrysmod\addons\garrysmodmap\maps\gmm_garrymod_map_by_woowz_flooded_water_blob.bsp
2 seconds elapsed

==================================================================
Date: 2026-09-16 22:34:22
W:\Programs\Steam\steamapps\common\GarrysMod\bin\win64\vvisplusplus.exe -game W:\Programs\Steam\steamapps\common\GarrysMod\garrysmod w:\programs\steam\steamapps\common\garrysmod\garrysmod\addons\garrysmodmap\maps\gmm_garrymod_map_by_woowz_flooded_water_blob
==================================================================
16 threads
CPU supports AVX2
reading w:\programs\steam\steamapps\common\garrysmod\garrysmod\addons\garrysmodmap\maps\gmm_garrymod_map_by_woowz_flooded_water_blob.bsp
reading w:\programs\steam\steamapps\common\garrysmod\garrysmod\addons\garrysmodmap\maps\gmm_garrymod_map_by_woowz_flooded_water_blob.prt
1378 portalclusters
2494 numportals
0...1...2...3...4...5...6...7...8...9...100...1...2...3...4...5...6...7...8...9...10Optimized: 265 visible clusters (0.36%)
Total clusters visible: 73439
Average clusters visible: 53
Building PAS...
Average clusters audible: 204
visdatasize:152822  compressed from 485056
writing w:\programs\steam\steamapps\common\garrysmod\garrysmod\addons\garrysmodmap\maps\gmm_garrymod_map_by_woowz_flooded_water_blob.bsp
Wrote ZIP buffer, estimated size 131078, actual size 127246
0 seconds elapsed

==================================================================
Date: 2026-09-16 22:34:22
W:\Programs\Steam\steamapps\common\GarrysMod\bin\win64\vradplusplus.exe -both -final -game W:\Programs\Steam\steamapps\common\GarrysMod\garrysmod w:\programs\steam\steamapps\common\garrysmod\garrysmod\addons\garrysmodmap\maps\gmm_garrymod_map_by_woowz_flooded_water_blob
==================================================================
---------------
gamedir: W:\Programs\Steam\steamapps\common\GarrysMod\garrysmod\
---------------
16 threads
Compiling in LDR+HDR mode
Reading texlights from 'lights.rad'...
53 texlights parsed
Loading w:\programs\steam\steamapps\common\garrysmod\garrysmod\addons\garrysmodmap\maps\gmm_garrymod_map_by_woowz_flooded_water_blob.bsp
128 props added to raytrace
16467 faces
2 degenerate faces
469 fake patch planes
1769315 square feet [254781424.00 square inches]
4 Displacements
3259 Square Feet [469401.19 Square Inches]
0...1...2...3...4...5...6...7...8...9...1016465 patches before subdivision
197097 patches after subdivision
CreateDirectLights...
0...1...2...3...4...5...6...7...8...9...10528 lights, 6 styled (0.01 seconds)
0...1...2...3...4...5...6...7...8...9...100...1...2...3...4...5...6...7...8...9...10transfers 22466701, max 1068
transfer lists: 171.4 megs
0...1...2...3...4...5...6...7...8...9...10	Bounce #1 added RGB(1528981, 1138220, 798115)
0...1...2...3...4...5...6...7...8...9...10	Bounce #2 added RGB(393879, 281220, 189019)
0...1...2...3...4...5...6...7...8...9...10	Bounce #3 added RGB(120061, 84960, 55337)
0...1...2...3...4...5...6...7...8...9...10	Bounce #4 added RGB(41286, 29047, 17878)
0...1...2...3...4...5...6...7...8...9...10	Bounce #5 added RGB(15302, 10681, 6127)
0...1...2...3...4...5...6...7...8...9...10	Bounce #6 added RGB(6027, 4152, 2192)
0...1...2...3...4...5...6...7...8...9...10	Bounce #7 added RGB(2487, 1683, 811)
0...1...2...3...4...5...6...7...8...9...10	Bounce #8 added RGB(1069, 707, 309)
0...1...2...3...4...5...6...7...8...9...10	Bounce #9 added RGB(474, 306, 121)
0...1...2...3...4...5...6...7...8...9...10	Bounce #10 added RGB(216, 136, 48)
0...1...2...3...4...5...6...7...8...9...10	Bounce #11 added RGB(100, 61, 20)
0...1...2...3...4...5...6...7...8...9...10	Bounce #12 added RGB(47, 28, 8)
0...1...2...3...4...5...6...7...8...9...10	Bounce #13 added RGB(23, 13, 3)
0...1...2...3...4...5...6...7...8...9...10	Bounce #14 added RGB(11, 6, 1)
0...1...2...3...4...5...6...7...8...9...10	Bounce #15 added RGB(5, 3, 1)
0...1...2...3...4...5...6...7...8...9...10	Bounce #16 added RGB(3, 1, 0)
0...1...2...3...4...5...6...7...8...9...10	Bounce #17 added RGB(1, 1, 0)
0...1...2...3...4...5...6...7...8...9...10	Bounce #18 added RGB(1, 0, 0)
Build Patch/Sample Hash Table(s).....Done<0.0854 sec>
0...1...2...3...4...5...6...7...8...9...10FinalLightFace Done
0...1...2...3...4...5...6...7...8...9...10Setting up leaf ambient computation...
79 of 371 (21% of) surface lights went in leaf ambient cubes.
0...1...2...3...4...5...6...7...8...9...10Writing leaf ambient...done
Ready to Finish

Object names       Objects/Maxobjs  Fullness 
------------       ---------------  -------- 
entities              1134/65536    ( 1.7%) 
models                 148/4096     ( 3.6%) 
brushes               4077/65536    ( 6.2%) 
brushsides           25758/655350   ( 3.9%) 
planes                5064/65536    ( 7.7%) 
vertexes             29071/65536    (44.4%) 
nodes                 4571/65536    ( 7.0%) 
texinfos              1559/32768    ( 4.8%) 
texdata                299/8192     ( 3.6%) 
dispinfos                4/16384    ( 0.0%) 
faces                16467/65536    (25.1%) 
hdr faces            16467/65536    (25.1%) 
origfaces             8559/65536    (13.1%) 
leaves                4720/65536    ( 7.2%) 
leaffaces            19846/65536    (30.3%) 
leafbrushes           8421/65536    (12.8%) 
areas                   80/1024     ( 7.8%) 
surfedges            80646/512000   (15.8%) 
edges                45561/256000   (17.8%) 
leafwaterdata           13/32768    ( 0.0%) 
primitives            2541/32768    ( 7.8%) 
primverts                0/65536    ( 0.0%) 
primindices          39249/65536    (59.9%) 
cubemapsamples           0/1024     ( 0.0%) 
overlays                65/8192     ( 0.8%) 
vertnormalindices    80505/256000   (31.4%) 
visdata             152822/16777216 ( 0.9%) 
entdata             412787/393216   (105.0%) FULL!!!
LDR ambient table     4720/65536    ( 7.2%) 
HDR ambient table     4720/65536    ( 7.2%) 
LDR worldlights            0       
HDR worldlights            528     
LDR lightdata              0       
HDR lightdata              31636104
LDR leaf ambient           4720    
HDR leaf ambient           15040   
occluders                  0       
occluder polygons          0       
occluder vert ind          0       
detail props               1140    
dtl prp lght               4       
HDR dtl prp lght           4       
static props               18044   
pakfile                    127246  
physics                    1326154 
physics terrain            1376    

Level flags = 0

Total triangle count: 47571
Writing w:\programs\steam\steamapps\common\garrysmod\garrysmod\addons\garrysmodmap\maps\gmm_garrymod_map_by_woowz_flooded_water_blob.bsp
7 seconds elapsed

==================================================================
Date: 2026-09-16 22:37:03
W:\Programs\Steam\steamapps\common\GarrysMod\bin\win64\vbspplusplus.exe -allowdynamicpropsasstatic -game W:\Programs\Steam\steamapps\common\GarrysMod\garrysmod w:\programs\steam\steamapps\common\garrysmod\garrysmod\addons\garrysmodmap\maps\gmm_garrymod_map_by_woowz_flooded_water_blob
==================================================================
16 threads
---------------
gamedir: W:\Programs\Steam\steamapps\common\GarrysMod\garrysmod\
---------------
Loading w:\programs\steam\steamapps\common\garrysmod\garrysmod\addons\garrysmodmap\maps\gmm_garrymod_map_by_woowz_flooded_water_blob.vmf
Can't find surfaceprop antlion_eggshell for material NATURE/ROCKWALL_ANTLION03A, using default
Brush 174502, Side 5: duplicate plane
Locating GameData file 'garrysmod.fgd'...
Parsing GameData file w:\programs\steam\steamapps\common\garrysmod\bin\garrysmod.fgd
Parsing GameData file w:\programs\steam\steamapps\common\garrysmod\bin\base.fgd
Parsing GameData file w:\programs\steam\steamapps\common\garrysmod\bin\halflife2.fgd
Parsing GameData file w:\programs\steam\steamapps\common\garrysmod\bin\base.fgd
fixing up env_cubemap materials on brush sides...
FloodEntities...
FloodEntities...
Processing areas...done (0)
Building Faces...done (0)
Chop Details...done (0)
Find Visible Detail Sides...
Merged 1052 detail faces...done (0)
Merging details...done (0)
FixTjuncs...
PruneNodes...
WriteBSP...
done (0)
writing w:\programs\steam\steamapps\common\garrysmod\garrysmod\addons\garrysmodmap\maps\gmm_garrymod_map_by_woowz_flooded_water_blob.prt...
Building visibility clusters...
done (0)
Generating blank default cubemaps...
Generating blank default cubemaps...
Emitted 4076 brushes and 25752 brushsides
Finding displacement neighbors...
Finding lightmap sample positions...
Building Physics collision data...
done (0) (1326530 bytes)
Emitting static props...
Model "models/props_phx/construct/metal_wire1x2x2b.mdl" is missing $staticprop. Allowing due to -allowdynamicpropsasstatic
Model "models/props_phx/construct/metal_wire_angle360x2.mdl" is missing $staticprop. Allowing due to -allowdynamicpropsasstatic
Placing detail props : 0...1...2...3...4...5...6...7...8...9...10
Water found with no water_lod_control entity, creating a default one.
Compacting texture/material tables...
Reduced 2642 texinfos to 1559
Reduced 328 texdatas to 299 (10413 bytes to 7845)
Writing w:\programs\steam\steamapps\common\garrysmod\garrysmod\addons\garrysmodmap\maps\gmm_garrymod_map_by_woowz_flooded_water_blob.bsp
2 seconds elapsed

==================================================================
Date: 2026-09-16 22:37:05
W:\Programs\Steam\steamapps\common\GarrysMod\bin\win64\vvisplusplus.exe -game W:\Programs\Steam\steamapps\common\GarrysMod\garrysmod w:\programs\steam\steamapps\common\garrysmod\garrysmod\addons\garrysmodmap\maps\gmm_garrymod_map_by_woowz_flooded_water_blob
==================================================================
16 threads
CPU supports AVX2
reading w:\programs\steam\steamapps\common\garrysmod\garrysmod\addons\garrysmodmap\maps\gmm_garrymod_map_by_woowz_flooded_water_blob.bsp
reading w:\programs\steam\steamapps\common\garrysmod\garrysmod\addons\garrysmodmap\maps\gmm_garrymod_map_by_woowz_flooded_water_blob.prt
1372 portalclusters
2478 numportals
0...1...2...3...4...5...6...7...8...9...100...1...2...3...4...5...6...7...8...9...10Optimized: 266 visible clusters (0.36%)
Total clusters visible: 73296
Average clusters visible: 53
Building PAS...
Average clusters audible: 206
visdatasize:152439  compressed from 482944
writing w:\programs\steam\steamapps\common\garrysmod\garrysmod\addons\garrysmodmap\maps\gmm_garrymod_map_by_woowz_flooded_water_blob.bsp
Wrote ZIP buffer, estimated size 131087, actual size 127255
0 seconds elapsed

==================================================================
Date: 2026-09-16 22:37:05
W:\Programs\Steam\steamapps\common\GarrysMod\bin\win64\vradplusplus.exe -both -final -game W:\Programs\Steam\steamapps\common\GarrysMod\garrysmod w:\programs\steam\steamapps\common\garrysmod\garrysmod\addons\garrysmodmap\maps\gmm_garrymod_map_by_woowz_flooded_water_blob
==================================================================
---------------
gamedir: W:\Programs\Steam\steamapps\common\GarrysMod\garrysmod\
---------------
16 threads
Compiling in LDR+HDR mode
Reading texlights from 'lights.rad'...
53 texlights parsed
Loading w:\programs\steam\steamapps\common\garrysmod\garrysmod\addons\garrysmodmap\maps\gmm_garrymod_map_by_woowz_flooded_water_blob.bsp
128 props added to raytrace
16431 faces
2 degenerate faces
469 fake patch planes
1767399 square feet [254505488.00 square inches]
4 Displacements
3259 Square Feet [469401.19 Square Inches]
0...1...2...3...4...5...6...7...8...9...1016429 patches before subdivision
196911 patches after subdivision
CreateDirectLights...
0...1...2...3...4...5...6...7...8...9...10527 lights, 6 styled (0.01 seconds)
0...1...2...3...4...5...6...7...8...9...100...1...2...3...4...5...6...7...8...9...10transfers 22427456, max 1069
transfer lists: 171.1 megs
0...1...2...3...4...5...6...7...8...9...10	Bounce #1 added RGB(1527082, 1137012, 797614)
0...1...2...3...4...5...6...7...8...9...10	Bounce #2 added RGB(393703, 281228, 189016)
0...1...2...3...4...5...6...7...8...9...10	Bounce #3 added RGB(119995, 85020, 55346)
0...1...2...3...4...5...6...7...8...9...10	Bounce #4 added RGB(41304, 29099, 17886)
0...1...2...3...4...5...6...7...8...9...10	Bounce #5 added RGB(15307, 10704, 6129)
0...1...2...3...4...5...6...7...8...9...10	Bounce #6 added RGB(6034, 4163, 2193)
0...1...2...3...4...5...6...7...8...9...10	Bounce #7 added RGB(2490, 1688, 812)
0...1...2...3...4...5...6...7...8...9...10	Bounce #8 added RGB(1071, 710, 310)
0...1...2...3...4...5...6...7...8...9...10	Bounce #9 added RGB(475, 307, 121)
0...1...2...3...4...5...6...7...8...9...10	Bounce #10 added RGB(216, 136, 48)
0...1...2...3...4...5...6...7...8...9...10	Bounce #11 added RGB(101, 61, 20)
0...1...2...3...4...5...6...7...8...9...10	Bounce #12 added RGB(47, 28, 8)
0...1...2...3...4...5...6...7...8...9...10	Bounce #13 added RGB(23, 13, 3)
0...1...2...3...4...5...6...7...8...9...10	Bounce #14 added RGB(11, 6, 1)
0...1...2...3...4...5...6...7...8...9...10	Bounce #15 added RGB(5, 3, 1)
0...1...2...3...4...5...6...7...8...9...10	Bounce #16 added RGB(3, 1, 0)
0...1...2...3...4...5...6...7...8...9...10	Bounce #17 added RGB(1, 1, 0)
0...1...2...3...4...5...6...7...8...9...10	Bounce #18 added RGB(1, 0, 0)
Build Patch/Sample Hash Table(s).....Done<0.0842 sec>
0...1...2...3...4...5...6...7...8...9...10FinalLightFace Done
0...1...2...3...4...5...6...7...8...9...10Setting up leaf ambient computation...
79 of 370 (21% of) surface lights went in leaf ambient cubes.
0...1...2...3...4...5...6...7...8...9...10Writing leaf ambient...done
Ready to Finish

Object names       Objects/Maxobjs  Fullness 
------------       ---------------  -------- 
entities              1134/65536    ( 1.7%) 
models                 148/4096     ( 3.6%) 
brushes               4076/65536    ( 6.2%) 
brushsides           25752/655350   ( 3.9%) 
planes                5062/65536    ( 7.7%) 
vertexes             29030/65536    (44.3%) 
nodes                 4530/65536    ( 6.9%) 
texinfos              1559/32768    ( 4.8%) 
texdata                299/8192     ( 3.6%) 
dispinfos                4/16384    ( 0.0%) 
faces                16431/65536    (25.1%) 
hdr faces            16431/65536    (25.1%) 
origfaces             8557/65536    (13.1%) 
leaves                4679/65536    ( 7.1%) 
leaffaces            19843/65536    (30.3%) 
leafbrushes           8328/65536    (12.7%) 
areas                   80/1024     ( 7.8%) 
surfedges            80452/512000   (15.7%) 
edges                45470/256000   (17.8%) 
leafwaterdata           13/32768    ( 0.0%) 
primitives            2525/32768    ( 7.7%) 
primverts                0/65536    ( 0.0%) 
primindices          38970/65536    (59.5%) 
cubemapsamples           0/1024     ( 0.0%) 
overlays                65/8192     ( 0.8%) 
vertnormalindices    80311/256000   (31.4%) 
visdata             152439/16777216 ( 0.9%) 
entdata             412787/393216   (105.0%) FULL!!!
LDR ambient table     4679/65536    ( 7.1%) 
HDR ambient table     4679/65536    ( 7.1%) 
LDR worldlights            0       
HDR worldlights            527     
LDR lightdata              0       
HDR lightdata              31601912
LDR leaf ambient           4679    
HDR leaf ambient           14844   
occluders                  0       
occluder polygons          0       
occluder vert ind          0       
detail props               1140    
dtl prp lght               4       
HDR dtl prp lght           4       
static props               18042   
pakfile                    127255  
physics                    1326530 
physics terrain            1376    

Level flags = 0

Total triangle count: 47449
Writing w:\programs\steam\steamapps\common\garrysmod\garrysmod\addons\garrysmodmap\maps\gmm_garrymod_map_by_woowz_flooded_water_blob.bsp
7 seconds elapsed

==================================================================
Date: 2026-09-16 22:41:39
W:\Programs\Steam\steamapps\common\GarrysMod\bin\win64\vbspplusplus.exe -allowdynamicpropsasstatic -game W:\Programs\Steam\steamapps\common\GarrysMod\garrysmod w:\programs\steam\steamapps\common\garrysmod\garrysmod\addons\garrysmodmap\maps\gmm_garrymod_map_by_woowz_flooded_water_blob
==================================================================
16 threads
---------------
gamedir: W:\Programs\Steam\steamapps\common\GarrysMod\garrysmod\
---------------
Loading w:\programs\steam\steamapps\common\garrysmod\garrysmod\addons\garrysmodmap\maps\gmm_garrymod_map_by_woowz_flooded_water_blob.vmf
Can't find surfaceprop antlion_eggshell for material NATURE/ROCKWALL_ANTLION03A, using default
Brush 174502, Side 5: duplicate plane
Locating GameData file 'garrysmod.fgd'...
Parsing GameData file w:\programs\steam\steamapps\common\garrysmod\bin\garrysmod.fgd
Parsing GameData file w:\programs\steam\steamapps\common\garrysmod\bin\base.fgd
Parsing GameData file w:\programs\steam\steamapps\common\garrysmod\bin\halflife2.fgd
Parsing GameData file w:\programs\steam\steamapps\common\garrysmod\bin\base.fgd
fixing up env_cubemap materials on brush sides...
FloodEntities...
FloodEntities...
Processing areas...done (0)
Building Faces...done (0)
Chop Details...done (0)
Find Visible Detail Sides...
Merged 1052 detail faces...done (1)
Merging details...done (0)
FixTjuncs...
PruneNodes...
WriteBSP...
done (0)
writing w:\programs\steam\steamapps\common\garrysmod\garrysmod\addons\garrysmodmap\maps\gmm_garrymod_map_by_woowz_flooded_water_blob.prt...
Building visibility clusters...
done (0)
Generating blank default cubemaps...
Generating blank default cubemaps...
Emitted 4077 brushes and 25758 brushsides
Finding displacement neighbors...
Finding lightmap sample positions...
Building Physics collision data...
done (0) (1328018 bytes)
Emitting static props...
Model "models/props_phx/construct/metal_wire1x2x2b.mdl" is missing $staticprop. Allowing due to -allowdynamicpropsasstatic
Model "models/props_phx/construct/metal_wire_angle360x2.mdl" is missing $staticprop. Allowing due to -allowdynamicpropsasstatic
Placing detail props : 0...1...2...3...4...5...6...7...8...9...10
Water found with no water_lod_control entity, creating a default one.
Compacting texture/material tables...
Reduced 2646 texinfos to 1559
Reduced 328 texdatas to 299 (10379 bytes to 7845)
Writing w:\programs\steam\steamapps\common\garrysmod\garrysmod\addons\garrysmodmap\maps\gmm_garrymod_map_by_woowz_flooded_water_blob.bsp
2 seconds elapsed

==================================================================
Date: 2026-09-16 22:41:42
W:\Programs\Steam\steamapps\common\GarrysMod\bin\win64\vvisplusplus.exe -game W:\Programs\Steam\steamapps\common\GarrysMod\garrysmod w:\programs\steam\steamapps\common\garrysmod\garrysmod\addons\garrysmodmap\maps\gmm_garrymod_map_by_woowz_flooded_water_blob
==================================================================
16 threads
CPU supports AVX2
reading w:\programs\steam\steamapps\common\garrysmod\garrysmod\addons\garrysmodmap\maps\gmm_garrymod_map_by_woowz_flooded_water_blob.bsp
reading w:\programs\steam\steamapps\common\garrysmod\garrysmod\addons\garrysmodmap\maps\gmm_garrymod_map_by_woowz_flooded_water_blob.prt
1397 portalclusters
2532 numportals
0...1...2...3...4...5...6...7...8...9...100...1...2...3...4...5...6...7...8...9...10Optimized: 273 visible clusters (0.36%)
Total clusters visible: 75064
Average clusters visible: 53
Building PAS...
Average clusters audible: 206
visdatasize:155957  compressed from 491744
writing w:\programs\steam\steamapps\common\garrysmod\garrysmod\addons\garrysmodmap\maps\gmm_garrymod_map_by_woowz_flooded_water_blob.bsp
Wrote ZIP buffer, estimated size 130985, actual size 127153
0 seconds elapsed

==================================================================
Date: 2026-09-16 22:41:42
W:\Programs\Steam\steamapps\common\GarrysMod\bin\win64\vradplusplus.exe -both -final -game W:\Programs\Steam\steamapps\common\GarrysMod\garrysmod w:\programs\steam\steamapps\common\garrysmod\garrysmod\addons\garrysmodmap\maps\gmm_garrymod_map_by_woowz_flooded_water_blob
==================================================================
---------------
gamedir: W:\Programs\Steam\steamapps\common\GarrysMod\garrysmod\
---------------
16 threads
Compiling in LDR+HDR mode
Reading texlights from 'lights.rad'...
53 texlights parsed
Loading w:\programs\steam\steamapps\common\garrysmod\garrysmod\addons\garrysmodmap\maps\gmm_garrymod_map_by_woowz_flooded_water_blob.bsp
128 props added to raytrace
16482 faces
2 degenerate faces
469 fake patch planes
1767399 square feet [254505456.00 square inches]
4 Displacements
3259 Square Feet [469401.19 Square Inches]
0...1...2...3...4...5...6...7...8...9...1016480 patches before subdivision
196874 patches after subdivision
CreateDirectLights...
0...1...2...3...4...5...6...7...8...9...10531 lights, 6 styled (0.01 seconds)
0...1...2...3...4...5...6...7...8...9...100...1...2...3...4...5...6...7...8...9...10transfers 22446745, max 1069
transfer lists: 171.3 megs
0...1...2...3...4...5...6...7...8...9...10	Bounce #1 added RGB(1523600, 1118843, 780389)
0...1...2...3...4...5...6...7...8...9...10	Bounce #2 added RGB(391377, 274268, 183580)
0...1...2...3...4...5...6...7...8...9...10	Bounce #3 added RGB(119091, 82457, 53640)
0...1...2...3...4...5...6...7...8...9...10	Bounce #4 added RGB(40906, 28163, 17356)
0...1...2...3...4...5...6...7...8...9...10	Bounce #5 added RGB(15156, 10366, 5965)
0...1...2...3...4...5...6...7...8...9...10	Bounce #6 added RGB(5970, 4040, 2142)
0...1...2...3...4...5...6...7...8...9...10	Bounce #7 added RGB(2465, 1643, 796)
0...1...2...3...4...5...6...7...8...9...10	Bounce #8 added RGB(1060, 693, 305)
0...1...2...3...4...5...6...7...8...9...10	Bounce #9 added RGB(471, 301, 120)
0...1...2...3...4...5...6...7...8...9...10	Bounce #10 added RGB(215, 134, 48)
0...1...2...3...4...5...6...7...8...9...10	Bounce #11 added RGB(100, 60, 20)
0...1...2...3...4...5...6...7...8...9...10	Bounce #12 added RGB(47, 28, 8)
0...1...2...3...4...5...6...7...8...9...10	Bounce #13 added RGB(23, 13, 3)
0...1...2...3...4...5...6...7...8...9...10	Bounce #14 added RGB(11, 6, 1)
0...1...2...3...4...5...6...7...8...9...10	Bounce #15 added RGB(5, 3, 1)
0...1...2...3...4...5...6...7...8...9...10	Bounce #16 added RGB(3, 1, 0)
0...1...2...3...4...5...6...7...8...9...10	Bounce #17 added RGB(1, 1, 0)
0...1...2...3...4...5...6...7...8...9...10	Bounce #18 added RGB(1, 0, 0)
Build Patch/Sample Hash Table(s).....Done<0.0901 sec>
0...1...2...3...4...5...6...7...8...9...10FinalLightFace Done
0...1...2...3...4...5...6...7...8...9...10Setting up leaf ambient computation...
79 of 377 (20% of) surface lights went in leaf ambient cubes.
0...1...2...3...4...5...6...7...8...9...10Writing leaf ambient...done
Ready to Finish

Object names       Objects/Maxobjs  Fullness 
------------       ---------------  -------- 
entities              1131/65536    ( 1.7%) 
models                 148/4096     ( 3.6%) 
brushes               4077/65536    ( 6.2%) 
brushsides           25758/655350   ( 3.9%) 
planes                5062/65536    ( 7.7%) 
vertexes             29126/65536    (44.4%) 
nodes                 4591/65536    ( 7.0%) 
texinfos              1559/32768    ( 4.8%) 
texdata                299/8192     ( 3.6%) 
dispinfos                4/16384    ( 0.0%) 
faces                16482/65536    (25.1%) 
hdr faces            16482/65536    (25.1%) 
origfaces             8556/65536    (13.1%) 
leaves                4740/65536    ( 7.2%) 
leaffaces            19992/65536    (30.5%) 
leafbrushes           8398/65536    (12.8%) 
areas                   80/1024     ( 7.8%) 
surfedges            80753/512000   (15.8%) 
edges                45620/256000   (17.8%) 
leafwaterdata           13/32768    ( 0.0%) 
primitives            2539/32768    ( 7.7%) 
primverts                0/65536    ( 0.0%) 
primindices          39255/65536    (59.9%) 
cubemapsamples           0/1024     ( 0.0%) 
overlays                65/8192     ( 0.8%) 
vertnormalindices    80612/256000   (31.5%) 
visdata             155957/16777216 ( 0.9%) 
entdata             411771/393216   (104.7%) FULL!!!
LDR ambient table     4740/65536    ( 7.2%) 
HDR ambient table     4740/65536    ( 7.2%) 
LDR worldlights            0       
HDR worldlights            531     
LDR lightdata              0       
HDR lightdata              31658408
LDR leaf ambient           4740    
HDR leaf ambient           15006   
occluders                  0       
occluder polygons          0       
occluder vert ind          0       
detail props               1140    
dtl prp lght               4       
HDR dtl prp lght           4       
static props               18042   
pakfile                    127153  
physics                    1328018 
physics terrain            1376    

Level flags = 0

Total triangle count: 47648
Writing w:\programs\steam\steamapps\common\garrysmod\garrysmod\addons\garrysmodmap\maps\gmm_garrymod_map_by_woowz_flooded_water_blob.bsp
7 seconds elapsed

==================================================================
Date: 2026-09-16 22:52:39
W:\Programs\Steam\steamapps\common\GarrysMod\bin\win64\vbspplusplus.exe -allowdynamicpropsasstatic -game W:\Programs\Steam\steamapps\common\GarrysMod\garrysmod w:\programs\steam\steamapps\common\garrysmod\garrysmod\addons\garrysmodmap\maps\gmm_garrymod_map_by_woowz_flooded_water_blob
==================================================================
16 threads
---------------
gamedir: W:\Programs\Steam\steamapps\common\GarrysMod\garrysmod\
---------------
Loading w:\programs\steam\steamapps\common\garrysmod\garrysmod\addons\garrysmodmap\maps\gmm_garrymod_map_by_woowz_flooded_water_blob.vmf
Can't find surfaceprop antlion_eggshell for material NATURE/ROCKWALL_ANTLION03A, using default
Brush 174502, Side 5: duplicate plane
Locating GameData file 'garrysmod.fgd'...
Parsing GameData file w:\programs\steam\steamapps\common\garrysmod\bin\garrysmod.fgd
Parsing GameData file w:\programs\steam\steamapps\common\garrysmod\bin\base.fgd
Parsing GameData file w:\programs\steam\steamapps\common\garrysmod\bin\halflife2.fgd
Parsing GameData file w:\programs\steam\steamapps\common\garrysmod\bin\base.fgd
fixing up env_cubemap materials on brush sides...
FloodEntities...
FloodEntities...
Processing areas...done (0)
Building Faces...done (0)
Chop Details...done (0)
Find Visible Detail Sides...
Merged 1052 detail faces...done (0)
Merging details...done (1)
FixTjuncs...
PruneNodes...
WriteBSP...
done (0)
writing w:\programs\steam\steamapps\common\garrysmod\garrysmod\addons\garrysmodmap\maps\gmm_garrymod_map_by_woowz_flooded_water_blob.prt...
Building visibility clusters...
done (0)
Generating blank default cubemaps...
Generating blank default cubemaps...
Emitted 4077 brushes and 25758 brushsides
Finding displacement neighbors...
Finding lightmap sample positions...
Building Physics collision data...
done (0) (1329586 bytes)
Emitting static props...
Model "models/props_phx/construct/metal_wire1x2x2b.mdl" is missing $staticprop. Allowing due to -allowdynamicpropsasstatic
Model "models/props_phx/construct/metal_wire_angle360x2.mdl" is missing $staticprop. Allowing due to -allowdynamicpropsasstatic
Placing detail props : 0...1...2...3...4...5...6...7...8...9...10
Water found with no water_lod_control entity, creating a default one.
Compacting texture/material tables...
Reduced 2644 texinfos to 1559
Reduced 328 texdatas to 299 (10379 bytes to 7845)
Writing w:\programs\steam\steamapps\common\garrysmod\garrysmod\addons\garrysmodmap\maps\gmm_garrymod_map_by_woowz_flooded_water_blob.bsp
2 seconds elapsed

==================================================================
Date: 2026-09-16 22:52:41
W:\Programs\Steam\steamapps\common\GarrysMod\bin\win64\vvisplusplus.exe -game W:\Programs\Steam\steamapps\common\GarrysMod\garrysmod w:\programs\steam\steamapps\common\garrysmod\garrysmod\addons\garrysmodmap\maps\gmm_garrymod_map_by_woowz_flooded_water_blob
==================================================================
16 threads
CPU supports AVX2
reading w:\programs\steam\steamapps\common\garrysmod\garrysmod\addons\garrysmodmap\maps\gmm_garrymod_map_by_woowz_flooded_water_blob.bsp
reading w:\programs\steam\steamapps\common\garrysmod\garrysmod\addons\garrysmodmap\maps\gmm_garrymod_map_by_woowz_flooded_water_blob.prt
1391 portalclusters
2523 numportals
0...1...2...3...4...5...6...7...8...9...100...1...2...3...4...5...6...7...8...9...10Optimized: 282 visible clusters (0.38%)
Total clusters visible: 74595
Average clusters visible: 53
Building PAS...
Average clusters audible: 207
visdatasize:154299  compressed from 489632
writing w:\programs\steam\steamapps\common\garrysmod\garrysmod\addons\garrysmodmap\maps\gmm_garrymod_map_by_woowz_flooded_water_blob.bsp
Wrote ZIP buffer, estimated size 130985, actual size 127153
0 seconds elapsed

==================================================================
Date: 2026-09-16 22:52:41
W:\Programs\Steam\steamapps\common\GarrysMod\bin\win64\vradplusplus.exe -both -final -game W:\Programs\Steam\steamapps\common\GarrysMod\garrysmod w:\programs\steam\steamapps\common\garrysmod\garrysmod\addons\garrysmodmap\maps\gmm_garrymod_map_by_woowz_flooded_water_blob
==================================================================
---------------
gamedir: W:\Programs\Steam\steamapps\common\GarrysMod\garrysmod\
---------------
16 threads
Compiling in LDR+HDR mode
Reading texlights from 'lights.rad'...
53 texlights parsed
Loading w:\programs\steam\steamapps\common\garrysmod\garrysmod\addons\garrysmodmap\maps\gmm_garrymod_map_by_woowz_flooded_water_blob.bsp
128 props added to raytrace
16464 faces
2 degenerate faces
469 fake patch planes
1767399 square feet [254505552.00 square inches]
4 Displacements
3259 Square Feet [469401.19 Square Inches]
0...1...2...3...4...5...6...7...8...9...1016462 patches before subdivision
196948 patches after subdivision
CreateDirectLights...
0...1...2...3...4...5...6...7...8...9...10524 lights, 6 styled (0.01 seconds)
0...1...2...3...4...5...6...7...8...9...100...1...2...3...4...5...6...7...8...9...10transfers 22445219, max 1069
transfer lists: 171.2 megs
0...1...2...3...4...5...6...7...8...9...10	Bounce #1 added RGB(1517968, 1116076, 779247)
0...1...2...3...4...5...6...7...8...9...10	Bounce #2 added RGB(390660, 273994, 183521)
0...1...2...3...4...5...6...7...8...9...10	Bounce #3 added RGB(118932, 82408, 53631)
0...1...2...3...4...5...6...7...8...9...10	Bounce #4 added RGB(40881, 28155, 17354)
0...1...2...3...4...5...6...7...8...9...10	Bounce #5 added RGB(15146, 10363, 5965)
0...1...2...3...4...5...6...7...8...9...10	Bounce #6 added RGB(5968, 4039, 2142)
0...1...2...3...4...5...6...7...8...9...10	Bounce #7 added RGB(2464, 1643, 796)
0...1...2...3...4...5...6...7...8...9...10	Bounce #8 added RGB(1060, 693, 305)
0...1...2...3...4...5...6...7...8...9...10	Bounce #9 added RGB(471, 301, 120)
0...1...2...3...4...5...6...7...8...9...10	Bounce #10 added RGB(215, 134, 48)
0...1...2...3...4...5...6...7...8...9...10	Bounce #11 added RGB(100, 60, 20)
0...1...2...3...4...5...6...7...8...9...10	Bounce #12 added RGB(47, 28, 8)
0...1...2...3...4...5...6...7...8...9...10	Bounce #13 added RGB(23, 13, 3)
0...1...2...3...4...5...6...7...8...9...10	Bounce #14 added RGB(11, 6, 1)
0...1...2...3...4...5...6...7...8...9...10	Bounce #15 added RGB(5, 3, 1)
0...1...2...3...4...5...6...7...8...9...10	Bounce #16 added RGB(3, 1, 0)
0...1...2...3...4...5...6...7...8...9...10	Bounce #17 added RGB(1, 1, 0)
0...1...2...3...4...5...6...7...8...9...10	Bounce #18 added RGB(1, 0, 0)
Build Patch/Sample Hash Table(s).....Done<0.0903 sec>
0...1...2...3...4...5...6...7...8...9...10FinalLightFace Done
0...1...2...3...4...5...6...7...8...9...10Setting up leaf ambient computation...
79 of 371 (21% of) surface lights went in leaf ambient cubes.
0...1...2...3...4...5...6...7...8...9...10Writing leaf ambient...done
Ready to Finish

Object names       Objects/Maxobjs  Fullness 
------------       ---------------  -------- 
entities              1124/65536    ( 1.7%) 
models                 148/4096     ( 3.6%) 
brushes               4077/65536    ( 6.2%) 
brushsides           25758/655350   ( 3.9%) 
planes                5062/65536    ( 7.7%) 
vertexes             29083/65536    (44.4%) 
nodes                 4577/65536    ( 7.0%) 
texinfos              1559/32768    ( 4.8%) 
texdata                299/8192     ( 3.6%) 
dispinfos                4/16384    ( 0.0%) 
faces                16464/65536    (25.1%) 
hdr faces            16464/65536    (25.1%) 
origfaces             8557/65536    (13.1%) 
leaves                4726/65536    ( 7.2%) 
leaffaces            19939/65536    (30.4%) 
leafbrushes           8390/65536    (12.8%) 
areas                   80/1024     ( 7.8%) 
surfedges            80637/512000   (15.7%) 
edges                45571/256000   (17.8%) 
leafwaterdata           13/32768    ( 0.0%) 
primitives            2534/32768    ( 7.7%) 
primverts                0/65536    ( 0.0%) 
primindices          39144/65536    (59.7%) 
cubemapsamples           0/1024     ( 0.0%) 
overlays                65/8192     ( 0.8%) 
vertnormalindices    80496/256000   (31.4%) 
visdata             154299/16777216 ( 0.9%) 
entdata             409317/393216   (104.1%) FULL!!!
LDR ambient table     4726/65536    ( 7.2%) 
HDR ambient table     4726/65536    ( 7.2%) 
LDR worldlights            0       
HDR worldlights            524     
LDR lightdata              0       
HDR lightdata              31636884
LDR leaf ambient           4726    
HDR leaf ambient           14738   
occluders                  0       
occluder polygons          0       
occluder vert ind          0       
detail props               1140    
dtl prp lght               4       
HDR dtl prp lght           4       
static props               18042   
pakfile                    127153  
physics                    1329586 
physics terrain            1376    

Level flags = 0

Total triangle count: 47568
Writing w:\programs\steam\steamapps\common\garrysmod\garrysmod\addons\garrysmodmap\maps\gmm_garrymod_map_by_woowz_flooded_water_blob.bsp
6 seconds elapsed

==================================================================
Date: 2026-09-16 23:00:21
W:\Programs\Steam\steamapps\common\GarrysMod\bin\win64\vbspplusplus.exe -allowdynamicpropsasstatic -game W:\Programs\Steam\steamapps\common\GarrysMod\garrysmod w:\programs\steam\steamapps\common\garrysmod\garrysmod\addons\garrysmodmap\maps\gmm_garrymod_map_by_woowz_flooded_water_blob
==================================================================
16 threads
---------------
gamedir: W:\Programs\Steam\steamapps\common\GarrysMod\garrysmod\
---------------
Loading w:\programs\steam\steamapps\common\garrysmod\garrysmod\addons\garrysmodmap\maps\gmm_garrymod_map_by_woowz_flooded_water_blob.vmf
Can't find surfaceprop antlion_eggshell for material NATURE/ROCKWALL_ANTLION03A, using default
Brush 174502, Side 5: duplicate plane
Locating GameData file 'garrysmod.fgd'...
Parsing GameData file w:\programs\steam\steamapps\common\garrysmod\bin\garrysmod.fgd
Parsing GameData file w:\programs\steam\steamapps\common\garrysmod\bin\base.fgd
Parsing GameData file w:\programs\steam\steamapps\common\garrysmod\bin\halflife2.fgd
Parsing GameData file w:\programs\steam\steamapps\common\garrysmod\bin\base.fgd
fixing up env_cubemap materials on brush sides...
FloodEntities...
FloodEntities...
Processing areas...done (0)
Building Faces...done (0)
Chop Details...done (0)
Find Visible Detail Sides...
Merged 1052 detail faces...done (1)
Merging details...done (0)
FixTjuncs...
PruneNodes...
WriteBSP...
done (0)
writing w:\programs\steam\steamapps\common\garrysmod\garrysmod\addons\garrysmodmap\maps\gmm_garrymod_map_by_woowz_flooded_water_blob.prt...
Building visibility clusters...
done (0)
Generating blank default cubemaps...
Generating blank default cubemaps...
Emitted 4082 brushes and 25788 brushsides
Finding displacement neighbors...
Finding lightmap sample positions...
Building Physics collision data...
done (0) (1334388 bytes)
Emitting static props...
Model "models/props_phx/construct/metal_wire1x2x2b.mdl" is missing $staticprop. Allowing due to -allowdynamicpropsasstatic
Model "models/props_phx/construct/metal_wire_angle360x2.mdl" is missing $staticprop. Allowing due to -allowdynamicpropsasstatic
Placing detail props : 0...1...2...3...4...5...6...7...8...9...10
Water found with no water_lod_control entity, creating a default one.
Compacting texture/material tables...
Reduced 2649 texinfos to 1561
Reduced 330 texdatas to 299 (10663 bytes to 7845)
Writing w:\programs\steam\steamapps\common\garrysmod\garrysmod\addons\garrysmodmap\maps\gmm_garrymod_map_by_woowz_flooded_water_blob.bsp
2 seconds elapsed

==================================================================
Date: 2026-09-16 23:00:23
W:\Programs\Steam\steamapps\common\GarrysMod\bin\win64\vvisplusplus.exe -game W:\Programs\Steam\steamapps\common\GarrysMod\garrysmod w:\programs\steam\steamapps\common\garrysmod\garrysmod\addons\garrysmodmap\maps\gmm_garrymod_map_by_woowz_flooded_water_blob
==================================================================
16 threads
CPU supports AVX2
reading w:\programs\steam\steamapps\common\garrysmod\garrysmod\addons\garrysmodmap\maps\gmm_garrymod_map_by_woowz_flooded_water_blob.bsp
reading w:\programs\steam\steamapps\common\garrysmod\garrysmod\addons\garrysmodmap\maps\gmm_garrymod_map_by_woowz_flooded_water_blob.prt
1413 portalclusters
2563 numportals
0...1...2...3...4...5...6...7...8...9...100...1...2...3...4...5...6...7...8...9...10Optimized: 272 visible clusters (0.35%)
Total clusters visible: 76713
Average clusters visible: 54
Building PAS...
Average clusters audible: 208
visdatasize:162874  compressed from 519984
writing w:\programs\steam\steamapps\common\garrysmod\garrysmod\addons\garrysmodmap\maps\gmm_garrymod_map_by_woowz_flooded_water_blob.bsp
Wrote ZIP buffer, estimated size 132363, actual size 128263
0 seconds elapsed

==================================================================
Date: 2026-09-16 23:00:23
W:\Programs\Steam\steamapps\common\GarrysMod\bin\win64\vradplusplus.exe -both -final -game W:\Programs\Steam\steamapps\common\GarrysMod\garrysmod w:\programs\steam\steamapps\common\garrysmod\garrysmod\addons\garrysmodmap\maps\gmm_garrymod_map_by_woowz_flooded_water_blob
==================================================================
---------------
gamedir: W:\Programs\Steam\steamapps\common\GarrysMod\garrysmod\
---------------
16 threads
Compiling in LDR+HDR mode
Reading texlights from 'lights.rad'...
53 texlights parsed
Loading w:\programs\steam\steamapps\common\garrysmod\garrysmod\addons\garrysmodmap\maps\gmm_garrymod_map_by_woowz_flooded_water_blob.bsp
128 props added to raytrace
16496 faces
2 degenerate faces
469 fake patch planes
1767399 square feet [254505456.00 square inches]
4 Displacements
3259 Square Feet [469401.19 Square Inches]
0...1...2...3...4...5...6...7...8...9...1016494 patches before subdivision
197056 patches after subdivision
CreateDirectLights...
0...1...2...3...4...5...6...7...8...9...10531 lights, 6 styled (0.01 seconds)
0...1...2...3...4...5...6...7...8...9...100...1...2...3...4...5...6...7...8...9...10transfers 22460423, max 1068
transfer lists: 171.4 megs
0...1...2...3...4...5...6...7...8...9...10	Bounce #1 added RGB(1511422, 1116833, 782195)
0...1...2...3...4...5...6...7...8...9...10	Bounce #2 added RGB(384504, 272293, 183517)
0...1...2...3...4...5...6...7...8...9...10	Bounce #3 added RGB(115891, 81646, 53573)
0...1...2...3...4...5...6...7...8...9...10	Bounce #4 added RGB(39405, 27844, 17334)
0...1...2...3...4...5...6...7...8...9...10	Bounce #5 added RGB(14467, 10249, 5959)
0...1...2...3...4...5...6...7...8...9...10	Bounce #6 added RGB(5644, 3995, 2140)
0...1...2...3...4...5...6...7...8...9...10	Bounce #7 added RGB(2313, 1627, 795)
0...1...2...3...4...5...6...7...8...9...10	Bounce #8 added RGB(988, 687, 305)
0...1...2...3...4...5...6...7...8...9...10	Bounce #9 added RGB(437, 299, 120)
0...1...2...3...4...5...6...7...8...9...10	Bounce #10 added RGB(198, 133, 48)
0...1...2...3...4...5...6...7...8...9...10	Bounce #11 added RGB(92, 60, 20)
0...1...2...3...4...5...6...7...8...9...10	Bounce #12 added RGB(44, 28, 8)
0...1...2...3...4...5...6...7...8...9...10	Bounce #13 added RGB(21, 13, 3)
0...1...2...3...4...5...6...7...8...9...10	Bounce #14 added RGB(10, 6, 1)
0...1...2...3...4...5...6...7...8...9...10	Bounce #15 added RGB(5, 3, 1)
0...1...2...3...4...5...6...7...8...9...10	Bounce #16 added RGB(2, 1, 0)
0...1...2...3...4...5...6...7...8...9...10	Bounce #17 added RGB(1, 1, 0)
0...1...2...3...4...5...6...7...8...9...10	Bounce #18 added RGB(1, 0, 0)
Build Patch/Sample Hash Table(s).....Done<0.0862 sec>
0...1...2...3...4...5...6...7...8...9...10FinalLightFace Done
0...1...2...3...4...5...6...7...8...9...10Setting up leaf ambient computation...
79 of 378 (20% of) surface lights went in leaf ambient cubes.
0...1...2...3...4...5...6...7...8...9...10Writing leaf ambient...done
Ready to Finish

Object names       Objects/Maxobjs  Fullness 
------------       ---------------  -------- 
entities              1124/65536    ( 1.7%) 
models                 148/4096     ( 3.6%) 
brushes               4082/65536    ( 6.2%) 
brushsides           25788/655350   ( 3.9%) 
planes                5062/65536    ( 7.7%) 
vertexes             29124/65536    (44.4%) 
nodes                 4592/65536    ( 7.0%) 
texinfos              1561/32768    ( 4.8%) 
texdata                299/8192     ( 3.6%) 
dispinfos                4/16384    ( 0.0%) 
faces                16496/65536    (25.2%) 
hdr faces            16496/65536    (25.2%) 
origfaces             8555/65536    (13.1%) 
leaves                4741/65536    ( 7.2%) 
leaffaces            19995/65536    (30.5%) 
leafbrushes           8450/65536    (12.9%) 
areas                   80/1024     ( 7.8%) 
surfedges            80831/512000   (15.8%) 
edges                45686/256000   (17.8%) 
leafwaterdata           15/32768    ( 0.0%) 
primitives            2554/32768    ( 7.8%) 
primverts                0/65536    ( 0.0%) 
primindices          39525/65536    (60.3%) 
cubemapsamples           0/1024     ( 0.0%) 
overlays                65/8192     ( 0.8%) 
vertnormalindices    80690/256000   (31.5%) 
visdata             162874/16777216 ( 1.0%) 
entdata             409329/393216   (104.1%) FULL!!!
LDR ambient table     4741/65536    ( 7.2%) 
HDR ambient table     4741/65536    ( 7.2%) 
LDR worldlights            0       
HDR worldlights            531     
LDR lightdata              0       
HDR lightdata              31490812
LDR leaf ambient           4741    
HDR leaf ambient           14793   
occluders                  0       
occluder polygons          0       
occluder vert ind          0       
detail props               1140    
dtl prp lght               4       
HDR dtl prp lght           4       
static props               18044   
pakfile                    128263  
physics                    1334388 
physics terrain            1376    

Level flags = 0

Total triangle count: 47698
Writing w:\programs\steam\steamapps\common\garrysmod\garrysmod\addons\garrysmodmap\maps\gmm_garrymod_map_by_woowz_flooded_water_blob.bsp
7 seconds elapsed

==================================================================
Date: 2026-09-16 23:09:09
W:\Programs\Steam\steamapps\common\GarrysMod\bin\win64\vbspplusplus.exe -allowdynamicpropsasstatic -game W:\Programs\Steam\steamapps\common\GarrysMod\garrysmod w:\programs\steam\steamapps\common\garrysmod\garrysmod\addons\garrysmodmap\maps\gmm_garrymod_map_by_woowz_flooded_water_blob
==================================================================
16 threads
---------------
gamedir: W:\Programs\Steam\steamapps\common\GarrysMod\garrysmod\
---------------
Loading w:\programs\steam\steamapps\common\garrysmod\garrysmod\addons\garrysmodmap\maps\gmm_garrymod_map_by_woowz_flooded_water_blob.vmf
Can't find surfaceprop antlion_eggshell for material NATURE/ROCKWALL_ANTLION03A, using default
Brush 174502, Side 5: duplicate plane
Locating GameData file 'garrysmod.fgd'...
Parsing GameData file w:\programs\steam\steamapps\common\garrysmod\bin\garrysmod.fgd
Parsing GameData file w:\programs\steam\steamapps\common\garrysmod\bin\base.fgd
Parsing GameData file w:\programs\steam\steamapps\common\garrysmod\bin\halflife2.fgd
Parsing GameData file w:\programs\steam\steamapps\common\garrysmod\bin\base.fgd
fixing up env_cubemap materials on brush sides...
FloodEntities...
FloodEntities...
Processing areas...done (0)
Building Faces...done (0)
Chop Details...done (0)
Find Visible Detail Sides...
Merged 1052 detail faces...done (0)
Merging details...done (1)
FixTjuncs...
PruneNodes...
WriteBSP...
done (0)
writing w:\programs\steam\steamapps\common\garrysmod\garrysmod\addons\garrysmodmap\maps\gmm_garrymod_map_by_woowz_flooded_water_blob.prt...
Building visibility clusters...
done (0)
Generating blank default cubemaps...
Generating blank default cubemaps...
Emitted 4082 brushes and 25788 brushsides
Finding displacement neighbors...
Finding lightmap sample positions...
Building Physics collision data...
done (0) (1334290 bytes)
Emitting static props...
Model "models/props_phx/construct/metal_wire1x2x2b.mdl" is missing $staticprop. Allowing due to -allowdynamicpropsasstatic
Model "models/props_phx/construct/metal_wire_angle360x2.mdl" is missing $staticprop. Allowing due to -allowdynamicpropsasstatic
Placing detail props : 0...1...2...3...4...5...6...7...8...9...10
Water found with no water_lod_control entity, creating a default one.
Compacting texture/material tables...
Reduced 2646 texinfos to 1561
Reduced 328 texdatas to 299 (10411 bytes to 7845)
Writing w:\programs\steam\steamapps\common\garrysmod\garrysmod\addons\garrysmodmap\maps\gmm_garrymod_map_by_woowz_flooded_water_blob.bsp
2 seconds elapsed

==================================================================
Date: 2026-09-16 23:09:11
W:\Programs\Steam\steamapps\common\GarrysMod\bin\win64\vvisplusplus.exe -game W:\Programs\Steam\steamapps\common\GarrysMod\garrysmod w:\programs\steam\steamapps\common\garrysmod\garrysmod\addons\garrysmodmap\maps\gmm_garrymod_map_by_woowz_flooded_water_blob
==================================================================
16 threads
CPU supports AVX2
reading w:\programs\steam\steamapps\common\garrysmod\garrysmod\addons\garrysmodmap\maps\gmm_garrymod_map_by_woowz_flooded_water_blob.bsp
reading w:\programs\steam\steamapps\common\garrysmod\garrysmod\addons\garrysmodmap\maps\gmm_garrymod_map_by_woowz_flooded_water_blob.prt
1409 portalclusters
2541 numportals
0...1...2...3...4...5...6...7...8...9...100...1...2...3...4...5...6...7...8...9...10Optimized: 244 visible clusters (0.33%)
Total clusters visible: 74645
Average clusters visible: 52
Building PAS...
Average clusters audible: 205
visdatasize:159756  compressed from 518512
writing w:\programs\steam\steamapps\common\garrysmod\garrysmod\addons\garrysmodmap\maps\gmm_garrymod_map_by_woowz_flooded_water_blob.bsp
Wrote ZIP buffer, estimated size 131081, actual size 127249
0 seconds elapsed

==================================================================
Date: 2026-09-16 23:09:11
W:\Programs\Steam\steamapps\common\GarrysMod\bin\win64\vradplusplus.exe -both -final -game W:\Programs\Steam\steamapps\common\GarrysMod\garrysmod w:\programs\steam\steamapps\common\garrysmod\garrysmod\addons\garrysmodmap\maps\gmm_garrymod_map_by_woowz_flooded_water_blob
==================================================================
---------------
gamedir: W:\Programs\Steam\steamapps\common\GarrysMod\garrysmod\
---------------
16 threads
Compiling in LDR+HDR mode
Reading texlights from 'lights.rad'...
53 texlights parsed
Loading w:\programs\steam\steamapps\common\garrysmod\garrysmod\addons\garrysmodmap\maps\gmm_garrymod_map_by_woowz_flooded_water_blob.bsp
128 props added to raytrace
16485 faces
4 degenerate faces
469 fake patch planes
1775160 square feet [255623152.00 square inches]
4 Displacements
3259 Square Feet [469401.19 Square Inches]
0...1...2...3...4...5...6...7...8...9...1016481 patches before subdivision
196967 patches after subdivision
CreateDirectLights...
0...1...2...3...4...5...6...7...8...9...10524 lights, 6 styled (0.01 seconds)
0...1...2...3...4...5...6...7...8...9...100...1...2...3...4...5...6...7...8...9...10transfers 22362571, max 1055
transfer lists: 170.6 megs
0...1...2...3...4...5...6...7...8...9...10	Bounce #1 added RGB(1501106, 1108700, 775312)
0...1...2...3...4...5...6...7...8...9...10	Bounce #2 added RGB(380200, 269738, 181730)
0...1...2...3...4...5...6...7...8...9...10	Bounce #3 added RGB(114096, 80830, 53082)
0...1...2...3...4...5...6...7...8...9...10	Bounce #4 added RGB(38666, 27585, 17198)
0...1...2...3...4...5...6...7...8...9...10	Bounce #5 added RGB(14162, 10165, 5920)
0...1...2...3...4...5...6...7...8...9...10	Bounce #6 added RGB(5519, 3968, 2129)
0...1...2...3...4...5...6...7...8...9...10	Bounce #7 added RGB(2262, 1618, 792)
0...1...2...3...4...5...6...7...8...9...10	Bounce #8 added RGB(967, 684, 304)
0...1...2...3...4...5...6...7...8...9...10	Bounce #9 added RGB(428, 298, 119)
0...1...2...3...4...5...6...7...8...9...10	Bounce #10 added RGB(195, 132, 48)
0...1...2...3...4...5...6...7...8...9...10	Bounce #11 added RGB(91, 60, 20)
0...1...2...3...4...5...6...7...8...9...10	Bounce #12 added RGB(43, 28, 8)
0...1...2...3...4...5...6...7...8...9...10	Bounce #13 added RGB(21, 13, 3)
0...1...2...3...4...5...6...7...8...9...10	Bounce #14 added RGB(10, 6, 1)
0...1...2...3...4...5...6...7...8...9...10	Bounce #15 added RGB(5, 3, 1)
0...1...2...3...4...5...6...7...8...9...10	Bounce #16 added RGB(2, 1, 0)
0...1...2...3...4...5...6...7...8...9...10	Bounce #17 added RGB(1, 1, 0)
0...1...2...3...4...5...6...7...8...9...10	Bounce #18 added RGB(1, 0, 0)
Build Patch/Sample Hash Table(s).....Done<0.0847 sec>
0...1...2...3...4...5...6...7...8...9...10FinalLightFace Done
0...1...2...3...4...5...6...7...8...9...10Setting up leaf ambient computation...
79 of 378 (20% of) surface lights went in leaf ambient cubes.
0...1...2...3...4...5...6...7...8...9...10Writing leaf ambient...done
Ready to Finish

Object names       Objects/Maxobjs  Fullness 
------------       ---------------  -------- 
entities              1117/65536    ( 1.7%) 
models                 148/4096     ( 3.6%) 
brushes               4082/65536    ( 6.2%) 
brushsides           25788/655350   ( 3.9%) 
planes                5062/65536    ( 7.7%) 
vertexes             29101/65536    (44.4%) 
nodes                 4584/65536    ( 7.0%) 
texinfos              1561/32768    ( 4.8%) 
texdata                299/8192     ( 3.6%) 
dispinfos                4/16384    ( 0.0%) 
faces                16485/65536    (25.2%) 
hdr faces            16485/65536    (25.2%) 
origfaces             8554/65536    (13.1%) 
leaves                4733/65536    ( 7.2%) 
leaffaces            19876/65536    (30.3%) 
leafbrushes           8402/65536    (12.8%) 
areas                   80/1024     ( 7.8%) 
surfedges            80825/512000   (15.8%) 
edges                45783/256000   (17.9%) 
leafwaterdata           13/32768    ( 0.0%) 
primitives            2555/32768    ( 7.8%) 
primverts                0/65536    ( 0.0%) 
primindices          39663/65536    (60.5%) 
cubemapsamples           0/1024     ( 0.0%) 
overlays                65/8192     ( 0.8%) 
vertnormalindices    80684/256000   (31.5%) 
visdata             159756/16777216 ( 1.0%) 
entdata             406970/393216   (103.5%) FULL!!!
LDR ambient table     4733/65536    ( 7.2%) 
HDR ambient table     4733/65536    ( 7.2%) 
LDR worldlights            0       
HDR worldlights            524     
LDR lightdata              0       
HDR lightdata              31478420
LDR leaf ambient           4733    
HDR leaf ambient           14538   
occluders                  0       
occluder polygons          0       
occluder vert ind          0       
detail props               1140    
dtl prp lght               4       
HDR dtl prp lght           4       
static props               18044   
pakfile                    127249  
physics                    1334290 
physics terrain            1376    

Level flags = 0

Total triangle count: 47714
Writing w:\programs\steam\steamapps\common\garrysmod\garrysmod\addons\garrysmodmap\maps\gmm_garrymod_map_by_woowz_flooded_water_blob.bsp
6 seconds elapsed

==================================================================
Date: 2026-09-16 23:10:00
W:\Programs\Steam\steamapps\common\GarrysMod\bin\win64\vbspplusplus.exe -allowdynamicpropsasstatic -game W:\Programs\Steam\steamapps\common\GarrysMod\garrysmod w:\programs\steam\steamapps\common\garrysmod\garrysmod\addons\garrysmodmap\maps\gmm_garrymod_map_by_woowz_flooded_water_blob
==================================================================
16 threads
---------------
gamedir: W:\Programs\Steam\steamapps\common\GarrysMod\garrysmod\
---------------
Loading w:\programs\steam\steamapps\common\garrysmod\garrysmod\addons\garrysmodmap\maps\gmm_garrymod_map_by_woowz_flooded_water_blob.vmf
Can't find surfaceprop antlion_eggshell for material NATURE/ROCKWALL_ANTLION03A, using default
Brush 174502, Side 5: duplicate plane
Locating GameData file 'garrysmod.fgd'...
Parsing GameData file w:\programs\steam\steamapps\common\garrysmod\bin\garrysmod.fgd
Parsing GameData file w:\programs\steam\steamapps\common\garrysmod\bin\base.fgd
Parsing GameData file w:\programs\steam\steamapps\common\garrysmod\bin\halflife2.fgd
Parsing GameData file w:\programs\steam\steamapps\common\garrysmod\bin\base.fgd
fixing up env_cubemap materials on brush sides...
FloodEntities...
FloodEntities...
Processing areas...done (0)
Building Faces...done (0)
Chop Details...done (0)
Find Visible Detail Sides...
Merged 1052 detail faces...done (1)
Merging details...done (0)
FixTjuncs...
PruneNodes...
WriteBSP...
done (0)
writing w:\programs\steam\steamapps\common\garrysmod\garrysmod\addons\garrysmodmap\maps\gmm_garrymod_map_by_woowz_flooded_water_blob.prt...
Building visibility clusters...
done (0)
Generating blank default cubemaps...
Generating blank default cubemaps...
Emitted 4082 brushes and 25788 brushsides
Finding displacement neighbors...
Finding lightmap sample positions...
Building Physics collision data...
done (0) (1334290 bytes)
Emitting static props...
Model "models/props_phx/construct/metal_wire1x2x2b.mdl" is missing $staticprop. Allowing due to -allowdynamicpropsasstatic
Model "models/props_phx/construct/metal_wire_angle360x2.mdl" is missing $staticprop. Allowing due to -allowdynamicpropsasstatic
Placing detail props : 0...1...2...3...4...5...6...7...8...9...10
Water found with no water_lod_control entity, creating a default one.
Compacting texture/material tables...
Reduced 2646 texinfos to 1561
Reduced 328 texdatas to 299 (10417 bytes to 7845)
Writing w:\programs\steam\steamapps\common\garrysmod\garrysmod\addons\garrysmodmap\maps\gmm_garrymod_map_by_woowz_flooded_water_blob.bsp
2 seconds elapsed

==================================================================
Date: 2026-09-16 23:10:03
W:\Programs\Steam\steamapps\common\GarrysMod\bin\win64\vvisplusplus.exe -game W:\Programs\Steam\steamapps\common\GarrysMod\garrysmod w:\programs\steam\steamapps\common\garrysmod\garrysmod\addons\garrysmodmap\maps\gmm_garrymod_map_by_woowz_flooded_water_blob
==================================================================
16 threads
CPU supports AVX2
reading w:\programs\steam\steamapps\common\garrysmod\garrysmod\addons\garrysmodmap\maps\gmm_garrymod_map_by_woowz_flooded_water_blob.bsp
reading w:\programs\steam\steamapps\common\garrysmod\garrysmod\addons\garrysmodmap\maps\gmm_garrymod_map_by_woowz_flooded_water_blob.prt
1409 portalclusters
2541 numportals
0...1...2...3...4...5...6...7...8...9...100...1...2...3...4...5...6...7...8...9...10Optimized: 243 visible clusters (0.33%)
Total clusters visible: 74644
Average clusters visible: 52
Building PAS...
Average clusters audible: 205
visdatasize:159756  compressed from 518512
writing w:\programs\steam\steamapps\common\garrysmod\garrysmod\addons\garrysmodmap\maps\gmm_garrymod_map_by_woowz_flooded_water_blob.bsp
Wrote ZIP buffer, estimated size 131099, actual size 127267
0 seconds elapsed

==================================================================
Date: 2026-09-16 23:10:03
W:\Programs\Steam\steamapps\common\GarrysMod\bin\win64\vradplusplus.exe -both -final -game W:\Programs\Steam\steamapps\common\GarrysMod\garrysmod w:\programs\steam\steamapps\common\garrysmod\garrysmod\addons\garrysmodmap\maps\gmm_garrymod_map_by_woowz_flooded_water_blob
==================================================================
---------------
gamedir: W:\Programs\Steam\steamapps\common\GarrysMod\garrysmod\
---------------
16 threads
Compiling in LDR+HDR mode
Reading texlights from 'lights.rad'...
53 texlights parsed
Loading w:\programs\steam\steamapps\common\garrysmod\garrysmod\addons\garrysmodmap\maps\gmm_garrymod_map_by_woowz_flooded_water_blob.bsp
128 props added to raytrace
16485 faces
4 degenerate faces
469 fake patch planes
1775160 square feet [255623152.00 square inches]
4 Displacements
3259 Square Feet [469401.19 Square Inches]
0...1...2...3...4...5...6...7...8...9...1016481 patches before subdivision
196967 patches after subdivision
CreateDirectLights...
0...1...2...3...4...5...6...7...8...9...10524 lights, 6 styled (0.01 seconds)
0...1...2...3...4...5...6...7...8...9...100...1...2...3...4...5...6...7...8...9...10transfers 22362571, max 1055
transfer lists: 170.6 megs
0...1...2...3...4...5...6...7...8...9...10	Bounce #1 added RGB(1501118, 1108706, 775314)
0...1...2...3...4...5...6...7...8...9...10	Bounce #2 added RGB(380204, 269739, 181730)
0...1...2...3...4...5...6...7...8...9...10	Bounce #3 added RGB(114098, 80831, 53082)
0...1...2...3...4...5...6...7...8...9...10	Bounce #4 added RGB(38667, 27585, 17198)
0...1...2...3...4...5...6...7...8...9...10	Bounce #5 added RGB(14163, 10165, 5920)
0...1...2...3...4...5...6...7...8...9...10	Bounce #6 added RGB(5520, 3968, 2129)
0...1...2...3...4...5...6...7...8...9...10	Bounce #7 added RGB(2262, 1618, 792)
0...1...2...3...4...5...6...7...8...9...10	Bounce #8 added RGB(967, 684, 304)
0...1...2...3...4...5...6...7...8...9...10	Bounce #9 added RGB(428, 298, 119)
0...1...2...3...4...5...6...7...8...9...10	Bounce #10 added RGB(195, 132, 48)
0...1...2...3...4...5...6...7...8...9...10	Bounce #11 added RGB(91, 60, 20)
0...1...2...3...4...5...6...7...8...9...10	Bounce #12 added RGB(43, 28, 8)
0...1...2...3...4...5...6...7...8...9...10	Bounce #13 added RGB(21, 13, 3)
0...1...2...3...4...5...6...7...8...9...10	Bounce #14 added RGB(10, 6, 1)
0...1...2...3...4...5...6...7...8...9...10	Bounce #15 added RGB(5, 3, 1)
0...1...2...3...4...5...6...7...8...9...10	Bounce #16 added RGB(2, 1, 0)
0...1...2...3...4...5...6...7...8...9...10	Bounce #17 added RGB(1, 1, 0)
0...1...2...3...4...5...6...7...8...9...10	Bounce #18 added RGB(1, 0, 0)
Build Patch/Sample Hash Table(s).....Done<0.0860 sec>
0...1...2...3...4...5...6...7...8...9...10FinalLightFace Done
0...1...2...3...4...5...6...7...8...9...10Setting up leaf ambient computation...
79 of 378 (20% of) surface lights went in leaf ambient cubes.
0...1...2...3...4...5...6...7...8...9...10Writing leaf ambient...done
Ready to Finish

Object names       Objects/Maxobjs  Fullness 
------------       ---------------  -------- 
entities              1117/65536    ( 1.7%) 
models                 148/4096     ( 3.6%) 
brushes               4082/65536    ( 6.2%) 
brushsides           25788/655350   ( 3.9%) 
planes                5062/65536    ( 7.7%) 
vertexes             29101/65536    (44.4%) 
nodes                 4584/65536    ( 7.0%) 
texinfos              1561/32768    ( 4.8%) 
texdata                299/8192     ( 3.6%) 
dispinfos                4/16384    ( 0.0%) 
faces                16485/65536    (25.2%) 
hdr faces            16485/65536    (25.2%) 
origfaces             8554/65536    (13.1%) 
leaves                4733/65536    ( 7.2%) 
leaffaces            19876/65536    (30.3%) 
leafbrushes           8402/65536    (12.8%) 
areas                   80/1024     ( 7.8%) 
surfedges            80825/512000   (15.8%) 
edges                45783/256000   (17.9%) 
leafwaterdata           13/32768    ( 0.0%) 
primitives            2555/32768    ( 7.8%) 
primverts                0/65536    ( 0.0%) 
primindices          39663/65536    (60.5%) 
cubemapsamples           0/1024     ( 0.0%) 
overlays                65/8192     ( 0.8%) 
vertnormalindices    80684/256000   (31.5%) 
visdata             159756/16777216 ( 1.0%) 
entdata             406970/393216   (103.5%) FULL!!!
LDR ambient table     4733/65536    ( 7.2%) 
HDR ambient table     4733/65536    ( 7.2%) 
LDR worldlights            0       
HDR worldlights            524     
LDR lightdata              0       
HDR lightdata              31478420
LDR leaf ambient           4733    
HDR leaf ambient           14538   
occluders                  0       
occluder polygons          0       
occluder vert ind          0       
detail props               1140    
dtl prp lght               4       
HDR dtl prp lght           4       
static props               18044   
pakfile                    127267  
physics                    1334290 
physics terrain            1376    

Level flags = 0

Total triangle count: 47714
Writing w:\programs\steam\steamapps\common\garrysmod\garrysmod\addons\garrysmodmap\maps\gmm_garrymod_map_by_woowz_flooded_water_blob.bsp
6 seconds elapsed

==================================================================
Date: 2026-09-16 23:13:24
W:\Programs\Steam\steamapps\common\GarrysMod\bin\win64\vbspplusplus.exe -allowdynamicpropsasstatic -game W:\Programs\Steam\steamapps\common\GarrysMod\garrysmod w:\programs\steam\steamapps\common\garrysmod\garrysmod\addons\garrysmodmap\maps\gmm_garrymod_map_by_woowz_flooded_water_blob
==================================================================
16 threads
---------------
gamedir: W:\Programs\Steam\steamapps\common\GarrysMod\garrysmod\
---------------
Loading w:\programs\steam\steamapps\common\garrysmod\garrysmod\addons\garrysmodmap\maps\gmm_garrymod_map_by_woowz_flooded_water_blob.vmf
Can't find surfaceprop antlion_eggshell for material NATURE/ROCKWALL_ANTLION03A, using default
Brush 174502, Side 5: duplicate plane
Locating GameData file 'garrysmod.fgd'...
Parsing GameData file w:\programs\steam\steamapps\common\garrysmod\bin\garrysmod.fgd
Parsing GameData file w:\programs\steam\steamapps\common\garrysmod\bin\base.fgd
Parsing GameData file w:\programs\steam\steamapps\common\garrysmod\bin\halflife2.fgd
Parsing GameData file w:\programs\steam\steamapps\common\garrysmod\bin\base.fgd
fixing up env_cubemap materials on brush sides...
FloodEntities...
FloodEntities...
Processing areas...Brush 138395: areaportal brush doesn't touch two areas
Wrote w:\programs\steam\steamapps\common\garrysmod\garrysmod\addons\garrysmodmap\maps\gmm_garrymod_map_by_woowz_flooded_water_blob.lin
Areaportal leak ! File: w:\programs\steam\steamapps\common\garrysmod\garrysmod\addons\garrysmodmap\maps\gmm_garrymod_map_by_woowz_flooded_water_blob.lin 
--- AREAPORTAL LEAKED ---

==================================================================
Date: 2026-09-16 23:13:32
W:\Programs\Steam\steamapps\common\GarrysMod\bin\win64\vbspplusplus.exe -allowdynamicpropsasstatic -game W:\Programs\Steam\steamapps\common\GarrysMod\garrysmod w:\programs\steam\steamapps\common\garrysmod\garrysmod\addons\garrysmodmap\maps\gmm_garrymod_map_by_woowz_flooded_water_blob
==================================================================
16 threads
---------------
gamedir: W:\Programs\Steam\steamapps\common\GarrysMod\garrysmod\
---------------
Loading w:\programs\steam\steamapps\common\garrysmod\garrysmod\addons\garrysmodmap\maps\gmm_garrymod_map_by_woowz_flooded_water_blob.vmf
Can't find surfaceprop antlion_eggshell for material NATURE/ROCKWALL_ANTLION03A, using default
Brush 174502, Side 5: duplicate plane
Locating GameData file 'garrysmod.fgd'...
Parsing GameData file w:\programs\steam\steamapps\common\garrysmod\bin\garrysmod.fgd
Parsing GameData file w:\programs\steam\steamapps\common\garrysmod\bin\base.fgd
Parsing GameData file w:\programs\steam\steamapps\common\garrysmod\bin\halflife2.fgd
Parsing GameData file w:\programs\steam\steamapps\common\garrysmod\bin\base.fgd
fixing up env_cubemap materials on brush sides...
FloodEntities...
FloodEntities...
Processing areas...Brush 138395: areaportal brush doesn't touch two areas
Wrote w:\programs\steam\steamapps\common\garrysmod\garrysmod\addons\garrysmodmap\maps\gmm_garrymod_map_by_woowz_flooded_water_blob.lin
Areaportal leak ! File: w:\programs\steam\steamapps\common\garrysmod\garrysmod\addons\garrysmodmap\maps\gmm_garrymod_map_by_woowz_flooded_water_blob.lin 
--- AREAPORTAL LEAKED ---

==================================================================
Date: 2026-09-16 23:15:24
W:\Programs\Steam\steamapps\common\GarrysMod\bin\win64\vbspplusplus.exe -allowdynamicpropsasstatic -game W:\Programs\Steam\steamapps\common\GarrysMod\garrysmod w:\programs\steam\steamapps\common\garrysmod\garrysmod\addons\garrysmodmap\maps\gmm_garrymod_map_by_woowz_flooded_water_blob
==================================================================
16 threads
---------------
gamedir: W:\Programs\Steam\steamapps\common\GarrysMod\garrysmod\
---------------
Loading w:\programs\steam\steamapps\common\garrysmod\garrysmod\addons\garrysmodmap\maps\gmm_garrymod_map_by_woowz_flooded_water_blob.vmf
Can't find surfaceprop antlion_eggshell for material NATURE/ROCKWALL_ANTLION03A, using default
Brush 174502, Side 5: duplicate plane
Locating GameData file 'garrysmod.fgd'...
Parsing GameData file w:\programs\steam\steamapps\common\garrysmod\bin\garrysmod.fgd
Parsing GameData file w:\programs\steam\steamapps\common\garrysmod\bin\base.fgd
Parsing GameData file w:\programs\steam\steamapps\common\garrysmod\bin\halflife2.fgd
Parsing GameData file w:\programs\steam\steamapps\common\garrysmod\bin\base.fgd
fixing up env_cubemap materials on brush sides...
FloodEntities...
FloodEntities...
Processing areas...done (0)
Building Faces...done (0)
Chop Details...done (0)
Find Visible Detail Sides...
Merged 1052 detail faces...done (0)
Merging details...done (0)
FixTjuncs...
PruneNodes...
WriteBSP...
done (1)
writing w:\programs\steam\steamapps\common\garrysmod\garrysmod\addons\garrysmodmap\maps\gmm_garrymod_map_by_woowz_flooded_water_blob.prt...
Building visibility clusters...
done (0)
Generating blank default cubemaps...
Generating blank default cubemaps...
Emitted 4075 brushes and 25746 brushsides
Finding displacement neighbors...
Finding lightmap sample positions...
Building Physics collision data...
done (0) (1332320 bytes)
Emitting static props...
Model "models/props_phx/construct/metal_wire1x2x2b.mdl" is missing $staticprop. Allowing due to -allowdynamicpropsasstatic
Model "models/props_phx/construct/metal_wire_angle360x2.mdl" is missing $staticprop. Allowing due to -allowdynamicpropsasstatic
Placing detail props : 0...1...2...3...4...5...6...7...8...9...10
Water found with no water_lod_control entity, creating a default one.
Compacting texture/material tables...
Reduced 2647 texinfos to 1559
Reduced 325 texdatas to 297 (10171 bytes to 7714)
Writing w:\programs\steam\steamapps\common\garrysmod\garrysmod\addons\garrysmodmap\maps\gmm_garrymod_map_by_woowz_flooded_water_blob.bsp
2 seconds elapsed

==================================================================
Date: 2026-09-16 23:15:26
W:\Programs\Steam\steamapps\common\GarrysMod\bin\win64\vvisplusplus.exe -game W:\Programs\Steam\steamapps\common\GarrysMod\garrysmod w:\programs\steam\steamapps\common\garrysmod\garrysmod\addons\garrysmodmap\maps\gmm_garrymod_map_by_woowz_flooded_water_blob
==================================================================
16 threads
CPU supports AVX2
reading w:\programs\steam\steamapps\common\garrysmod\garrysmod\addons\garrysmodmap\maps\gmm_garrymod_map_by_woowz_flooded_water_blob.bsp
reading w:\programs\steam\steamapps\common\garrysmod\garrysmod\addons\garrysmodmap\maps\gmm_garrymod_map_by_woowz_flooded_water_blob.prt
1398 portalclusters
2519 numportals
0...1...2...3...4...5...6...7...8...9...100...1...2...3...4...5...6...7...8...9...10Optimized: 234 visible clusters (0.33%)
Total clusters visible: 71512
Average clusters visible: 51
Building PAS...
Average clusters audible: 200
visdatasize:156297  compressed from 492096
writing w:\programs\steam\steamapps\common\garrysmod\garrysmod\addons\garrysmodmap\maps\gmm_garrymod_map_by_woowz_flooded_water_blob.bsp
Wrote ZIP buffer, estimated size 130491, actual size 126793
0 seconds elapsed

==================================================================
Date: 2026-09-16 23:15:27
W:\Programs\Steam\steamapps\common\GarrysMod\bin\win64\vradplusplus.exe -both -final -game W:\Programs\Steam\steamapps\common\GarrysMod\garrysmod w:\programs\steam\steamapps\common\garrysmod\garrysmod\addons\garrysmodmap\maps\gmm_garrymod_map_by_woowz_flooded_water_blob
==================================================================
---------------
gamedir: W:\Programs\Steam\steamapps\common\GarrysMod\garrysmod\
---------------
16 threads
Compiling in LDR+HDR mode
Reading texlights from 'lights.rad'...
53 texlights parsed
Loading w:\programs\steam\steamapps\common\garrysmod\garrysmod\addons\garrysmodmap\maps\gmm_garrymod_map_by_woowz_flooded_water_blob.bsp
128 props added to raytrace
16443 faces
4 degenerate faces
463 fake patch planes
1774627 square feet [255546352.00 square inches]
4 Displacements
3259 Square Feet [469401.19 Square Inches]
0...1...2...3...4...5...6...7...8...9...1016439 patches before subdivision
196865 patches after subdivision
CreateDirectLights...
0...1...2...3...4...5...6...7...8...9...10522 lights, 6 styled (0.01 seconds)
0...1...2...3...4...5...6...7...8...9...100...1...2...3...4...5...6...7...8...9...10transfers 22272214, max 1043
transfer lists: 169.9 megs
0...1...2...3...4...5...6...7...8...9...10	Bounce #1 added RGB(1498448, 1107140, 774354)
0...1...2...3...4...5...6...7...8...9...10	Bounce #2 added RGB(379257, 269238, 181491)
0...1...2...3...4...5...6...7...8...9...10	Bounce #3 added RGB(113808, 80710, 53043)
0...1...2...3...4...5...6...7...8...9...10	Bounce #4 added RGB(38574, 27551, 17189)
0...1...2...3...4...5...6...7...8...9...10	Bounce #5 added RGB(14132, 10156, 5919)
0...1...2...3...4...5...6...7...8...9...10	Bounce #6 added RGB(5510, 3965, 2129)
0...1...2...3...4...5...6...7...8...9...10	Bounce #7 added RGB(2258, 1617, 792)
0...1...2...3...4...5...6...7...8...9...10	Bounce #8 added RGB(966, 684, 304)
0...1...2...3...4...5...6...7...8...9...10	Bounce #9 added RGB(428, 298, 119)
0...1...2...3...4...5...6...7...8...9...10	Bounce #10 added RGB(195, 132, 48)
0...1...2...3...4...5...6...7...8...9...10	Bounce #11 added RGB(91, 60, 20)
0...1...2...3...4...5...6...7...8...9...10	Bounce #12 added RGB(43, 28, 8)
0...1...2...3...4...5...6...7...8...9...10	Bounce #13 added RGB(21, 13, 3)
0...1...2...3...4...5...6...7...8...9...10	Bounce #14 added RGB(10, 6, 1)
0...1...2...3...4...5...6...7...8...9...10	Bounce #15 added RGB(5, 3, 1)
0...1...2...3...4...5...6...7...8...9...10	Bounce #16 added RGB(2, 1, 0)
0...1...2...3...4...5...6...7...8...9...10	Bounce #17 added RGB(1, 1, 0)
0...1...2...3...4...5...6...7...8...9...10	Bounce #18 added RGB(1, 0, 0)
Build Patch/Sample Hash Table(s).....Done<0.0843 sec>
0...1...2...3...4...5...6...7...8...9...10FinalLightFace Done
0...1...2...3...4...5...6...7...8...9...10Setting up leaf ambient computation...
79 of 378 (20% of) surface lights went in leaf ambient cubes.
0...1...2...3...4...5...6...7...8...9...10Writing leaf ambient...done
Ready to Finish

Object names       Objects/Maxobjs  Fullness 
------------       ---------------  -------- 
entities              1106/65536    ( 1.7%) 
models                 142/4096     ( 3.5%) 
brushes               4075/65536    ( 6.2%) 
brushsides           25746/655350   ( 3.9%) 
planes                5062/65536    ( 7.7%) 
vertexes             29019/65536    (44.3%) 
nodes                 4535/65536    ( 6.9%) 
texinfos              1559/32768    ( 4.8%) 
texdata                297/8192     ( 3.6%) 
dispinfos                4/16384    ( 0.0%) 
faces                16443/65536    (25.1%) 
hdr faces            16443/65536    (25.1%) 
origfaces             8544/65536    (13.0%) 
leaves                4678/65536    ( 7.1%) 
leaffaces            19772/65536    (30.2%) 
leafbrushes           8368/65536    (12.8%) 
areas                   80/1024     ( 7.8%) 
surfedges            80642/512000   (15.8%) 
edges                45650/256000   (17.8%) 
leafwaterdata           12/32768    ( 0.0%) 
primitives            2549/32768    ( 7.8%) 
primverts                0/65536    ( 0.0%) 
primindices          39633/65536    (60.5%) 
cubemapsamples           0/1024     ( 0.0%) 
overlays                65/8192     ( 0.8%) 
vertnormalindices    80507/256000   (31.4%) 
visdata             156297/16777216 ( 0.9%) 
entdata             401654/393216   (102.1%) FULL!!!
LDR ambient table     4678/65536    ( 7.1%) 
HDR ambient table     4678/65536    ( 7.1%) 
LDR worldlights            0       
HDR worldlights            522     
LDR lightdata              0       
HDR lightdata              31468188
LDR leaf ambient           4678    
HDR leaf ambient           14359   
occluders                  0       
occluder polygons          0       
occluder vert ind          0       
detail props               1140    
dtl prp lght               4       
HDR dtl prp lght           4       
static props               18044   
pakfile                    126793  
physics                    1332320 
physics terrain            1376    

Level flags = 0

Total triangle count: 47621
Writing w:\programs\steam\steamapps\common\garrysmod\garrysmod\addons\garrysmodmap\maps\gmm_garrymod_map_by_woowz_flooded_water_blob.bsp
6 seconds elapsed

==================================================================
Date: 2026-09-16 23:21:51
W:\Programs\Steam\steamapps\common\GarrysMod\bin\win64\vbspplusplus.exe -allowdynamicpropsasstatic -game W:\Programs\Steam\steamapps\common\GarrysMod\garrysmod w:\programs\steam\steamapps\common\garrysmod\garrysmod\addons\garrysmodmap\maps\gmm_garrymod_map_by_woowz_flooded_water_blob
==================================================================
16 threads
---------------
gamedir: W:\Programs\Steam\steamapps\common\GarrysMod\garrysmod\
---------------
Loading w:\programs\steam\steamapps\common\garrysmod\garrysmod\addons\garrysmodmap\maps\gmm_garrymod_map_by_woowz_flooded_water_blob.vmf
Can't find surfaceprop antlion_eggshell for material NATURE/ROCKWALL_ANTLION03A, using default
Brush 174502, Side 5: duplicate plane
Locating GameData file 'garrysmod.fgd'...
Parsing GameData file w:\programs\steam\steamapps\common\garrysmod\bin\garrysmod.fgd
Parsing GameData file w:\programs\steam\steamapps\common\garrysmod\bin\base.fgd
Parsing GameData file w:\programs\steam\steamapps\common\garrysmod\bin\halflife2.fgd
Parsing GameData file w:\programs\steam\steamapps\common\garrysmod\bin\base.fgd
fixing up env_cubemap materials on brush sides...
FloodEntities...
FloodEntities...
Processing areas...done (0)
Building Faces...done (0)
Chop Details...done (0)
Find Visible Detail Sides...
Merged 1052 detail faces...done (0)
Merging details...done (1)
FixTjuncs...
PruneNodes...
WriteBSP...
done (0)
writing w:\programs\steam\steamapps\common\garrysmod\garrysmod\addons\garrysmodmap\maps\gmm_garrymod_map_by_woowz_flooded_water_blob.prt...
Building visibility clusters...
done (0)
Generating blank default cubemaps...
Generating blank default cubemaps...
Emitted 4059 brushes and 25650 brushsides
Finding displacement neighbors...
Finding lightmap sample positions...
Building Physics collision data...
done (0) (1328366 bytes)
Emitting static props...
Model "models/props_phx/construct/metal_wire1x2x2b.mdl" is missing $staticprop. Allowing due to -allowdynamicpropsasstatic
Model "models/props_phx/construct/metal_wire_angle360x2.mdl" is missing $staticprop. Allowing due to -allowdynamicpropsasstatic
Placing detail props : 0...1...2...3...4...5...6...7...8...9...10
Water found with no water_lod_control entity, creating a default one.
Compacting texture/material tables...
Reduced 2647 texinfos to 1554
Reduced 325 texdatas to 297 (10171 bytes to 7714)
Writing w:\programs\steam\steamapps\common\garrysmod\garrysmod\addons\garrysmodmap\maps\gmm_garrymod_map_by_woowz_flooded_water_blob.bsp
2 seconds elapsed

==================================================================
Date: 2026-09-16 23:21:53
W:\Programs\Steam\steamapps\common\GarrysMod\bin\win64\vvisplusplus.exe -game W:\Programs\Steam\steamapps\common\GarrysMod\garrysmod w:\programs\steam\steamapps\common\garrysmod\garrysmod\addons\garrysmodmap\maps\gmm_garrymod_map_by_woowz_flooded_water_blob
==================================================================
16 threads
CPU supports AVX2
reading w:\programs\steam\steamapps\common\garrysmod\garrysmod\addons\garrysmodmap\maps\gmm_garrymod_map_by_woowz_flooded_water_blob.bsp
reading w:\programs\steam\steamapps\common\garrysmod\garrysmod\addons\garrysmodmap\maps\gmm_garrymod_map_by_woowz_flooded_water_blob.prt
1429 portalclusters
2627 numportals
0...1...2...3...4...5...6...7...8...9...100...1...2...3...4...5...6...7...8...9...10Optimized: 252 visible clusters (0.33%)
Total clusters visible: 76043
Average clusters visible: 53
Building PAS...
Average clusters audible: 203
visdatasize:164046  compressed from 525872
writing w:\programs\steam\steamapps\common\garrysmod\garrysmod\addons\garrysmodmap\maps\gmm_garrymod_map_by_woowz_flooded_water_blob.bsp
Wrote ZIP buffer, estimated size 130491, actual size 126793
0 seconds elapsed

==================================================================
Date: 2026-09-16 23:21:54
W:\Programs\Steam\steamapps\common\GarrysMod\bin\win64\vradplusplus.exe -both -final -game W:\Programs\Steam\steamapps\common\GarrysMod\garrysmod w:\programs\steam\steamapps\common\garrysmod\garrysmod\addons\garrysmodmap\maps\gmm_garrymod_map_by_woowz_flooded_water_blob
==================================================================
---------------
gamedir: W:\Programs\Steam\steamapps\common\GarrysMod\garrysmod\
---------------
16 threads
Compiling in LDR+HDR mode
Reading texlights from 'lights.rad'...
53 texlights parsed
Loading w:\programs\steam\steamapps\common\garrysmod\garrysmod\addons\garrysmodmap\maps\gmm_garrymod_map_by_woowz_flooded_water_blob.bsp
128 props added to raytrace
16506 faces
2 degenerate faces
453 fake patch planes
1793585 square feet [258276304.00 square inches]
4 Displacements
3259 Square Feet [469401.19 Square Inches]
0...1...2...3...4...5...6...7...8...9...1016504 patches before subdivision
197162 patches after subdivision
CreateDirectLights...
0...1...2...3...4...5...6...7...8...9...10521 lights, 6 styled (0.01 seconds)
0...1...2...3...4...5...6...7...8...9...100...1...2...3...4...5...6...7...8...9...10transfers 22412541, max 1071
transfer lists: 171.0 megs
0...1...2...3...4...5...6...7...8...9...10	Bounce #1 added RGB(1499090, 1107157, 774289)
0...1...2...3...4...5...6...7...8...9...10	Bounce #2 added RGB(380115, 270037, 181967)
0...1...2...3...4...5...6...7...8...9...10	Bounce #3 added RGB(114307, 81181, 53280)
0...1...2...3...4...5...6...7...8...9...10	Bounce #4 added RGB(38840, 27793, 17296)
0...1...2...3...4...5...6...7...8...9...10	Bounce #5 added RGB(14269, 10274, 5964)
0...1...2...3...4...5...6...7...8...9...10	Bounce #6 added RGB(5577, 4022, 2148)
0...1...2...3...4...5...6...7...8...9...10	Bounce #7 added RGB(2292, 1644, 800)
0...1...2...3...4...5...6...7...8...9...10	Bounce #8 added RGB(982, 697, 307)
0...1...2...3...4...5...6...7...8...9...10	Bounce #9 added RGB(436, 304, 121)
0...1...2...3...4...5...6...7...8...9...10	Bounce #10 added RGB(199, 135, 48)
0...1...2...3...4...5...6...7...8...9...10	Bounce #11 added RGB(93, 61, 20)
0...1...2...3...4...5...6...7...8...9...10	Bounce #12 added RGB(44, 28, 8)
0...1...2...3...4...5...6...7...8...9...10	Bounce #13 added RGB(21, 13, 3)
0...1...2...3...4...5...6...7...8...9...10	Bounce #14 added RGB(10, 6, 1)
0...1...2...3...4...5...6...7...8...9...10	Bounce #15 added RGB(5, 3, 1)
0...1...2...3...4...5...6...7...8...9...10	Bounce #16 added RGB(2, 1, 0)
0...1...2...3...4...5...6...7...8...9...10	Bounce #17 added RGB(1, 1, 0)
0...1...2...3...4...5...6...7...8...9...10	Bounce #18 added RGB(1, 0, 0)
Build Patch/Sample Hash Table(s).....Done<0.0854 sec>
0...1...2...3...4...5...6...7...8...9...10FinalLightFace Done
0...1...2...3...4...5...6...7...8...9...10Setting up leaf ambient computation...
79 of 377 (20% of) surface lights went in leaf ambient cubes.
0...1...2...3...4...5...6...7...8...9...10Writing leaf ambient...done
Ready to Finish

Object names       Objects/Maxobjs  Fullness 
------------       ---------------  -------- 
entities              1096/65536    ( 1.7%) 
models                 132/4096     ( 3.2%) 
brushes               4059/65536    ( 6.2%) 
brushsides           25650/655350   ( 3.9%) 
planes                5064/65536    ( 7.7%) 
vertexes             29017/65536    (44.3%) 
nodes                 4531/65536    ( 6.9%) 
texinfos              1554/32768    ( 4.7%) 
texdata                297/8192     ( 3.6%) 
dispinfos                4/16384    ( 0.0%) 
faces                16506/65536    (25.2%) 
hdr faces            16506/65536    (25.2%) 
origfaces             8539/65536    (13.0%) 
leaves                4664/65536    ( 7.1%) 
leaffaces            19865/65536    (30.3%) 
leafbrushes           8446/65536    (12.9%) 
areas                   80/1024     ( 7.8%) 
surfedges            80929/512000   (15.8%) 
edges                45758/256000   (17.9%) 
leafwaterdata           12/32768    ( 0.0%) 
primitives            2555/32768    ( 7.8%) 
primverts                0/65536    ( 0.0%) 
primindices          39543/65536    (60.3%) 
cubemapsamples           0/1024     ( 0.0%) 
overlays                65/8192     ( 0.8%) 
vertnormalindices    80804/256000   (31.6%) 
visdata             164046/16777216 ( 1.0%) 
entdata             395963/393216   (100.7%) FULL!!!
LDR ambient table     4664/65536    ( 7.1%) 
HDR ambient table     4664/65536    ( 7.1%) 
LDR worldlights            0       
HDR worldlights            521     
LDR lightdata              0       
HDR lightdata              31496936
LDR leaf ambient           4664    
HDR leaf ambient           14707   
occluders                  0       
occluder polygons          0       
occluder vert ind          0       
detail props               1140    
dtl prp lght               4       
HDR dtl prp lght           4       
static props               18046   
pakfile                    126793  
physics                    1328366 
physics terrain            1376    

Level flags = 0

Total triangle count: 47792
Writing w:\programs\steam\steamapps\common\garrysmod\garrysmod\addons\garrysmodmap\maps\gmm_garrymod_map_by_woowz_flooded_water_blob.bsp
6 seconds elapsed

==================================================================
Date: 2026-09-16 23:28:18
W:\Programs\Steam\steamapps\common\GarrysMod\bin\win64\vbspplusplus.exe -allowdynamicpropsasstatic -game W:\Programs\Steam\steamapps\common\GarrysMod\garrysmod w:\programs\steam\steamapps\common\garrysmod\garrysmod\addons\garrysmodmap\maps\gmm_garrymod_map_by_woowz_flooded_water_blob
==================================================================
16 threads
---------------
gamedir: W:\Programs\Steam\steamapps\common\GarrysMod\garrysmod\
---------------
Loading w:\programs\steam\steamapps\common\garrysmod\garrysmod\addons\garrysmodmap\maps\gmm_garrymod_map_by_woowz_flooded_water_blob.vmf
Can't find surfaceprop antlion_eggshell for material NATURE/ROCKWALL_ANTLION03A, using default
Brush 174502, Side 5: duplicate plane
Locating GameData file 'garrysmod.fgd'...
Parsing GameData file w:\programs\steam\steamapps\common\garrysmod\bin\garrysmod.fgd
Parsing GameData file w:\programs\steam\steamapps\common\garrysmod\bin\base.fgd
Parsing GameData file w:\programs\steam\steamapps\common\garrysmod\bin\halflife2.fgd
Parsing GameData file w:\programs\steam\steamapps\common\garrysmod\bin\base.fgd
fixing up env_cubemap materials on brush sides...
FloodEntities...
FloodEntities...
Processing areas...done (0)
Building Faces...done (0)
Chop Details...done (0)
Find Visible Detail Sides...
Merged 1052 detail faces...done (0)
Merging details...done (1)
FixTjuncs...
PruneNodes...
WriteBSP...
done (0)
writing w:\programs\steam\steamapps\common\garrysmod\garrysmod\addons\garrysmodmap\maps\gmm_garrymod_map_by_woowz_flooded_water_blob.prt...
Building visibility clusters...
done (0)
Generating blank default cubemaps...
Generating blank default cubemaps...
Emitted 4059 brushes and 25650 brushsides
Finding displacement neighbors...
Finding lightmap sample positions...
Building Physics collision data...
done (0) (1328366 bytes)
Emitting static props...
Model "models/props_phx/construct/metal_wire1x2x2b.mdl" is missing $staticprop. Allowing due to -allowdynamicpropsasstatic
Model "models/props_phx/construct/metal_wire_angle360x2.mdl" is missing $staticprop. Allowing due to -allowdynamicpropsasstatic
Placing detail props : 0...1...2...3...4...5...6...7...8...9...10
Water found with no water_lod_control entity, creating a default one.
Compacting texture/material tables...
Reduced 2647 texinfos to 1554
Reduced 325 texdatas to 297 (10171 bytes to 7714)
Writing w:\programs\steam\steamapps\common\garrysmod\garrysmod\addons\garrysmodmap\maps\gmm_garrymod_map_by_woowz_flooded_water_blob.bsp
2 seconds elapsed

==================================================================
Date: 2026-09-16 23:28:21
W:\Programs\Steam\steamapps\common\GarrysMod\bin\win64\vvisplusplus.exe -game W:\Programs\Steam\steamapps\common\GarrysMod\garrysmod w:\programs\steam\steamapps\common\garrysmod\garrysmod\addons\garrysmodmap\maps\gmm_garrymod_map_by_woowz_flooded_water_blob
==================================================================
16 threads
CPU supports AVX2
reading w:\programs\steam\steamapps\common\garrysmod\garrysmod\addons\garrysmodmap\maps\gmm_garrymod_map_by_woowz_flooded_water_blob.bsp
reading w:\programs\steam\steamapps\common\garrysmod\garrysmod\addons\garrysmodmap\maps\gmm_garrymod_map_by_woowz_flooded_water_blob.prt
1429 portalclusters
2627 numportals
0...1...2...3...4...5...6...7...8...9...100...1...2...3...4...5...6...7...8...9...10Optimized: 259 visible clusters (0.34%)
Total clusters visible: 76050
Average clusters visible: 53
Building PAS...
Average clusters audible: 203
visdatasize:164046  compressed from 525872
writing w:\programs\steam\steamapps\common\garrysmod\garrysmod\addons\garrysmodmap\maps\gmm_garrymod_map_by_woowz_flooded_water_blob.bsp
Wrote ZIP buffer, estimated size 130491, actual size 126793
0 seconds elapsed

==================================================================
Date: 2026-09-16 23:28:21
W:\Programs\Steam\steamapps\common\GarrysMod\bin\win64\vradplusplus.exe -both -final -game W:\Programs\Steam\steamapps\common\GarrysMod\garrysmod w:\programs\steam\steamapps\common\garrysmod\garrysmod\addons\garrysmodmap\maps\gmm_garrymod_map_by_woowz_flooded_water_blob
==================================================================
---------------
gamedir: W:\Programs\Steam\steamapps\common\GarrysMod\garrysmod\
---------------
16 threads
Compiling in LDR+HDR mode
Reading texlights from 'lights.rad'...
53 texlights parsed
Loading w:\programs\steam\steamapps\common\garrysmod\garrysmod\addons\garrysmodmap\maps\gmm_garrymod_map_by_woowz_flooded_water_blob.bsp
129 props added to raytrace
16506 faces
2 degenerate faces
453 fake patch planes
1793585 square feet [258276304.00 square inches]
4 Displacements
3259 Square Feet [469401.19 Square Inches]
0...1...2...3...4...5...6...7...8...9...1016504 patches before subdivision
197162 patches after subdivision
CreateDirectLights...
0...1...2...3...4...5...6...7...8...9...10522 lights, 6 styled (0.01 seconds)
0...1...2...3...4...5...6...7...8...9...100...1...2...3...4...5...6...7...8...9...10transfers 22412423, max 1071
transfer lists: 171.0 megs
0...1...2...3...4...5...6...7...8...9...10	Bounce #1 added RGB(1499904, 1107736, 774765)
0...1...2...3...4...5...6...7...8...9...10	Bounce #2 added RGB(380372, 270177, 182060)
0...1...2...3...4...5...6...7...8...9...10	Bounce #3 added RGB(114394, 81216, 53300)
0...1...2...3...4...5...6...7...8...9...10	Bounce #4 added RGB(38871, 27803, 17301)
0...1...2...3...4...5...6...7...8...9...10	Bounce #5 added RGB(14280, 10277, 5966)
0...1...2...3...4...5...6...7...8...9...10	Bounce #6 added RGB(5582, 4023, 2148)
0...1...2...3...4...5...6...7...8...9...10	Bounce #7 added RGB(2294, 1644, 800)
0...1...2...3...4...5...6...7...8...9...10	Bounce #8 added RGB(983, 697, 307)
0...1...2...3...4...5...6...7...8...9...10	Bounce #9 added RGB(436, 304, 121)
0...1...2...3...4...5...6...7...8...9...10	Bounce #10 added RGB(199, 135, 48)
0...1...2...3...4...5...6...7...8...9...10	Bounce #11 added RGB(93, 61, 20)
0...1...2...3...4...5...6...7...8...9...10	Bounce #12 added RGB(44, 28, 8)
0...1...2...3...4...5...6...7...8...9...10	Bounce #13 added RGB(21, 13, 3)
0...1...2...3...4...5...6...7...8...9...10	Bounce #14 added RGB(10, 6, 1)
0...1...2...3...4...5...6...7...8...9...10	Bounce #15 added RGB(5, 3, 1)
0...1...2...3...4...5...6...7...8...9...10	Bounce #16 added RGB(2, 1, 0)
0...1...2...3...4...5...6...7...8...9...10	Bounce #17 added RGB(1, 1, 0)
0...1...2...3...4...5...6...7...8...9...10	Bounce #18 added RGB(1, 0, 0)
Build Patch/Sample Hash Table(s).....Done<0.0869 sec>
0...1...2...3...4...5...6...7...8...9...10FinalLightFace Done
0...1...2...3...4...5...6...7...8...9...10Setting up leaf ambient computation...
79 of 377 (20% of) surface lights went in leaf ambient cubes.
0...1...2...3...4...5...6...7...8...9...10Writing leaf ambient...done
Ready to Finish

Object names       Objects/Maxobjs  Fullness 
------------       ---------------  -------- 
entities              1098/65536    ( 1.7%) 
models                 132/4096     ( 3.2%) 
brushes               4059/65536    ( 6.2%) 
brushsides           25650/655350   ( 3.9%) 
planes                5064/65536    ( 7.7%) 
vertexes             29017/65536    (44.3%) 
nodes                 4531/65536    ( 6.9%) 
texinfos              1554/32768    ( 4.7%) 
texdata                297/8192     ( 3.6%) 
dispinfos                4/16384    ( 0.0%) 
faces                16506/65536    (25.2%) 
hdr faces            16506/65536    (25.2%) 
origfaces             8539/65536    (13.0%) 
leaves                4664/65536    ( 7.1%) 
leaffaces            19865/65536    (30.3%) 
leafbrushes           8446/65536    (12.9%) 
areas                   80/1024     ( 7.8%) 
surfedges            80929/512000   (15.8%) 
edges                45758/256000   (17.9%) 
leafwaterdata           12/32768    ( 0.0%) 
primitives            2555/32768    ( 7.8%) 
primverts                0/65536    ( 0.0%) 
primindices          39543/65536    (60.3%) 
cubemapsamples           0/1024     ( 0.0%) 
overlays                65/8192     ( 0.8%) 
vertnormalindices    80804/256000   (31.6%) 
visdata             164046/16777216 ( 1.0%) 
entdata             396784/393216   (100.9%) FULL!!!
LDR ambient table     4664/65536    ( 7.1%) 
HDR ambient table     4664/65536    ( 7.1%) 
LDR worldlights            0       
HDR worldlights            522     
LDR lightdata              0       
HDR lightdata              31496936
LDR leaf ambient           4664    
HDR leaf ambient           14776   
occluders                  0       
occluder polygons          0       
occluder vert ind          0       
detail props               1140    
dtl prp lght               4       
HDR dtl prp lght           4       
static props               18248   
pakfile                    126793  
physics                    1328366 
physics terrain            1376    

Level flags = 0

Total triangle count: 47792
Writing w:\programs\steam\steamapps\common\garrysmod\garrysmod\addons\garrysmodmap\maps\gmm_garrymod_map_by_woowz_flooded_water_blob.bsp
6 seconds elapsed

==================================================================
Date: 2026-09-16 23:30:10
W:\Programs\Steam\steamapps\common\GarrysMod\bin\win64\vbspplusplus.exe -allowdynamicpropsasstatic -game W:\Programs\Steam\steamapps\common\GarrysMod\garrysmod w:\programs\steam\steamapps\common\garrysmod\garrysmod\addons\garrysmodmap\maps\gmm_garrymod_map_by_woowz_flooded_water_blob
==================================================================
16 threads
---------------
gamedir: W:\Programs\Steam\steamapps\common\GarrysMod\garrysmod\
---------------
Loading w:\programs\steam\steamapps\common\garrysmod\garrysmod\addons\garrysmodmap\maps\gmm_garrymod_map_by_woowz_flooded_water_blob.vmf
Can't find surfaceprop antlion_eggshell for material NATURE/ROCKWALL_ANTLION03A, using default
Brush 174502, Side 5: duplicate plane
Locating GameData file 'garrysmod.fgd'...
Parsing GameData file w:\programs\steam\steamapps\common\garrysmod\bin\garrysmod.fgd
Parsing GameData file w:\programs\steam\steamapps\common\garrysmod\bin\base.fgd
Parsing GameData file w:\programs\steam\steamapps\common\garrysmod\bin\halflife2.fgd
Parsing GameData file w:\programs\steam\steamapps\common\garrysmod\bin\base.fgd
fixing up env_cubemap materials on brush sides...
FloodEntities...
FloodEntities...
Processing areas...done (0)
Building Faces...done (0)
Chop Details...done (0)
Find Visible Detail Sides...
Merged 1052 detail faces...done (0)
Merging details...done (1)
FixTjuncs...
PruneNodes...
WriteBSP...
done (0)
writing w:\programs\steam\steamapps\common\garrysmod\garrysmod\addons\garrysmodmap\maps\gmm_garrymod_map_by_woowz_flooded_water_blob.prt...
Building visibility clusters...
done (0)
Generating blank default cubemaps...
Generating blank default cubemaps...
Emitted 4059 brushes and 25650 brushsides
Finding displacement neighbors...
Finding lightmap sample positions...
Building Physics collision data...
done (0) (1328366 bytes)
Emitting static props...
Model "models/props_phx/construct/metal_wire1x2x2b.mdl" is missing $staticprop. Allowing due to -allowdynamicpropsasstatic
Model "models/props_phx/construct/metal_wire_angle360x2.mdl" is missing $staticprop. Allowing due to -allowdynamicpropsasstatic
Placing detail props : 0...1...2...3...4...5...6...7...8...9...10
Water found with no water_lod_control entity, creating a default one.
Compacting texture/material tables...
Reduced 2647 texinfos to 1554
Reduced 325 texdatas to 297 (10171 bytes to 7714)
Writing w:\programs\steam\steamapps\common\garrysmod\garrysmod\addons\garrysmodmap\maps\gmm_garrymod_map_by_woowz_flooded_water_blob.bsp
2 seconds elapsed

==================================================================
Date: 2026-09-16 23:30:12
W:\Programs\Steam\steamapps\common\GarrysMod\bin\win64\vvisplusplus.exe -game W:\Programs\Steam\steamapps\common\GarrysMod\garrysmod w:\programs\steam\steamapps\common\garrysmod\garrysmod\addons\garrysmodmap\maps\gmm_garrymod_map_by_woowz_flooded_water_blob
==================================================================
16 threads
CPU supports AVX2
reading w:\programs\steam\steamapps\common\garrysmod\garrysmod\addons\garrysmodmap\maps\gmm_garrymod_map_by_woowz_flooded_water_blob.bsp
reading w:\programs\steam\steamapps\common\garrysmod\garrysmod\addons\garrysmodmap\maps\gmm_garrymod_map_by_woowz_flooded_water_blob.prt
1429 portalclusters
2627 numportals
0...1...2...3...4...5...6...7...8...9...100...1...2...3...4...5...6...7...8...9...10Optimized: 256 visible clusters (0.34%)
Total clusters visible: 76047
Average clusters visible: 53
Building PAS...
Average clusters audible: 203
visdatasize:164046  compressed from 525872
writing w:\programs\steam\steamapps\common\garrysmod\garrysmod\addons\garrysmodmap\maps\gmm_garrymod_map_by_woowz_flooded_water_blob.bsp
Wrote ZIP buffer, estimated size 130491, actual size 126793
0 seconds elapsed

==================================================================
Date: 2026-09-16 23:30:12
W:\Programs\Steam\steamapps\common\GarrysMod\bin\win64\vradplusplus.exe -both -final -game W:\Programs\Steam\steamapps\common\GarrysMod\garrysmod w:\programs\steam\steamapps\common\garrysmod\garrysmod\addons\garrysmodmap\maps\gmm_garrymod_map_by_woowz_flooded_water_blob
==================================================================
---------------
gamedir: W:\Programs\Steam\steamapps\common\GarrysMod\garrysmod\
---------------
16 threads
Compiling in LDR+HDR mode
Reading texlights from 'lights.rad'...
53 texlights parsed
Loading w:\programs\steam\steamapps\common\garrysmod\garrysmod\addons\garrysmodmap\maps\gmm_garrymod_map_by_woowz_flooded_water_blob.bsp
129 props added to raytrace
16506 faces
2 degenerate faces
453 fake patch planes
1793585 square feet [258276304.00 square inches]
4 Displacements
3259 Square Feet [469401.19 Square Inches]
0...1...2...3...4...5...6...7...8...9...1016504 patches before subdivision
197162 patches after subdivision
CreateDirectLights...
0...1...2...3...4...5...6...7...8...9...10522 lights, 6 styled (0.01 seconds)
0...1...2...3...4...5...6...7...8...9...100...1...2...3...4...5...6...7...8...9...10transfers 22412423, max 1071
transfer lists: 171.0 megs
0...1...2...3...4...5...6...7...8...9...10	Bounce #1 added RGB(1521407, 1122969, 786685)
0...1...2...3...4...5...6...7...8...9...10	Bounce #2 added RGB(387584, 274022, 184588)
0...1...2...3...4...5...6...7...8...9...10	Bounce #3 added RGB(116912, 82220, 53855)
0...1...2...3...4...5...6...7...8...9...10	Bounce #4 added RGB(39803, 28088, 17437)
0...1...2...3...4...5...6...7...8...9...10	Bounce #5 added RGB(14632, 10361, 6001)
0...1...2...3...4...5...6...7...8...9...10	Bounce #6 added RGB(5716, 4048, 2158)
0...1...2...3...4...5...6...7...8...9...10	Bounce #7 added RGB(2345, 1652, 803)
0...1...2...3...4...5...6...7...8...9...10	Bounce #8 added RGB(1002, 699, 308)
0...1...2...3...4...5...6...7...8...9...10	Bounce #9 added RGB(443, 304, 121)
0...1...2...3...4...5...6...7...8...9...10	Bounce #10 added RGB(202, 136, 49)
0...1...2...3...4...5...6...7...8...9...10	Bounce #11 added RGB(94, 61, 20)
0...1...2...3...4...5...6...7...8...9...10	Bounce #12 added RGB(44, 28, 8)
0...1...2...3...4...5...6...7...8...9...10	Bounce #13 added RGB(21, 13, 3)
0...1...2...3...4...5...6...7...8...9...10	Bounce #14 added RGB(10, 6, 1)
0...1...2...3...4...5...6...7...8...9...10	Bounce #15 added RGB(5, 3, 1)
0...1...2...3...4...5...6...7...8...9...10	Bounce #16 added RGB(2, 1, 0)
0...1...2...3...4...5...6...7...8...9...10	Bounce #17 added RGB(1, 1, 0)
0...1...2...3...4...5...6...7...8...9...10	Bounce #18 added RGB(1, 0, 0)
Build Patch/Sample Hash Table(s).....Done<0.0843 sec>
0...1...2...3...4...5...6...7...8...9...10FinalLightFace Done
0...1...2...3...4...5...6...7...8...9...10Setting up leaf ambient computation...
79 of 377 (20% of) surface lights went in leaf ambient cubes.
0...1...2...3...4...5...6...7...8...9...10Writing leaf ambient...done
Ready to Finish

Object names       Objects/Maxobjs  Fullness 
------------       ---------------  -------- 
entities              1098/65536    ( 1.7%) 
models                 132/4096     ( 3.2%) 
brushes               4059/65536    ( 6.2%) 
brushsides           25650/655350   ( 3.9%) 
planes                5064/65536    ( 7.7%) 
vertexes             29017/65536    (44.3%) 
nodes                 4531/65536    ( 6.9%) 
texinfos              1554/32768    ( 4.7%) 
texdata                297/8192     ( 3.6%) 
dispinfos                4/16384    ( 0.0%) 
faces                16506/65536    (25.2%) 
hdr faces            16506/65536    (25.2%) 
origfaces             8539/65536    (13.0%) 
leaves                4664/65536    ( 7.1%) 
leaffaces            19865/65536    (30.3%) 
leafbrushes           8446/65536    (12.9%) 
areas                   80/1024     ( 7.8%) 
surfedges            80929/512000   (15.8%) 
edges                45758/256000   (17.9%) 
leafwaterdata           12/32768    ( 0.0%) 
primitives            2555/32768    ( 7.8%) 
primverts                0/65536    ( 0.0%) 
primindices          39543/65536    (60.3%) 
cubemapsamples           0/1024     ( 0.0%) 
overlays                65/8192     ( 0.8%) 
vertnormalindices    80804/256000   (31.6%) 
visdata             164046/16777216 ( 1.0%) 
entdata             396786/393216   (100.9%) FULL!!!
LDR ambient table     4664/65536    ( 7.1%) 
HDR ambient table     4664/65536    ( 7.1%) 
LDR worldlights            0       
HDR worldlights            522     
LDR lightdata              0       
HDR lightdata              31496936
LDR leaf ambient           4664    
HDR leaf ambient           14977   
occluders                  0       
occluder polygons          0       
occluder vert ind          0       
detail props               1140    
dtl prp lght               4       
HDR dtl prp lght           4       
static props               18248   
pakfile                    126793  
physics                    1328366 
physics terrain            1376    

Level flags = 0

Total triangle count: 47792
Writing w:\programs\steam\steamapps\common\garrysmod\garrysmod\addons\garrysmodmap\maps\gmm_garrymod_map_by_woowz_flooded_water_blob.bsp
6 seconds elapsed

==================================================================
Date: 2026-09-16 23:50:22
W:\Programs\Steam\steamapps\common\GarrysMod\bin\win64\vbspplusplus.exe -allowdynamicpropsasstatic -game W:\Programs\Steam\steamapps\common\GarrysMod\garrysmod w:\programs\steam\steamapps\common\garrysmod\garrysmod\addons\garrysmodmap\maps\gmm_garrymod_map_by_woowz_flooded_water_blob
==================================================================
16 threads
---------------
gamedir: W:\Programs\Steam\steamapps\common\GarrysMod\garrysmod\
---------------
Loading w:\programs\steam\steamapps\common\garrysmod\garrysmod\addons\garrysmodmap\maps\gmm_garrymod_map_by_woowz_flooded_water_blob.vmf
***need to set $abovewater for material dev/dev_water2_cheap
***need to set $abovewater for material dev/dev_water2_cheap
Error! Variable "$fogcolor" is multiply defined in material "nature/water_coast05"!
Error! Variable "$fogcolor" is multiply defined in material "nature/water_coast05"!
Error! Variable "$fogcolor" is multiply defined in material "nature/water_coast05"!
Error! Variable "$fogcolor" is multiply defined in material "nature/water_coast05"!
Error! Variable "$fogcolor" is multiply defined in material "nature/water_coast05"!
Error! Variable "$fogcolor" is multiply defined in material "nature/water_coast05"!
Can't find surfaceprop antlion_eggshell for material NATURE/ROCKWALL_ANTLION03A, using default
Brush 174502, Side 5: duplicate plane
Locating GameData file 'garrysmod.fgd'...
Parsing GameData file w:\programs\steam\steamapps\common\garrysmod\bin\garrysmod.fgd
Parsing GameData file w:\programs\steam\steamapps\common\garrysmod\bin\base.fgd
Parsing GameData file w:\programs\steam\steamapps\common\garrysmod\bin\halflife2.fgd
Parsing GameData file w:\programs\steam\steamapps\common\garrysmod\bin\base.fgd
fixing up env_cubemap materials on brush sides...
FloodEntities...
FloodEntities...
Processing areas...done (0)
Building Faces...Material NATURE/WATER_WASTELAND002A_BENEATH doesn't have a $bottommaterial
done (0)
Chop Details...done (0)
Find Visible Detail Sides...
Merged 1052 detail faces...done (0)
Merging details...done (0)
FixTjuncs...
PruneNodes...
WriteBSP...
done (0)
writing w:\programs\steam\steamapps\common\garrysmod\garrysmod\addons\garrysmodmap\maps\gmm_garrymod_map_by_woowz_flooded_water_blob.prt...
Building visibility clusters...
done (0)
Generating blank default cubemaps...
Generating blank default cubemaps...
Emitted 4107 brushes and 25938 brushsides
Finding displacement neighbors...
Finding lightmap sample positions...
Building Physics collision data...
done (0) (1343620 bytes)
Emitting static props...
Model "models/props_phx/construct/metal_wire1x2x2b.mdl" is missing $staticprop. Allowing due to -allowdynamicpropsasstatic
Model "models/props_phx/construct/metal_wire_angle360x2.mdl" is missing $staticprop. Allowing due to -allowdynamicpropsasstatic
Placing detail props : 0...1...2...3...4...5...6...7...8...9...10
Water found with no water_lod_control entity, creating a default one.
Compacting texture/material tables...
Reduced 2689 texinfos to 1595
Reduced 366 texdatas to 337 (11312 bytes to 8774)
Writing w:\programs\steam\steamapps\common\garrysmod\garrysmod\addons\garrysmodmap\maps\gmm_garrymod_map_by_woowz_flooded_water_blob.bsp
2 seconds elapsed

==================================================================
Date: 2026-09-16 23:50:24
W:\Programs\Steam\steamapps\common\GarrysMod\bin\win64\vvisplusplus.exe -game W:\Programs\Steam\steamapps\common\GarrysMod\garrysmod w:\programs\steam\steamapps\common\garrysmod\garrysmod\addons\garrysmodmap\maps\gmm_garrymod_map_by_woowz_flooded_water_blob
==================================================================
16 threads
CPU supports AVX2
reading w:\programs\steam\steamapps\common\garrysmod\garrysmod\addons\garrysmodmap\maps\gmm_garrymod_map_by_woowz_flooded_water_blob.bsp
reading w:\programs\steam\steamapps\common\garrysmod\garrysmod\addons\garrysmodmap\maps\gmm_garrymod_map_by_woowz_flooded_water_blob.prt
1467 portalclusters
2778 numportals
0...1...2...3...4...5...6...7...8...9...100...1...2...3...4...5...6...7...8...9...10Optimized: 340 visible clusters (0.38%)
Total clusters visible: 90539
Average clusters visible: 61
Building PAS...
Average clusters audible: 222
visdatasize:176261  compressed from 539856
writing w:\programs\steam\steamapps\common\garrysmod\garrysmod\addons\garrysmodmap\maps\gmm_garrymod_map_by_woowz_flooded_water_blob.bsp
Wrote ZIP buffer, estimated size 130997, actual size 127165
0 seconds elapsed

==================================================================
Date: 2026-09-16 23:50:24
W:\Programs\Steam\steamapps\common\GarrysMod\bin\win64\vradplusplus.exe -both -final -game W:\Programs\Steam\steamapps\common\GarrysMod\garrysmod w:\programs\steam\steamapps\common\garrysmod\garrysmod\addons\garrysmodmap\maps\gmm_garrymod_map_by_woowz_flooded_water_blob
==================================================================
---------------
gamedir: W:\Programs\Steam\steamapps\common\GarrysMod\garrysmod\
---------------
16 threads
Compiling in LDR+HDR mode
Reading texlights from 'lights.rad'...
53 texlights parsed
Loading w:\programs\steam\steamapps\common\garrysmod\garrysmod\addons\garrysmodmap\maps\gmm_garrymod_map_by_woowz_flooded_water_blob.bsp
129 props added to raytrace
16562 faces
2 degenerate faces
453 fake patch planes
1802913 square feet [259619504.00 square inches]
4 Displacements
3259 Square Feet [469401.19 Square Inches]
0...1...2...3...4...5...6...7...8...9...1016560 patches before subdivision
197432 patches after subdivision
CreateDirectLights...
0...1...2...3...4...5...6...7...8...9...10522 lights, 6 styled (0.01 seconds)
0...1...2...3...4...5...6...7...8...9...100...1...2...3...4...5...6...7...8...9...10transfers 21837878, max 814
transfer lists: 166.6 megs
0...1...2...3...4...5...6...7...8...9...10	Bounce #1 added RGB(1524289, 1122108, 786001)
0...1...2...3...4...5...6...7...8...9...10	Bounce #2 added RGB(388174, 274004, 184631)
0...1...2...3...4...5...6...7...8...9...10	Bounce #3 added RGB(117069, 82231, 53875)
0...1...2...3...4...5...6...7...8...9...10	Bounce #4 added RGB(39846, 28094, 17444)
0...1...2...3...4...5...6...7...8...9...10	Bounce #5 added RGB(14644, 10363, 6003)
0...1...2...3...4...5...6...7...8...9...10	Bounce #6 added RGB(5719, 4049, 2158)
0...1...2...3...4...5...6...7...8...9...10	Bounce #7 added RGB(2346, 1652, 803)
0...1...2...3...4...5...6...7...8...9...10	Bounce #8 added RGB(1003, 699, 308)
0...1...2...3...4...5...6...7...8...9...10	Bounce #9 added RGB(444, 304, 121)
0...1...2...3...4...5...6...7...8...9...10	Bounce #10 added RGB(202, 136, 49)
0...1...2...3...4...5...6...7...8...9...10	Bounce #11 added RGB(94, 61, 20)
0...1...2...3...4...5...6...7...8...9...10	Bounce #12 added RGB(44, 28, 8)
0...1...2...3...4...5...6...7...8...9...10	Bounce #13 added RGB(21, 13, 3)
0...1...2...3...4...5...6...7...8...9...10	Bounce #14 added RGB(10, 6, 1)
0...1...2...3...4...5...6...7...8...9...10	Bounce #15 added RGB(5, 3, 1)
0...1...2...3...4...5...6...7...8...9...10	Bounce #16 added RGB(2, 1, 0)
0...1...2...3...4...5...6...7...8...9...10	Bounce #17 added RGB(1, 1, 0)
0...1...2...3...4...5...6...7...8...9...10	Bounce #18 added RGB(1, 0, 0)
Build Patch/Sample Hash Table(s).....Done<0.0843 sec>
0...1...2...3...4...5...6...7...8...9...10FinalLightFace Done
0...1...2...3...4...5...6...7...8...9...10Setting up leaf ambient computation...
79 of 377 (20% of) surface lights went in leaf ambient cubes.
0...1...2...3...4...5...6...7...8...9...10Writing leaf ambient...done
Ready to Finish

Object names       Objects/Maxobjs  Fullness 
------------       ---------------  -------- 
entities              1098/65536    ( 1.7%) 
models                 132/4096     ( 3.2%) 
brushes               4107/65536    ( 6.3%) 
brushsides           25938/655350   ( 4.0%) 
planes                5072/65536    ( 7.7%) 
vertexes             29096/65536    (44.4%) 
nodes                 4580/65536    ( 7.0%) 
texinfos              1595/32768    ( 4.9%) 
texdata                337/8192     ( 4.1%) 
dispinfos                4/16384    ( 0.0%) 
faces                16562/65536    (25.3%) 
hdr faces            16562/65536    (25.3%) 
origfaces             8585/65536    (13.1%) 
leaves                4713/65536    ( 7.2%) 
leaffaces            19991/65536    (30.5%) 
leafbrushes           8561/65536    (13.1%) 
areas                   80/1024     ( 7.8%) 
surfedges            81184/512000   (15.9%) 
edges                45911/256000   (17.9%) 
leafwaterdata           13/32768    ( 0.0%) 
primitives            2569/32768    ( 7.8%) 
primverts                0/65536    ( 0.0%) 
primindices          39714/65536    (60.6%) 
cubemapsamples           0/1024     ( 0.0%) 
overlays                65/8192     ( 0.8%) 
vertnormalindices    81059/256000   (31.7%) 
visdata             176261/16777216 ( 1.1%) 
entdata             396786/393216   (100.9%) FULL!!!
LDR ambient table     4713/65536    ( 7.2%) 
HDR ambient table     4713/65536    ( 7.2%) 
LDR worldlights            0       
HDR worldlights            522     
LDR lightdata              0       
HDR lightdata              31498780
LDR leaf ambient           4713    
HDR leaf ambient           15474   
occluders                  0       
occluder polygons          0       
occluder vert ind          0       
detail props               1140    
dtl prp lght               4       
HDR dtl prp lght           4       
static props               18248   
pakfile                    127165  
physics                    1343620 
physics terrain            1376    

Level flags = 0

Total triangle count: 47935
Writing w:\programs\steam\steamapps\common\garrysmod\garrysmod\addons\garrysmodmap\maps\gmm_garrymod_map_by_woowz_flooded_water_blob.bsp
6 seconds elapsed

==================================================================
Date: 2026-09-17 00:04:11
W:\Programs\Steam\steamapps\common\GarrysMod\bin\win64\vbspplusplus.exe -allowdynamicpropsasstatic -game W:\Programs\Steam\steamapps\common\GarrysMod\garrysmod w:\programs\steam\steamapps\common\garrysmod\garrysmod\addons\garrysmodmap\maps\gmm_garrymod_map_by_woowz_flooded_water_blob
==================================================================
16 threads
---------------
gamedir: W:\Programs\Steam\steamapps\common\GarrysMod\garrysmod\
---------------
Loading w:\programs\steam\steamapps\common\garrysmod\garrysmod\addons\garrysmodmap\maps\gmm_garrymod_map_by_woowz_flooded_water_blob.vmf
Can't find surfaceprop antlion_eggshell for material NATURE/ROCKWALL_ANTLION03A, using default
Brush 174502, Side 5: duplicate plane
Locating GameData file 'garrysmod.fgd'...
Parsing GameData file w:\programs\steam\steamapps\common\garrysmod\bin\garrysmod.fgd
Parsing GameData file w:\programs\steam\steamapps\common\garrysmod\bin\base.fgd
Parsing GameData file w:\programs\steam\steamapps\common\garrysmod\bin\halflife2.fgd
Parsing GameData file w:\programs\steam\steamapps\common\garrysmod\bin\base.fgd
fixing up env_cubemap materials on brush sides...
FloodEntities...
entity reached from outside -- no filling
**** leaked ****
Entity prop_physics (1206.22 383.43 254.27) leaked!
--- MAP LEAKED ---

==================================================================
Date: 2026-09-17 00:05:17
W:\Programs\Steam\steamapps\common\GarrysMod\bin\win64\vbspplusplus.exe -allowdynamicpropsasstatic -game W:\Programs\Steam\steamapps\common\GarrysMod\garrysmod w:\programs\steam\steamapps\common\garrysmod\garrysmod\addons\garrysmodmap\maps\gmm_garrymod_map_by_woowz_flooded_water_blob
==================================================================
16 threads
---------------
gamedir: W:\Programs\Steam\steamapps\common\GarrysMod\garrysmod\
---------------
Loading w:\programs\steam\steamapps\common\garrysmod\garrysmod\addons\garrysmodmap\maps\gmm_garrymod_map_by_woowz_flooded_water_blob.vmf
Can't find surfaceprop antlion_eggshell for material NATURE/ROCKWALL_ANTLION03A, using default
Brush 174502, Side 5: duplicate plane
Locating GameData file 'garrysmod.fgd'...
Parsing GameData file w:\programs\steam\steamapps\common\garrysmod\bin\garrysmod.fgd
Parsing GameData file w:\programs\steam\steamapps\common\garrysmod\bin\base.fgd
Parsing GameData file w:\programs\steam\steamapps\common\garrysmod\bin\halflife2.fgd
Parsing GameData file w:\programs\steam\steamapps\common\garrysmod\bin\base.fgd
fixing up env_cubemap materials on brush sides...
FloodEntities...
entity reached from outside -- no filling
**** leaked ****
Entity prop_physics (1206.22 383.43 254.27) leaked!
--- MAP LEAKED ---

==================================================================
Date: 2026-09-17 00:05:41
W:\Programs\Steam\steamapps\common\GarrysMod\bin\win64\vbspplusplus.exe -allowdynamicpropsasstatic -game W:\Programs\Steam\steamapps\common\GarrysMod\garrysmod w:\programs\steam\steamapps\common\garrysmod\garrysmod\addons\garrysmodmap\maps\gmm_garrymod_map_by_woowz_flooded_water_blob
==================================================================
16 threads
---------------
gamedir: W:\Programs\Steam\steamapps\common\GarrysMod\garrysmod\
---------------
Loading w:\programs\steam\steamapps\common\garrysmod\garrysmod\addons\garrysmodmap\maps\gmm_garrymod_map_by_woowz_flooded_water_blob.vmf
Can't find surfaceprop antlion_eggshell for material NATURE/ROCKWALL_ANTLION03A, using default
Brush 174502, Side 5: duplicate plane
Locating GameData file 'garrysmod.fgd'...
Parsing GameData file w:\programs\steam\steamapps\common\garrysmod\bin\garrysmod.fgd
Parsing GameData file w:\programs\steam\steamapps\common\garrysmod\bin\base.fgd
Parsing GameData file w:\programs\steam\steamapps\common\garrysmod\bin\halflife2.fgd
Parsing GameData file w:\programs\steam\steamapps\common\garrysmod\bin\base.fgd
fixing up env_cubemap materials on brush sides...
FloodEntities...
entity reached from outside -- no filling
**** leaked ****
Entity prop_physics (1206.22 383.43 254.27) leaked!
--- MAP LEAKED ---

==================================================================
Date: 2026-09-17 00:06:29
W:\Programs\Steam\steamapps\common\GarrysMod\bin\win64\vbspplusplus.exe -allowdynamicpropsasstatic -game W:\Programs\Steam\steamapps\common\GarrysMod\garrysmod w:\programs\steam\steamapps\common\garrysmod\garrysmod\addons\garrysmodmap\maps\gmm_garrymod_map_by_woowz_flooded_water_blob
==================================================================
16 threads
---------------
gamedir: W:\Programs\Steam\steamapps\common\GarrysMod\garrysmod\
---------------
Loading w:\programs\steam\steamapps\common\garrysmod\garrysmod\addons\garrysmodmap\maps\gmm_garrymod_map_by_woowz_flooded_water_blob.vmf
Can't find surfaceprop antlion_eggshell for material NATURE/ROCKWALL_ANTLION03A, using default
Brush 174502, Side 5: duplicate plane
Locating GameData file 'garrysmod.fgd'...
Parsing GameData file w:\programs\steam\steamapps\common\garrysmod\bin\garrysmod.fgd
Parsing GameData file w:\programs\steam\steamapps\common\garrysmod\bin\base.fgd
Parsing GameData file w:\programs\steam\steamapps\common\garrysmod\bin\halflife2.fgd
Parsing GameData file w:\programs\steam\steamapps\common\garrysmod\bin\base.fgd
fixing up env_cubemap materials on brush sides...
FloodEntities...
FloodEntities...
Processing areas...done (0)
Building Faces...done (0)
Chop Details...done (0)
Find Visible Detail Sides...
Merged 1072 detail faces...done (0)
Merging details...done (0)
FixTjuncs...
PruneNodes...
WriteBSP...
done (1)
writing w:\programs\steam\steamapps\common\garrysmod\garrysmod\addons\garrysmodmap\maps\gmm_garrymod_map_by_woowz_flooded_water_blob.prt...
Building visibility clusters...
done (0)
Generating blank default cubemaps...
Generating blank default cubemaps...
Emitted 4058 brushes and 25665 brushsides
Finding displacement neighbors...
Finding lightmap sample positions...
Building Physics collision data...
done (0) (1328518 bytes)
Emitting static props...
Model "models/props_phx/construct/metal_wire1x2x2b.mdl" is missing $staticprop. Allowing due to -allowdynamicpropsasstatic
Model "models/props_phx/construct/metal_wire_angle360x2.mdl" is missing $staticprop. Allowing due to -allowdynamicpropsasstatic
Placing detail props : 0...1...2...3...4...5...6...7...8...9...10
Water found with no water_lod_control entity, creating a default one.
Compacting texture/material tables...
Reduced 2666 texinfos to 1566
Reduced 324 texdatas to 296 (10155 bytes to 7742)
Writing w:\programs\steam\steamapps\common\garrysmod\garrysmod\addons\garrysmodmap\maps\gmm_garrymod_map_by_woowz_flooded_water_blob.bsp
2 seconds elapsed

==================================================================
Date: 2026-09-17 00:06:32
W:\Programs\Steam\steamapps\common\GarrysMod\bin\win64\vvisplusplus.exe -game W:\Programs\Steam\steamapps\common\GarrysMod\garrysmod w:\programs\steam\steamapps\common\garrysmod\garrysmod\addons\garrysmodmap\maps\gmm_garrymod_map_by_woowz_flooded_water_blob
==================================================================
16 threads
CPU supports AVX2
reading w:\programs\steam\steamapps\common\garrysmod\garrysmod\addons\garrysmodmap\maps\gmm_garrymod_map_by_woowz_flooded_water_blob.bsp
reading w:\programs\steam\steamapps\common\garrysmod\garrysmod\addons\garrysmodmap\maps\gmm_garrymod_map_by_woowz_flooded_water_blob.prt
1363 portalclusters
2439 numportals
0...1...2...3...4...5...6...7...8...9...100...1...2...3...4...5...6...7...8...9...10Optimized: 263 visible clusters (0.37%)
Total clusters visible: 71402
Average clusters visible: 52
Building PAS...
Average clusters audible: 193
visdatasize:148061  compressed from 479776
writing w:\programs\steam\steamapps\common\garrysmod\garrysmod\addons\garrysmodmap\maps\gmm_garrymod_map_by_woowz_flooded_water_blob.bsp
Wrote ZIP buffer, estimated size 130412, actual size 126714
0 seconds elapsed

==================================================================
Date: 2026-09-17 00:06:32
W:\Programs\Steam\steamapps\common\GarrysMod\bin\win64\vradplusplus.exe -both -final -game W:\Programs\Steam\steamapps\common\GarrysMod\garrysmod w:\programs\steam\steamapps\common\garrysmod\garrysmod\addons\garrysmodmap\maps\gmm_garrymod_map_by_woowz_flooded_water_blob
==================================================================
---------------
gamedir: W:\Programs\Steam\steamapps\common\GarrysMod\garrysmod\
---------------
16 threads
Compiling in LDR+HDR mode
Reading texlights from 'lights.rad'...
53 texlights parsed
Loading w:\programs\steam\steamapps\common\garrysmod\garrysmod\addons\garrysmodmap\maps\gmm_garrymod_map_by_woowz_flooded_water_blob.bsp
127 props added to raytrace
16330 faces
2 degenerate faces
439 fake patch planes
1788788 square feet [257585552.00 square inches]
4 Displacements
3259 Square Feet [469401.19 Square Inches]
0...1...2...3...4...5...6...7...8...9...1016328 patches before subdivision
196522 patches after subdivision
CreateDirectLights...
0...1...2...3...4...5...6...7...8...9...10520 lights, 6 styled (0.01 seconds)
0...1...2...3...4...5...6...7...8...9...100...1...2...3...4...5...6...7...8...9...10transfers 22366423, max 1069
transfer lists: 170.6 megs
0...1...2...3...4...5...6...7...8...9...10	Bounce #1 added RGB(1484491, 1091293, 776198)
0...1...2...3...4...5...6...7...8...9...10	Bounce #2 added RGB(379182, 269172, 183564)
0...1...2...3...4...5...6...7...8...9...10	Bounce #3 added RGB(115334, 81612, 53820)
0...1...2...3...4...5...6...7...8...9...10	Bounce #4 added RGB(39511, 28015, 17448)
0...1...2...3...4...5...6...7...8...9...10	Bounce #5 added RGB(14599, 10358, 6007)
0...1...2...3...4...5...6...7...8...9...10	Bounce #6 added RGB(5723, 4050, 2160)
0...1...2...3...4...5...6...7...8...9...10	Bounce #7 added RGB(2353, 1653, 804)
0...1...2...3...4...5...6...7...8...9...10	Bounce #8 added RGB(1007, 699, 308)
0...1...2...3...4...5...6...7...8...9...10	Bounce #9 added RGB(446, 304, 121)
0...1...2...3...4...5...6...7...8...9...10	Bounce #10 added RGB(203, 136, 49)
0...1...2...3...4...5...6...7...8...9...10	Bounce #11 added RGB(94, 61, 20)
0...1...2...3...4...5...6...7...8...9...10	Bounce #12 added RGB(45, 28, 8)
0...1...2...3...4...5...6...7...8...9...10	Bounce #13 added RGB(21, 13, 3)
0...1...2...3...4...5...6...7...8...9...10	Bounce #14 added RGB(10, 6, 1)
0...1...2...3...4...5...6...7...8...9...10	Bounce #15 added RGB(5, 3, 1)
0...1...2...3...4...5...6...7...8...9...10	Bounce #16 added RGB(2, 1, 0)
0...1...2...3...4...5...6...7...8...9...10	Bounce #17 added RGB(1, 1, 0)
0...1...2...3...4...5...6...7...8...9...10	Bounce #18 added RGB(1, 0, 0)
Build Patch/Sample Hash Table(s).....Done<0.0869 sec>
0...1...2...3...4...5...6...7...8...9...10FinalLightFace Done
0...1...2...3...4...5...6...7...8...9...10Setting up leaf ambient computation...
79 of 378 (20% of) surface lights went in leaf ambient cubes.
0...1...2...3...4...5...6...7...8...9...10Writing leaf ambient...done
Ready to Finish

Object names       Objects/Maxobjs  Fullness 
------------       ---------------  -------- 
entities              1092/65536    ( 1.7%) 
models                 131/4096     ( 3.2%) 
brushes               4058/65536    ( 6.2%) 
brushsides           25665/655350   ( 3.9%) 
planes                5096/65536    ( 7.8%) 
vertexes             28744/65536    (43.9%) 
nodes                 4401/65536    ( 6.7%) 
texinfos              1566/32768    ( 4.8%) 
texdata                296/8192     ( 3.6%) 
dispinfos                4/16384    ( 0.0%) 
faces                16330/65536    (24.9%) 
hdr faces            16330/65536    (24.9%) 
origfaces             8522/65536    (13.0%) 
leaves                4533/65536    ( 6.9%) 
leaffaces            19634/65536    (30.0%) 
leafbrushes           8380/65536    (12.8%) 
areas                   80/1024     ( 7.8%) 
surfedges            79982/512000   (15.6%) 
edges                45273/256000   (17.7%) 
leafwaterdata           11/32768    ( 0.0%) 
primitives            2505/32768    ( 7.6%) 
primverts                0/65536    ( 0.0%) 
primindices          38694/65536    (59.0%) 
cubemapsamples           0/1024     ( 0.0%) 
overlays                65/8192     ( 0.8%) 
vertnormalindices    79858/256000   (31.2%) 
visdata             148061/16777216 ( 0.9%) 
entdata             394785/393216   (100.4%) FULL!!!
LDR ambient table     4533/65536    ( 6.9%) 
HDR ambient table     4533/65536    ( 6.9%) 
LDR worldlights            0       
HDR worldlights            520     
LDR lightdata              0       
HDR lightdata              31396060
LDR leaf ambient           4533    
HDR leaf ambient           13854   
occluders                  0       
occluder polygons          0       
occluder vert ind          0       
detail props               1140    
dtl prp lght               4       
HDR dtl prp lght           4       
static props               18096   
pakfile                    126714  
physics                    1328518 
physics terrain            1376    

Level flags = 0

Total triangle count: 47198
Writing w:\programs\steam\steamapps\common\garrysmod\garrysmod\addons\garrysmodmap\maps\gmm_garrymod_map_by_woowz_flooded_water_blob.bsp
6 seconds elapsed

==================================================================
Date: 2026-09-17 00:06:59
W:\Programs\Steam\steamapps\common\GarrysMod\bin\win64\vbspplusplus.exe -allowdynamicpropsasstatic -game W:\Programs\Steam\steamapps\common\GarrysMod\garrysmod w:\programs\steam\steamapps\common\garrysmod\garrysmod\addons\garrysmodmap\maps\gmm_garrymod_map_by_woowz_flooded_water_blob
==================================================================
16 threads
---------------
gamedir: W:\Programs\Steam\steamapps\common\GarrysMod\garrysmod\
---------------
Loading w:\programs\steam\steamapps\common\garrysmod\garrysmod\addons\garrysmodmap\maps\gmm_garrymod_map_by_woowz_flooded_water_blob.vmf
Can't find surfaceprop antlion_eggshell for material NATURE/ROCKWALL_ANTLION03A, using default
Brush 174502, Side 5: duplicate plane
Locating GameData file 'garrysmod.fgd'...
Parsing GameData file w:\programs\steam\steamapps\common\garrysmod\bin\garrysmod.fgd
Parsing GameData file w:\programs\steam\steamapps\common\garrysmod\bin\base.fgd
Parsing GameData file w:\programs\steam\steamapps\common\garrysmod\bin\halflife2.fgd
Parsing GameData file w:\programs\steam\steamapps\common\garrysmod\bin\base.fgd
fixing up env_cubemap materials on brush sides...
FloodEntities...
FloodEntities...
Processing areas...done (0)
Building Faces...done (0)
Chop Details...done (0)
Find Visible Detail Sides...
Merged 1072 detail faces...done (0)
Merging details...done (1)
FixTjuncs...
PruneNodes...
WriteBSP...
done (0)
writing w:\programs\steam\steamapps\common\garrysmod\garrysmod\addons\garrysmodmap\maps\gmm_garrymod_map_by_woowz_flooded_water_blob.prt...
Building visibility clusters...
done (0)
Generating blank default cubemaps...
Generating blank default cubemaps...
Emitted 4058 brushes and 25665 brushsides
Finding displacement neighbors...
Finding lightmap sample positions...
Building Physics collision data...
done (0) (1328518 bytes)
Emitting static props...
Model "models/props_phx/construct/metal_wire1x2x2b.mdl" is missing $staticprop. Allowing due to -allowdynamicpropsasstatic
Model "models/props_phx/construct/metal_wire_angle360x2.mdl" is missing $staticprop. Allowing due to -allowdynamicpropsasstatic
Placing detail props : 0...1...2...3...4...5...6...7...8...9...10
Water found with no water_lod_control entity, creating a default one.
Compacting texture/material tables...
Reduced 2667 texinfos to 1567
Reduced 325 texdatas to 297 (10176 bytes to 7763)
Writing w:\programs\steam\steamapps\common\garrysmod\garrysmod\addons\garrysmodmap\maps\gmm_garrymod_map_by_woowz_flooded_water_blob.bsp
2 seconds elapsed

==================================================================
Date: 2026-09-17 00:07:01
W:\Programs\Steam\steamapps\common\GarrysMod\bin\win64\vvisplusplus.exe -game W:\Programs\Steam\steamapps\common\GarrysMod\garrysmod w:\programs\steam\steamapps\common\garrysmod\garrysmod\addons\garrysmodmap\maps\gmm_garrymod_map_by_woowz_flooded_water_blob
==================================================================
16 threads
CPU supports AVX2
reading w:\programs\steam\steamapps\common\garrysmod\garrysmod\addons\garrysmodmap\maps\gmm_garrymod_map_by_woowz_flooded_water_blob.bsp
reading w:\programs\steam\steamapps\common\garrysmod\garrysmod\addons\garrysmodmap\maps\gmm_garrymod_map_by_woowz_flooded_water_blob.prt
1363 portalclusters
2439 numportals
0...1...2...3...4...5...6...7...8...9...100...1...2...3...4...5...6...7...8...9...10Optimized: 260 visible clusters (0.36%)
Total clusters visible: 71399
Average clusters visible: 52
Building PAS...
Average clusters audible: 193
visdatasize:148061  compressed from 479776
writing w:\programs\steam\steamapps\common\garrysmod\garrysmod\addons\garrysmodmap\maps\gmm_garrymod_map_by_woowz_flooded_water_blob.bsp
Wrote ZIP buffer, estimated size 130412, actual size 126714
0 seconds elapsed

==================================================================
Date: 2026-09-17 00:07:01
W:\Programs\Steam\steamapps\common\GarrysMod\bin\win64\vradplusplus.exe -both -final -game W:\Programs\Steam\steamapps\common\GarrysMod\garrysmod w:\programs\steam\steamapps\common\garrysmod\garrysmod\addons\garrysmodmap\maps\gmm_garrymod_map_by_woowz_flooded_water_blob
==================================================================
---------------
gamedir: W:\Programs\Steam\steamapps\common\GarrysMod\garrysmod\
---------------
16 threads
Compiling in LDR+HDR mode
Reading texlights from 'lights.rad'...
53 texlights parsed
Loading w:\programs\steam\steamapps\common\garrysmod\garrysmod\addons\garrysmodmap\maps\gmm_garrymod_map_by_woowz_flooded_water_blob.bsp
127 props added to raytrace
16333 faces
2 degenerate faces
439 fake patch planes
1788788 square feet [257585552.00 square inches]
4 Displacements
3259 Square Feet [469401.19 Square Inches]
0...1...2...3...4...5...6...7...8...9...1016331 patches before subdivision
196605 patches after subdivision
CreateDirectLights...
0...1...2...3...4...5...6...7...8...9...10520 lights, 6 styled (0.01 seconds)
0...1...2...3...4...5...6...7...8...9...100...1...2...3...4...5...6...7...8...9...10transfers 22409626, max 1072
transfer lists: 171.0 megs
0...1...2...3...4...5...6...7...8...9...10	Bounce #1 added RGB(1484482, 1091132, 775945)
0...1...2...3...4...5...6...7...8...9...10	Bounce #2 added RGB(378869, 268933, 183378)
0...1...2...3...4...5...6...7...8...9...10	Bounce #3 added RGB(115086, 81474, 53729)
0...1...2...3...4...5...6...7...8...9...10	Bounce #4 added RGB(39364, 27953, 17414)
0...1...2...3...4...5...6...7...8...9...10	Bounce #5 added RGB(14523, 10333, 5995)
0...1...2...3...4...5...6...7...8...9...10	Bounce #6 added RGB(5685, 4041, 2156)
0...1...2...3...4...5...6...7...8...9...10	Bounce #7 added RGB(2335, 1650, 802)
0...1...2...3...4...5...6...7...8...9...10	Bounce #8 added RGB(999, 698, 308)
0...1...2...3...4...5...6...7...8...9...10	Bounce #9 added RGB(442, 304, 121)
0...1...2...3...4...5...6...7...8...9...10	Bounce #10 added RGB(201, 135, 49)
0...1...2...3...4...5...6...7...8...9...10	Bounce #11 added RGB(94, 61, 20)
0...1...2...3...4...5...6...7...8...9...10	Bounce #12 added RGB(44, 28, 8)
0...1...2...3...4...5...6...7...8...9...10	Bounce #13 added RGB(21, 13, 3)
0...1...2...3...4...5...6...7...8...9...10	Bounce #14 added RGB(10, 6, 1)
0...1...2...3...4...5...6...7...8...9...10	Bounce #15 added RGB(5, 3, 1)
0...1...2...3...4...5...6...7...8...9...10	Bounce #16 added RGB(2, 1, 0)
0...1...2...3...4...5...6...7...8...9...10	Bounce #17 added RGB(1, 1, 0)
0...1...2...3...4...5...6...7...8...9...10	Bounce #18 added RGB(1, 0, 0)
Build Patch/Sample Hash Table(s).....Done<0.0908 sec>
0...1...2...3...4...5...6...7...8...9...10FinalLightFace Done
0...1...2...3...4...5...6...7...8...9...10Setting up leaf ambient computation...
79 of 378 (20% of) surface lights went in leaf ambient cubes.
0...1...2...3...4...5...6...7...8...9...10Writing leaf ambient...done
Ready to Finish

Object names       Objects/Maxobjs  Fullness 
------------       ---------------  -------- 
entities              1092/65536    ( 1.7%) 
models                 131/4096     ( 3.2%) 
brushes               4058/65536    ( 6.2%) 
brushsides           25665/655350   ( 3.9%) 
planes                5096/65536    ( 7.8%) 
vertexes             28752/65536    (43.9%) 
nodes                 4401/65536    ( 6.7%) 
texinfos              1567/32768    ( 4.8%) 
texdata                297/8192     ( 3.6%) 
dispinfos                4/16384    ( 0.0%) 
faces                16333/65536    (24.9%) 
hdr faces            16333/65536    (24.9%) 
origfaces             8523/65536    (13.0%) 
leaves                4533/65536    ( 6.9%) 
leaffaces            19637/65536    (30.0%) 
leafbrushes           8380/65536    (12.8%) 
areas                   80/1024     ( 7.8%) 
surfedges            80008/512000   (15.6%) 
edges                45286/256000   (17.7%) 
leafwaterdata           11/32768    ( 0.0%) 
primitives            2509/32768    ( 7.7%) 
primverts                0/65536    ( 0.0%) 
primindices          38763/65536    (59.1%) 
cubemapsamples           0/1024     ( 0.0%) 
overlays                65/8192     ( 0.8%) 
vertnormalindices    79884/256000   (31.2%) 
visdata             148061/16777216 ( 0.9%) 
entdata             394785/393216   (100.4%) FULL!!!
LDR ambient table     4533/65536    ( 6.9%) 
HDR ambient table     4533/65536    ( 6.9%) 
LDR worldlights            0       
HDR worldlights            520     
LDR lightdata              0       
HDR lightdata              31451864
LDR leaf ambient           4533    
HDR leaf ambient           13853   
occluders                  0       
occluder polygons          0       
occluder vert ind          0       
detail props               1140    
dtl prp lght               4       
HDR dtl prp lght           4       
static props               18096   
pakfile                    126714  
physics                    1328518 
physics terrain            1376    

Level flags = 0

Total triangle count: 47218
Writing w:\programs\steam\steamapps\common\garrysmod\garrysmod\addons\garrysmodmap\maps\gmm_garrymod_map_by_woowz_flooded_water_blob.bsp
6 seconds elapsed

==================================================================
Date: 2026-09-17 00:10:37
W:\Programs\Steam\steamapps\common\GarrysMod\bin\win64\vbspplusplus.exe -allowdynamicpropsasstatic -game W:\Programs\Steam\steamapps\common\GarrysMod\garrysmod w:\programs\steam\steamapps\common\garrysmod\garrysmod\addons\garrysmodmap\maps\gmm_garrymod_map_by_woowz_flooded_water_blob
==================================================================
16 threads
---------------
gamedir: W:\Programs\Steam\steamapps\common\GarrysMod\garrysmod\
---------------
Loading w:\programs\steam\steamapps\common\garrysmod\garrysmod\addons\garrysmodmap\maps\gmm_garrymod_map_by_woowz_flooded_water_blob.vmf
Can't find surfaceprop antlion_eggshell for material NATURE/ROCKWALL_ANTLION03A, using default
Brush 174502, Side 5: duplicate plane
Locating GameData file 'garrysmod.fgd'...
Parsing GameData file w:\programs\steam\steamapps\common\garrysmod\bin\garrysmod.fgd
Parsing GameData file w:\programs\steam\steamapps\common\garrysmod\bin\base.fgd
Parsing GameData file w:\programs\steam\steamapps\common\garrysmod\bin\halflife2.fgd
Parsing GameData file w:\programs\steam\steamapps\common\garrysmod\bin\base.fgd
fixing up env_cubemap materials on brush sides...
FloodEntities...
FloodEntities...
Processing areas...done (0)
Building Faces...done (0)
Chop Details...done (0)
Find Visible Detail Sides...
Merged 1072 detail faces...done (0)
Merging details...done (0)
FixTjuncs...
PruneNodes...
WriteBSP...
done (1)
writing w:\programs\steam\steamapps\common\garrysmod\garrysmod\addons\garrysmodmap\maps\gmm_garrymod_map_by_woowz_flooded_water_blob.prt...
Building visibility clusters...
done (0)
Generating blank default cubemaps...
Generating blank default cubemaps...
Emitted 4058 brushes and 25669 brushsides
Finding displacement neighbors...
Finding lightmap sample positions...
Building Physics collision data...
done (0) (1328518 bytes)
Emitting static props...
Model "models/props_phx/construct/metal_wire1x2x2b.mdl" is missing $staticprop. Allowing due to -allowdynamicpropsasstatic
Model "models/props_phx/construct/metal_wire_angle360x2.mdl" is missing $staticprop. Allowing due to -allowdynamicpropsasstatic
Placing detail props : 0...1...2...3...4...5...6...7...8...9...10
Water found with no water_lod_control entity, creating a default one.
Compacting texture/material tables...
Reduced 2671 texinfos to 1567
Reduced 326 texdatas to 297 (10304 bytes to 7763)
Writing w:\programs\steam\steamapps\common\garrysmod\garrysmod\addons\garrysmodmap\maps\gmm_garrymod_map_by_woowz_flooded_water_blob.bsp
2 seconds elapsed

==================================================================
Date: 2026-09-17 00:10:40
W:\Programs\Steam\steamapps\common\GarrysMod\bin\win64\vvisplusplus.exe -game W:\Programs\Steam\steamapps\common\GarrysMod\garrysmod w:\programs\steam\steamapps\common\garrysmod\garrysmod\addons\garrysmodmap\maps\gmm_garrymod_map_by_woowz_flooded_water_blob
==================================================================
16 threads
CPU supports AVX2
reading w:\programs\steam\steamapps\common\garrysmod\garrysmod\addons\garrysmodmap\maps\gmm_garrymod_map_by_woowz_flooded_water_blob.bsp
reading w:\programs\steam\steamapps\common\garrysmod\garrysmod\addons\garrysmodmap\maps\gmm_garrymod_map_by_woowz_flooded_water_blob.prt
1356 portalclusters
2431 numportals
0...1...2...3...4...5...6...7...8...9...100...1...2...3...4...5...6...7...8...9...10Optimized: 234 visible clusters (0.34%)
Total clusters visible: 69006
Average clusters visible: 50
Building PAS...
Average clusters audible: 191
visdatasize:146046  compressed from 477312
writing w:\programs\steam\steamapps\common\garrysmod\garrysmod\addons\garrysmodmap\maps\gmm_garrymod_map_by_woowz_flooded_water_blob.bsp
Wrote ZIP buffer, estimated size 131112, actual size 127280
0 seconds elapsed

==================================================================
Date: 2026-09-17 00:10:40
W:\Programs\Steam\steamapps\common\GarrysMod\bin\win64\vradplusplus.exe -both -final -game W:\Programs\Steam\steamapps\common\GarrysMod\garrysmod w:\programs\steam\steamapps\common\garrysmod\garrysmod\addons\garrysmodmap\maps\gmm_garrymod_map_by_woowz_flooded_water_blob
==================================================================
---------------
gamedir: W:\Programs\Steam\steamapps\common\GarrysMod\garrysmod\
---------------
16 threads
Compiling in LDR+HDR mode
Reading texlights from 'lights.rad'...
53 texlights parsed
Loading w:\programs\steam\steamapps\common\garrysmod\garrysmod\addons\garrysmodmap\maps\gmm_garrymod_map_by_woowz_flooded_water_blob.bsp
127 props added to raytrace
16259 faces
2 degenerate faces
439 fake patch planes
1784938 square feet [257031088.00 square inches]
4 Displacements
3259 Square Feet [469401.19 Square Inches]
0...1...2...3...4...5...6...7...8...9...1016257 patches before subdivision
196543 patches after subdivision
CreateDirectLights...
0...1...2...3...4...5...6...7...8...9...10520 lights, 6 styled (0.01 seconds)
0...1...2...3...4...5...6...7...8...9...100...1...2...3...4...5...6...7...8...9...10transfers 22198416, max 1068
transfer lists: 169.4 megs
0...1...2...3...4...5...6...7...8...9...10	Bounce #1 added RGB(1484250, 1090970, 775797)
0...1...2...3...4...5...6...7...8...9...10	Bounce #2 added RGB(378313, 268635, 183251)
0...1...2...3...4...5...6...7...8...9...10	Bounce #3 added RGB(114931, 81420, 53719)
0...1...2...3...4...5...6...7...8...9...10	Bounce #4 added RGB(39305, 27939, 17412)
0...1...2...3...4...5...6...7...8...9...10	Bounce #5 added RGB(14500, 10330, 5995)
0...1...2...3...4...5...6...7...8...9...10	Bounce #6 added RGB(5676, 4040, 2156)
0...1...2...3...4...5...6...7...8...9...10	Bounce #7 added RGB(2332, 1649, 802)
0...1...2...3...4...5...6...7...8...9...10	Bounce #8 added RGB(998, 698, 308)
0...1...2...3...4...5...6...7...8...9...10	Bounce #9 added RGB(442, 304, 121)
0...1...2...3...4...5...6...7...8...9...10	Bounce #10 added RGB(201, 135, 49)
0...1...2...3...4...5...6...7...8...9...10	Bounce #11 added RGB(93, 61, 20)
0...1...2...3...4...5...6...7...8...9...10	Bounce #12 added RGB(44, 28, 8)
0...1...2...3...4...5...6...7...8...9...10	Bounce #13 added RGB(21, 13, 3)
0...1...2...3...4...5...6...7...8...9...10	Bounce #14 added RGB(10, 6, 1)
0...1...2...3...4...5...6...7...8...9...10	Bounce #15 added RGB(5, 3, 1)
0...1...2...3...4...5...6...7...8...9...10	Bounce #16 added RGB(2, 1, 0)
0...1...2...3...4...5...6...7...8...9...10	Bounce #17 added RGB(1, 1, 0)
0...1...2...3...4...5...6...7...8...9...10	Bounce #18 added RGB(1, 0, 0)
Build Patch/Sample Hash Table(s).....Done<0.0879 sec>
0...1...2...3...4...5...6...7...8...9...10FinalLightFace Done
0...1...2...3...4...5...6...7...8...9...10Setting up leaf ambient computation...
79 of 378 (20% of) surface lights went in leaf ambient cubes.
0...1...2...3...4...5...6...7...8...9...10Writing leaf ambient...done
Ready to Finish

Object names       Objects/Maxobjs  Fullness 
------------       ---------------  -------- 
entities              1092/65536    ( 1.7%) 
models                 131/4096     ( 3.2%) 
brushes               4058/65536    ( 6.2%) 
brushsides           25669/655350   ( 3.9%) 
planes                5106/65536    ( 7.8%) 
vertexes             28693/65536    (43.8%) 
nodes                 4382/65536    ( 6.7%) 
texinfos              1567/32768    ( 4.8%) 
texdata                297/8192     ( 3.6%) 
dispinfos                4/16384    ( 0.0%) 
faces                16259/65536    (24.8%) 
hdr faces            16259/65536    (24.8%) 
origfaces             8514/65536    (13.0%) 
leaves                4514/65536    ( 6.9%) 
leaffaces            19461/65536    (29.7%) 
leafbrushes           8298/65536    (12.7%) 
areas                   80/1024     ( 7.8%) 
surfedges            79663/512000   (15.6%) 
edges                45123/256000   (17.6%) 
leafwaterdata           11/32768    ( 0.0%) 
primitives            2523/32768    ( 7.7%) 
primverts                0/65536    ( 0.0%) 
primindices          38883/65536    (59.3%) 
cubemapsamples           0/1024     ( 0.0%) 
overlays                65/8192     ( 0.8%) 
vertnormalindices    79539/256000   (31.1%) 
visdata             146046/16777216 ( 0.9%) 
entdata             394800/393216   (100.4%) FULL!!!
LDR ambient table     4514/65536    ( 6.9%) 
HDR ambient table     4514/65536    ( 6.9%) 
LDR worldlights            0       
HDR worldlights            520     
LDR lightdata              0       
HDR lightdata              31410020
LDR leaf ambient           4514    
HDR leaf ambient           13782   
occluders                  0       
occluder polygons          0       
occluder vert ind          0       
detail props               1140    
dtl prp lght               4       
HDR dtl prp lght           4       
static props               18098   
pakfile                    127280  
physics                    1328518 
physics terrain            1376    

Level flags = 0

Total triangle count: 47021
Writing w:\programs\steam\steamapps\common\garrysmod\garrysmod\addons\garrysmodmap\maps\gmm_garrymod_map_by_woowz_flooded_water_blob.bsp
6 seconds elapsed

==================================================================
Date: 2026-09-17 00:18:27
W:\Programs\Steam\steamapps\common\GarrysMod\bin\win64\vbspplusplus.exe -allowdynamicpropsasstatic -game W:\Programs\Steam\steamapps\common\GarrysMod\garrysmod w:\programs\steam\steamapps\common\garrysmod\garrysmod\addons\garrysmodmap\maps\gmm_garrymod_map_by_woowz_flooded_water_blob
==================================================================
16 threads
---------------
gamedir: W:\Programs\Steam\steamapps\common\GarrysMod\garrysmod\
---------------
Loading w:\programs\steam\steamapps\common\garrysmod\garrysmod\addons\garrysmodmap\maps\gmm_garrymod_map_by_woowz_flooded_water_blob.vmf
Can't find surfaceprop antlion_eggshell for material NATURE/ROCKWALL_ANTLION03A, using default
Brush 174502, Side 5: duplicate plane
Locating GameData file 'garrysmod.fgd'...
Parsing GameData file w:\programs\steam\steamapps\common\garrysmod\bin\garrysmod.fgd
Parsing GameData file w:\programs\steam\steamapps\common\garrysmod\bin\base.fgd
Parsing GameData file w:\programs\steam\steamapps\common\garrysmod\bin\halflife2.fgd
Parsing GameData file w:\programs\steam\steamapps\common\garrysmod\bin\base.fgd
fixing up env_cubemap materials on brush sides...
FloodEntities...
FloodEntities...
Processing areas...done (0)
Building Faces...done (0)
Chop Details...done (0)
Find Visible Detail Sides...
Merged 1072 detail faces...done (0)
Merging details...done (1)
FixTjuncs...
PruneNodes...
WriteBSP...
done (0)
writing w:\programs\steam\steamapps\common\garrysmod\garrysmod\addons\garrysmodmap\maps\gmm_garrymod_map_by_woowz_flooded_water_blob.prt...
Building visibility clusters...
done (0)
Generating blank default cubemaps...
Generating blank default cubemaps...
Emitted 4063 brushes and 25699 brushsides
Finding displacement neighbors...
Finding lightmap sample positions...
Building Physics collision data...
done (0) (1330217 bytes)
Emitting static props...
Model "models/props_phx/construct/metal_wire1x2x2b.mdl" is missing $staticprop. Allowing due to -allowdynamicpropsasstatic
Model "models/props_phx/construct/metal_wire_angle360x2.mdl" is missing $staticprop. Allowing due to -allowdynamicpropsasstatic
Placing detail props : 0...1...2...3...4...5...6...7...8...9...10
Water found with no water_lod_control entity, creating a default one.
Compacting texture/material tables...
Reduced 2681 texinfos to 1568
Reduced 325 texdatas to 297 (10126 bytes to 7716)
Writing w:\programs\steam\steamapps\common\garrysmod\garrysmod\addons\garrysmodmap\maps\gmm_garrymod_map_by_woowz_flooded_water_blob.bsp
2 seconds elapsed

==================================================================
Date: 2026-09-17 00:18:30
W:\Programs\Steam\steamapps\common\GarrysMod\bin\win64\vvisplusplus.exe -game W:\Programs\Steam\steamapps\common\GarrysMod\garrysmod w:\programs\steam\steamapps\common\garrysmod\garrysmod\addons\garrysmodmap\maps\gmm_garrymod_map_by_woowz_flooded_water_blob
==================================================================
16 threads
CPU supports AVX2
reading w:\programs\steam\steamapps\common\garrysmod\garrysmod\addons\garrysmodmap\maps\gmm_garrymod_map_by_woowz_flooded_water_blob.bsp
reading w:\programs\steam\steamapps\common\garrysmod\garrysmod\addons\garrysmodmap\maps\gmm_garrymod_map_by_woowz_flooded_water_blob.prt
1358 portalclusters
2429 numportals
0...1...2...3...4...5...6...7...8...9...100...1...2...3...4...5...6...7...8...9...10Optimized: 238 visible clusters (0.34%)
Total clusters visible: 69722
Average clusters visible: 51
Building PAS...
Average clusters audible: 193
visdatasize:145700  compressed from 478016
writing w:\programs\steam\steamapps\common\garrysmod\garrysmod\addons\garrysmodmap\maps\gmm_garrymod_map_by_woowz_flooded_water_blob.bsp
Wrote ZIP buffer, estimated size 130456, actual size 126758
0 seconds elapsed

==================================================================
Date: 2026-09-17 00:18:30
W:\Programs\Steam\steamapps\common\GarrysMod\bin\win64\vradplusplus.exe -both -final -game W:\Programs\Steam\steamapps\common\GarrysMod\garrysmod w:\programs\steam\steamapps\common\garrysmod\garrysmod\addons\garrysmodmap\maps\gmm_garrymod_map_by_woowz_flooded_water_blob
==================================================================
---------------
gamedir: W:\Programs\Steam\steamapps\common\GarrysMod\garrysmod\
---------------
16 threads
Compiling in LDR+HDR mode
Reading texlights from 'lights.rad'...
53 texlights parsed
Loading w:\programs\steam\steamapps\common\garrysmod\garrysmod\addons\garrysmodmap\maps\gmm_garrymod_map_by_woowz_flooded_water_blob.bsp
127 props added to raytrace
16268 faces
2 degenerate faces
439 fake patch planes
1789303 square feet [257659696.00 square inches]
4 Displacements
3259 Square Feet [469401.19 Square Inches]
0...1...2...3...4...5...6...7...8...9...1016266 patches before subdivision
196594 patches after subdivision
CreateDirectLights...
0...1...2...3...4...5...6...7...8...9...10520 lights, 6 styled (0.01 seconds)
0...1...2...3...4...5...6...7...8...9...100...1...2...3...4...5...6...7...8...9...10transfers 22172064, max 1063
transfer lists: 169.2 megs
0...1...2...3...4...5...6...7...8...9...10	Bounce #1 added RGB(1478725, 1090041, 775198)
0...1...2...3...4...5...6...7...8...9...10	Bounce #2 added RGB(377049, 268475, 183216)
0...1...2...3...4...5...6...7...8...9...10	Bounce #3 added RGB(114639, 81395, 53717)
0...1...2...3...4...5...6...7...8...9...10	Bounce #4 added RGB(39236, 27935, 17412)
0...1...2...3...4...5...6...7...8...9...10	Bounce #5 added RGB(14483, 10329, 5995)
0...1...2...3...4...5...6...7...8...9...10	Bounce #6 added RGB(5672, 4039, 2156)
0...1...2...3...4...5...6...7...8...9...10	Bounce #7 added RGB(2331, 1649, 802)
0...1...2...3...4...5...6...7...8...9...10	Bounce #8 added RGB(998, 698, 308)
0...1...2...3...4...5...6...7...8...9...10	Bounce #9 added RGB(442, 304, 121)
0...1...2...3...4...5...6...7...8...9...10	Bounce #10 added RGB(201, 135, 49)
0...1...2...3...4...5...6...7...8...9...10	Bounce #11 added RGB(93, 61, 20)
0...1...2...3...4...5...6...7...8...9...10	Bounce #12 added RGB(44, 28, 8)
0...1...2...3...4...5...6...7...8...9...10	Bounce #13 added RGB(21, 13, 3)
0...1...2...3...4...5...6...7...8...9...10	Bounce #14 added RGB(10, 6, 1)
0...1...2...3...4...5...6...7...8...9...10	Bounce #15 added RGB(5, 3, 1)
0...1...2...3...4...5...6...7...8...9...10	Bounce #16 added RGB(2, 1, 0)
0...1...2...3...4...5...6...7...8...9...10	Bounce #17 added RGB(1, 1, 0)
0...1...2...3...4...5...6...7...8...9...10	Bounce #18 added RGB(1, 0, 0)
Build Patch/Sample Hash Table(s).....Done<0.0946 sec>
0...1...2...3...4...5...6...7...8...9...10FinalLightFace Done
0...1...2...3...4...5...6...7...8...9...10Setting up leaf ambient computation...
79 of 378 (20% of) surface lights went in leaf ambient cubes.
0...1...2...3...4...5...6...7...8...9...10Writing leaf ambient...done
Ready to Finish

Object names       Objects/Maxobjs  Fullness 
------------       ---------------  -------- 
entities              1092/65536    ( 1.7%) 
models                 131/4096     ( 3.2%) 
brushes               4063/65536    ( 6.2%) 
brushsides           25699/655350   ( 3.9%) 
planes                5116/65536    ( 7.8%) 
vertexes             28691/65536    (43.8%) 
nodes                 4388/65536    ( 6.7%) 
texinfos              1568/32768    ( 4.8%) 
texdata                297/8192     ( 3.6%) 
dispinfos                4/16384    ( 0.0%) 
faces                16268/65536    (24.8%) 
hdr faces            16268/65536    (24.8%) 
origfaces             8511/65536    (13.0%) 
leaves                4520/65536    ( 6.9%) 
leaffaces            19523/65536    (29.8%) 
leafbrushes           8319/65536    (12.7%) 
areas                   80/1024     ( 7.8%) 
surfedges            79676/512000   (15.6%) 
edges                45119/256000   (17.6%) 
leafwaterdata           10/32768    ( 0.0%) 
primitives            2510/32768    ( 7.7%) 
primverts                0/65536    ( 0.0%) 
primindices          38691/65536    (59.0%) 
cubemapsamples           0/1024     ( 0.0%) 
overlays                65/8192     ( 0.8%) 
vertnormalindices    79552/256000   (31.1%) 
visdata             145700/16777216 ( 0.9%) 
entdata             394796/393216   (100.4%) FULL!!!
LDR ambient table     4520/65536    ( 6.9%) 
HDR ambient table     4520/65536    ( 6.9%) 
LDR worldlights            0       
HDR worldlights            520     
LDR lightdata              0       
HDR lightdata              31426552
LDR leaf ambient           4520    
HDR leaf ambient           13782   
occluders                  0       
occluder polygons          0       
occluder vert ind          0       
detail props               1140    
dtl prp lght               4       
HDR dtl prp lght           4       
static props               18098   
pakfile                    126758  
physics                    1330217 
physics terrain            1376    

Level flags = 0

Total triangle count: 47016
Writing w:\programs\steam\steamapps\common\garrysmod\garrysmod\addons\garrysmodmap\maps\gmm_garrymod_map_by_woowz_flooded_water_blob.bsp
6 seconds elapsed

==================================================================
Date: 2026-09-17 00:30:09
W:\Programs\Steam\steamapps\common\GarrysMod\bin\win64\vbspplusplus.exe -allowdynamicpropsasstatic -game W:\Programs\Steam\steamapps\common\GarrysMod\garrysmod w:\programs\steam\steamapps\common\garrysmod\garrysmod\addons\garrysmodmap\maps\gmm_garrymod_map_by_woowz_flooded_water_blob
==================================================================
16 threads
---------------
gamedir: W:\Programs\Steam\steamapps\common\GarrysMod\garrysmod\
---------------
Loading w:\programs\steam\steamapps\common\garrysmod\garrysmod\addons\garrysmodmap\maps\gmm_garrymod_map_by_woowz_flooded_water_blob.vmf
Can't find surfaceprop antlion_eggshell for material NATURE/ROCKWALL_ANTLION03A, using default
Brush 174502, Side 5: duplicate plane
Locating GameData file 'garrysmod.fgd'...
Parsing GameData file w:\programs\steam\steamapps\common\garrysmod\bin\garrysmod.fgd
Parsing GameData file w:\programs\steam\steamapps\common\garrysmod\bin\base.fgd
Parsing GameData file w:\programs\steam\steamapps\common\garrysmod\bin\halflife2.fgd
Parsing GameData file w:\programs\steam\steamapps\common\garrysmod\bin\base.fgd
fixing up env_cubemap materials on brush sides...
FloodEntities...
FloodEntities...
Processing areas...done (0)
Building Faces...done (0)
Chop Details...done (0)
Find Visible Detail Sides...
Merged 1072 detail faces...done (0)
Merging details...done (1)
FixTjuncs...
PruneNodes...
WriteBSP...
done (0)
writing w:\programs\steam\steamapps\common\garrysmod\garrysmod\addons\garrysmodmap\maps\gmm_garrymod_map_by_woowz_flooded_water_blob.prt...
Building visibility clusters...
done (0)
Generating blank default cubemaps...
Generating blank default cubemaps...
Emitted 4027 brushes and 25483 brushsides
Finding displacement neighbors...
Finding lightmap sample positions...
Building Physics collision data...
done (0) (1317509 bytes)
Emitting static props...
Model "models/props_phx/construct/metal_wire1x2x2b.mdl" is missing $staticprop. Allowing due to -allowdynamicpropsasstatic
Model "models/props_phx/construct/metal_wire_angle360x2.mdl" is missing $staticprop. Allowing due to -allowdynamicpropsasstatic
Placing detail props : 0...1...2...3...4...5...6...7...8...9...10
Water found with no water_lod_control entity, creating a default one.
Compacting texture/material tables...
Reduced 2611 texinfos to 1542
Reduced 325 texdatas to 297 (10126 bytes to 7716)
Writing w:\programs\steam\steamapps\common\garrysmod\garrysmod\addons\garrysmodmap\maps\gmm_garrymod_map_by_woowz_flooded_water_blob.bsp
2 seconds elapsed

==================================================================
Date: 2026-09-17 00:30:12
W:\Programs\Steam\steamapps\common\GarrysMod\bin\win64\vvisplusplus.exe -game W:\Programs\Steam\steamapps\common\GarrysMod\garrysmod w:\programs\steam\steamapps\common\garrysmod\garrysmod\addons\garrysmodmap\maps\gmm_garrymod_map_by_woowz_flooded_water_blob
==================================================================
16 threads
CPU supports AVX2
reading w:\programs\steam\steamapps\common\garrysmod\garrysmod\addons\garrysmodmap\maps\gmm_garrymod_map_by_woowz_flooded_water_blob.bsp
reading w:\programs\steam\steamapps\common\garrysmod\garrysmod\addons\garrysmodmap\maps\gmm_garrymod_map_by_woowz_flooded_water_blob.prt
1319 portalclusters
2384 numportals
0...1...2...3...4...5...6...7...8...9...100...1...2...3...4...5...6...7...8...9...10Optimized: 213 visible clusters (0.35%)
Total clusters visible: 61068
Average clusters visible: 46
Building PAS...
Average clusters audible: 174
visdatasize:135134  compressed from 443184
writing w:\programs\steam\steamapps\common\garrysmod\garrysmod\addons\garrysmodmap\maps\gmm_garrymod_map_by_woowz_flooded_water_blob.bsp
Wrote ZIP buffer, estimated size 130456, actual size 126758
0 seconds elapsed

==================================================================
Date: 2026-09-17 00:30:12
W:\Programs\Steam\steamapps\common\GarrysMod\bin\win64\vradplusplus.exe -both -final -game W:\Programs\Steam\steamapps\common\GarrysMod\garrysmod w:\programs\steam\steamapps\common\garrysmod\garrysmod\addons\garrysmodmap\maps\gmm_garrymod_map_by_woowz_flooded_water_blob
==================================================================
---------------
gamedir: W:\Programs\Steam\steamapps\common\GarrysMod\garrysmod\
---------------
16 threads
Compiling in LDR+HDR mode
Reading texlights from 'lights.rad'...
53 texlights parsed
Loading w:\programs\steam\steamapps\common\garrysmod\garrysmod\addons\garrysmodmap\maps\gmm_garrymod_map_by_woowz_flooded_water_blob.bsp
127 props added to raytrace
16082 faces
2 degenerate faces
403 fake patch planes
1786999 square feet [257327920.00 square inches]
4 Displacements
3259 Square Feet [469401.19 Square Inches]
0...1...2...3...4...5...6...7...8...9...1016080 patches before subdivision
195826 patches after subdivision
CreateDirectLights...
0...1...2...3...4...5...6...7...8...9...10520 lights, 6 styled (0.01 seconds)
0...1...2...3...4...5...6...7...8...9...100...1...2...3...4...5...6...7...8...9...10transfers 21778977, max 1026
transfer lists: 166.2 megs
0...1...2...3...4...5...6...7...8...9...10	Bounce #1 added RGB(1475730, 1087740, 773623)
0...1...2...3...4...5...6...7...8...9...10	Bounce #2 added RGB(375815, 267723, 182776)
0...1...2...3...4...5...6...7...8...9...10	Bounce #3 added RGB(114164, 81162, 53600)
0...1...2...3...4...5...6...7...8...9...10	Bounce #4 added RGB(39055, 27863, 17381)
0...1...2...3...4...5...6...7...8...9...10	Bounce #5 added RGB(14414, 10307, 5986)
0...1...2...3...4...5...6...7...8...9...10	Bounce #6 added RGB(5646, 4033, 2154)
0...1...2...3...4...5...6...7...8...9...10	Bounce #7 added RGB(2321, 1647, 802)
0...1...2...3...4...5...6...7...8...9...10	Bounce #8 added RGB(994, 697, 307)
0...1...2...3...4...5...6...7...8...9...10	Bounce #9 added RGB(440, 304, 121)
0...1...2...3...4...5...6...7...8...9...10	Bounce #10 added RGB(200, 135, 49)
0...1...2...3...4...5...6...7...8...9...10	Bounce #11 added RGB(93, 61, 20)
0...1...2...3...4...5...6...7...8...9...10	Bounce #12 added RGB(44, 28, 8)
0...1...2...3...4...5...6...7...8...9...10	Bounce #13 added RGB(21, 13, 3)
0...1...2...3...4...5...6...7...8...9...10	Bounce #14 added RGB(10, 6, 1)
0...1...2...3...4...5...6...7...8...9...10	Bounce #15 added RGB(5, 3, 1)
0...1...2...3...4...5...6...7...8...9...10	Bounce #16 added RGB(2, 1, 0)
0...1...2...3...4...5...6...7...8...9...10	Bounce #17 added RGB(1, 1, 0)
0...1...2...3...4...5...6...7...8...9...10	Bounce #18 added RGB(1, 0, 0)
Build Patch/Sample Hash Table(s).....Done<0.0833 sec>
0...1...2...3...4...5...6...7...8...9...10FinalLightFace Done
0...1...2...3...4...5...6...7...8...9...10Setting up leaf ambient computation...
79 of 378 (20% of) surface lights went in leaf ambient cubes.
0...1...2...3...4...5...6...7...8...9...10Writing leaf ambient...done
Ready to Finish

Object names       Objects/Maxobjs  Fullness 
------------       ---------------  -------- 
entities              1057/65536    ( 1.6%) 
models                  95/4096     ( 2.3%) 
brushes               4027/65536    ( 6.1%) 
brushsides           25483/655350   ( 3.9%) 
planes                5104/65536    ( 7.8%) 
vertexes             28261/65536    (43.1%) 
nodes                 4132/65536    ( 6.3%) 
texinfos              1542/32768    ( 4.7%) 
texdata                297/8192     ( 3.6%) 
dispinfos                4/16384    ( 0.0%) 
faces                16082/65536    (24.5%) 
hdr faces            16082/65536    (24.5%) 
origfaces             8461/65536    (12.9%) 
leaves                4228/65536    ( 6.5%) 
leaffaces            19339/65536    (29.5%) 
leafbrushes           8270/65536    (12.6%) 
areas                   80/1024     ( 7.8%) 
surfedges            78888/512000   (15.4%) 
edges                44507/256000   (17.4%) 
leafwaterdata           10/32768    ( 0.0%) 
primitives            2514/32768    ( 7.7%) 
primverts                0/65536    ( 0.0%) 
primindices          38709/65536    (59.1%) 
cubemapsamples           0/1024     ( 0.0%) 
overlays                65/8192     ( 0.8%) 
vertnormalindices    78800/256000   (30.8%) 
visdata             135134/16777216 ( 0.8%) 
entdata             374334/393216   (95.2%) CLOSE TO FULL!
LDR ambient table     4228/65536    ( 6.5%) 
HDR ambient table     4228/65536    ( 6.5%) 
LDR worldlights            0       
HDR worldlights            520     
LDR lightdata              0       
HDR lightdata              31365288
LDR leaf ambient           4228    
HDR leaf ambient           13489   
occluders                  0       
occluder polygons          0       
occluder vert ind          0       
detail props               1140    
dtl prp lght               4       
HDR dtl prp lght           4       
static props               18100   
pakfile                    126758  
physics                    1317509 
physics terrain            1376    

Level flags = 0

Total triangle count: 46636
Writing w:\programs\steam\steamapps\common\garrysmod\garrysmod\addons\garrysmodmap\maps\gmm_garrymod_map_by_woowz_flooded_water_blob.bsp
6 seconds elapsed

==================================================================
Date: 2026-09-17 00:31:06
W:\Programs\Steam\steamapps\common\GarrysMod\bin\win64\vbspplusplus.exe -allowdynamicpropsasstatic -game W:\Programs\Steam\steamapps\common\GarrysMod\garrysmod w:\programs\steam\steamapps\common\garrysmod\garrysmod\addons\garrysmodmap\maps\gmm_garrymod_map_by_woowz_flooded_water_blob
==================================================================
16 threads
---------------
gamedir: W:\Programs\Steam\steamapps\common\GarrysMod\garrysmod\
---------------
Loading w:\programs\steam\steamapps\common\garrysmod\garrysmod\addons\garrysmodmap\maps\gmm_garrymod_map_by_woowz_flooded_water_blob.vmf
Can't find surfaceprop antlion_eggshell for material NATURE/ROCKWALL_ANTLION03A, using default
Brush 174502, Side 5: duplicate plane
Locating GameData file 'garrysmod.fgd'...
Parsing GameData file w:\programs\steam\steamapps\common\garrysmod\bin\garrysmod.fgd
Parsing GameData file w:\programs\steam\steamapps\common\garrysmod\bin\base.fgd
Parsing GameData file w:\programs\steam\steamapps\common\garrysmod\bin\halflife2.fgd
Parsing GameData file w:\programs\steam\steamapps\common\garrysmod\bin\base.fgd
fixing up env_cubemap materials on brush sides...
FloodEntities...
FloodEntities...
Processing areas...done (0)
Building Faces...done (0)
Chop Details...done (0)
Find Visible Detail Sides...
Merged 1072 detail faces...done (0)
Merging details...done (1)
FixTjuncs...
PruneNodes...
WriteBSP...
done (0)
writing w:\programs\steam\steamapps\common\garrysmod\garrysmod\addons\garrysmodmap\maps\gmm_garrymod_map_by_woowz_flooded_water_blob.prt...
Building visibility clusters...
done (0)
Generating blank default cubemaps...
Generating blank default cubemaps...
Emitted 4027 brushes and 25483 brushsides
Finding displacement neighbors...
Finding lightmap sample positions...
Building Physics collision data...
done (0) (1317509 bytes)
Emitting static props...
Model "models/props_phx/construct/metal_wire1x2x2b.mdl" is missing $staticprop. Allowing due to -allowdynamicpropsasstatic
Model "models/props_phx/construct/metal_wire_angle360x2.mdl" is missing $staticprop. Allowing due to -allowdynamicpropsasstatic
Placing detail props : 0...1...2...3...4...5...6...7...8...9...10
Water found with no water_lod_control entity, creating a default one.
Compacting texture/material tables...
Reduced 2611 texinfos to 1542
Reduced 325 texdatas to 297 (10126 bytes to 7716)
Writing w:\programs\steam\steamapps\common\garrysmod\garrysmod\addons\garrysmodmap\maps\gmm_garrymod_map_by_woowz_flooded_water_blob.bsp
2 seconds elapsed

==================================================================
Date: 2026-09-17 00:31:08
W:\Programs\Steam\steamapps\common\GarrysMod\bin\win64\vvisplusplus.exe -game W:\Programs\Steam\steamapps\common\GarrysMod\garrysmod w:\programs\steam\steamapps\common\garrysmod\garrysmod\addons\garrysmodmap\maps\gmm_garrymod_map_by_woowz_flooded_water_blob
==================================================================
16 threads
CPU supports AVX2
reading w:\programs\steam\steamapps\common\garrysmod\garrysmod\addons\garrysmodmap\maps\gmm_garrymod_map_by_woowz_flooded_water_blob.bsp
reading w:\programs\steam\steamapps\common\garrysmod\garrysmod\addons\garrysmodmap\maps\gmm_garrymod_map_by_woowz_flooded_water_blob.prt
1319 portalclusters
2384 numportals
0...1...2...3...4...5...6...7...8...9...100...1...2...3...4...5...6...7...8...9...10Optimized: 212 visible clusters (0.35%)
Total clusters visible: 61067
Average clusters visible: 46
Building PAS...
Average clusters audible: 174
visdatasize:135134  compressed from 443184
writing w:\programs\steam\steamapps\common\garrysmod\garrysmod\addons\garrysmodmap\maps\gmm_garrymod_map_by_woowz_flooded_water_blob.bsp
Wrote ZIP buffer, estimated size 130456, actual size 126758
0 seconds elapsed

==================================================================
Date: 2026-09-17 00:31:09
W:\Programs\Steam\steamapps\common\GarrysMod\bin\win64\vradplusplus.exe -both -final -game W:\Programs\Steam\steamapps\common\GarrysMod\garrysmod w:\programs\steam\steamapps\common\garrysmod\garrysmod\addons\garrysmodmap\maps\gmm_garrymod_map_by_woowz_flooded_water_blob
==================================================================
---------------
gamedir: W:\Programs\Steam\steamapps\common\GarrysMod\garrysmod\
---------------
16 threads
Compiling in LDR+HDR mode
Reading texlights from 'lights.rad'...
53 texlights parsed
Loading w:\programs\steam\steamapps\common\garrysmod\garrysmod\addons\garrysmodmap\maps\gmm_garrymod_map_by_woowz_flooded_water_blob.bsp
127 props added to raytrace
16082 faces
2 degenerate faces
403 fake patch planes
1786999 square feet [257327920.00 square inches]
4 Displacements
3259 Square Feet [469401.19 Square Inches]
0...1...2...3...4...5...6...7...8...9...1016080 patches before subdivision
195826 patches after subdivision
CreateDirectLights...
0...1...2...3...4...5...6...7...8...9...10520 lights, 6 styled (0.01 seconds)
0...1...2...3...4...5...6...7...8...9...100...1...2...3...4...5...6...7...8...9...10transfers 21778977, max 1026
transfer lists: 166.2 megs
0...1...2...3...4...5...6...7...8...9...10	Bounce #1 added RGB(1475733, 1087743, 773624)
0...1...2...3...4...5...6...7...8...9...10	Bounce #2 added RGB(375817, 267724, 182777)
0...1...2...3...4...5...6...7...8...9...10	Bounce #3 added RGB(114164, 81162, 53601)
0...1...2...3...4...5...6...7...8...9...10	Bounce #4 added RGB(39055, 27864, 17381)
0...1...2...3...4...5...6...7...8...9...10	Bounce #5 added RGB(14415, 10307, 5986)
0...1...2...3...4...5...6...7...8...9...10	Bounce #6 added RGB(5646, 4033, 2154)
0...1...2...3...4...5...6...7...8...9...10	Bounce #7 added RGB(2321, 1647, 802)
0...1...2...3...4...5...6...7...8...9...10	Bounce #8 added RGB(994, 697, 307)
0...1...2...3...4...5...6...7...8...9...10	Bounce #9 added RGB(440, 304, 121)
0...1...2...3...4...5...6...7...8...9...10	Bounce #10 added RGB(200, 135, 49)
0...1...2...3...4...5...6...7...8...9...10	Bounce #11 added RGB(93, 61, 20)
0...1...2...3...4...5...6...7...8...9...10	Bounce #12 added RGB(44, 28, 8)
0...1...2...3...4...5...6...7...8...9...10	Bounce #13 added RGB(21, 13, 3)
0...1...2...3...4...5...6...7...8...9...10	Bounce #14 added RGB(10, 6, 1)
0...1...2...3...4...5...6...7...8...9...10	Bounce #15 added RGB(5, 3, 1)
0...1...2...3...4...5...6...7...8...9...10	Bounce #16 added RGB(2, 1, 0)
0...1...2...3...4...5...6...7...8...9...10	Bounce #17 added RGB(1, 1, 0)
0...1...2...3...4...5...6...7...8...9...10	Bounce #18 added RGB(1, 0, 0)
Build Patch/Sample Hash Table(s).....Done<0.0828 sec>
0...1...2...3...4...5...6...7...8...9...10FinalLightFace Done
0...1...2...3...4...5...6...7...8...9...10Setting up leaf ambient computation...
79 of 378 (20% of) surface lights went in leaf ambient cubes.
0...1...2...3...4...5...6...7...8...9...10Writing leaf ambient...done
Ready to Finish

Object names       Objects/Maxobjs  Fullness 
------------       ---------------  -------- 
entities              1057/65536    ( 1.6%) 
models                  95/4096     ( 2.3%) 
brushes               4027/65536    ( 6.1%) 
brushsides           25483/655350   ( 3.9%) 
planes                5104/65536    ( 7.8%) 
vertexes             28261/65536    (43.1%) 
nodes                 4132/65536    ( 6.3%) 
texinfos              1542/32768    ( 4.7%) 
texdata                297/8192     ( 3.6%) 
dispinfos                4/16384    ( 0.0%) 
faces                16082/65536    (24.5%) 
hdr faces            16082/65536    (24.5%) 
origfaces             8461/65536    (12.9%) 
leaves                4228/65536    ( 6.5%) 
leaffaces            19339/65536    (29.5%) 
leafbrushes           8270/65536    (12.6%) 
areas                   80/1024     ( 7.8%) 
surfedges            78888/512000   (15.4%) 
edges                44507/256000   (17.4%) 
leafwaterdata           10/32768    ( 0.0%) 
primitives            2514/32768    ( 7.7%) 
primverts                0/65536    ( 0.0%) 
primindices          38709/65536    (59.1%) 
cubemapsamples           0/1024     ( 0.0%) 
overlays                65/8192     ( 0.8%) 
vertnormalindices    78800/256000   (30.8%) 
visdata             135134/16777216 ( 0.8%) 
entdata             374336/393216   (95.2%) CLOSE TO FULL!
LDR ambient table     4228/65536    ( 6.5%) 
HDR ambient table     4228/65536    ( 6.5%) 
LDR worldlights            0       
HDR worldlights            520     
LDR lightdata              0       
HDR lightdata              31365288
LDR leaf ambient           4228    
HDR leaf ambient           13489   
occluders                  0       
occluder polygons          0       
occluder vert ind          0       
detail props               1140    
dtl prp lght               4       
HDR dtl prp lght           4       
static props               18100   
pakfile                    126758  
physics                    1317509 
physics terrain            1376    

Level flags = 0

Total triangle count: 46636
Writing w:\programs\steam\steamapps\common\garrysmod\garrysmod\addons\garrysmodmap\maps\gmm_garrymod_map_by_woowz_flooded_water_blob.bsp
6 seconds elapsed

==================================================================
Date: 2026-09-17 00:36:09
W:\Programs\Steam\steamapps\common\GarrysMod\bin\win64\vbspplusplus.exe -allowdynamicpropsasstatic -game W:\Programs\Steam\steamapps\common\GarrysMod\garrysmod w:\programs\steam\steamapps\common\garrysmod\garrysmod\addons\garrysmodmap\maps\gmm_garrymod_map_by_woowz_flooded_water_blob
==================================================================
16 threads
---------------
gamedir: W:\Programs\Steam\steamapps\common\GarrysMod\garrysmod\
---------------
Loading w:\programs\steam\steamapps\common\garrysmod\garrysmod\addons\garrysmodmap\maps\gmm_garrymod_map_by_woowz_flooded_water_blob.vmf
Can't find surfaceprop antlion_eggshell for material NATURE/ROCKWALL_ANTLION03A, using default
Brush 174502, Side 5: duplicate plane
Locating GameData file 'garrysmod.fgd'...
Parsing GameData file w:\programs\steam\steamapps\common\garrysmod\bin\garrysmod.fgd
Parsing GameData file w:\programs\steam\steamapps\common\garrysmod\bin\base.fgd
Parsing GameData file w:\programs\steam\steamapps\common\garrysmod\bin\halflife2.fgd
Parsing GameData file w:\programs\steam\steamapps\common\garrysmod\bin\base.fgd
fixing up env_cubemap materials on brush sides...
FloodEntities...
FloodEntities...
Processing areas...done (0)
Building Faces...done (0)
Chop Details...done (0)
Find Visible Detail Sides...
Merged 1072 detail faces...done (0)
Merging details...done (1)
FixTjuncs...
PruneNodes...
WriteBSP...
done (0)
writing w:\programs\steam\steamapps\common\garrysmod\garrysmod\addons\garrysmodmap\maps\gmm_garrymod_map_by_woowz_flooded_water_blob.prt...
Building visibility clusters...
done (0)
Generating blank default cubemaps...
Generating blank default cubemaps...
Emitted 4030 brushes and 25501 brushsides
Finding displacement neighbors...
Finding lightmap sample positions...
Building Physics collision data...
done (0) (1320221 bytes)
Emitting static props...
Model "models/props_phx/construct/metal_wire1x2x2b.mdl" is missing $staticprop. Allowing due to -allowdynamicpropsasstatic
Model "models/props_phx/construct/metal_wire_angle360x2.mdl" is missing $staticprop. Allowing due to -allowdynamicpropsasstatic
Placing detail props : 0...1...2...3...4...5...6...7...8...9...10
Water found with no water_lod_control entity, creating a default one.
Compacting texture/material tables...
Reduced 2616 texinfos to 1542
Reduced 325 texdatas to 297 (10126 bytes to 7716)
Writing w:\programs\steam\steamapps\common\garrysmod\garrysmod\addons\garrysmodmap\maps\gmm_garrymod_map_by_woowz_flooded_water_blob.bsp
2 seconds elapsed

==================================================================
Date: 2026-09-17 00:36:12
W:\Programs\Steam\steamapps\common\GarrysMod\bin\win64\vvisplusplus.exe -game W:\Programs\Steam\steamapps\common\GarrysMod\garrysmod w:\programs\steam\steamapps\common\garrysmod\garrysmod\addons\garrysmodmap\maps\gmm_garrymod_map_by_woowz_flooded_water_blob
==================================================================
16 threads
CPU supports AVX2
reading w:\programs\steam\steamapps\common\garrysmod\garrysmod\addons\garrysmodmap\maps\gmm_garrymod_map_by_woowz_flooded_water_blob.bsp
reading w:\programs\steam\steamapps\common\garrysmod\garrysmod\addons\garrysmodmap\maps\gmm_garrymod_map_by_woowz_flooded_water_blob.prt
1314 portalclusters
2370 numportals
0...1...2...3...4...5...6...7...8...9...100...1...2...3...4...5...6...7...8...9...10Optimized: 207 visible clusters (0.34%)
Total clusters visible: 60067
Average clusters visible: 45
Building PAS...
Average clusters audible: 172
visdatasize:135329  compressed from 441504
writing w:\programs\steam\steamapps\common\garrysmod\garrysmod\addons\garrysmodmap\maps\gmm_garrymod_map_by_woowz_flooded_water_blob.bsp
Wrote ZIP buffer, estimated size 130456, actual size 126758
0 seconds elapsed

==================================================================
Date: 2026-09-17 00:36:12
W:\Programs\Steam\steamapps\common\GarrysMod\bin\win64\vradplusplus.exe -both -final -game W:\Programs\Steam\steamapps\common\GarrysMod\garrysmod w:\programs\steam\steamapps\common\garrysmod\garrysmod\addons\garrysmodmap\maps\gmm_garrymod_map_by_woowz_flooded_water_blob
==================================================================
---------------
gamedir: W:\Programs\Steam\steamapps\common\GarrysMod\garrysmod\
---------------
16 threads
Compiling in LDR+HDR mode
Reading texlights from 'lights.rad'...
53 texlights parsed
Loading w:\programs\steam\steamapps\common\garrysmod\garrysmod\addons\garrysmodmap\maps\gmm_garrymod_map_by_woowz_flooded_water_blob.bsp
127 props added to raytrace
16077 faces
2 degenerate faces
403 fake patch planes
1786999 square feet [257327920.00 square inches]
4 Displacements
3259 Square Feet [469401.19 Square Inches]
0...1...2...3...4...5...6...7...8...9...1016075 patches before subdivision
195827 patches after subdivision
CreateDirectLights...
0...1...2...3...4...5...6...7...8...9...10514 lights, 6 styled (0.01 seconds)
0...1...2...3...4...5...6...7...8...9...100...1...2...3...4...5...6...7...8...9...10transfers 21778268, max 1026
transfer lists: 166.2 megs
0...1...2...3...4...5...6...7...8...9...10	Bounce #1 added RGB(1471979, 1084715, 771740)
0...1...2...3...4...5...6...7...8...9...10	Bounce #2 added RGB(375338, 267422, 182584)
0...1...2...3...4...5...6...7...8...9...10	Bounce #3 added RGB(114075, 81112, 53569)
0...1...2...3...4...5...6...7...8...9...10	Bounce #4 added RGB(39036, 27854, 17375)
0...1...2...3...4...5...6...7...8...9...10	Bounce #5 added RGB(14409, 10304, 5985)
0...1...2...3...4...5...6...7...8...9...10	Bounce #6 added RGB(5644, 4032, 2153)
0...1...2...3...4...5...6...7...8...9...10	Bounce #7 added RGB(2320, 1647, 802)
0...1...2...3...4...5...6...7...8...9...10	Bounce #8 added RGB(994, 697, 307)
0...1...2...3...4...5...6...7...8...9...10	Bounce #9 added RGB(440, 304, 121)
0...1...2...3...4...5...6...7...8...9...10	Bounce #10 added RGB(200, 135, 49)
0...1...2...3...4...5...6...7...8...9...10	Bounce #11 added RGB(93, 61, 20)
0...1...2...3...4...5...6...7...8...9...10	Bounce #12 added RGB(44, 28, 8)
0...1...2...3...4...5...6...7...8...9...10	Bounce #13 added RGB(21, 13, 3)
0...1...2...3...4...5...6...7...8...9...10	Bounce #14 added RGB(10, 6, 1)
0...1...2...3...4...5...6...7...8...9...10	Bounce #15 added RGB(5, 3, 1)
0...1...2...3...4...5...6...7...8...9...10	Bounce #16 added RGB(2, 1, 0)
0...1...2...3...4...5...6...7...8...9...10	Bounce #17 added RGB(1, 1, 0)
0...1...2...3...4...5...6...7...8...9...10	Bounce #18 added RGB(1, 0, 0)
Build Patch/Sample Hash Table(s).....Done<0.0873 sec>
0...1...2...3...4...5...6...7...8...9...10FinalLightFace Done
0...1...2...3...4...5...6...7...8...9...10Setting up leaf ambient computation...
79 of 378 (20% of) surface lights went in leaf ambient cubes.
0...1...2...3...4...5...6...7...8...9...10Writing leaf ambient...done
Ready to Finish

Object names       Objects/Maxobjs  Fullness 
------------       ---------------  -------- 
entities              1050/65536    ( 1.6%) 
models                  95/4096     ( 2.3%) 
brushes               4030/65536    ( 6.1%) 
brushsides           25501/655350   ( 3.9%) 
planes                5104/65536    ( 7.8%) 
vertexes             28263/65536    (43.1%) 
nodes                 4120/65536    ( 6.3%) 
texinfos              1542/32768    ( 4.7%) 
texdata                297/8192     ( 3.6%) 
dispinfos                4/16384    ( 0.0%) 
faces                16077/65536    (24.5%) 
hdr faces            16077/65536    (24.5%) 
origfaces             8462/65536    (12.9%) 
leaves                4216/65536    ( 6.4%) 
leaffaces            19311/65536    (29.5%) 
leafbrushes           8278/65536    (12.6%) 
areas                   80/1024     ( 7.8%) 
surfedges            78873/512000   (15.4%) 
edges                44499/256000   (17.4%) 
leafwaterdata           10/32768    ( 0.0%) 
primitives            2515/32768    ( 7.7%) 
primverts                0/65536    ( 0.0%) 
primindices          38733/65536    (59.1%) 
cubemapsamples           0/1024     ( 0.0%) 
overlays                65/8192     ( 0.8%) 
vertnormalindices    78785/256000   (30.8%) 
visdata             135329/16777216 ( 0.8%) 
entdata             372092/393216   (94.6%) VERY FULL!
LDR ambient table     4216/65536    ( 6.4%) 
HDR ambient table     4216/65536    ( 6.4%) 
LDR worldlights            0       
HDR worldlights            514     
LDR lightdata              0       
HDR lightdata              31366672
LDR leaf ambient           4216    
HDR leaf ambient           13355   
occluders                  0       
occluder polygons          0       
occluder vert ind          0       
detail props               1140    
dtl prp lght               4       
HDR dtl prp lght           4       
static props               18100   
pakfile                    126758  
physics                    1320221 
physics terrain            1376    

Level flags = 0

Total triangle count: 46631
Writing w:\programs\steam\steamapps\common\garrysmod\garrysmod\addons\garrysmodmap\maps\gmm_garrymod_map_by_woowz_flooded_water_blob.bsp
6 seconds elapsed

==================================================================
Date: 2026-09-17 00:48:11
W:\Programs\Steam\steamapps\common\GarrysMod\bin\win64\vbspplusplus.exe -allowdynamicpropsasstatic -game W:\Programs\Steam\steamapps\common\GarrysMod\garrysmod w:\programs\steam\steamapps\common\garrysmod\garrysmod\addons\garrysmodmap\maps\gmm_garrymod_map_by_woowz_flooded_water_blob
==================================================================
16 threads
---------------
gamedir: W:\Programs\Steam\steamapps\common\GarrysMod\garrysmod\
---------------
Loading w:\programs\steam\steamapps\common\garrysmod\garrysmod\addons\garrysmodmap\maps\gmm_garrymod_map_by_woowz_flooded_water_blob.vmf
Can't find surfaceprop antlion_eggshell for material NATURE/ROCKWALL_ANTLION03A, using default
Brush 174502, Side 5: duplicate plane
Locating GameData file 'garrysmod.fgd'...
Parsing GameData file w:\programs\steam\steamapps\common\garrysmod\bin\garrysmod.fgd
Parsing GameData file w:\programs\steam\steamapps\common\garrysmod\bin\base.fgd
Parsing GameData file w:\programs\steam\steamapps\common\garrysmod\bin\halflife2.fgd
Parsing GameData file w:\programs\steam\steamapps\common\garrysmod\bin\base.fgd
fixing up env_cubemap materials on brush sides...
FloodEntities...
FloodEntities...
Processing areas...done (0)
Building Faces...done (0)
Chop Details...done (0)
Find Visible Detail Sides...
Merged 1072 detail faces...done (0)
Merging details...done (1)
FixTjuncs...
PruneNodes...
WriteBSP...
done (0)
writing w:\programs\steam\steamapps\common\garrysmod\garrysmod\addons\garrysmodmap\maps\gmm_garrymod_map_by_woowz_flooded_water_blob.prt...
Building visibility clusters...
done (0)
Generating blank default cubemaps...
Generating blank default cubemaps...
Emitted 4030 brushes and 25501 brushsides
Finding displacement neighbors...
Finding lightmap sample positions...
Building Physics collision data...
done (0) (1320221 bytes)
Emitting static props...
Model "models/props_phx/construct/metal_wire1x2x2b.mdl" is missing $staticprop. Allowing due to -allowdynamicpropsasstatic
Model "models/props_phx/construct/metal_wire_angle360x2.mdl" is missing $staticprop. Allowing due to -allowdynamicpropsasstatic
Placing detail props : 0...1...2...3...4...5...6...7...8...9...10
Water found with no water_lod_control entity, creating a default one.
Compacting texture/material tables...
Reduced 2618 texinfos to 1544
Reduced 327 texdatas to 299 (10244 bytes to 7834)
Writing w:\programs\steam\steamapps\common\garrysmod\garrysmod\addons\garrysmodmap\maps\gmm_garrymod_map_by_woowz_flooded_water_blob.bsp
2 seconds elapsed

==================================================================
Date: 2026-09-17 00:48:13
W:\Programs\Steam\steamapps\common\GarrysMod\bin\win64\vvisplusplus.exe -game W:\Programs\Steam\steamapps\common\GarrysMod\garrysmod w:\programs\steam\steamapps\common\garrysmod\garrysmod\addons\garrysmodmap\maps\gmm_garrymod_map_by_woowz_flooded_water_blob
==================================================================
16 threads
CPU supports AVX2
reading w:\programs\steam\steamapps\common\garrysmod\garrysmod\addons\garrysmodmap\maps\gmm_garrymod_map_by_woowz_flooded_water_blob.bsp
reading w:\programs\steam\steamapps\common\garrysmod\garrysmod\addons\garrysmodmap\maps\gmm_garrymod_map_by_woowz_flooded_water_blob.prt
1314 portalclusters
2370 numportals
0...1...2...3...4...5...6...7...8...9...100...1...2...3...4...5...6...7...8...9...10Optimized: 208 visible clusters (0.35%)
Total clusters visible: 60068
Average clusters visible: 45
Building PAS...
Average clusters audible: 172
visdatasize:135329  compressed from 441504
writing w:\programs\steam\steamapps\common\garrysmod\garrysmod\addons\garrysmodmap\maps\gmm_garrymod_map_by_woowz_flooded_water_blob.bsp
Wrote ZIP buffer, estimated size 130456, actual size 126758
0 seconds elapsed

==================================================================
Date: 2026-09-17 00:48:13
W:\Programs\Steam\steamapps\common\GarrysMod\bin\win64\vradplusplus.exe -both -final -game W:\Programs\Steam\steamapps\common\GarrysMod\garrysmod w:\programs\steam\steamapps\common\garrysmod\garrysmod\addons\garrysmodmap\maps\gmm_garrymod_map_by_woowz_flooded_water_blob
==================================================================
---------------
gamedir: W:\Programs\Steam\steamapps\common\GarrysMod\garrysmod\
---------------
16 threads
Compiling in LDR+HDR mode
Reading texlights from 'lights.rad'...
53 texlights parsed
Loading w:\programs\steam\steamapps\common\garrysmod\garrysmod\addons\garrysmodmap\maps\gmm_garrymod_map_by_woowz_flooded_water_blob.bsp
127 props added to raytrace
16078 faces
2 degenerate faces
403 fake patch planes
1786999 square feet [257327920.00 square inches]
4 Displacements
3259 Square Feet [469401.19 Square Inches]
0...1...2...3...4...5...6...7...8...9...1016076 patches before subdivision
195834 patches after subdivision
CreateDirectLights...
0...1...2...3...4...5...6...7...8...9...10514 lights, 6 styled (0.01 seconds)
0...1...2...3...4...5...6...7...8...9...100...1...2...3...4...5...6...7...8...9...10transfers 21779044, max 1026
transfer lists: 166.2 megs
0...1...2...3...4...5...6...7...8...9...10	Bounce #1 added RGB(1469514, 1081741, 771203)
0...1...2...3...4...5...6...7...8...9...10	Bounce #2 added RGB(374781, 266953, 182563)
0...1...2...3...4...5...6...7...8...9...10	Bounce #3 added RGB(113946, 81037, 53568)
0...1...2...3...4...5...6...7...8...9...10	Bounce #4 added RGB(39005, 27841, 17374)
0...1...2...3...4...5...6...7...8...9...10	Bounce #5 added RGB(14401, 10302, 5985)
0...1...2...3...4...5...6...7...8...9...10	Bounce #6 added RGB(5642, 4032, 2153)
0...1...2...3...4...5...6...7...8...9...10	Bounce #7 added RGB(2320, 1647, 802)
0...1...2...3...4...5...6...7...8...9...10	Bounce #8 added RGB(993, 697, 307)
0...1...2...3...4...5...6...7...8...9...10	Bounce #9 added RGB(440, 304, 121)
0...1...2...3...4...5...6...7...8...9...10	Bounce #10 added RGB(200, 135, 49)
0...1...2...3...4...5...6...7...8...9...10	Bounce #11 added RGB(93, 61, 20)
0...1...2...3...4...5...6...7...8...9...10	Bounce #12 added RGB(44, 28, 8)
0...1...2...3...4...5...6...7...8...9...10	Bounce #13 added RGB(21, 13, 3)
0...1...2...3...4...5...6...7...8...9...10	Bounce #14 added RGB(10, 6, 1)
0...1...2...3...4...5...6...7...8...9...10	Bounce #15 added RGB(5, 3, 1)
0...1...2...3...4...5...6...7...8...9...10	Bounce #16 added RGB(2, 1, 0)
0...1...2...3...4...5...6...7...8...9...10	Bounce #17 added RGB(1, 1, 0)
0...1...2...3...4...5...6...7...8...9...10	Bounce #18 added RGB(1, 0, 0)
Build Patch/Sample Hash Table(s).....Done<0.0841 sec>
0...1...2...3...4...5...6...7...8...9...10FinalLightFace Done
0...1...2...3...4...5...6...7...8...9...10Setting up leaf ambient computation...
79 of 378 (20% of) surface lights went in leaf ambient cubes.
0...1...2...3...4...5...6...7...8...9...10Writing leaf ambient...done
Ready to Finish

Object names       Objects/Maxobjs  Fullness 
------------       ---------------  -------- 
entities              1050/65536    ( 1.6%) 
models                  95/4096     ( 2.3%) 
brushes               4030/65536    ( 6.1%) 
brushsides           25501/655350   ( 3.9%) 
planes                5104/65536    ( 7.8%) 
vertexes             28265/65536    (43.1%) 
nodes                 4120/65536    ( 6.3%) 
texinfos              1544/32768    ( 4.7%) 
texdata                299/8192     ( 3.6%) 
dispinfos                4/16384    ( 0.0%) 
faces                16078/65536    (24.5%) 
hdr faces            16078/65536    (24.5%) 
origfaces             8462/65536    (12.9%) 
leaves                4216/65536    ( 6.4%) 
leaffaces            19312/65536    (29.5%) 
leafbrushes           8278/65536    (12.6%) 
areas                   80/1024     ( 7.8%) 
surfedges            78879/512000   (15.4%) 
edges                44502/256000   (17.4%) 
leafwaterdata           10/32768    ( 0.0%) 
primitives            2515/32768    ( 7.7%) 
primverts                0/65536    ( 0.0%) 
primindices          38733/65536    (59.1%) 
cubemapsamples           0/1024     ( 0.0%) 
overlays                67/8192     ( 0.8%) 
vertnormalindices    78791/256000   (30.8%) 
visdata             135329/16777216 ( 0.8%) 
entdata             372091/393216   (94.6%) VERY FULL!
LDR ambient table     4216/65536    ( 6.4%) 
HDR ambient table     4216/65536    ( 6.4%) 
LDR worldlights            0       
HDR worldlights            514     
LDR lightdata              0       
HDR lightdata              31366804
LDR leaf ambient           4216    
HDR leaf ambient           13340   
occluders                  0       
occluder polygons          0       
occluder vert ind          0       
detail props               1140    
dtl prp lght               4       
HDR dtl prp lght           4       
static props               18100   
pakfile                    126758  
physics                    1320221 
physics terrain            1376    

Level flags = 0

Total triangle count: 46635
Writing w:\programs\steam\steamapps\common\garrysmod\garrysmod\addons\garrysmodmap\maps\gmm_garrymod_map_by_woowz_flooded_water_blob.bsp
6 seconds elapsed

==================================================================
Date: 2026-09-17 00:55:42
W:\Programs\Steam\steamapps\common\GarrysMod\bin\win64\vbspplusplus.exe -allowdynamicpropsasstatic -game W:\Programs\Steam\steamapps\common\GarrysMod\garrysmod w:\programs\steam\steamapps\common\garrysmod\garrysmod\addons\garrysmodmap\maps\gmm_garrymod_map_by_woowz_flooded_water_blob
==================================================================
16 threads
---------------
gamedir: W:\Programs\Steam\steamapps\common\GarrysMod\garrysmod\
---------------
Loading w:\programs\steam\steamapps\common\garrysmod\garrysmod\addons\garrysmodmap\maps\gmm_garrymod_map_by_woowz_flooded_water_blob.vmf
Can't find surfaceprop antlion_eggshell for material NATURE/ROCKWALL_ANTLION03A, using default
Brush 174502, Side 5: duplicate plane
Locating GameData file 'garrysmod.fgd'...
Parsing GameData file w:\programs\steam\steamapps\common\garrysmod\bin\garrysmod.fgd
Parsing GameData file w:\programs\steam\steamapps\common\garrysmod\bin\base.fgd
Parsing GameData file w:\programs\steam\steamapps\common\garrysmod\bin\halflife2.fgd
Parsing GameData file w:\programs\steam\steamapps\common\garrysmod\bin\base.fgd
fixing up env_cubemap materials on brush sides...
FloodEntities...
FloodEntities...
Processing areas...done (0)
Building Faces...done (0)
Chop Details...done (0)
Find Visible Detail Sides...
Merged 1072 detail faces...done (0)
Merging details...done (1)
FixTjuncs...
PruneNodes...
WriteBSP...
done (0)
writing w:\programs\steam\steamapps\common\garrysmod\garrysmod\addons\garrysmodmap\maps\gmm_garrymod_map_by_woowz_flooded_water_blob.prt...
Building visibility clusters...
done (0)
Generating blank default cubemaps...
Generating blank default cubemaps...
Emitted 4030 brushes and 25501 brushsides
Finding displacement neighbors...
Finding lightmap sample positions...
Building Physics collision data...
done (0) (1320221 bytes)
Emitting static props...
Model "models/props_phx/construct/metal_wire1x2x2b.mdl" is missing $staticprop. Allowing due to -allowdynamicpropsasstatic
Model "models/props_phx/construct/metal_wire_angle360x2.mdl" is missing $staticprop. Allowing due to -allowdynamicpropsasstatic
Placing detail props : 0...1...2...3...4...5...6...7...8...9...10
Water found with no water_lod_control entity, creating a default one.
Compacting texture/material tables...
Reduced 2617 texinfos to 1543
Reduced 326 texdatas to 298 (10214 bytes to 7804)
Writing w:\programs\steam\steamapps\common\garrysmod\garrysmod\addons\garrysmodmap\maps\gmm_garrymod_map_by_woowz_flooded_water_blob.bsp
2 seconds elapsed

==================================================================
Date: 2026-09-17 00:55:44
W:\Programs\Steam\steamapps\common\GarrysMod\bin\win64\vvisplusplus.exe -game W:\Programs\Steam\steamapps\common\GarrysMod\garrysmod w:\programs\steam\steamapps\common\garrysmod\garrysmod\addons\garrysmodmap\maps\gmm_garrymod_map_by_woowz_flooded_water_blob
==================================================================
16 threads
CPU supports AVX2
reading w:\programs\steam\steamapps\common\garrysmod\garrysmod\addons\garrysmodmap\maps\gmm_garrymod_map_by_woowz_flooded_water_blob.bsp
reading w:\programs\steam\steamapps\common\garrysmod\garrysmod\addons\garrysmodmap\maps\gmm_garrymod_map_by_woowz_flooded_water_blob.prt
1314 portalclusters
2370 numportals
0...1...2...3...4...5...6...7...8...9...100...1...2...3...4...5...6...7...8...9...10Optimized: 207 visible clusters (0.34%)
Total clusters visible: 60067
Average clusters visible: 45
Building PAS...
Average clusters audible: 172
visdatasize:135329  compressed from 441504
writing w:\programs\steam\steamapps\common\garrysmod\garrysmod\addons\garrysmodmap\maps\gmm_garrymod_map_by_woowz_flooded_water_blob.bsp
Wrote ZIP buffer, estimated size 130456, actual size 126758
0 seconds elapsed

==================================================================
Date: 2026-09-17 00:55:44
W:\Programs\Steam\steamapps\common\GarrysMod\bin\win64\vradplusplus.exe -both -final -game W:\Programs\Steam\steamapps\common\GarrysMod\garrysmod w:\programs\steam\steamapps\common\garrysmod\garrysmod\addons\garrysmodmap\maps\gmm_garrymod_map_by_woowz_flooded_water_blob
==================================================================
---------------
gamedir: W:\Programs\Steam\steamapps\common\GarrysMod\garrysmod\
---------------
16 threads
Compiling in LDR+HDR mode
Reading texlights from 'lights.rad'...
53 texlights parsed
Loading w:\programs\steam\steamapps\common\garrysmod\garrysmod\addons\garrysmodmap\maps\gmm_garrymod_map_by_woowz_flooded_water_blob.bsp
127 props added to raytrace
16078 faces
2 degenerate faces
403 fake patch planes
1786999 square feet [257327920.00 square inches]
4 Displacements
3259 Square Feet [469401.19 Square Inches]
0...1...2...3...4...5...6...7...8...9...1016076 patches before subdivision
195834 patches after subdivision
CreateDirectLights...
0...1...2...3...4...5...6...7...8...9...10514 lights, 6 styled (0.01 seconds)
0...1...2...3...4...5...6...7...8...9...100...1...2...3...4...5...6...7...8...9...10transfers 21779044, max 1026
transfer lists: 166.2 megs
0...1...2...3...4...5...6...7...8...9...10	Bounce #1 added RGB(1469516, 1081744, 771207)
0...1...2...3...4...5...6...7...8...9...10	Bounce #2 added RGB(374783, 266955, 182565)
0...1...2...3...4...5...6...7...8...9...10	Bounce #3 added RGB(113947, 81038, 53569)
0...1...2...3...4...5...6...7...8...9...10	Bounce #4 added RGB(39006, 27842, 17375)
0...1...2...3...4...5...6...7...8...9...10	Bounce #5 added RGB(14402, 10302, 5985)
0...1...2...3...4...5...6...7...8...9...10	Bounce #6 added RGB(5642, 4032, 2153)
0...1...2...3...4...5...6...7...8...9...10	Bounce #7 added RGB(2320, 1647, 802)
0...1...2...3...4...5...6...7...8...9...10	Bounce #8 added RGB(993, 697, 307)
0...1...2...3...4...5...6...7...8...9...10	Bounce #9 added RGB(440, 304, 121)
0...1...2...3...4...5...6...7...8...9...10	Bounce #10 added RGB(200, 135, 49)
0...1...2...3...4...5...6...7...8...9...10	Bounce #11 added RGB(93, 61, 20)
0...1...2...3...4...5...6...7...8...9...10	Bounce #12 added RGB(44, 28, 8)
0...1...2...3...4...5...6...7...8...9...10	Bounce #13 added RGB(21, 13, 3)
0...1...2...3...4...5...6...7...8...9...10	Bounce #14 added RGB(10, 6, 1)
0...1...2...3...4...5...6...7...8...9...10	Bounce #15 added RGB(5, 3, 1)
0...1...2...3...4...5...6...7...8...9...10	Bounce #16 added RGB(2, 1, 0)
0...1...2...3...4...5...6...7...8...9...10	Bounce #17 added RGB(1, 1, 0)
0...1...2...3...4...5...6...7...8...9...10	Bounce #18 added RGB(1, 0, 0)
Build Patch/Sample Hash Table(s).....Done<0.0830 sec>
0...1...2...3...4...5...6...7...8...9...10FinalLightFace Done
0...1...2...3...4...5...6...7...8...9...10Setting up leaf ambient computation...
79 of 378 (20% of) surface lights went in leaf ambient cubes.
0...1...2...3...4...5...6...7...8...9...10Writing leaf ambient...done
Ready to Finish

Object names       Objects/Maxobjs  Fullness 
------------       ---------------  -------- 
entities              1052/65536    ( 1.6%) 
models                  95/4096     ( 2.3%) 
brushes               4030/65536    ( 6.1%) 
brushsides           25501/655350   ( 3.9%) 
planes                5104/65536    ( 7.8%) 
vertexes             28265/65536    (43.1%) 
nodes                 4120/65536    ( 6.3%) 
texinfos              1543/32768    ( 4.7%) 
texdata                298/8192     ( 3.6%) 
dispinfos                4/16384    ( 0.0%) 
faces                16078/65536    (24.5%) 
hdr faces            16078/65536    (24.5%) 
origfaces             8462/65536    (12.9%) 
leaves                4216/65536    ( 6.4%) 
leaffaces            19312/65536    (29.5%) 
leafbrushes           8278/65536    (12.6%) 
areas                   80/1024     ( 7.8%) 
surfedges            78879/512000   (15.4%) 
edges                44502/256000   (17.4%) 
leafwaterdata           10/32768    ( 0.0%) 
primitives            2515/32768    ( 7.7%) 
primverts                0/65536    ( 0.0%) 
primindices          38733/65536    (59.1%) 
cubemapsamples           0/1024     ( 0.0%) 
overlays                66/8192     ( 0.8%) 
vertnormalindices    78791/256000   (30.8%) 
visdata             135329/16777216 ( 0.8%) 
entdata             373411/393216   (95.0%) VERY FULL!
LDR ambient table     4216/65536    ( 6.4%) 
HDR ambient table     4216/65536    ( 6.4%) 
LDR worldlights            0       
HDR worldlights            514     
LDR lightdata              0       
HDR lightdata              31366804
LDR leaf ambient           4216    
HDR leaf ambient           13341   
occluders                  0       
occluder polygons          0       
occluder vert ind          0       
detail props               1140    
dtl prp lght               4       
HDR dtl prp lght           4       
static props               18100   
pakfile                    126758  
physics                    1320221 
physics terrain            1376    

Level flags = 0

Total triangle count: 46635
Writing w:\programs\steam\steamapps\common\garrysmod\garrysmod\addons\garrysmodmap\maps\gmm_garrymod_map_by_woowz_flooded_water_blob.bsp
6 seconds elapsed

==================================================================
Date: 2026-09-17 00:58:59
W:\Programs\Steam\steamapps\common\GarrysMod\bin\win64\vbspplusplus.exe -allowdynamicpropsasstatic -game W:\Programs\Steam\steamapps\common\GarrysMod\garrysmod w:\programs\steam\steamapps\common\garrysmod\garrysmod\addons\garrysmodmap\maps\gmm_garrymod_map_by_woowz_flooded_water_blob
==================================================================
16 threads
---------------
gamedir: W:\Programs\Steam\steamapps\common\GarrysMod\garrysmod\
---------------
Loading w:\programs\steam\steamapps\common\garrysmod\garrysmod\addons\garrysmodmap\maps\gmm_garrymod_map_by_woowz_flooded_water_blob.vmf
Can't find surfaceprop antlion_eggshell for material NATURE/ROCKWALL_ANTLION03A, using default
Brush 174502, Side 5: duplicate plane
Locating GameData file 'garrysmod.fgd'...
Parsing GameData file w:\programs\steam\steamapps\common\garrysmod\bin\garrysmod.fgd
Parsing GameData file w:\programs\steam\steamapps\common\garrysmod\bin\base.fgd
Parsing GameData file w:\programs\steam\steamapps\common\garrysmod\bin\halflife2.fgd
Parsing GameData file w:\programs\steam\steamapps\common\garrysmod\bin\base.fgd
fixing up env_cubemap materials on brush sides...
FloodEntities...
FloodEntities...
Processing areas...done (0)
Building Faces...done (0)
Chop Details...done (0)
Find Visible Detail Sides...
Merged 1072 detail faces...done (0)
Merging details...done (1)
FixTjuncs...
PruneNodes...
WriteBSP...
done (0)
writing w:\programs\steam\steamapps\common\garrysmod\garrysmod\addons\garrysmodmap\maps\gmm_garrymod_map_by_woowz_flooded_water_blob.prt...
Building visibility clusters...
done (0)
Generating blank default cubemaps...
Generating blank default cubemaps...
Emitted 4030 brushes and 25501 brushsides
Finding displacement neighbors...
Finding lightmap sample positions...
Building Physics collision data...
done (0) (1320221 bytes)
Emitting static props...
Model "models/props_phx/construct/metal_wire1x2x2b.mdl" is missing $staticprop. Allowing due to -allowdynamicpropsasstatic
Model "models/props_phx/construct/metal_wire_angle360x2.mdl" is missing $staticprop. Allowing due to -allowdynamicpropsasstatic
Placing detail props : 0...1...2...3...4...5...6...7...8...9...10
Water found with no water_lod_control entity, creating a default one.
Compacting texture/material tables...
Reduced 2617 texinfos to 1543
Reduced 326 texdatas to 298 (10214 bytes to 7804)
Writing w:\programs\steam\steamapps\common\garrysmod\garrysmod\addons\garrysmodmap\maps\gmm_garrymod_map_by_woowz_flooded_water_blob.bsp
2 seconds elapsed

==================================================================
Date: 2026-09-17 00:59:02
W:\Programs\Steam\steamapps\common\GarrysMod\bin\win64\vvisplusplus.exe -game W:\Programs\Steam\steamapps\common\GarrysMod\garrysmod w:\programs\steam\steamapps\common\garrysmod\garrysmod\addons\garrysmodmap\maps\gmm_garrymod_map_by_woowz_flooded_water_blob
==================================================================
16 threads
CPU supports AVX2
reading w:\programs\steam\steamapps\common\garrysmod\garrysmod\addons\garrysmodmap\maps\gmm_garrymod_map_by_woowz_flooded_water_blob.bsp
reading w:\programs\steam\steamapps\common\garrysmod\garrysmod\addons\garrysmodmap\maps\gmm_garrymod_map_by_woowz_flooded_water_blob.prt
1314 portalclusters
2370 numportals
0...1...2...3...4...5...6...7...8...9...100...1...2...3...4...5...6...7...8...9...10Optimized: 205 visible clusters (0.34%)
Total clusters visible: 60065
Average clusters visible: 45
Building PAS...
Average clusters audible: 172
visdatasize:135329  compressed from 441504
writing w:\programs\steam\steamapps\common\garrysmod\garrysmod\addons\garrysmodmap\maps\gmm_garrymod_map_by_woowz_flooded_water_blob.bsp
Wrote ZIP buffer, estimated size 130456, actual size 126758
0 seconds elapsed

==================================================================
Date: 2026-09-17 00:59:02
W:\Programs\Steam\steamapps\common\GarrysMod\bin\win64\vradplusplus.exe -both -final -game W:\Programs\Steam\steamapps\common\GarrysMod\garrysmod w:\programs\steam\steamapps\common\garrysmod\garrysmod\addons\garrysmodmap\maps\gmm_garrymod_map_by_woowz_flooded_water_blob
==================================================================
---------------
gamedir: W:\Programs\Steam\steamapps\common\GarrysMod\garrysmod\
---------------
16 threads
Compiling in LDR+HDR mode
Reading texlights from 'lights.rad'...
53 texlights parsed
Loading w:\programs\steam\steamapps\common\garrysmod\garrysmod\addons\garrysmodmap\maps\gmm_garrymod_map_by_woowz_flooded_water_blob.bsp
127 props added to raytrace
16078 faces
2 degenerate faces
403 fake patch planes
1786999 square feet [257327920.00 square inches]
4 Displacements
3259 Square Feet [469401.19 Square Inches]
0...1...2...3...4...5...6...7...8...9...1016076 patches before subdivision
195834 patches after subdivision
CreateDirectLights...
0...1...2...3...4...5...6...7...8...9...10514 lights, 6 styled (0.01 seconds)
0...1...2...3...4...5...6...7...8...9...100...1...2...3...4...5...6...7...8...9...10transfers 21779044, max 1026
transfer lists: 166.2 megs
0...1...2...3...4...5...6...7...8...9...10	Bounce #1 added RGB(1469518, 1081749, 771209)
0...1...2...3...4...5...6...7...8...9...10	Bounce #2 added RGB(374783, 266955, 182565)
0...1...2...3...4...5...6...7...8...9...10	Bounce #3 added RGB(113947, 81038, 53569)
0...1...2...3...4...5...6...7...8...9...10	Bounce #4 added RGB(39006, 27842, 17375)
0...1...2...3...4...5...6...7...8...9...10	Bounce #5 added RGB(14402, 10302, 5985)
0...1...2...3...4...5...6...7...8...9...10	Bounce #6 added RGB(5642, 4032, 2153)
0...1...2...3...4...5...6...7...8...9...10	Bounce #7 added RGB(2320, 1647, 802)
0...1...2...3...4...5...6...7...8...9...10	Bounce #8 added RGB(993, 697, 307)
0...1...2...3...4...5...6...7...8...9...10	Bounce #9 added RGB(440, 304, 121)
0...1...2...3...4...5...6...7...8...9...10	Bounce #10 added RGB(200, 135, 49)
0...1...2...3...4...5...6...7...8...9...10	Bounce #11 added RGB(93, 61, 20)
0...1...2...3...4...5...6...7...8...9...10	Bounce #12 added RGB(44, 28, 8)
0...1...2...3...4...5...6...7...8...9...10	Bounce #13 added RGB(21, 13, 3)
0...1...2...3...4...5...6...7...8...9...10	Bounce #14 added RGB(10, 6, 1)
0...1...2...3...4...5...6...7...8...9...10	Bounce #15 added RGB(5, 3, 1)
0...1...2...3...4...5...6...7...8...9...10	Bounce #16 added RGB(2, 1, 0)
0...1...2...3...4...5...6...7...8...9...10	Bounce #17 added RGB(1, 1, 0)
0...1...2...3...4...5...6...7...8...9...10	Bounce #18 added RGB(1, 0, 0)
Build Patch/Sample Hash Table(s).....Done<0.0861 sec>
0...1...2...3...4...5...6...7...8...9...10FinalLightFace Done
0...1...2...3...4...5...6...7...8...9...10Setting up leaf ambient computation...
79 of 378 (20% of) surface lights went in leaf ambient cubes.
0...1...2...3...4...5...6...7...8...9...10Writing leaf ambient...done
Ready to Finish

Object names       Objects/Maxobjs  Fullness 
------------       ---------------  -------- 
entities              1053/65536    ( 1.6%) 
models                  95/4096     ( 2.3%) 
brushes               4030/65536    ( 6.1%) 
brushsides           25501/655350   ( 3.9%) 
planes                5104/65536    ( 7.8%) 
vertexes             28265/65536    (43.1%) 
nodes                 4120/65536    ( 6.3%) 
texinfos              1543/32768    ( 4.7%) 
texdata                298/8192     ( 3.6%) 
dispinfos                4/16384    ( 0.0%) 
faces                16078/65536    (24.5%) 
hdr faces            16078/65536    (24.5%) 
origfaces             8462/65536    (12.9%) 
leaves                4216/65536    ( 6.4%) 
leaffaces            19312/65536    (29.5%) 
leafbrushes           8278/65536    (12.6%) 
areas                   80/1024     ( 7.8%) 
surfedges            78879/512000   (15.4%) 
edges                44502/256000   (17.4%) 
leafwaterdata           10/32768    ( 0.0%) 
primitives            2515/32768    ( 7.7%) 
primverts                0/65536    ( 0.0%) 
primindices          38733/65536    (59.1%) 
cubemapsamples           0/1024     ( 0.0%) 
overlays                66/8192     ( 0.8%) 
vertnormalindices    78791/256000   (30.8%) 
visdata             135329/16777216 ( 0.8%) 
entdata             373753/393216   (95.1%) CLOSE TO FULL!
LDR ambient table     4216/65536    ( 6.4%) 
HDR ambient table     4216/65536    ( 6.4%) 
LDR worldlights            0       
HDR worldlights            514     
LDR lightdata              0       
HDR lightdata              31366804
LDR leaf ambient           4216    
HDR leaf ambient           13341   
occluders                  0       
occluder polygons          0       
occluder vert ind          0       
detail props               1140    
dtl prp lght               4       
HDR dtl prp lght           4       
static props               18100   
pakfile                    126758  
physics                    1320221 
physics terrain            1376    

Level flags = 0

Total triangle count: 46635
Writing w:\programs\steam\steamapps\common\garrysmod\garrysmod\addons\garrysmodmap\maps\gmm_garrymod_map_by_woowz_flooded_water_blob.bsp
6 seconds elapsed

==================================================================
Date: 2026-09-17 01:49:04
W:\Programs\Steam\steamapps\common\GarrysMod\bin\win64\vbspplusplus.exe -allowdynamicpropsasstatic -game W:\Programs\Steam\steamapps\common\GarrysMod\garrysmod w:\programs\steam\steamapps\common\garrysmod\garrysmod\addons\garrysmodmap\maps\gmm_garrymod_map_by_woowz_flooded_water_blob
==================================================================
16 threads
---------------
gamedir: W:\Programs\Steam\steamapps\common\GarrysMod\garrysmod\
---------------
Loading w:\programs\steam\steamapps\common\garrysmod\garrysmod\addons\garrysmodmap\maps\gmm_garrymod_map_by_woowz_flooded_water_blob.vmf
Can't find surfaceprop antlion_eggshell for material NATURE/ROCKWALL_ANTLION03A, using default
Brush 174502, Side 5: duplicate plane
Locating GameData file 'garrysmod.fgd'...
Parsing GameData file w:\programs\steam\steamapps\common\garrysmod\bin\garrysmod.fgd
Parsing GameData file w:\programs\steam\steamapps\common\garrysmod\bin\base.fgd
Parsing GameData file w:\programs\steam\steamapps\common\garrysmod\bin\halflife2.fgd
Parsing GameData file w:\programs\steam\steamapps\common\garrysmod\bin\base.fgd
fixing up env_cubemap materials on brush sides...
FloodEntities...
FloodEntities...
Processing areas...done (0)
Building Faces...done (0)
Chop Details...done (0)
Find Visible Detail Sides...
Merged 1072 detail faces...done (0)
Merging details...done (1)
FixTjuncs...
PruneNodes...
WriteBSP...
done (0)
writing w:\programs\steam\steamapps\common\garrysmod\garrysmod\addons\garrysmodmap\maps\gmm_garrymod_map_by_woowz_flooded_water_blob.prt...
Building visibility clusters...
done (0)
Generating blank default cubemaps...
Generating blank default cubemaps...
Emitted 4031 brushes and 25516 brushsides
Finding displacement neighbors...
Finding lightmap sample positions...
Building Physics collision data...
done (0) (1320772 bytes)
Emitting static props...
Model "models/props_phx/construct/metal_wire1x2x2b.mdl" is missing $staticprop. Allowing due to -allowdynamicpropsasstatic
Model "models/props_phx/construct/metal_wire_angle360x2.mdl" is missing $staticprop. Allowing due to -allowdynamicpropsasstatic
Placing detail props : 0...1...2...3...4...5...6...7...8...9...10
Water found with no water_lod_control entity, creating a default one.
Compacting texture/material tables...
Reduced 2625 texinfos to 1545
Reduced 327 texdatas to 299 (10269 bytes to 7859)
Writing w:\programs\steam\steamapps\common\garrysmod\garrysmod\addons\garrysmodmap\maps\gmm_garrymod_map_by_woowz_flooded_water_blob.bsp
2 seconds elapsed

==================================================================
Date: 2026-09-17 01:49:06
W:\Programs\Steam\steamapps\common\GarrysMod\bin\win64\vvisplusplus.exe -game W:\Programs\Steam\steamapps\common\GarrysMod\garrysmod w:\programs\steam\steamapps\common\garrysmod\garrysmod\addons\garrysmodmap\maps\gmm_garrymod_map_by_woowz_flooded_water_blob
==================================================================
16 threads
CPU supports AVX2
reading w:\programs\steam\steamapps\common\garrysmod\garrysmod\addons\garrysmodmap\maps\gmm_garrymod_map_by_woowz_flooded_water_blob.bsp
reading w:\programs\steam\steamapps\common\garrysmod\garrysmod\addons\garrysmodmap\maps\gmm_garrymod_map_by_woowz_flooded_water_blob.prt
1314 portalclusters
2370 numportals
0...1...2...3...4...5...6...7...8...9...100...1...2...3...4...5...6...7...8...9...10Optimized: 205 visible clusters (0.34%)
Total clusters visible: 60065
Average clusters visible: 45
Building PAS...
Average clusters audible: 172
visdatasize:135329  compressed from 441504
writing w:\programs\steam\steamapps\common\garrysmod\garrysmod\addons\garrysmodmap\maps\gmm_garrymod_map_by_woowz_flooded_water_blob.bsp
Wrote ZIP buffer, estimated size 130456, actual size 126758
0 seconds elapsed

==================================================================
Date: 2026-09-17 01:49:07
W:\Programs\Steam\steamapps\common\GarrysMod\bin\win64\vradplusplus.exe -both -final -game W:\Programs\Steam\steamapps\common\GarrysMod\garrysmod w:\programs\steam\steamapps\common\garrysmod\garrysmod\addons\garrysmodmap\maps\gmm_garrymod_map_by_woowz_flooded_water_blob
==================================================================
---------------
gamedir: W:\Programs\Steam\steamapps\common\GarrysMod\garrysmod\
---------------
16 threads
Compiling in LDR+HDR mode
Reading texlights from 'lights.rad'...
53 texlights parsed
Loading w:\programs\steam\steamapps\common\garrysmod\garrysmod\addons\garrysmodmap\maps\gmm_garrymod_map_by_woowz_flooded_water_blob.bsp
127 props added to raytrace
16080 faces
2 degenerate faces
405 fake patch planes
1787179 square feet [257353840.00 square inches]
4 Displacements
3259 Square Feet [469401.19 Square Inches]
0...1...2...3...4...5...6...7...8...9...1016078 patches before subdivision
195836 patches after subdivision
CreateDirectLights...
0...1...2...3...4...5...6...7...8...9...10514 lights, 6 styled (0.01 seconds)
0...1...2...3...4...5...6...7...8...9...100...1...2...3...4...5...6...7...8...9...10transfers 21779327, max 1026
transfer lists: 166.2 megs
0...1...2...3...4...5...6...7...8...9...10	Bounce #1 added RGB(1469513, 1081743, 771207)
0...1...2...3...4...5...6...7...8...9...10	Bounce #2 added RGB(374781, 266954, 182565)
0...1...2...3...4...5...6...7...8...9...10	Bounce #3 added RGB(113947, 81038, 53569)
0...1...2...3...4...5...6...7...8...9...10	Bounce #4 added RGB(39005, 27842, 17375)
0...1...2...3...4...5...6...7...8...9...10	Bounce #5 added RGB(14402, 10302, 5985)
0...1...2...3...4...5...6...7...8...9...10	Bounce #6 added RGB(5642, 4032, 2153)
0...1...2...3...4...5...6...7...8...9...10	Bounce #7 added RGB(2320, 1647, 802)
0...1...2...3...4...5...6...7...8...9...10	Bounce #8 added RGB(993, 697, 307)
0...1...2...3...4...5...6...7...8...9...10	Bounce #9 added RGB(440, 304, 121)
0...1...2...3...4...5...6...7...8...9...10	Bounce #10 added RGB(200, 135, 49)
0...1...2...3...4...5...6...7...8...9...10	Bounce #11 added RGB(93, 61, 20)
0...1...2...3...4...5...6...7...8...9...10	Bounce #12 added RGB(44, 28, 8)
0...1...2...3...4...5...6...7...8...9...10	Bounce #13 added RGB(21, 13, 3)
0...1...2...3...4...5...6...7...8...9...10	Bounce #14 added RGB(10, 6, 1)
0...1...2...3...4...5...6...7...8...9...10	Bounce #15 added RGB(5, 3, 1)
0...1...2...3...4...5...6...7...8...9...10	Bounce #16 added RGB(2, 1, 0)
0...1...2...3...4...5...6...7...8...9...10	Bounce #17 added RGB(1, 1, 0)
0...1...2...3...4...5...6...7...8...9...10	Bounce #18 added RGB(1, 0, 0)
Build Patch/Sample Hash Table(s).....Done<0.0839 sec>
0...1...2...3...4...5...6...7...8...9...10FinalLightFace Done
0...1...2...3...4...5...6...7...8...9...10Setting up leaf ambient computation...
79 of 378 (20% of) surface lights went in leaf ambient cubes.
0...1...2...3...4...5...6...7...8...9...10Writing leaf ambient...done
Ready to Finish

Object names       Objects/Maxobjs  Fullness 
------------       ---------------  -------- 
entities              1048/65536    ( 1.6%) 
models                  96/4096     ( 2.3%) 
brushes               4031/65536    ( 6.2%) 
brushsides           25516/655350   ( 3.9%) 
planes                5154/65536    ( 7.9%) 
vertexes             28273/65536    (43.1%) 
nodes                 4126/65536    ( 6.3%) 
texinfos              1545/32768    ( 4.7%) 
texdata                299/8192     ( 3.6%) 
dispinfos                4/16384    ( 0.0%) 
faces                16080/65536    (24.5%) 
hdr faces            16080/65536    (24.5%) 
origfaces             8464/65536    (12.9%) 
leaves                4223/65536    ( 6.4%) 
leaffaces            19314/65536    (29.5%) 
leafbrushes           8279/65536    (12.6%) 
areas                   80/1024     ( 7.8%) 
surfedges            78888/512000   (15.4%) 
edges                44511/256000   (17.4%) 
leafwaterdata           10/32768    ( 0.0%) 
primitives            2515/32768    ( 7.7%) 
primverts                0/65536    ( 0.0%) 
primindices          38733/65536    (59.1%) 
cubemapsamples           0/1024     ( 0.0%) 
overlays                67/8192     ( 0.8%) 
vertnormalindices    78799/256000   (30.8%) 
visdata             135329/16777216 ( 0.8%) 
entdata             371980/393216   (94.6%) VERY FULL!
LDR ambient table     4223/65536    ( 6.4%) 
HDR ambient table     4223/65536    ( 6.4%) 
LDR worldlights            0       
HDR worldlights            514     
LDR lightdata              0       
HDR lightdata              31366844
LDR leaf ambient           4223    
HDR leaf ambient           13422   
occluders                  0       
occluder polygons          0       
occluder vert ind          0       
detail props               1140    
dtl prp lght               4       
HDR dtl prp lght           4       
static props               18100   
pakfile                    126758  
physics                    1320772 
physics terrain            1376    

Level flags = 0

Total triangle count: 46639
Writing w:\programs\steam\steamapps\common\garrysmod\garrysmod\addons\garrysmodmap\maps\gmm_garrymod_map_by_woowz_flooded_water_blob.bsp
6 seconds elapsed

==================================================================
Date: 2026-09-17 01:53:45
W:\Programs\Steam\steamapps\common\GarrysMod\bin\win64\vbspplusplus.exe -allowdynamicpropsasstatic -game W:\Programs\Steam\steamapps\common\GarrysMod\garrysmod w:\programs\steam\steamapps\common\garrysmod\garrysmod\addons\garrysmodmap\maps\gmm_garrymod_map_by_woowz_flooded_water_blob
==================================================================
16 threads
---------------
gamedir: W:\Programs\Steam\steamapps\common\GarrysMod\garrysmod\
---------------
Loading w:\programs\steam\steamapps\common\garrysmod\garrysmod\addons\garrysmodmap\maps\gmm_garrymod_map_by_woowz_flooded_water_blob.vmf
Can't find surfaceprop antlion_eggshell for material NATURE/ROCKWALL_ANTLION03A, using default
Brush 174502, Side 5: duplicate plane
Locating GameData file 'garrysmod.fgd'...
Parsing GameData file w:\programs\steam\steamapps\common\garrysmod\bin\garrysmod.fgd
Parsing GameData file w:\programs\steam\steamapps\common\garrysmod\bin\base.fgd
Parsing GameData file w:\programs\steam\steamapps\common\garrysmod\bin\halflife2.fgd
Parsing GameData file w:\programs\steam\steamapps\common\garrysmod\bin\base.fgd
fixing up env_cubemap materials on brush sides...
FloodEntities...
FloodEntities...
Processing areas...done (0)
Building Faces...done (0)
Chop Details...done (0)
Find Visible Detail Sides...
Merged 1072 detail faces...done (0)
Merging details...done (1)
FixTjuncs...
PruneNodes...
WriteBSP...
done (0)
writing w:\programs\steam\steamapps\common\garrysmod\garrysmod\addons\garrysmodmap\maps\gmm_garrymod_map_by_woowz_flooded_water_blob.prt...
Building visibility clusters...
done (0)
Generating blank default cubemaps...
Generating blank default cubemaps...
Emitted 4043 brushes and 25656 brushsides
Finding displacement neighbors...
Finding lightmap sample positions...
Building Physics collision data...
done (0) (1327360 bytes)
Emitting static props...
Model "models/props_phx/construct/metal_wire1x2x2b.mdl" is missing $staticprop. Allowing due to -allowdynamicpropsasstatic
Model "models/props_phx/construct/metal_wire_angle360x2.mdl" is missing $staticprop. Allowing due to -allowdynamicpropsasstatic
Placing detail props : 0...1...2...3...4...5...6...7...8...9...10
Water found with no water_lod_control entity, creating a default one.
Compacting texture/material tables...
Reduced 2721 texinfos to 1556
Reduced 327 texdatas to 299 (10269 bytes to 7859)
Writing w:\programs\steam\steamapps\common\garrysmod\garrysmod\addons\garrysmodmap\maps\gmm_garrymod_map_by_woowz_flooded_water_blob.bsp
2 seconds elapsed

==================================================================
Date: 2026-09-17 01:53:47
W:\Programs\Steam\steamapps\common\GarrysMod\bin\win64\vvisplusplus.exe -game W:\Programs\Steam\steamapps\common\GarrysMod\garrysmod w:\programs\steam\steamapps\common\garrysmod\garrysmod\addons\garrysmodmap\maps\gmm_garrymod_map_by_woowz_flooded_water_blob
==================================================================
16 threads
CPU supports AVX2
reading w:\programs\steam\steamapps\common\garrysmod\garrysmod\addons\garrysmodmap\maps\gmm_garrymod_map_by_woowz_flooded_water_blob.bsp
reading w:\programs\steam\steamapps\common\garrysmod\garrysmod\addons\garrysmodmap\maps\gmm_garrymod_map_by_woowz_flooded_water_blob.prt
1314 portalclusters
2370 numportals
0...1...2...3...4...5...6...7...8...9...100...1...2...3...4...5...6...7...8...9...10Optimized: 210 visible clusters (0.35%)
Total clusters visible: 60070
Average clusters visible: 45
Building PAS...
Average clusters audible: 172
visdatasize:135329  compressed from 441504
writing w:\programs\steam\steamapps\common\garrysmod\garrysmod\addons\garrysmodmap\maps\gmm_garrymod_map_by_woowz_flooded_water_blob.bsp
Wrote ZIP buffer, estimated size 130456, actual size 126758
0 seconds elapsed

==================================================================
Date: 2026-09-17 01:53:47
W:\Programs\Steam\steamapps\common\GarrysMod\bin\win64\vradplusplus.exe -both -final -game W:\Programs\Steam\steamapps\common\GarrysMod\garrysmod w:\programs\steam\steamapps\common\garrysmod\garrysmod\addons\garrysmodmap\maps\gmm_garrymod_map_by_woowz_flooded_water_blob
==================================================================
---------------
gamedir: W:\Programs\Steam\steamapps\common\GarrysMod\garrysmod\
---------------
16 threads
Compiling in LDR+HDR mode
Reading texlights from 'lights.rad'...
53 texlights parsed
Loading w:\programs\steam\steamapps\common\garrysmod\garrysmod\addons\garrysmodmap\maps\gmm_garrymod_map_by_woowz_flooded_water_blob.bsp
127 props added to raytrace
16093 faces
2 degenerate faces
416 fake patch planes
1788726 square feet [257576656.00 square inches]
4 Displacements
3259 Square Feet [469401.19 Square Inches]
0...1...2...3...4...5...6...7...8...9...1016091 patches before subdivision
195861 patches after subdivision
CreateDirectLights...
0...1...2...3...4...5...6...7...8...9...10514 lights, 6 styled (0.01 seconds)
0...1...2...3...4...5...6...7...8...9...100...1...2...3...4...5...6...7...8...9...10transfers 21783545, max 1026
transfer lists: 166.2 megs
0...1...2...3...4...5...6...7...8...9...10	Bounce #1 added RGB(1469539, 1081756, 771213)
0...1...2...3...4...5...6...7...8...9...10	Bounce #2 added RGB(374791, 266958, 182565)
0...1...2...3...4...5...6...7...8...9...10	Bounce #3 added RGB(113950, 81038, 53569)
0...1...2...3...4...5...6...7...8...9...10	Bounce #4 added RGB(39006, 27841, 17374)
0...1...2...3...4...5...6...7...8...9...10	Bounce #5 added RGB(14402, 10302, 5985)
0...1...2...3...4...5...6...7...8...9...10	Bounce #6 added RGB(5642, 4032, 2153)
0...1...2...3...4...5...6...7...8...9...10	Bounce #7 added RGB(2320, 1647, 802)
0...1...2...3...4...5...6...7...8...9...10	Bounce #8 added RGB(993, 697, 307)
0...1...2...3...4...5...6...7...8...9...10	Bounce #9 added RGB(440, 304, 121)
0...1...2...3...4...5...6...7...8...9...10	Bounce #10 added RGB(200, 135, 49)
0...1...2...3...4...5...6...7...8...9...10	Bounce #11 added RGB(93, 61, 20)
0...1...2...3...4...5...6...7...8...9...10	Bounce #12 added RGB(44, 28, 8)
0...1...2...3...4...5...6...7...8...9...10	Bounce #13 added RGB(21, 13, 3)
0...1...2...3...4...5...6...7...8...9...10	Bounce #14 added RGB(10, 6, 1)
0...1...2...3...4...5...6...7...8...9...10	Bounce #15 added RGB(5, 3, 1)
0...1...2...3...4...5...6...7...8...9...10	Bounce #16 added RGB(2, 1, 0)
0...1...2...3...4...5...6...7...8...9...10	Bounce #17 added RGB(1, 1, 0)
0...1...2...3...4...5...6...7...8...9...10	Bounce #18 added RGB(1, 0, 0)
Build Patch/Sample Hash Table(s).....Done<0.0847 sec>
0...1...2...3...4...5...6...7...8...9...10FinalLightFace Done
0...1...2...3...4...5...6...7...8...9...10Setting up leaf ambient computation...
79 of 378 (20% of) surface lights went in leaf ambient cubes.
0...1...2...3...4...5...6...7...8...9...10Writing leaf ambient...done
Ready to Finish

Object names       Objects/Maxobjs  Fullness 
------------       ---------------  -------- 
entities              1060/65536    ( 1.6%) 
models                 108/4096     ( 2.6%) 
brushes               4043/65536    ( 6.2%) 
brushsides           25656/655350   ( 3.9%) 
planes                5612/65536    ( 8.6%) 
vertexes             28373/65536    (43.3%) 
nodes                 4198/65536    ( 6.4%) 
texinfos              1556/32768    ( 4.7%) 
texdata                299/8192     ( 3.6%) 
dispinfos                4/16384    ( 0.0%) 
faces                16093/65536    (24.6%) 
hdr faces            16093/65536    (24.6%) 
origfaces             8475/65536    (12.9%) 
leaves                4307/65536    ( 6.6%) 
leaffaces            19326/65536    (29.5%) 
leafbrushes           8291/65536    (12.7%) 
areas                   80/1024     ( 7.8%) 
surfedges            78956/512000   (15.4%) 
edges                44574/256000   (17.4%) 
leafwaterdata           10/32768    ( 0.0%) 
primitives            2517/32768    ( 7.7%) 
primverts                0/65536    ( 0.0%) 
primindices          38760/65536    (59.1%) 
cubemapsamples           0/1024     ( 0.0%) 
overlays                68/8192     ( 0.8%) 
vertnormalindices    78855/256000   (30.8%) 
visdata             135329/16777216 ( 0.8%) 
entdata             374995/393216   (95.4%) CLOSE TO FULL!
LDR ambient table     4307/65536    ( 6.6%) 
HDR ambient table     4307/65536    ( 6.6%) 
LDR worldlights            0       
HDR worldlights            514     
LDR lightdata              0       
HDR lightdata              31367428
LDR leaf ambient           4307    
HDR leaf ambient           14100   
occluders                  0       
occluder polygons          0       
occluder vert ind          0       
detail props               1140    
dtl prp lght               4       
HDR dtl prp lght           4       
static props               18100   
pakfile                    126758  
physics                    1327360 
physics terrain            1376    

Level flags = 0

Total triangle count: 46669
Writing w:\programs\steam\steamapps\common\garrysmod\garrysmod\addons\garrysmodmap\maps\gmm_garrymod_map_by_woowz_flooded_water_blob.bsp
6 seconds elapsed

==================================================================
Date: 2026-09-17 01:57:49
W:\Programs\Steam\steamapps\common\GarrysMod\bin\win64\vbspplusplus.exe -allowdynamicpropsasstatic -game W:\Programs\Steam\steamapps\common\GarrysMod\garrysmod w:\programs\steam\steamapps\common\garrysmod\garrysmod\addons\garrysmodmap\maps\gmm_garrymod_map_by_woowz_flooded_water_blob
==================================================================
16 threads
---------------
gamedir: W:\Programs\Steam\steamapps\common\GarrysMod\garrysmod\
---------------
Loading w:\programs\steam\steamapps\common\garrysmod\garrysmod\addons\garrysmodmap\maps\gmm_garrymod_map_by_woowz_flooded_water_blob.vmf
Can't find surfaceprop antlion_eggshell for material NATURE/ROCKWALL_ANTLION03A, using default
Brush 174502, Side 5: duplicate plane
Locating GameData file 'garrysmod.fgd'...
Parsing GameData file w:\programs\steam\steamapps\common\garrysmod\bin\garrysmod.fgd
Parsing GameData file w:\programs\steam\steamapps\common\garrysmod\bin\base.fgd
Parsing GameData file w:\programs\steam\steamapps\common\garrysmod\bin\halflife2.fgd
Parsing GameData file w:\programs\steam\steamapps\common\garrysmod\bin\base.fgd
fixing up env_cubemap materials on brush sides...
FloodEntities...
FloodEntities...
Processing areas...done (0)
Building Faces...done (0)
Chop Details...done (0)
Find Visible Detail Sides...
Merged 1092 detail faces...done (0)
Merging details...done (1)
FixTjuncs...
PruneNodes...
WriteBSP...
done (0)
writing w:\programs\steam\steamapps\common\garrysmod\garrysmod\addons\garrysmodmap\maps\gmm_garrymod_map_by_woowz_flooded_water_blob.prt...
Building visibility clusters...
done (0)
Generating blank default cubemaps...
Generating blank default cubemaps...
Emitted 4043 brushes and 25707 brushsides
Finding displacement neighbors...
Finding lightmap sample positions...
Building Physics collision data...
done (0) (1327360 bytes)
Emitting static props...
Model "models/props_phx/construct/metal_wire1x2x2b.mdl" is missing $staticprop. Allowing due to -allowdynamicpropsasstatic
Model "models/props_phx/construct/metal_wire_angle360x2.mdl" is missing $staticprop. Allowing due to -allowdynamicpropsasstatic
Placing detail props : 0...1...2...3...4...5...6...7...8...9...10
Water found with no water_lod_control entity, creating a default one.
Compacting texture/material tables...
Reduced 2739 texinfos to 1570
Reduced 327 texdatas to 299 (10269 bytes to 7859)
Writing w:\programs\steam\steamapps\common\garrysmod\garrysmod\addons\garrysmodmap\maps\gmm_garrymod_map_by_woowz_flooded_water_blob.bsp
2 seconds elapsed

==================================================================
Date: 2026-09-17 01:57:52
W:\Programs\Steam\steamapps\common\GarrysMod\bin\win64\vvisplusplus.exe -game W:\Programs\Steam\steamapps\common\GarrysMod\garrysmod w:\programs\steam\steamapps\common\garrysmod\garrysmod\addons\garrysmodmap\maps\gmm_garrymod_map_by_woowz_flooded_water_blob
==================================================================
16 threads
CPU supports AVX2
reading w:\programs\steam\steamapps\common\garrysmod\garrysmod\addons\garrysmodmap\maps\gmm_garrymod_map_by_woowz_flooded_water_blob.bsp
reading w:\programs\steam\steamapps\common\garrysmod\garrysmod\addons\garrysmodmap\maps\gmm_garrymod_map_by_woowz_flooded_water_blob.prt
1314 portalclusters
2370 numportals
0...1...2...3...4...5...6...7...8...9...100...1...2...3...4...5...6...7...8...9...10Optimized: 207 visible clusters (0.34%)
Total clusters visible: 60067
Average clusters visible: 45
Building PAS...
Average clusters audible: 172
visdatasize:135329  compressed from 441504
writing w:\programs\steam\steamapps\common\garrysmod\garrysmod\addons\garrysmodmap\maps\gmm_garrymod_map_by_woowz_flooded_water_blob.bsp
Wrote ZIP buffer, estimated size 130456, actual size 126758
0 seconds elapsed

==================================================================
Date: 2026-09-17 01:57:52
W:\Programs\Steam\steamapps\common\GarrysMod\bin\win64\vradplusplus.exe -both -final -game W:\Programs\Steam\steamapps\common\GarrysMod\garrysmod w:\programs\steam\steamapps\common\garrysmod\garrysmod\addons\garrysmodmap\maps\gmm_garrymod_map_by_woowz_flooded_water_blob
==================================================================
---------------
gamedir: W:\Programs\Steam\steamapps\common\GarrysMod\garrysmod\
---------------
16 threads
Compiling in LDR+HDR mode
Reading texlights from 'lights.rad'...
53 texlights parsed
Loading w:\programs\steam\steamapps\common\garrysmod\garrysmod\addons\garrysmodmap\maps\gmm_garrymod_map_by_woowz_flooded_water_blob.bsp
131 props added to raytrace
16099 faces
2 degenerate faces
416 fake patch planes
1788681 square feet [257570192.00 square inches]
4 Displacements
3259 Square Feet [469401.19 Square Inches]
0...1...2...3...4...5...6...7...8...9...1016097 patches before subdivision
195875 patches after subdivision
CreateDirectLights...
0...1...2...3...4...5...6...7...8...9...10514 lights, 6 styled (0.01 seconds)
0...1...2...3...4...5...6...7...8...9...100...1...2...3...4...5...6...7...8...9...10transfers 21690010, max 1021
transfer lists: 165.5 megs
0...1...2...3...4...5...6...7...8...9...10	Bounce #1 added RGB(1469143, 1081467, 771022)
0...1...2...3...4...5...6...7...8...9...10	Bounce #2 added RGB(374725, 266897, 182524)
0...1...2...3...4...5...6...7...8...9...10	Bounce #3 added RGB(113962, 81032, 53563)
0...1...2...3...4...5...6...7...8...9...10	Bounce #4 added RGB(39025, 27842, 17373)
0...1...2...3...4...5...6...7...8...9...10	Bounce #5 added RGB(14415, 10303, 5984)
0...1...2...3...4...5...6...7...8...9...10	Bounce #6 added RGB(5649, 4032, 2153)
0...1...2...3...4...5...6...7...8...9...10	Bounce #7 added RGB(2323, 1647, 801)
0...1...2...3...4...5...6...7...8...9...10	Bounce #8 added RGB(995, 697, 307)
0...1...2...3...4...5...6...7...8...9...10	Bounce #9 added RGB(441, 304, 121)
0...1...2...3...4...5...6...7...8...9...10	Bounce #10 added RGB(201, 135, 48)
0...1...2...3...4...5...6...7...8...9...10	Bounce #11 added RGB(93, 61, 20)
0...1...2...3...4...5...6...7...8...9...10	Bounce #12 added RGB(44, 28, 8)
0...1...2...3...4...5...6...7...8...9...10	Bounce #13 added RGB(21, 13, 3)
0...1...2...3...4...5...6...7...8...9...10	Bounce #14 added RGB(10, 6, 1)
0...1...2...3...4...5...6...7...8...9...10	Bounce #15 added RGB(5, 3, 1)
0...1...2...3...4...5...6...7...8...9...10	Bounce #16 added RGB(2, 1, 0)
0...1...2...3...4...5...6...7...8...9...10	Bounce #17 added RGB(1, 1, 0)
0...1...2...3...4...5...6...7...8...9...10	Bounce #18 added RGB(1, 0, 0)
Build Patch/Sample Hash Table(s).....Done<0.0857 sec>
0...1...2...3...4...5...6...7...8...9...10FinalLightFace Done
0...1...2...3...4...5...6...7...8...9...10Setting up leaf ambient computation...
79 of 378 (20% of) surface lights went in leaf ambient cubes.
0...1...2...3...4...5...6...7...8...9...10Writing leaf ambient...done
Ready to Finish

Object names       Objects/Maxobjs  Fullness 
------------       ---------------  -------- 
entities              1060/65536    ( 1.6%) 
models                 108/4096     ( 2.6%) 
brushes               4043/65536    ( 6.2%) 
brushsides           25707/655350   ( 3.9%) 
planes                5752/65536    ( 8.8%) 
vertexes             28394/65536    (43.3%) 
nodes                 4198/65536    ( 6.4%) 
texinfos              1570/32768    ( 4.8%) 
texdata                299/8192     ( 3.6%) 
dispinfos                4/16384    ( 0.0%) 
faces                16099/65536    (24.6%) 
hdr faces            16099/65536    (24.6%) 
origfaces             8481/65536    (12.9%) 
leaves                4307/65536    ( 6.6%) 
leaffaces            19332/65536    (29.5%) 
leafbrushes           8291/65536    (12.7%) 
areas                   80/1024     ( 7.8%) 
surfedges            78966/512000   (15.4%) 
edges                44569/256000   (17.4%) 
leafwaterdata           10/32768    ( 0.0%) 
primitives            2517/32768    ( 7.7%) 
primverts                0/65536    ( 0.0%) 
primindices          38766/65536    (59.2%) 
cubemapsamples           0/1024     ( 0.0%) 
overlays                68/8192     ( 0.8%) 
vertnormalindices    78865/256000   (30.8%) 
visdata             135329/16777216 ( 0.8%) 
entdata             374995/393216   (95.4%) CLOSE TO FULL!
LDR ambient table     4307/65536    ( 6.6%) 
HDR ambient table     4307/65536    ( 6.6%) 
LDR worldlights            0       
HDR worldlights            514     
LDR lightdata              0       
HDR lightdata              31367840
LDR leaf ambient           4307    
HDR leaf ambient           14101   
occluders                  0       
occluder polygons          0       
occluder vert ind          0       
detail props               1140    
dtl prp lght               4       
HDR dtl prp lght           4       
static props               18524   
pakfile                    126758  
physics                    1327360 
physics terrain            1376    

Level flags = 0

Total triangle count: 46667
Writing w:\programs\steam\steamapps\common\garrysmod\garrysmod\addons\garrysmodmap\maps\gmm_garrymod_map_by_woowz_flooded_water_blob.bsp
6 seconds elapsed

==================================================================
Date: 2026-09-17 02:06:00
W:\Programs\Steam\steamapps\common\GarrysMod\bin\win64\vbspplusplus.exe -allowdynamicpropsasstatic -game W:\Programs\Steam\steamapps\common\GarrysMod\garrysmod w:\programs\steam\steamapps\common\garrysmod\garrysmod\addons\garrysmodmap\maps\gmm_garrymod_map_by_woowz_flooded_water_blob
==================================================================
16 threads
---------------
gamedir: W:\Programs\Steam\steamapps\common\GarrysMod\garrysmod\
---------------
Loading w:\programs\steam\steamapps\common\garrysmod\garrysmod\addons\garrysmodmap\maps\gmm_garrymod_map_by_woowz_flooded_water_blob.vmf
Can't find surfaceprop antlion_eggshell for material NATURE/ROCKWALL_ANTLION03A, using default
Brush 174502, Side 5: duplicate plane
Locating GameData file 'garrysmod.fgd'...
Parsing GameData file w:\programs\steam\steamapps\common\garrysmod\bin\garrysmod.fgd
Parsing GameData file w:\programs\steam\steamapps\common\garrysmod\bin\base.fgd
Parsing GameData file w:\programs\steam\steamapps\common\garrysmod\bin\halflife2.fgd
Parsing GameData file w:\programs\steam\steamapps\common\garrysmod\bin\base.fgd
fixing up env_cubemap materials on brush sides...
FloodEntities...
FloodEntities...
Processing areas...done (0)
Building Faces...done (0)
Chop Details...done (0)
Find Visible Detail Sides...
Merged 1092 detail faces...done (1)
Merging details...done (0)
FixTjuncs...
PruneNodes...
WriteBSP...
done (0)
writing w:\programs\steam\steamapps\common\garrysmod\garrysmod\addons\garrysmodmap\maps\gmm_garrymod_map_by_woowz_flooded_water_blob.prt...
Building visibility clusters...
done (0)
Generating blank default cubemaps...
Generating blank default cubemaps...
Emitted 4045 brushes and 25733 brushsides
Finding displacement neighbors...
Finding lightmap sample positions...
Building Physics collision data...
done (0) (1328928 bytes)
Emitting static props...
Model "models/props_phx/construct/metal_wire1x2x2b.mdl" is missing $staticprop. Allowing due to -allowdynamicpropsasstatic
Model "models/props_phx/construct/metal_wire_angle360x2.mdl" is missing $staticprop. Allowing due to -allowdynamicpropsasstatic
Placing detail props : 0...1...2...3...4...5...6...7...8...9...10
Water found with no water_lod_control entity, creating a default one.
Compacting texture/material tables...
Reduced 2748 texinfos to 1573
Reduced 328 texdatas to 300 (10328 bytes to 7918)
Writing w:\programs\steam\steamapps\common\garrysmod\garrysmod\addons\garrysmodmap\maps\gmm_garrymod_map_by_woowz_flooded_water_blob.bsp
2 seconds elapsed

==================================================================
Date: 2026-09-17 02:06:02
W:\Programs\Steam\steamapps\common\GarrysMod\bin\win64\vvisplusplus.exe -game W:\Programs\Steam\steamapps\common\GarrysMod\garrysmod w:\programs\steam\steamapps\common\garrysmod\garrysmod\addons\garrysmodmap\maps\gmm_garrymod_map_by_woowz_flooded_water_blob
==================================================================
16 threads
CPU supports AVX2
reading w:\programs\steam\steamapps\common\garrysmod\garrysmod\addons\garrysmodmap\maps\gmm_garrymod_map_by_woowz_flooded_water_blob.bsp
reading w:\programs\steam\steamapps\common\garrysmod\garrysmod\addons\garrysmodmap\maps\gmm_garrymod_map_by_woowz_flooded_water_blob.prt
1328 portalclusters
2422 numportals
0...1...2...3...4...5...6...7...8...9...100...1...2...3...4...5...6...7...8...9...10Optimized: 295 visible clusters (0.45%)
Total clusters visible: 65571
Average clusters visible: 49
Building PAS...
Average clusters audible: 178
visdatasize:136747  compressed from 446208
writing w:\programs\steam\steamapps\common\garrysmod\garrysmod\addons\garrysmodmap\maps\gmm_garrymod_map_by_woowz_flooded_water_blob.bsp
Wrote ZIP buffer, estimated size 130456, actual size 126758
0 seconds elapsed

==================================================================
Date: 2026-09-17 02:06:03
W:\Programs\Steam\steamapps\common\GarrysMod\bin\win64\vradplusplus.exe -both -final -game W:\Programs\Steam\steamapps\common\GarrysMod\garrysmod w:\programs\steam\steamapps\common\garrysmod\garrysmod\addons\garrysmodmap\maps\gmm_garrymod_map_by_woowz_flooded_water_blob
==================================================================
---------------
gamedir: W:\Programs\Steam\steamapps\common\GarrysMod\garrysmod\
---------------
16 threads
Compiling in LDR+HDR mode
Reading texlights from 'lights.rad'...
53 texlights parsed
Loading w:\programs\steam\steamapps\common\garrysmod\garrysmod\addons\garrysmodmap\maps\gmm_garrymod_map_by_woowz_flooded_water_blob.bsp
132 props added to raytrace
16108 faces
2 degenerate faces
416 fake patch planes
1789043 square feet [257622256.00 square inches]
4 Displacements
3259 Square Feet [469401.19 Square Inches]
0...1...2...3...4...5...6...7...8...9...1016106 patches before subdivision
195876 patches after subdivision
CreateDirectLights...
0...1...2...3...4...5...6...7...8...9...10514 lights, 6 styled (0.01 seconds)
0...1...2...3...4...5...6...7...8...9...100...1...2...3...4...5...6...7...8...9...10transfers 21668681, max 1021
transfer lists: 165.3 megs
0...1...2...3...4...5...6...7...8...9...10	Bounce #1 added RGB(1469110, 1081464, 771031)
0...1...2...3...4...5...6...7...8...9...10	Bounce #2 added RGB(374692, 266887, 182523)
0...1...2...3...4...5...6...7...8...9...10	Bounce #3 added RGB(113952, 81033, 53567)
0...1...2...3...4...5...6...7...8...9...10	Bounce #4 added RGB(39022, 27844, 17376)
0...1...2...3...4...5...6...7...8...9...10	Bounce #5 added RGB(14414, 10304, 5986)
0...1...2...3...4...5...6...7...8...9...10	Bounce #6 added RGB(5649, 4033, 2154)
0...1...2...3...4...5...6...7...8...9...10	Bounce #7 added RGB(2323, 1647, 802)
0...1...2...3...4...5...6...7...8...9...10	Bounce #8 added RGB(995, 698, 307)
0...1...2...3...4...5...6...7...8...9...10	Bounce #9 added RGB(441, 304, 121)
0...1...2...3...4...5...6...7...8...9...10	Bounce #10 added RGB(201, 135, 49)
0...1...2...3...4...5...6...7...8...9...10	Bounce #11 added RGB(93, 61, 20)
0...1...2...3...4...5...6...7...8...9...10	Bounce #12 added RGB(44, 28, 8)
0...1...2...3...4...5...6...7...8...9...10	Bounce #13 added RGB(21, 13, 3)
0...1...2...3...4...5...6...7...8...9...10	Bounce #14 added RGB(10, 6, 1)
0...1...2...3...4...5...6...7...8...9...10	Bounce #15 added RGB(5, 3, 1)
0...1...2...3...4...5...6...7...8...9...10	Bounce #16 added RGB(2, 1, 0)
0...1...2...3...4...5...6...7...8...9...10	Bounce #17 added RGB(1, 1, 0)
0...1...2...3...4...5...6...7...8...9...10	Bounce #18 added RGB(1, 0, 0)
Build Patch/Sample Hash Table(s).....Done<0.0835 sec>
0...1...2...3...4...5...6...7...8...9...10FinalLightFace Done
0...1...2...3...4...5...6...7...8...9...10Setting up leaf ambient computation...
79 of 378 (20% of) surface lights went in leaf ambient cubes.
0...1...2...3...4...5...6...7...8...9...10Writing leaf ambient...done
Ready to Finish

Object names       Objects/Maxobjs  Fullness 
------------       ---------------  -------- 
entities              1060/65536    ( 1.6%) 
models                 108/4096     ( 2.6%) 
brushes               4045/65536    ( 6.2%) 
brushsides           25733/655350   ( 3.9%) 
planes                5798/65536    ( 8.8%) 
vertexes             28417/65536    (43.4%) 
nodes                 4213/65536    ( 6.4%) 
texinfos              1573/32768    ( 4.8%) 
texdata                300/8192     ( 3.7%) 
dispinfos                4/16384    ( 0.0%) 
faces                16108/65536    (24.6%) 
hdr faces            16108/65536    (24.6%) 
origfaces             8485/65536    (12.9%) 
leaves                4322/65536    ( 6.6%) 
leaffaces            19495/65536    (29.7%) 
leafbrushes           8326/65536    (12.7%) 
areas                   80/1024     ( 7.8%) 
surfedges            79016/512000   (15.4%) 
edges                44605/256000   (17.4%) 
leafwaterdata           10/32768    ( 0.0%) 
primitives            2516/32768    ( 7.7%) 
primverts                0/65536    ( 0.0%) 
primindices          38748/65536    (59.1%) 
cubemapsamples           0/1024     ( 0.0%) 
overlays                76/8192     ( 0.9%) 
vertnormalindices    78915/256000   (30.8%) 
visdata             136747/16777216 ( 0.8%) 
entdata             374995/393216   (95.4%) CLOSE TO FULL!
LDR ambient table     4322/65536    ( 6.6%) 
HDR ambient table     4322/65536    ( 6.6%) 
LDR worldlights            0       
HDR worldlights            514     
LDR lightdata              0       
HDR lightdata              31373072
LDR leaf ambient           4322    
HDR leaf ambient           14320   
occluders                  0       
occluder polygons          0       
occluder vert ind          0       
detail props               1140    
dtl prp lght               4       
HDR dtl prp lght           4       
static props               18610   
pakfile                    126758  
physics                    1328928 
physics terrain            1376    

Level flags = 0

Total triangle count: 46699
Writing w:\programs\steam\steamapps\common\garrysmod\garrysmod\addons\garrysmodmap\maps\gmm_garrymod_map_by_woowz_flooded_water_blob.bsp
6 seconds elapsed

==================================================================
Date: 2026-09-17 02:15:38
W:\Programs\Steam\steamapps\common\GarrysMod\bin\win64\vbspplusplus.exe -allowdynamicpropsasstatic -game W:\Programs\Steam\steamapps\common\GarrysMod\garrysmod w:\programs\steam\steamapps\common\garrysmod\garrysmod\addons\garrysmodmap\maps\gmm_garrymod_map_by_woowz_flooded_water_blob
==================================================================
16 threads
---------------
gamedir: W:\Programs\Steam\steamapps\common\GarrysMod\garrysmod\
---------------
Loading w:\programs\steam\steamapps\common\garrysmod\garrysmod\addons\garrysmodmap\maps\gmm_garrymod_map_by_woowz_flooded_water_blob.vmf
Can't find surfaceprop antlion_eggshell for material NATURE/ROCKWALL_ANTLION03A, using default
Brush 174502, Side 5: duplicate plane
Locating GameData file 'garrysmod.fgd'...
Parsing GameData file w:\programs\steam\steamapps\common\garrysmod\bin\garrysmod.fgd
Parsing GameData file w:\programs\steam\steamapps\common\garrysmod\bin\base.fgd
Parsing GameData file w:\programs\steam\steamapps\common\garrysmod\bin\halflife2.fgd
Parsing GameData file w:\programs\steam\steamapps\common\garrysmod\bin\base.fgd
fixing up env_cubemap materials on brush sides...
FloodEntities...
FloodEntities...
Processing areas...done (0)
Building Faces...done (0)
Chop Details...done (1)
Find Visible Detail Sides...
Merged 1092 detail faces...done (1)
Merging details...done (0)
FixTjuncs...
PruneNodes...
WriteBSP...
done (0)
writing w:\programs\steam\steamapps\common\garrysmod\garrysmod\addons\garrysmodmap\maps\gmm_garrymod_map_by_woowz_flooded_water_blob.prt...
Building visibility clusters...
done (0)
Generating blank default cubemaps...
Generating blank default cubemaps...
Emitted 4045 brushes and 25743 brushsides
Finding displacement neighbors...
Finding lightmap sample positions...
Overlay touching too many faces (touching 81, max 64)
Overlay woowz_map/gm_garrymod_map_by_woowz_map_garry_game/decal/33 at 1680.0 639.0 438.0
==================================================================
Date: 2026-09-17 02:20:30
W:\Programs\Steam\steamapps\common\GarrysMod\bin\win64\vbspplusplus.exe -allowdynamicpropsasstatic -game W:\Programs\Steam\steamapps\common\GarrysMod\garrysmod w:\programs\steam\steamapps\common\garrysmod\garrysmod\addons\garrysmodmap\maps\gmm_garrymod_map_by_woowz_flooded_water_blob
==================================================================
16 threads
---------------
gamedir: W:\Programs\Steam\steamapps\common\GarrysMod\garrysmod\
---------------
Loading w:\programs\steam\steamapps\common\garrysmod\garrysmod\addons\garrysmodmap\maps\gmm_garrymod_map_by_woowz_flooded_water_blob.vmf
Can't find surfaceprop antlion_eggshell for material NATURE/ROCKWALL_ANTLION03A, using default
Brush 174502, Side 5: duplicate plane
Locating GameData file 'garrysmod.fgd'...
Parsing GameData file w:\programs\steam\steamapps\common\garrysmod\bin\garrysmod.fgd
Parsing GameData file w:\programs\steam\steamapps\common\garrysmod\bin\base.fgd
Parsing GameData file w:\programs\steam\steamapps\common\garrysmod\bin\halflife2.fgd
Parsing GameData file w:\programs\steam\steamapps\common\garrysmod\bin\base.fgd
fixing up env_cubemap materials on brush sides...
FloodEntities...
FloodEntities...
Processing areas...done (0)
Building Faces...done (0)
Chop Details...done (0)
Find Visible Detail Sides...
Merged 1092 detail faces...done (0)
Merging details...done (1)
FixTjuncs...
PruneNodes...
WriteBSP...
done (0)
writing w:\programs\steam\steamapps\common\garrysmod\garrysmod\addons\garrysmodmap\maps\gmm_garrymod_map_by_woowz_flooded_water_blob.prt...
Building visibility clusters...
done (0)
Generating blank default cubemaps...
Generating blank default cubemaps...
Emitted 4045 brushes and 25743 brushsides
Finding displacement neighbors...
Finding lightmap sample positions...
Overlay touching too many faces (touching 68, max 64)
Overlay woowz_map/gm_garrymod_map_by_woowz_map_garry_game/decal/33 at 1088.0 557.1 560.5
==================================================================
Date: 2026-09-17 02:21:31
W:\Programs\Steam\steamapps\common\GarrysMod\bin\win64\vbspplusplus.exe -allowdynamicpropsasstatic -game W:\Programs\Steam\steamapps\common\GarrysMod\garrysmod w:\programs\steam\steamapps\common\garrysmod\garrysmod\addons\garrysmodmap\maps\gmm_garrymod_map_by_woowz_flooded_water_blob
==================================================================
16 threads
---------------
gamedir: W:\Programs\Steam\steamapps\common\GarrysMod\garrysmod\
---------------
Loading w:\programs\steam\steamapps\common\garrysmod\garrysmod\addons\garrysmodmap\maps\gmm_garrymod_map_by_woowz_flooded_water_blob.vmf
Can't find surfaceprop antlion_eggshell for material NATURE/ROCKWALL_ANTLION03A, using default
Brush 174502, Side 5: duplicate plane
Locating GameData file 'garrysmod.fgd'...
Parsing GameData file w:\programs\steam\steamapps\common\garrysmod\bin\garrysmod.fgd
Parsing GameData file w:\programs\steam\steamapps\common\garrysmod\bin\base.fgd
Parsing GameData file w:\programs\steam\steamapps\common\garrysmod\bin\halflife2.fgd
Parsing GameData file w:\programs\steam\steamapps\common\garrysmod\bin\base.fgd
fixing up env_cubemap materials on brush sides...
FloodEntities...
FloodEntities...
Processing areas...done (0)
Building Faces...done (0)
Chop Details...done (0)
Find Visible Detail Sides...
Merged 1092 detail faces...done (0)
Merging details...done (0)
FixTjuncs...
PruneNodes...
WriteBSP...
done (1)
writing w:\programs\steam\steamapps\common\garrysmod\garrysmod\addons\garrysmodmap\maps\gmm_garrymod_map_by_woowz_flooded_water_blob.prt...
Building visibility clusters...
done (0)
Generating blank default cubemaps...
Generating blank default cubemaps...
Emitted 4045 brushes and 25743 brushsides
Finding displacement neighbors...
Finding lightmap sample positions...
Overlay touching too many faces (touching 103, max 64)
Overlay woowz_map/gm_garrymod_map_by_woowz_map_garry_game/decal/33 at 1340.0 520.0 816.0
==================================================================
Date: 2026-09-17 02:22:22
W:\Programs\Steam\steamapps\common\GarrysMod\bin\win64\vbspplusplus.exe -allowdynamicpropsasstatic -game W:\Programs\Steam\steamapps\common\GarrysMod\garrysmod w:\programs\steam\steamapps\common\garrysmod\garrysmod\addons\garrysmodmap\maps\gmm_garrymod_map_by_woowz_flooded_water_blob
==================================================================
16 threads
---------------
gamedir: W:\Programs\Steam\steamapps\common\GarrysMod\garrysmod\
---------------
Loading w:\programs\steam\steamapps\common\garrysmod\garrysmod\addons\garrysmodmap\maps\gmm_garrymod_map_by_woowz_flooded_water_blob.vmf
Can't find surfaceprop antlion_eggshell for material NATURE/ROCKWALL_ANTLION03A, using default
Brush 174502, Side 5: duplicate plane
Locating GameData file 'garrysmod.fgd'...
Parsing GameData file w:\programs\steam\steamapps\common\garrysmod\bin\garrysmod.fgd
Parsing GameData file w:\programs\steam\steamapps\common\garrysmod\bin\base.fgd
Parsing GameData file w:\programs\steam\steamapps\common\garrysmod\bin\halflife2.fgd
Parsing GameData file w:\programs\steam\steamapps\common\garrysmod\bin\base.fgd
fixing up env_cubemap materials on brush sides...
FloodEntities...
FloodEntities...
Processing areas...done (0)
Building Faces...done (0)
Chop Details...done (0)
Find Visible Detail Sides...
Merged 1092 detail faces...done (0)
Merging details...done (0)
FixTjuncs...
PruneNodes...
WriteBSP...
done (1)
writing w:\programs\steam\steamapps\common\garrysmod\garrysmod\addons\garrysmodmap\maps\gmm_garrymod_map_by_woowz_flooded_water_blob.prt...
Building visibility clusters...
done (0)
Generating blank default cubemaps...
Generating blank default cubemaps...
Emitted 4045 brushes and 25743 brushsides
Finding displacement neighbors...
Finding lightmap sample positions...
Overlay touching too many faces (touching 103, max 64)
Overlay woowz_map/gm_garrymod_map_by_woowz_map_garry_game/decal/33 at 1340.0 520.0 816.0
==================================================================
Date: 2026-09-17 02:22:42
W:\Programs\Steam\steamapps\common\GarrysMod\bin\win64\vbspplusplus.exe -allowdynamicpropsasstatic -game W:\Programs\Steam\steamapps\common\GarrysMod\garrysmod w:\programs\steam\steamapps\common\garrysmod\garrysmod\addons\garrysmodmap\maps\gmm_garrymod_map_by_woowz_flooded_water_blob
==================================================================
16 threads
---------------
gamedir: W:\Programs\Steam\steamapps\common\GarrysMod\garrysmod\
---------------
Loading w:\programs\steam\steamapps\common\garrysmod\garrysmod\addons\garrysmodmap\maps\gmm_garrymod_map_by_woowz_flooded_water_blob.vmf
Can't find surfaceprop antlion_eggshell for material NATURE/ROCKWALL_ANTLION03A, using default
Brush 174502, Side 5: duplicate plane
Locating GameData file 'garrysmod.fgd'...
Parsing GameData file w:\programs\steam\steamapps\common\garrysmod\bin\garrysmod.fgd
Parsing GameData file w:\programs\steam\steamapps\common\garrysmod\bin\base.fgd
Parsing GameData file w:\programs\steam\steamapps\common\garrysmod\bin\halflife2.fgd
Parsing GameData file w:\programs\steam\steamapps\common\garrysmod\bin\base.fgd
fixing up env_cubemap materials on brush sides...
FloodEntities...
FloodEntities...
Processing areas...done (0)
Building Faces...done (0)
Chop Details...done (0)
Find Visible Detail Sides...
Merged 1092 detail faces...done (0)
Merging details...done (1)
FixTjuncs...
PruneNodes...
WriteBSP...
done (0)
writing w:\programs\steam\steamapps\common\garrysmod\garrysmod\addons\garrysmodmap\maps\gmm_garrymod_map_by_woowz_flooded_water_blob.prt...
Building visibility clusters...
done (0)
Generating blank default cubemaps...
Generating blank default cubemaps...
Emitted 4045 brushes and 25743 brushsides
Finding displacement neighbors...
Finding lightmap sample positions...
Overlay touching too many faces (touching 103, max 64)
Overlay woowz_map/gm_garrymod_map_by_woowz_map_garry_game/decal/33 at 1340.0 520.0 816.0
==================================================================
Date: 2026-09-17 02:23:26
W:\Programs\Steam\steamapps\common\GarrysMod\bin\win64\vbspplusplus.exe -allowdynamicpropsasstatic -game W:\Programs\Steam\steamapps\common\GarrysMod\garrysmod w:\programs\steam\steamapps\common\garrysmod\garrysmod\addons\garrysmodmap\maps\gmm_garrymod_map_by_woowz_flooded_water_blob
==================================================================
16 threads
---------------
gamedir: W:\Programs\Steam\steamapps\common\GarrysMod\garrysmod\
---------------
Loading w:\programs\steam\steamapps\common\garrysmod\garrysmod\addons\garrysmodmap\maps\gmm_garrymod_map_by_woowz_flooded_water_blob.vmf
Can't find surfaceprop antlion_eggshell for material NATURE/ROCKWALL_ANTLION03A, using default
Brush 174502, Side 5: duplicate plane
Locating GameData file 'garrysmod.fgd'...
Parsing GameData file w:\programs\steam\steamapps\common\garrysmod\bin\garrysmod.fgd
Parsing GameData file w:\programs\steam\steamapps\common\garrysmod\bin\base.fgd
Parsing GameData file w:\programs\steam\steamapps\common\garrysmod\bin\halflife2.fgd
Parsing GameData file w:\programs\steam\steamapps\common\garrysmod\bin\base.fgd
fixing up env_cubemap materials on brush sides...
FloodEntities...
FloodEntities...
Processing areas...done (0)
Building Faces...done (0)
Chop Details...done (0)
Find Visible Detail Sides...
Merged 1092 detail faces...done (0)
Merging details...done (1)
FixTjuncs...
PruneNodes...
WriteBSP...
done (0)
writing w:\programs\steam\steamapps\common\garrysmod\garrysmod\addons\garrysmodmap\maps\gmm_garrymod_map_by_woowz_flooded_water_blob.prt...
Building visibility clusters...
done (0)
Generating blank default cubemaps...
Generating blank default cubemaps...
Emitted 4045 brushes and 25743 brushsides
Finding displacement neighbors...
Finding lightmap sample positions...
Overlay touching too many faces (touching 68, max 64)
Overlay woowz_map/gm_garrymod_map_by_woowz_map_garry_game/decal/33 at 1088.0 557.1 560.5
==================================================================
Date: 2026-09-17 02:25:20
W:\Programs\Steam\steamapps\common\GarrysMod\bin\win64\vbspplusplus.exe -allowdynamicpropsasstatic -game W:\Programs\Steam\steamapps\common\GarrysMod\garrysmod w:\programs\steam\steamapps\common\garrysmod\garrysmod\addons\garrysmodmap\maps\gmm_garrymod_map_by_woowz_flooded_water_blob
==================================================================
16 threads
---------------
gamedir: W:\Programs\Steam\steamapps\common\GarrysMod\garrysmod\
---------------
Loading w:\programs\steam\steamapps\common\garrysmod\garrysmod\addons\garrysmodmap\maps\gmm_garrymod_map_by_woowz_flooded_water_blob.vmf
Can't find surfaceprop antlion_eggshell for material NATURE/ROCKWALL_ANTLION03A, using default
Brush 174502, Side 5: duplicate plane
Locating GameData file 'garrysmod.fgd'...
Parsing GameData file w:\programs\steam\steamapps\common\garrysmod\bin\garrysmod.fgd
Parsing GameData file w:\programs\steam\steamapps\common\garrysmod\bin\base.fgd
Parsing GameData file w:\programs\steam\steamapps\common\garrysmod\bin\halflife2.fgd
Parsing GameData file w:\programs\steam\steamapps\common\garrysmod\bin\base.fgd
fixing up env_cubemap materials on brush sides...
FloodEntities...
FloodEntities...
Processing areas...done (0)
Building Faces...done (0)
Chop Details...done (0)
Find Visible Detail Sides...
Merged 1092 detail faces...done (0)
Merging details...done (1)
FixTjuncs...
PruneNodes...
WriteBSP...
done (0)
writing w:\programs\steam\steamapps\common\garrysmod\garrysmod\addons\garrysmodmap\maps\gmm_garrymod_map_by_woowz_flooded_water_blob.prt...
Building visibility clusters...
done (0)
Generating blank default cubemaps...
Generating blank default cubemaps...
Emitted 4045 brushes and 25743 brushsides
Finding displacement neighbors...
Finding lightmap sample positions...
Building Physics collision data...
done (0) (1328458 bytes)
Emitting static props...
Model "models/props_phx/construct/metal_wire1x2x2b.mdl" is missing $staticprop. Allowing due to -allowdynamicpropsasstatic
Model "models/props_phx/construct/metal_wire_angle360x2.mdl" is missing $staticprop. Allowing due to -allowdynamicpropsasstatic
Placing detail props : 0...1...2...3...4...5...6...7...8...9...10
Water found with no water_lod_control entity, creating a default one.
Compacting texture/material tables...
Reduced 2759 texinfos to 1573
Reduced 329 texdatas to 301 (10383 bytes to 7980)
Writing w:\programs\steam\steamapps\common\garrysmod\garrysmod\addons\garrysmodmap\maps\gmm_garrymod_map_by_woowz_flooded_water_blob.bsp
2 seconds elapsed

==================================================================
Date: 2026-09-17 02:25:22
W:\Programs\Steam\steamapps\common\GarrysMod\bin\win64\vvisplusplus.exe -game W:\Programs\Steam\steamapps\common\GarrysMod\garrysmod w:\programs\steam\steamapps\common\garrysmod\garrysmod\addons\garrysmodmap\maps\gmm_garrymod_map_by_woowz_flooded_water_blob
==================================================================
16 threads
CPU supports AVX2
reading w:\programs\steam\steamapps\common\garrysmod\garrysmod\addons\garrysmodmap\maps\gmm_garrymod_map_by_woowz_flooded_water_blob.bsp
reading w:\programs\steam\steamapps\common\garrysmod\garrysmod\addons\garrysmodmap\maps\gmm_garrymod_map_by_woowz_flooded_water_blob.prt
1314 portalclusters
2370 numportals
0...1...2...3...4...5...6...7...8...9...100...1...2...3...4...5...6...7...8...9...10Optimized: 208 visible clusters (0.35%)
Total clusters visible: 60068
Average clusters visible: 45
Building PAS...
Average clusters audible: 172
visdatasize:135329  compressed from 441504
writing w:\programs\steam\steamapps\common\garrysmod\garrysmod\addons\garrysmodmap\maps\gmm_garrymod_map_by_woowz_flooded_water_blob.bsp
Wrote ZIP buffer, estimated size 130435, actual size 126737
0 seconds elapsed

==================================================================
Date: 2026-09-17 02:25:22
W:\Programs\Steam\steamapps\common\GarrysMod\bin\win64\vradplusplus.exe -both -final -game W:\Programs\Steam\steamapps\common\GarrysMod\garrysmod w:\programs\steam\steamapps\common\garrysmod\garrysmod\addons\garrysmodmap\maps\gmm_garrymod_map_by_woowz_flooded_water_blob
==================================================================
---------------
gamedir: W:\Programs\Steam\steamapps\common\GarrysMod\garrysmod\
---------------
16 threads
Compiling in LDR+HDR mode
Reading texlights from 'lights.rad'...
53 texlights parsed
Loading w:\programs\steam\steamapps\common\garrysmod\garrysmod\addons\garrysmodmap\maps\gmm_garrymod_map_by_woowz_flooded_water_blob.bsp
134 props added to raytrace
16101 faces
2 degenerate faces
418 fake patch planes
1789019 square feet [257618784.00 square inches]
4 Displacements
3259 Square Feet [469401.19 Square Inches]
0...1...2...3...4...5...6...7...8...9...1016099 patches before subdivision
195877 patches after subdivision
CreateDirectLights...
0...1...2...3...4...5...6...7...8...9...10514 lights, 6 styled (0.01 seconds)
0...1...2...3...4...5...6...7...8...9...100...1...2...3...4...5...6...7...8...9...10transfers 21543688, max 1011
transfer lists: 164.4 megs
0...1...2...3...4...5...6...7...8...9...10	Bounce #1 added RGB(1468775, 1081242, 770871)
0...1...2...3...4...5...6...7...8...9...10	Bounce #2 added RGB(374650, 266858, 182500)
0...1...2...3...4...5...6...7...8...9...10	Bounce #3 added RGB(113969, 81037, 53568)
0...1...2...3...4...5...6...7...8...9...10	Bounce #4 added RGB(39043, 27849, 17378)
0...1...2...3...4...5...6...7...8...9...10	Bounce #5 added RGB(14428, 10307, 5987)
0...1...2...3...4...5...6...7...8...9...10	Bounce #6 added RGB(5657, 4034, 2154)
0...1...2...3...4...5...6...7...8...9...10	Bounce #7 added RGB(2327, 1648, 802)
0...1...2...3...4...5...6...7...8...9...10	Bounce #8 added RGB(997, 698, 308)
0...1...2...3...4...5...6...7...8...9...10	Bounce #9 added RGB(442, 304, 121)
0...1...2...3...4...5...6...7...8...9...10	Bounce #10 added RGB(201, 135, 49)
0...1...2...3...4...5...6...7...8...9...10	Bounce #11 added RGB(94, 61, 20)
0...1...2...3...4...5...6...7...8...9...10	Bounce #12 added RGB(44, 28, 8)
0...1...2...3...4...5...6...7...8...9...10	Bounce #13 added RGB(21, 13, 3)
0...1...2...3...4...5...6...7...8...9...10	Bounce #14 added RGB(10, 6, 1)
0...1...2...3...4...5...6...7...8...9...10	Bounce #15 added RGB(5, 3, 1)
0...1...2...3...4...5...6...7...8...9...10	Bounce #16 added RGB(2, 1, 0)
0...1...2...3...4...5...6...7...8...9...10	Bounce #17 added RGB(1, 1, 0)
0...1...2...3...4...5...6...7...8...9...10	Bounce #18 added RGB(1, 0, 0)
Build Patch/Sample Hash Table(s).....Done<0.0854 sec>
0...1...2...3...4...5...6...7...8...9...10FinalLightFace Done
0...1...2...3...4...5...6...7...8...9...10Setting up leaf ambient computation...
79 of 378 (20% of) surface lights went in leaf ambient cubes.
0...1...2...3...4...5...6...7...8...9...10Writing leaf ambient...done
Ready to Finish

Object names       Objects/Maxobjs  Fullness 
------------       ---------------  -------- 
entities              1062/65536    ( 1.6%) 
models                 110/4096     ( 2.7%) 
brushes               4045/65536    ( 6.2%) 
brushsides           25743/655350   ( 3.9%) 
planes                5904/65536    ( 9.0%) 
vertexes             28410/65536    (43.4%) 
nodes                 4210/65536    ( 6.4%) 
texinfos              1573/32768    ( 4.8%) 
texdata                301/8192     ( 3.7%) 
dispinfos                4/16384    ( 0.0%) 
faces                16101/65536    (24.6%) 
hdr faces            16101/65536    (24.6%) 
origfaces             8483/65536    (12.9%) 
leaves                4321/65536    ( 6.6%) 
leaffaces            19334/65536    (29.5%) 
leafbrushes           8293/65536    (12.7%) 
areas                   80/1024     ( 7.8%) 
surfedges            78976/512000   (15.4%) 
edges                44579/256000   (17.4%) 
leafwaterdata           10/32768    ( 0.0%) 
primitives            2517/32768    ( 7.7%) 
primverts                0/65536    ( 0.0%) 
primindices          38766/65536    (59.2%) 
cubemapsamples           0/1024     ( 0.0%) 
overlays                78/8192     ( 1.0%) 
vertnormalindices    78873/256000   (30.8%) 
visdata             135329/16777216 ( 0.8%) 
entdata             375605/393216   (95.5%) CLOSE TO FULL!
LDR ambient table     4321/65536    ( 6.6%) 
HDR ambient table     4321/65536    ( 6.6%) 
LDR worldlights            0       
HDR worldlights            514     
LDR lightdata              0       
HDR lightdata              31368004
LDR leaf ambient           4321    
HDR leaf ambient           14333   
occluders                  0       
occluder polygons          0       
occluder vert ind          0       
detail props               1140    
dtl prp lght               4       
HDR dtl prp lght           4       
static props               18750   
pakfile                    126737  
physics                    1328458 
physics terrain            1376    

Level flags = 0

Total triangle count: 46671
Writing w:\programs\steam\steamapps\common\garrysmod\garrysmod\addons\garrysmodmap\maps\gmm_garrymod_map_by_woowz_flooded_water_blob.bsp
6 seconds elapsed

==================================================================
Date: 2026-09-17 02:29:13
W:\Programs\Steam\steamapps\common\GarrysMod\bin\win64\vbspplusplus.exe -allowdynamicpropsasstatic -game W:\Programs\Steam\steamapps\common\GarrysMod\garrysmod w:\programs\steam\steamapps\common\garrysmod\garrysmod\addons\garrysmodmap\maps\gmm_garrymod_map_by_woowz_flooded_water_blob
==================================================================
16 threads
---------------
gamedir: W:\Programs\Steam\steamapps\common\GarrysMod\garrysmod\
---------------
Loading w:\programs\steam\steamapps\common\garrysmod\garrysmod\addons\garrysmodmap\maps\gmm_garrymod_map_by_woowz_flooded_water_blob.vmf
Can't find surfaceprop antlion_eggshell for material NATURE/ROCKWALL_ANTLION03A, using default
Brush 174502, Side 5: duplicate plane
Locating GameData file 'garrysmod.fgd'...
Parsing GameData file w:\programs\steam\steamapps\common\garrysmod\bin\garrysmod.fgd
Parsing GameData file w:\programs\steam\steamapps\common\garrysmod\bin\base.fgd
Parsing GameData file w:\programs\steam\steamapps\common\garrysmod\bin\halflife2.fgd
Parsing GameData file w:\programs\steam\steamapps\common\garrysmod\bin\base.fgd
fixing up env_cubemap materials on brush sides...
FloodEntities...
FloodEntities...
Processing areas...done (0)
Building Faces...done (0)
Chop Details...done (0)
Find Visible Detail Sides...
Merged 1092 detail faces...done (0)
Merging details...done (1)
FixTjuncs...
PruneNodes...
WriteBSP...
done (0)
writing w:\programs\steam\steamapps\common\garrysmod\garrysmod\addons\garrysmodmap\maps\gmm_garrymod_map_by_woowz_flooded_water_blob.prt...
Building visibility clusters...
done (0)
Generating blank default cubemaps...
Generating blank default cubemaps...
Emitted 4045 brushes and 25743 brushsides
Finding displacement neighbors...
Finding lightmap sample positions...
Building Physics collision data...
done (0) (1328458 bytes)
Emitting static props...
Model "models/props_phx/construct/metal_wire1x2x2b.mdl" is missing $staticprop. Allowing due to -allowdynamicpropsasstatic
Model "models/props_phx/construct/metal_wire_angle360x2.mdl" is missing $staticprop. Allowing due to -allowdynamicpropsasstatic
Placing detail props : 0...1...2...3...4...5...6...7...8...9...10
Water found with no water_lod_control entity, creating a default one.
Compacting texture/material tables...
Reduced 2759 texinfos to 1573
Reduced 329 texdatas to 301 (10383 bytes to 7980)
Writing w:\programs\steam\steamapps\common\garrysmod\garrysmod\addons\garrysmodmap\maps\gmm_garrymod_map_by_woowz_flooded_water_blob.bsp
2 seconds elapsed

==================================================================
Date: 2026-09-17 02:29:16
W:\Programs\Steam\steamapps\common\GarrysMod\bin\win64\vvisplusplus.exe -game W:\Programs\Steam\steamapps\common\GarrysMod\garrysmod w:\programs\steam\steamapps\common\garrysmod\garrysmod\addons\garrysmodmap\maps\gmm_garrymod_map_by_woowz_flooded_water_blob
==================================================================
16 threads
CPU supports AVX2
reading w:\programs\steam\steamapps\common\garrysmod\garrysmod\addons\garrysmodmap\maps\gmm_garrymod_map_by_woowz_flooded_water_blob.bsp
reading w:\programs\steam\steamapps\common\garrysmod\garrysmod\addons\garrysmodmap\maps\gmm_garrymod_map_by_woowz_flooded_water_blob.prt
1314 portalclusters
2370 numportals
0...1...2...3...4...5...6...7...8...9...100...1...2...3...4...5...6...7...8...9...10Optimized: 210 visible clusters (0.35%)
Total clusters visible: 60070
Average clusters visible: 45
Building PAS...
Average clusters audible: 172
visdatasize:135329  compressed from 441504
writing w:\programs\steam\steamapps\common\garrysmod\garrysmod\addons\garrysmodmap\maps\gmm_garrymod_map_by_woowz_flooded_water_blob.bsp
Wrote ZIP buffer, estimated size 130435, actual size 126737
0 seconds elapsed

==================================================================
Date: 2026-09-17 02:29:16
W:\Programs\Steam\steamapps\common\GarrysMod\bin\win64\vradplusplus.exe -both -final -game W:\Programs\Steam\steamapps\common\GarrysMod\garrysmod w:\programs\steam\steamapps\common\garrysmod\garrysmod\addons\garrysmodmap\maps\gmm_garrymod_map_by_woowz_flooded_water_blob
==================================================================
---------------
gamedir: W:\Programs\Steam\steamapps\common\GarrysMod\garrysmod\
---------------
16 threads
Compiling in LDR+HDR mode
Reading texlights from 'lights.rad'...
53 texlights parsed
Loading w:\programs\steam\steamapps\common\garrysmod\garrysmod\addons\garrysmodmap\maps\gmm_garrymod_map_by_woowz_flooded_water_blob.bsp
134 props added to raytrace
16101 faces
2 degenerate faces
418 fake patch planes
1789019 square feet [257618784.00 square inches]
4 Displacements
3259 Square Feet [469401.19 Square Inches]
0...1...2...3...4...5...6...7...8...9...1016099 patches before subdivision
195877 patches after subdivision
CreateDirectLights...
0...1...2...3...4...5...6...7...8...9...10512 lights, 6 styled (0.01 seconds)
0...1...2...3...4...5...6...7...8...9...100...1...2...3...4...5...6...7...8...9...10transfers 21543688, max 1011
transfer lists: 164.4 megs
0...1...2...3...4...5...6...7...8...9...10	Bounce #1 added RGB(1457063, 1069029, 763096)
0...1...2...3...4...5...6...7...8...9...10	Bounce #2 added RGB(370688, 263358, 180866)
0...1...2...3...4...5...6...7...8...9...10	Bounce #3 added RGB(112595, 80001, 53182)
0...1...2...3...4...5...6...7...8...9...10	Bounce #4 added RGB(38556, 27542, 17285)
0...1...2...3...4...5...6...7...8...9...10	Bounce #5 added RGB(14255, 10216, 5964)
0...1...2...3...4...5...6...7...8...9...10	Bounce #6 added RGB(5595, 4007, 2148)
0...1...2...3...4...5...6...7...8...9...10	Bounce #7 added RGB(2305, 1640, 801)
0...1...2...3...4...5...6...7...8...9...10	Bounce #8 added RGB(989, 695, 307)
0...1...2...3...4...5...6...7...8...9...10	Bounce #9 added RGB(439, 303, 121)
0...1...2...3...4...5...6...7...8...9...10	Bounce #10 added RGB(200, 135, 48)
0...1...2...3...4...5...6...7...8...9...10	Bounce #11 added RGB(93, 61, 20)
0...1...2...3...4...5...6...7...8...9...10	Bounce #12 added RGB(44, 28, 8)
0...1...2...3...4...5...6...7...8...9...10	Bounce #13 added RGB(21, 13, 3)
0...1...2...3...4...5...6...7...8...9...10	Bounce #14 added RGB(10, 6, 1)
0...1...2...3...4...5...6...7...8...9...10	Bounce #15 added RGB(5, 3, 1)
0...1...2...3...4...5...6...7...8...9...10	Bounce #16 added RGB(2, 1, 0)
0...1...2...3...4...5...6...7...8...9...10	Bounce #17 added RGB(1, 1, 0)
0...1...2...3...4...5...6...7...8...9...10	Bounce #18 added RGB(1, 0, 0)
Build Patch/Sample Hash Table(s).....Done<0.0832 sec>
0...1...2...3...4...5...6...7...8...9...10FinalLightFace Done
0...1...2...3...4...5...6...7...8...9...10Setting up leaf ambient computation...
79 of 378 (20% of) surface lights went in leaf ambient cubes.
0...1...2...3...4...5...6...7...8...9...10Writing leaf ambient...done
Ready to Finish

Object names       Objects/Maxobjs  Fullness 
------------       ---------------  -------- 
entities              1060/65536    ( 1.6%) 
models                 110/4096     ( 2.7%) 
brushes               4045/65536    ( 6.2%) 
brushsides           25743/655350   ( 3.9%) 
planes                5904/65536    ( 9.0%) 
vertexes             28410/65536    (43.4%) 
nodes                 4210/65536    ( 6.4%) 
texinfos              1573/32768    ( 4.8%) 
texdata                301/8192     ( 3.7%) 
dispinfos                4/16384    ( 0.0%) 
faces                16101/65536    (24.6%) 
hdr faces            16101/65536    (24.6%) 
origfaces             8483/65536    (12.9%) 
leaves                4321/65536    ( 6.6%) 
leaffaces            19334/65536    (29.5%) 
leafbrushes           8293/65536    (12.7%) 
areas                   80/1024     ( 7.8%) 
surfedges            78976/512000   (15.4%) 
edges                44579/256000   (17.4%) 
leafwaterdata           10/32768    ( 0.0%) 
primitives            2517/32768    ( 7.7%) 
primverts                0/65536    ( 0.0%) 
primindices          38766/65536    (59.2%) 
cubemapsamples           0/1024     ( 0.0%) 
overlays                78/8192     ( 1.0%) 
vertnormalindices    78873/256000   (30.8%) 
visdata             135329/16777216 ( 0.8%) 
entdata             374903/393216   (95.3%) CLOSE TO FULL!
LDR ambient table     4321/65536    ( 6.6%) 
HDR ambient table     4321/65536    ( 6.6%) 
LDR worldlights            0       
HDR worldlights            512     
LDR lightdata              0       
HDR lightdata              31368004
LDR leaf ambient           4321    
HDR leaf ambient           14202   
occluders                  0       
occluder polygons          0       
occluder vert ind          0       
detail props               1140    
dtl prp lght               4       
HDR dtl prp lght           4       
static props               18750   
pakfile                    126737  
physics                    1328458 
physics terrain            1376    

Level flags = 0

Total triangle count: 46671
Writing w:\programs\steam\steamapps\common\garrysmod\garrysmod\addons\garrysmodmap\maps\gmm_garrymod_map_by_woowz_flooded_water_blob.bsp
6 seconds elapsed
