PRT1
1442
2653
4 0 1 (7168 1216 240 ) (7168 1216 400 ) (7168 1392 400 ) (7168 1392 240 ) 
4 1 4 (6144 1216 240 ) (6144 1216 400 ) (6144 1392 400 ) (6144 1392 240 ) 
4 2 3 (6344 1040 560 ) (6344 1040 624 ) (6296 1040 624 ) (6296 1040 560 ) 
4 3 10 (6344 1024 544 ) (6344 1024 624 ) (6296 1024 624 ) (6296 1024 544 ) 
4 4 5 (5120 1216 240 ) (5120 1216 400 ) (5120 1392 400 ) (5120 1392 240 ) 
4 5 6 (4096 1216 240 ) (4096 1216 400 ) (4096 1392 400 ) (4096 1392 240 ) 
4 6 14 (3072 1216 240 ) (3072 1216 400 ) (3072 1392 400 ) (3072 1392 240 ) 
4 7 9 (6496 960 656 ) (6496 960 544 ) (6496 896 544 ) (6496 896 656 ) 
4 7 8 (6736 848 544 ) (6864 848 544 ) (6864 848 752 ) (6736 848 752 ) 
4 9 11 (6480 896 544 ) (6480 896 656 ) (6480 960 656 ) (6480 960 544 ) 
4 10 11 (6344 1008 544 ) (6344 1008 624 ) (6296 1008 624 ) (6296 1008 544 ) 
4 11 12 (6360 512 976 ) (6280 512 976 ) (6280 512 728 ) (6360 512 728 ) 
4 14 43 (2048 1216 240 ) (2048 1216 400 ) (2048 1296 400 ) (2048 1296 240 ) 
4 14 42 (2048 1296 400 ) (2048 1392 400 ) (2048 1392 240 ) (2048 1296 240 ) 
4 15 16 (1344 2032 1960 ) (1344 1296 1960 ) (1104 1296 1960 ) (1104 2032 1960 ) 
4 16 20 (1344 2032 1840 ) (1344 1296 1840 ) (1104 1296 1840 ) (1104 2032 1840 ) 
4 16 17 (1152 1296 1840 ) (1280 1296 1840 ) (1280 1296 1960 ) (1152 1296 1960 ) 
4 17 18 (1152 1267 1960 ) (1152 1267 1840 ) (1280 1267 1840 ) (1280 1267 1960 ) 
4 18 19 (1152 1265 1960 ) (1152 1265 1840 ) (1280 1265 1840 ) (1280 1265 1960 ) 
4 19 22 (1152 1264 1840 ) (1280 1264 1840 ) (1280 1264 1960 ) (1152 1264 1960 ) 
4 20 23 (1344 2032 992 ) (1344 1296 992 ) (1104 1296 992 ) (1104 2032 992 ) 
4 21 70 (1024 1488 992 ) (1024 1288 992 ) (1024 1288 1016 ) (1024 1488 1016 ) 
4 21 69 (1024 1616 992 ) (1024 1488 992 ) (1024 1488 1016 ) (1024 1616 1016 ) 
4 21 68 (1024 1936 992 ) (1024 1616 992 ) (1024 1616 1016 ) (1024 1936 1016 ) 
4 21 48 (1080 1936 992 ) (1080 1288 992 ) (1024 1288 992 ) (1024 1936 992 ) 
4 22 428 (1024 1024 3056 ) (1024 1024 992 ) (2032 1024 992 ) (2032 1024 3056 ) 
4 22 73 (1024 1024 992 ) (1024 1024 1312 ) (1024 1264 1312 ) (1024 1264 992 ) 
4 22 72 (1024 1024 1312 ) (1024 1024 3056 ) (1024 1264 3056 ) (1024 1264 1312 ) 
4 22 49 (1088 1024 992 ) (1024 1024 992 ) (1024 1264 992 ) (1088 1264 992 ) 
4 22 26 (2032 1024 992 ) (1088 1024 992 ) (1088 1264 992 ) (2032 1264 992 ) 
4 23 32 (1344 2032 544 ) (1344 1296 544 ) (1104 1296 544 ) (1104 2032 544 ) 
4 23 27 (1216 1296 792 ) (1168 1296 792 ) (1168 1296 728 ) (1216 1296 728 ) 
4 23 25 (1104 1664 576 ) (1104 1664 752 ) (1104 1824 752 ) (1104 1824 576 ) 
4 23 24 (1104 1752 896 ) (1104 1824 896 ) (1104 1824 808 ) (1104 1752 808 ) 
4 24 47 (1088 1824 808 ) (1088 1752 808 ) (1088 1752 896 ) (1088 1824 896 ) 
4 25 52 (1088 1664 576 ) (1088 1664 752 ) (1088 1824 752 ) (1088 1824 576 ) 
4 26 460 (1680 1024 992 ) (1088 1024 992 ) (1088 1024 816 ) (1680 1024 816 ) 
4 26 429 (2032 1024 992 ) (1680 1024 992 ) (1680 1024 816 ) (2032 1024 816 ) 
4 26 49 (1088 1024 816 ) (1088 1024 992 ) (1088 1264 992 ) (1088 1264 816 ) 
4 27 28 (1216 1272 792 ) (1168 1272 792 ) (1168 1272 728 ) (1216 1272 728 ) 
4 28 50 (1088 1160 800 ) (1088 1272 800 ) (1088 1272 768 ) (1088 1160 768 ) 
4 29 462 (1088 1024 752 ) (1088 1024 592 ) (1680 1024 592 ) (1680 1024 752 ) 
4 29 54 (1088 1024 592 ) (1088 1024 752 ) (1088 1136 752 ) (1088 1136 592 ) 
4 30 35 (1856 1032 424 ) (1936 1032 424 ) (1936 1032 544 ) (1856 1032 544 ) 
4 30 31 (1368 1272 424 ) (1368 1032 424 ) (1368 1032 544 ) (1368 1272 544 ) 
4 31 34 (1344 1272 424 ) (1344 1032 424 ) (1344 1032 544 ) (1344 1272 544 ) 
4 32 36 (1104 1312 520 ) (1104 1392 520 ) (1104 1392 432 ) (1104 1312 432 ) 
4 32 33 (1216 2032 432 ) (1344 2032 432 ) (1344 1408 432 ) (1216 1408 432 ) 
4 33 41 (1216 2032 424 ) (1344 2032 424 ) (1344 1408 424 ) (1216 1408 424 ) 
4 34 40 (1104 1112 424 ) (1104 1032 424 ) (1104 1032 544 ) (1104 1112 544 ) 
4 34 38 (1104 1184 424 ) (1104 1112 424 ) (1104 1112 544 ) (1104 1184 544 ) 
4 34 37 (1104 1272 424 ) (1104 1184 424 ) (1104 1184 544 ) (1104 1272 544 ) 
4 35 440 (1856 1024 480 ) (1856 1024 424 ) (1936 1024 424 ) (1936 1024 480 ) 
4 35 432 (1936 1024 544 ) (1856 1024 544 ) (1856 1024 480 ) (1936 1024 480 ) 
4 36 56 (1088 1312 432 ) (1088 1312 520 ) (1088 1392 520 ) (1088 1392 432 ) 
4 37 38 (1096 1184 424 ) (1104 1184 424 ) (1104 1184 544 ) (1096 1184 544 ) 
4 38 40 (1096 1112 424 ) (1104 1112 424 ) (1104 1112 544 ) (1096 1112 544 ) 
4 38 39 (1096 1184 520 ) (1096 1184 432 ) (1096 1112 432 ) (1096 1112 520 ) 
4 39 62 (1088 1184 520 ) (1088 1184 432 ) (1088 1112 432 ) (1088 1112 520 ) 
4 42 58 (1088 1296 240 ) (1088 1296 400 ) (1088 1312 400 ) (1088 1312 240 ) 
4 42 57 (1088 1312 400 ) (1088 1392 400 ) (1088 1392 240 ) (1088 1312 240 ) 
4 42 43 (1088 1296 400 ) (1088 1296 240 ) (2048 1296 240 ) (2048 1296 400 ) 
4 43 58 (1088 1216 240 ) (1088 1216 400 ) (1088 1296 400 ) (1088 1296 240 ) 
4 44 464 (1680 1024 216 ) (1432 1024 216 ) (1432 1024 8 ) (1680 1024 8 ) 
4 44 458 (1712 1024 216 ) (1680 1024 216 ) (1680 1024 8 ) (1712 1024 8 ) 
4 44 453 (1776 1024 8 ) (1776 1024 216 ) (1712 1024 216 ) (1712 1024 8 ) 
4 44 45 (1432 1024 40 ) (1432 1024 96 ) (1432 1128 96 ) (1432 1128 40 ) 
4 45 465 (1432 1024 40 ) (1432 1024 96 ) (1408 1024 96 ) (1408 1024 40 ) 
4 45 46 (1408 1128 40 ) (1408 1024 40 ) (1408 1024 96 ) (1408 1128 96 ) 
4 46 64 (1088 1024 16 ) (1088 1024 400 ) (1088 1184 400 ) (1088 1184 16 ) 
4 47 48 (1080 1752 896 ) (1080 1824 896 ) (1080 1824 808 ) (1080 1752 808 ) 
4 48 83 (1024 1936 832 ) (1024 1936 808 ) (1024 1288 808 ) (1024 1288 832 ) 
4 48 77 (1024 1288 992 ) (1024 1936 992 ) (1024 1936 832 ) (1024 1288 832 ) 
4 49 526 (1056 1024 992 ) (1024 1024 992 ) (1024 1024 816 ) (1056 1024 816 ) 
4 49 498 (1072 1024 992 ) (1056 1024 992 ) (1056 1024 816 ) (1072 1024 816 ) 
4 49 472 (1088 1024 816 ) (1088 1024 992 ) (1072 1024 992 ) (1072 1024 816 ) 
4 49 85 (1024 1024 816 ) (1024 1024 832 ) (1024 1264 832 ) (1024 1264 816 ) 
4 49 79 (1024 1024 832 ) (1024 1024 992 ) (1024 1264 992 ) (1024 1264 832 ) 
4 50 88 (1024 1160 800 ) (1024 1272 800 ) (1024 1272 768 ) (1024 1160 768 ) 
4 50 51 (1024 1160 768 ) (1072 1160 768 ) (1072 1160 800 ) (1024 1160 800 ) 
4 51 527 (1056 1024 800 ) (1024 1024 800 ) (1024 1024 768 ) (1056 1024 768 ) 
4 51 499 (1072 1024 800 ) (1056 1024 800 ) (1056 1024 768 ) (1072 1024 768 ) 
4 51 98 (1024 1024 768 ) (1024 1024 800 ) (1024 1040 800 ) (1024 1040 768 ) 
4 51 96 (1024 1040 800 ) (1024 1056 800 ) (1024 1056 768 ) (1024 1040 768 ) 
4 51 93 (1024 1056 800 ) (1024 1104 800 ) (1024 1104 768 ) (1024 1056 768 ) 
4 51 88 (1024 1104 800 ) (1024 1160 800 ) (1024 1160 768 ) (1024 1104 768 ) 
4 52 100 (1024 1824 752 ) (1024 1824 576 ) (1024 1664 576 ) (1024 1664 752 ) 
4 53 101 (1024 1632 752 ) (1024 1632 592 ) (1024 1168 592 ) (1024 1168 752 ) 
4 54 528 (1056 1024 752 ) (1024 1024 752 ) (1024 1024 592 ) (1056 1024 592 ) 
4 54 500 (1072 1024 752 ) (1056 1024 752 ) (1056 1024 592 ) (1072 1024 592 ) 
4 54 480 (1088 1024 592 ) (1088 1024 656 ) (1072 1024 656 ) (1072 1024 592 ) 
4 54 473 (1088 1024 656 ) (1088 1024 752 ) (1072 1024 752 ) (1072 1024 656 ) 
4 54 107 (1024 1024 592 ) (1024 1024 752 ) (1024 1136 752 ) (1024 1136 592 ) 
4 55 118 (1024 1392 432 ) (1024 1392 544 ) (1024 1552 544 ) (1024 1552 432 ) 
4 55 116 (1024 1552 544 ) (1024 1632 544 ) (1024 1632 432 ) (1024 1552 432 ) 
4 55 112 (1024 1392 544 ) (1024 1392 560 ) (1024 1552 560 ) (1024 1552 544 ) 
4 55 111 (1024 1552 560 ) (1024 1616 560 ) (1024 1616 544 ) (1024 1552 544 ) 
4 55 110 (1024 1616 560 ) (1024 1632 560 ) (1024 1632 544 ) (1024 1616 544 ) 
4 55 59 (1072 1392 560 ) (1024 1392 560 ) (1024 1392 432 ) (1072 1392 432 ) 
4 56 59 (1072 1392 520 ) (1072 1392 432 ) (1072 1312 432 ) (1072 1312 520 ) 
4 57 60 (1072 1392 400 ) (1072 1392 240 ) (1072 1312 240 ) (1072 1312 400 ) 
4 57 58 (1088 1312 240 ) (1088 1312 400 ) (1072 1312 400 ) (1072 1312 240 ) 
4 58 60 (1072 1216 240 ) (1072 1216 400 ) (1072 1312 400 ) (1072 1312 240 ) 
4 59 119 (1024 1216 432 ) (1024 1216 544 ) (1024 1392 544 ) (1024 1392 432 ) 
4 59 112 (1024 1216 544 ) (1024 1216 560 ) (1024 1392 560 ) (1024 1392 544 ) 
4 59 61 (1072 1216 432 ) (1072 1216 560 ) (1024 1216 560 ) (1024 1216 432 ) 
4 60 120 (1024 1216 240 ) (1024 1216 400 ) (1024 1392 400 ) (1024 1392 240 ) 
4 61 121 (1024 1184 432 ) (1024 1184 544 ) (1024 1216 544 ) (1024 1216 432 ) 
4 61 112 (1024 1184 544 ) (1024 1184 560 ) (1024 1216 560 ) (1024 1216 544 ) 
4 61 63 (1072 1184 432 ) (1072 1184 560 ) (1024 1184 560 ) (1024 1184 432 ) 
4 62 63 (1072 1184 520 ) (1072 1184 432 ) (1072 1112 432 ) (1072 1112 520 ) 
4 63 541 (1024 1024 480 ) (1024 1024 432 ) (1056 1024 432 ) (1056 1024 480 ) 
4 63 536 (1024 1024 560 ) (1024 1024 480 ) (1056 1024 480 ) (1056 1024 560 ) 
4 63 514 (1056 1024 432 ) (1072 1024 432 ) (1072 1024 480 ) (1056 1024 480 ) 
4 63 509 (1072 1024 480 ) (1072 1024 560 ) (1056 1024 560 ) (1056 1024 480 ) 
4 63 142 (1024 1024 432 ) (1024 1024 544 ) (1024 1184 544 ) (1024 1184 432 ) 
4 63 112 (1024 1024 544 ) (1024 1024 560 ) (1024 1184 560 ) (1024 1184 544 ) 
4 64 65 (1056 1184 16 ) (1056 1024 16 ) (1056 1024 400 ) (1056 1184 400 ) 
4 65 542 (1056 1024 400 ) (1024 1024 400 ) (1024 1024 16 ) (1056 1024 16 ) 
4 65 147 (1024 1024 16 ) (1024 1024 400 ) (1024 1184 400 ) (1024 1184 16 ) 
4 66 243 (0 1472 9232 ) (0 1264 9232 ) (0 1264 10224 ) (0 1472 10224 ) 
4 66 238 (0 1488 9232 ) (0 1472 9232 ) (0 1472 10224 ) (0 1488 10224 ) 
4 66 234 (0 2032 10224 ) (0 2032 9232 ) (0 1488 9232 ) (0 1488 10224 ) 
4 66 71 (1008 1264 10224 ) (0 1264 10224 ) (0 1264 9232 ) (1008 1264 9232 ) 
4 67 76 (24 2040 992 ) (384 2040 992 ) (384 1936 992 ) (24 1936 992 ) 
4 67 68 (24 1936 992 ) (384 1936 992 ) (384 1936 1016 ) (24 1936 1016 ) 
4 68 77 (24 1936 992 ) (1024 1936 992 ) (1024 1616 992 ) (24 1616 992 ) 
4 68 69 (24 1616 1016 ) (24 1616 992 ) (1024 1616 992 ) (1024 1616 1016 ) 
4 69 77 (1024 1616 992 ) (1024 1488 992 ) (24 1488 992 ) (24 1616 992 ) 
4 69 70 (24 1488 992 ) (1024 1488 992 ) (1024 1488 1016 ) (24 1488 1016 ) 
4 70 77 (24 1488 992 ) (1024 1488 992 ) (1024 1288 992 ) (24 1288 992 ) 
4 71 243 (0 1264 10224 ) (0 1264 9232 ) (0 1040 9232 ) (0 1040 10224 ) 
4 72 562 (1024 1024 1312 ) (1024 1024 1400 ) (736 1024 1400 ) (736 1024 1312 ) 
4 72 561 (1024 1024 1400 ) (1024 1024 3056 ) (736 1024 3056 ) (736 1024 1400 ) 
4 72 73 (1024 1024 1312 ) (736 1024 1312 ) (736 1264 1312 ) (1024 1264 1312 ) 
4 73 574 (1024 1024 992 ) (1024 1024 1312 ) (736 1024 1312 ) (736 1024 992 ) 
4 73 79 (1024 1024 992 ) (736 1024 992 ) (736 1264 992 ) (1024 1264 992 ) 
4 74 615 (32 1024 992 ) (64 1024 992 ) (64 1024 1008 ) (32 1024 1008 ) 
4 74 609 (64 1024 992 ) (80 1024 992 ) (80 1024 1008 ) (64 1024 1008 ) 
4 74 586 (80 1024 992 ) (704 1024 992 ) (704 1024 1008 ) (80 1024 1008 ) 
4 74 80 (704 1024 992 ) (32 1024 992 ) (32 1264 992 ) (704 1264 992 ) 
4 75 81 (144 2048 832 ) (256 2048 832 ) (256 2040 832 ) (144 2040 832 ) 
4 75 76 (144 2040 832 ) (256 2040 832 ) (256 2040 928 ) (144 2040 928 ) 
4 76 82 (384 1936 832 ) (24 1936 832 ) (24 2040 832 ) (384 2040 832 ) 
4 76 77 (24 1936 992 ) (24 1936 832 ) (384 1936 832 ) (384 1936 992 ) 
4 77 83 (1024 1936 832 ) (1024 1288 832 ) (24 1288 832 ) (24 1936 832 ) 
4 77 78 (24 1552 832 ) (24 1488 832 ) (24 1488 896 ) (24 1552 896 ) 
4 78 257 (0 1552 832 ) (0 1488 832 ) (0 1488 896 ) (0 1552 896 ) 
4 78 84 (0 1488 832 ) (0 1552 832 ) (24 1552 832 ) (24 1488 832 ) 
4 79 575 (1024 1024 832 ) (1024 1024 992 ) (736 1024 992 ) (736 1024 832 ) 
4 79 85 (1024 1264 832 ) (1024 1024 832 ) (736 1024 832 ) (736 1264 832 ) 
4 80 625 (80 1024 992 ) (32 1024 992 ) (32 1024 832 ) (80 1024 832 ) 
4 80 597 (704 1024 992 ) (80 1024 992 ) (80 1024 832 ) (704 1024 832 ) 
4 80 86 (704 1024 832 ) (32 1024 832 ) (32 1264 832 ) (704 1264 832 ) 
4 81 82 (144 2040 808 ) (256 2040 808 ) (256 2040 832 ) (144 2040 832 ) 
4 82 83 (24 1936 832 ) (24 1936 808 ) (384 1936 808 ) (384 1936 832 ) 
4 83 84 (24 1552 808 ) (24 1488 808 ) (24 1488 832 ) (24 1552 832 ) 
4 84 257 (0 1488 832 ) (0 1552 832 ) (0 1552 808 ) (0 1488 808 ) 
4 85 637 (1024 1024 816 ) (1024 1024 832 ) (736 1024 832 ) (736 1024 816 ) 
4 85 87 (912 1056 816 ) (912 1104 816 ) (960 1104 816 ) (960 1056 816 ) 
4 86 638 (704 1024 832 ) (32 1024 832 ) (32 1024 816 ) (704 1024 816 ) 
4 87 94 (912 1056 800 ) (912 1104 800 ) (960 1104 800 ) (960 1056 800 ) 
4 88 93 (1008 1104 768 ) (1024 1104 768 ) (1024 1104 800 ) (1008 1104 800 ) 
4 88 90 (1008 1272 768 ) (1008 1104 768 ) (1008 1104 800 ) (1008 1272 800 ) 
4 89 91 (896 1320 768 ) (976 1320 768 ) (976 1320 800 ) (896 1320 800 ) 
4 89 90 (976 1320 768 ) (1008 1320 768 ) (1008 1320 800 ) (976 1320 800 ) 
4 89 92 (40 1320 768 ) (896 1320 768 ) (896 1320 800 ) (40 1320 800 ) 
4 90 93 (976 1104 768 ) (1008 1104 768 ) (1008 1104 800 ) (976 1104 800 ) 
4 90 91 (976 1320 800 ) (976 1320 768 ) (976 1120 768 ) (976 1120 800 ) 
4 91 92 (896 1320 800 ) (896 1320 768 ) (896 1120 768 ) (896 1120 800 ) 
4 92 266 (0 1104 800 ) (0 1320 800 ) (0 1320 768 ) (0 1104 768 ) 
4 92 95 (0 1104 768 ) (896 1104 768 ) (896 1104 800 ) (0 1104 800 ) 
4 93 96 (976 1056 768 ) (1024 1056 768 ) (1024 1056 800 ) (976 1056 800 ) 
4 94 106 (912 1104 768 ) (960 1104 768 ) (960 1056 768 ) (912 1056 768 ) 
4 95 266 (0 1056 800 ) (0 1104 800 ) (0 1104 768 ) (0 1056 768 ) 
4 95 97 (0 1056 768 ) (896 1056 768 ) (896 1056 800 ) (0 1056 800 ) 
4 96 98 (976 1040 768 ) (1024 1040 768 ) (1024 1040 800 ) (976 1040 800 ) 
4 97 266 (0 1040 800 ) (0 1056 800 ) (0 1056 768 ) (0 1040 768 ) 
4 97 99 (0 1040 768 ) (32 1040 768 ) (32 1040 800 ) (0 1040 800 ) 
4 97 98 (720 1040 768 ) (896 1040 768 ) (896 1040 800 ) (720 1040 800 ) 
4 98 656 (736 1024 800 ) (720 1024 800 ) (720 1024 768 ) (736 1024 768 ) 
4 98 648 (1024 1024 768 ) (1024 1024 800 ) (736 1024 800 ) (736 1024 768 ) 
4 99 675 (32 1024 800 ) (0 1024 800 ) (0 1024 768 ) (32 1024 768 ) 
4 99 266 (0 1024 768 ) (0 1024 800 ) (0 1040 800 ) (0 1040 768 ) 
4 100 103 (144 1824 576 ) (144 1664 576 ) (144 1664 752 ) (144 1824 752 ) 
4 101 102 (736 1168 592 ) (816 1168 592 ) (816 1168 752 ) (736 1168 752 ) 
4 102 108 (736 1136 576 ) (816 1136 576 ) (816 1136 752 ) (736 1136 752 ) 
4 103 268 (0 1824 752 ) (0 1824 576 ) (0 1664 576 ) (0 1664 752 ) 
4 103 104 (16 1664 576 ) (112 1664 576 ) (112 1664 752 ) (16 1664 752 ) 
4 104 105 (32 1344 576 ) (112 1344 576 ) (112 1344 752 ) (32 1344 752 ) 
4 105 108 (32 1136 576 ) (112 1136 576 ) (112 1136 752 ) (32 1136 752 ) 
4 106 107 (960 1104 752 ) (960 1056 752 ) (912 1056 752 ) (912 1104 752 ) 
4 107 695 (1024 1024 592 ) (1024 1024 608 ) (848 1024 608 ) (848 1024 592 ) 
4 107 687 (1024 1024 608 ) (1024 1024 624 ) (848 1024 624 ) (848 1024 608 ) 
4 107 649 (1024 1024 624 ) (1024 1024 752 ) (848 1024 752 ) (848 1024 624 ) 
4 108 109 (736 1056 576 ) (816 1056 576 ) (816 1056 752 ) (736 1056 752 ) 
4 109 698 (736 1024 592 ) (736 1024 576 ) (816 1024 576 ) (816 1024 592 ) 
4 109 696 (736 1024 608 ) (736 1024 592 ) (816 1024 592 ) (816 1024 608 ) 
4 109 688 (736 1024 624 ) (736 1024 608 ) (816 1024 608 ) (816 1024 624 ) 
4 109 650 (736 1024 752 ) (736 1024 624 ) (816 1024 624 ) (816 1024 752 ) 
4 110 116 (1024 1632 544 ) (1024 1616 544 ) (912 1616 544 ) (912 1632 544 ) 
4 110 111 (912 1616 544 ) (1024 1616 544 ) (1024 1616 560 ) (912 1616 560 ) 
4 111 116 (1024 1616 544 ) (1024 1552 544 ) (912 1552 544 ) (912 1616 544 ) 
4 111 112 (912 1552 544 ) (1024 1552 544 ) (1024 1552 560 ) (912 1552 560 ) 
4 112 703 (1024 1024 544 ) (1024 1024 560 ) (912 1024 560 ) (912 1024 544 ) 
4 112 142 (1024 1184 544 ) (1024 1024 544 ) (912 1024 544 ) (912 1184 544 ) 
4 112 121 (1024 1216 544 ) (1024 1184 544 ) (912 1184 544 ) (912 1216 544 ) 
4 112 119 (1024 1392 544 ) (1024 1216 544 ) (912 1216 544 ) (912 1392 544 ) 
4 112 118 (1024 1552 544 ) (1024 1392 544 ) (912 1392 544 ) (912 1552 544 ) 
4 113 123 (880 1632 544 ) (880 1424 544 ) (400 1424 544 ) (400 1632 544 ) 
4 114 125 (368 1456 544 ) (144 1456 544 ) (144 1632 544 ) (368 1632 544 ) 
4 114 115 (144 1456 544 ) (368 1456 544 ) (368 1456 576 ) (144 1456 576 ) 
4 115 125 (144 1424 544 ) (144 1456 544 ) (368 1456 544 ) (368 1424 544 ) 
4 116 118 (1024 1552 432 ) (1024 1552 544 ) (912 1552 544 ) (912 1552 432 ) 
4 116 117 (912 1552 432 ) (912 1552 544 ) (912 1616 544 ) (912 1616 432 ) 
4 117 123 (880 1552 432 ) (880 1552 544 ) (880 1616 544 ) (880 1616 432 ) 
4 118 119 (1024 1392 432 ) (1024 1392 544 ) (912 1392 544 ) (912 1392 432 ) 
4 119 121 (1024 1216 432 ) (1024 1216 544 ) (912 1216 544 ) (912 1216 432 ) 
4 120 138 (880 1216 240 ) (880 1216 400 ) (880 1376 400 ) (880 1376 240 ) 
4 120 131 (880 1376 400 ) (880 1392 400 ) (880 1392 240 ) (880 1376 240 ) 
4 121 142 (1024 1184 432 ) (1024 1184 544 ) (912 1184 544 ) (912 1184 432 ) 
4 122 295 (0 1640 216 ) (0 1640 8 ) (0 1632 8 ) (0 1632 216 ) 
4 122 129 (600 1632 8 ) (600 1632 216 ) (0 1632 216 ) (0 1632 8 ) 
4 123 128 (600 1424 400 ) (400 1424 400 ) (400 1632 400 ) (600 1632 400 ) 
4 123 127 (880 1424 400 ) (600 1424 400 ) (600 1632 400 ) (880 1632 400 ) 
4 123 124 (400 1456 432 ) (400 1456 544 ) (400 1600 544 ) (400 1600 432 ) 
4 124 125 (368 1456 432 ) (368 1456 544 ) (368 1600 544 ) (368 1600 432 ) 
4 125 126 (144 1632 544 ) (144 1632 432 ) (144 1424 432 ) (144 1424 544 ) 
4 126 285 (0 1504 544 ) (0 1600 544 ) (0 1600 432 ) (0 1504 432 ) 
4 127 128 (600 1424 240 ) (600 1424 400 ) (600 1632 400 ) (600 1632 240 ) 
4 128 290 (0 1632 400 ) (0 1632 240 ) (0 1424 240 ) (0 1424 400 ) 
4 129 295 (0 1632 216 ) (0 1632 8 ) (0 1424 8 ) (0 1424 216 ) 
4 129 130 (600 1424 8 ) (600 1424 216 ) (0 1424 216 ) (0 1424 8 ) 
4 130 295 (0 1424 216 ) (0 1424 8 ) (0 1408 8 ) (0 1408 216 ) 
4 130 132 (600 1408 8 ) (600 1408 216 ) (0 1408 216 ) (0 1408 8 ) 
4 131 138 (880 1376 240 ) (880 1376 400 ) (600 1376 400 ) (600 1376 240 ) 
4 131 133 (600 1376 240 ) (600 1376 400 ) (600 1392 400 ) (600 1392 240 ) 
4 132 295 (0 1408 216 ) (0 1408 8 ) (0 1392 8 ) (0 1392 216 ) 
4 132 134 (600 1392 8 ) (600 1392 216 ) (0 1392 216 ) (0 1392 8 ) 
4 133 291 (0 1392 400 ) (0 1392 240 ) (0 1376 240 ) (0 1376 400 ) 
4 133 139 (600 1376 240 ) (600 1376 400 ) (0 1376 400 ) (0 1376 240 ) 
4 134 295 (0 1392 216 ) (0 1392 8 ) (0 1376 8 ) (0 1376 216 ) 
4 134 140 (600 1376 8 ) (600 1376 216 ) (0 1376 216 ) (0 1376 8 ) 
4 135 175 (624 1184 528 ) (128 1184 528 ) (128 1184 432 ) (624 1184 432 ) 
4 135 143 (880 1184 432 ) (880 1184 528 ) (624 1184 528 ) (624 1184 432 ) 
4 135 136 (128 1248 432 ) (128 1184 432 ) (128 1184 528 ) (128 1248 528 ) 
4 136 137 (112 1248 432 ) (112 1184 432 ) (112 1184 528 ) (112 1248 528 ) 
4 137 287 (0 1376 528 ) (0 1376 432 ) (0 1184 432 ) (0 1184 528 ) 
4 137 183 (0 1184 528 ) (0 1184 432 ) (112 1184 432 ) (112 1184 528 ) 
4 138 139 (600 1216 400 ) (600 1376 400 ) (600 1376 240 ) (600 1216 240 ) 
4 139 291 (0 1376 400 ) (0 1376 240 ) (0 1216 240 ) (0 1216 400 ) 
4 140 295 (0 1376 216 ) (0 1376 8 ) (0 1216 8 ) (0 1216 216 ) 
4 140 141 (600 1216 8 ) (600 1216 216 ) (0 1216 216 ) (0 1216 8 ) 
4 141 295 (0 1184 8 ) (0 1184 216 ) (0 1216 216 ) (0 1216 8 ) 
4 141 188 (592 1184 216 ) (0 1184 216 ) (0 1184 8 ) (592 1184 8 ) 
4 141 186 (600 1184 8 ) (600 1184 216 ) (592 1184 216 ) (592 1184 8 ) 
4 142 703 (1024 1024 432 ) (1024 1024 544 ) (912 1024 544 ) (912 1024 432 ) 
4 143 175 (624 1184 528 ) (624 1184 432 ) (624 1072 432 ) (624 1072 528 ) 
4 143 170 (784 1088 432 ) (784 1072 432 ) (768 1072 432 ) (768 1088 432 ) 
4 143 157 (832 1072 432 ) (784 1072 432 ) (784 1088 432 ) (832 1088 432 ) 
4 143 144 (752 1072 432 ) (880 1072 432 ) (880 1072 528 ) (752 1072 528 ) 
4 143 145 (624 1072 528 ) (624 1072 432 ) (704 1072 432 ) (704 1072 528 ) 
4 144 170 (768 1072 432 ) (784 1072 432 ) (784 1056 432 ) (768 1056 432 ) 
4 144 157 (784 1072 432 ) (832 1072 432 ) (832 1056 432 ) (784 1056 432 ) 
4 144 146 (752 1056 432 ) (880 1056 432 ) (880 1056 528 ) (752 1056 528 ) 
4 145 176 (624 1072 432 ) (624 1056 432 ) (624 1056 528 ) (624 1072 528 ) 
4 146 704 (752 1024 528 ) (752 1024 432 ) (880 1024 432 ) (880 1024 528 ) 
4 146 170 (784 1024 432 ) (768 1024 432 ) (768 1056 432 ) (784 1056 432 ) 
4 146 165 (832 1024 432 ) (784 1024 432 ) (784 1056 432 ) (832 1056 432 ) 
4 147 707 (1024 1024 16 ) (1024 1024 400 ) (848 1024 400 ) (848 1024 16 ) 
4 147 164 (848 1056 16 ) (848 1024 16 ) (848 1024 400 ) (848 1056 400 ) 
4 147 153 (848 1088 16 ) (848 1056 16 ) (848 1056 400 ) (848 1088 400 ) 
4 147 149 (848 1120 16 ) (848 1088 16 ) (848 1088 400 ) (848 1120 400 ) 
4 147 148 (848 1184 400 ) (848 1184 16 ) (848 1120 16 ) (848 1120 400 ) 
4 148 169 (784 1184 400 ) (784 1184 16 ) (784 1120 16 ) (784 1120 400 ) 
4 148 149 (784 1120 400 ) (784 1120 16 ) (848 1120 16 ) (848 1120 400 ) 
4 149 169 (784 1120 400 ) (784 1120 16 ) (784 1088 16 ) (784 1088 400 ) 
4 149 160 (784 1088 400 ) (784 1088 16 ) (832 1088 16 ) (832 1088 400 ) 
4 149 153 (832 1088 16 ) (848 1088 16 ) (848 1088 400 ) (832 1088 400 ) 
4 149 150 (848 1088 16 ) (784 1088 16 ) (784 1120 16 ) (848 1120 16 ) 
4 150 161 (784 1088 16 ) (784 1088 4 ) (832 1088 4 ) (832 1088 16 ) 
4 150 154 (832 1088 4 ) (848 1088 4 ) (848 1088 16 ) (832 1088 16 ) 
4 150 151 (848 1088 4 ) (784 1088 4 ) (784 1120 4 ) (848 1120 4 ) 
4 151 162 (784 1088 4 ) (784 1088 -4 ) (832 1088 -4 ) (832 1088 4 ) 
4 151 155 (832 1088 -4 ) (848 1088 -4 ) (848 1088 4 ) (832 1088 4 ) 
4 151 152 (848 1088 -4 ) (784 1088 -4 ) (784 1120 -4 ) (848 1120 -4 ) 
4 152 229 (784 1088 -16 ) (784 1120 -16 ) (848 1120 -16 ) (848 1088 -16 ) 
4 152 163 (784 1088 -4 ) (784 1088 -16 ) (832 1088 -16 ) (832 1088 -4 ) 
4 152 156 (832 1088 -16 ) (848 1088 -16 ) (848 1088 -4 ) (832 1088 -4 ) 
4 153 164 (848 1056 16 ) (848 1056 400 ) (832 1056 400 ) (832 1056 16 ) 
4 153 160 (832 1088 400 ) (832 1088 16 ) (832 1056 16 ) (832 1056 400 ) 
4 153 154 (848 1056 16 ) (832 1056 16 ) (832 1088 16 ) (848 1088 16 ) 
4 154 161 (832 1088 16 ) (832 1088 4 ) (832 1056 4 ) (832 1056 16 ) 
4 154 155 (848 1056 4 ) (832 1056 4 ) (832 1088 4 ) (848 1088 4 ) 
4 155 162 (832 1088 4 ) (832 1088 -4 ) (832 1056 -4 ) (832 1056 4 ) 
4 155 156 (848 1056 -4 ) (832 1056 -4 ) (832 1088 -4 ) (848 1088 -4 ) 
4 156 229 (832 1088 -16 ) (848 1088 -16 ) (848 1056 -16 ) (832 1056 -16 ) 
4 156 163 (832 1088 -4 ) (832 1088 -16 ) (832 1056 -16 ) (832 1056 -4 ) 
4 157 170 (784 1056 432 ) (784 1088 432 ) (784 1088 420 ) (784 1056 420 ) 
4 157 165 (784 1056 432 ) (784 1056 420 ) (832 1056 420 ) (832 1056 432 ) 
4 157 158 (784 1088 420 ) (832 1088 420 ) (832 1056 420 ) (784 1056 420 ) 
4 158 171 (784 1088 420 ) (784 1088 412 ) (784 1056 412 ) (784 1056 420 ) 
4 158 166 (784 1056 420 ) (784 1056 412 ) (832 1056 412 ) (832 1056 420 ) 
4 158 159 (784 1088 412 ) (832 1088 412 ) (832 1056 412 ) (784 1056 412 ) 
4 159 172 (784 1088 412 ) (784 1088 400 ) (784 1056 400 ) (784 1056 412 ) 
4 159 167 (784 1056 412 ) (784 1056 400 ) (832 1056 400 ) (832 1056 412 ) 
4 159 160 (784 1088 400 ) (832 1088 400 ) (832 1056 400 ) (784 1056 400 ) 
4 160 173 (784 1088 400 ) (784 1088 16 ) (784 1056 16 ) (784 1056 400 ) 
4 160 168 (784 1056 400 ) (784 1056 16 ) (832 1056 16 ) (832 1056 400 ) 
4 160 161 (784 1088 16 ) (832 1088 16 ) (832 1056 16 ) (784 1056 16 ) 
4 161 162 (784 1088 4 ) (832 1088 4 ) (832 1056 4 ) (784 1056 4 ) 
4 162 163 (784 1088 -4 ) (832 1088 -4 ) (832 1056 -4 ) (784 1056 -4 ) 
4 163 229 (784 1056 -16 ) (784 1088 -16 ) (832 1088 -16 ) (832 1056 -16 ) 
4 164 707 (832 1024 400 ) (832 1024 16 ) (848 1024 16 ) (848 1024 400 ) 
4 164 168 (832 1056 400 ) (832 1056 16 ) (832 1024 16 ) (832 1024 400 ) 
4 165 170 (784 1024 432 ) (784 1056 432 ) (784 1056 420 ) (784 1024 420 ) 
4 165 166 (784 1024 420 ) (784 1056 420 ) (832 1056 420 ) (832 1024 420 ) 
4 166 171 (784 1056 420 ) (784 1056 412 ) (784 1024 412 ) (784 1024 420 ) 
4 166 167 (784 1024 412 ) (784 1056 412 ) (832 1056 412 ) (832 1024 412 ) 
4 167 172 (784 1056 412 ) (784 1056 400 ) (784 1024 400 ) (784 1024 412 ) 
4 167 168 (784 1024 400 ) (784 1056 400 ) (832 1056 400 ) (832 1024 400 ) 
4 168 707 (784 1024 400 ) (784 1024 16 ) (832 1024 16 ) (832 1024 400 ) 
4 168 173 (784 1056 400 ) (784 1056 16 ) (784 1024 16 ) (784 1024 400 ) 
4 169 174 (768 1184 400 ) (768 1184 16 ) (768 1088 16 ) (768 1088 400 ) 
4 169 173 (768 1088 400 ) (768 1088 16 ) (784 1088 16 ) (784 1088 400 ) 
4 170 171 (768 1024 420 ) (768 1088 420 ) (784 1088 420 ) (784 1024 420 ) 
4 171 172 (768 1024 412 ) (768 1088 412 ) (784 1088 412 ) (784 1024 412 ) 
4 172 173 (768 1024 400 ) (768 1088 400 ) (784 1088 400 ) (784 1024 400 ) 
4 173 707 (768 1024 400 ) (768 1024 16 ) (784 1024 16 ) (784 1024 400 ) 
4 173 174 (768 1088 400 ) (768 1088 16 ) (768 1024 16 ) (768 1024 400 ) 
4 174 707 (624 1024 400 ) (624 1024 16 ) (768 1024 16 ) (768 1024 400 ) 
4 174 180 (624 1184 368 ) (624 1184 272 ) (624 1104 272 ) (624 1104 368 ) 
4 175 176 (128 1072 432 ) (624 1072 432 ) (624 1072 528 ) (128 1072 528 ) 
4 177 182 (592 1104 368 ) (592 1056 368 ) (128 1056 368 ) (128 1104 368 ) 
4 177 181 (128 1184 368 ) (592 1184 368 ) (592 1104 368 ) (128 1104 368 ) 
4 177 179 (128 1056 368 ) (592 1056 368 ) (592 1056 400 ) (128 1056 400 ) 
4 177 178 (128 1184 400 ) (128 1184 368 ) (128 1056 368 ) (128 1056 400 ) 
4 178 185 (112 1072 368 ) (112 1056 368 ) (112 1056 400 ) (112 1072 400 ) 
4 178 184 (112 1184 400 ) (112 1184 368 ) (112 1072 368 ) (112 1072 400 ) 
4 178 182 (112 1056 368 ) (112 1104 368 ) (128 1104 368 ) (128 1056 368 ) 
4 178 181 (112 1104 368 ) (112 1184 368 ) (128 1184 368 ) (128 1104 368 ) 
4 178 179 (112 1056 400 ) (112 1056 368 ) (128 1056 368 ) (128 1056 400 ) 
4 179 730 (112 1024 400 ) (112 1024 368 ) (592 1024 368 ) (592 1024 400 ) 
4 179 185 (112 1056 368 ) (112 1024 368 ) (112 1024 400 ) (112 1056 400 ) 
4 179 182 (112 1024 368 ) (112 1056 368 ) (592 1056 368 ) (592 1024 368 ) 
4 180 181 (592 1184 272 ) (592 1104 272 ) (592 1104 368 ) (592 1184 368 ) 
4 181 187 (112 1184 272 ) (592 1184 272 ) (592 1104 272 ) (112 1104 272 ) 
4 181 184 (112 1184 368 ) (112 1184 272 ) (112 1104 272 ) (112 1104 368 ) 
4 181 182 (592 1104 368 ) (112 1104 368 ) (112 1104 272 ) (592 1104 272 ) 
4 182 730 (112 1024 368 ) (112 1024 272 ) (592 1024 272 ) (592 1024 368 ) 
4 182 191 (200 1024 272 ) (112 1024 272 ) (112 1032 272 ) (200 1032 272 ) 
4 182 189 (592 1024 272 ) (200 1024 272 ) (200 1032 272 ) (592 1032 272 ) 
4 182 187 (112 1032 272 ) (112 1104 272 ) (592 1104 272 ) (592 1032 272 ) 
4 182 185 (112 1072 272 ) (112 1024 272 ) (112 1024 368 ) (112 1072 368 ) 
4 182 184 (112 1104 272 ) (112 1072 272 ) (112 1072 368 ) (112 1104 368 ) 
4 183 287 (0 1184 528 ) (0 1184 432 ) (0 1072 432 ) (0 1072 528 ) 
4 184 293 (0 1184 400 ) (0 1184 272 ) (0 1072 272 ) (0 1072 400 ) 
4 184 187 (0 1072 272 ) (0 1184 272 ) (112 1184 272 ) (112 1072 272 ) 
4 184 185 (0 1072 272 ) (112 1072 272 ) (112 1072 400 ) (0 1072 400 ) 
4 185 730 (0 1024 400 ) (0 1024 272 ) (112 1024 272 ) (112 1024 400 ) 
4 185 297 (0 1024 272 ) (0 1024 400 ) (0 1032 400 ) (0 1032 272 ) 
4 185 293 (0 1032 400 ) (0 1072 400 ) (0 1072 272 ) (0 1032 272 ) 
4 185 191 (0 1024 272 ) (0 1032 272 ) (112 1032 272 ) (112 1024 272 ) 
4 185 187 (0 1032 272 ) (0 1072 272 ) (112 1072 272 ) (112 1032 272 ) 
4 186 190 (600 1032 8 ) (600 1032 216 ) (592 1032 216 ) (592 1032 8 ) 
4 186 188 (592 1184 8 ) (592 1032 8 ) (592 1032 216 ) (592 1184 216 ) 
4 187 293 (0 1032 272 ) (0 1184 272 ) (0 1184 240 ) (0 1032 240 ) 
4 187 191 (200 1032 272 ) (0 1032 272 ) (0 1032 240 ) (200 1032 240 ) 
4 187 189 (592 1032 272 ) (200 1032 272 ) (200 1032 240 ) (592 1032 240 ) 
4 188 295 (0 1184 216 ) (0 1184 8 ) (0 1032 8 ) (0 1032 216 ) 
4 188 192 (0 1032 120 ) (0 1032 8 ) (104 1032 8 ) (104 1032 120 ) 
4 188 190 (200 1032 8 ) (592 1032 8 ) (592 1032 216 ) (200 1032 216 ) 
4 189 745 (248 1024 272 ) (200 1024 272 ) (200 1024 240 ) (248 1024 240 ) 
4 189 735 (592 1024 272 ) (248 1024 272 ) (248 1024 240 ) (592 1024 240 ) 
4 189 191 (200 1032 272 ) (200 1032 240 ) (200 1024 240 ) (200 1024 272 ) 
4 190 749 (208 1024 216 ) (200 1024 216 ) (200 1024 8 ) (208 1024 8 ) 
4 190 747 (248 1024 216 ) (208 1024 216 ) (208 1024 8 ) (248 1024 8 ) 
4 190 737 (592 1024 216 ) (248 1024 216 ) (248 1024 8 ) (592 1024 8 ) 
4 190 733 (600 1024 8 ) (600 1024 216 ) (592 1024 216 ) (592 1024 8 ) 
4 191 753 (0 1024 272 ) (0 1024 240 ) (176 1024 240 ) (176 1024 272 ) 
4 191 745 (176 1024 240 ) (200 1024 240 ) (200 1024 272 ) (176 1024 272 ) 
4 191 297 (0 1024 240 ) (0 1024 272 ) (0 1032 272 ) (0 1032 240 ) 
4 192 754 (0 1024 120 ) (0 1024 8 ) (104 1024 8 ) (104 1024 120 ) 
4 192 299 (0 1024 8 ) (0 1024 120 ) (0 1032 120 ) (0 1032 8 ) 
4 193 195 (768 2032 -224 ) (768 1760 -224 ) (768 1760 -16 ) (768 2032 -16 ) 
4 193 194 (768 1760 -16 ) (768 1760 -224 ) (1024 1760 -224 ) (1024 1760 -16 ) 
4 194 197 (768 1600 -224 ) (768 1536 -224 ) (768 1536 -16 ) (768 1600 -16 ) 
4 194 196 (768 1760 -224 ) (768 1744 -224 ) (768 1744 -16 ) (768 1760 -16 ) 
4 195 201 (752 2032 -224 ) (752 1760 -224 ) (752 1760 -16 ) (752 2032 -16 ) 
4 195 196 (752 1760 -16 ) (752 1760 -224 ) (768 1760 -224 ) (768 1760 -16 ) 
4 196 202 (752 1760 -224 ) (752 1744 -224 ) (752 1744 -16 ) (752 1760 -16 ) 
4 197 205 (752 1600 -224 ) (752 1536 -224 ) (752 1536 -16 ) (752 1600 -16 ) 
4 198 200 (896 1520 -224 ) (896 1424 -224 ) (896 1424 -16 ) (896 1520 -16 ) 
4 199 228 (960 1168 -224 ) (1024 1168 -224 ) (1024 1168 -16 ) (960 1168 -16 ) 
4 199 200 (896 1328 -224 ) (896 1168 -224 ) (896 1168 -16 ) (896 1328 -16 ) 
4 200 206 (752 1520 -224 ) (752 1360 -224 ) (752 1360 -16 ) (752 1520 -16 ) 
4 201 209 (656 2032 -224 ) (656 1760 -224 ) (656 1760 -16 ) (656 2032 -16 ) 
4 201 202 (656 1760 -16 ) (656 1760 -224 ) (752 1760 -224 ) (752 1760 -16 ) 
4 202 203 (656 1744 -16 ) (656 1744 -224 ) (752 1744 -224 ) (752 1744 -16 ) 
4 203 212 (656 1744 -224 ) (656 1680 -224 ) (656 1680 -16 ) (656 1744 -16 ) 
4 204 213 (656 1664 -224 ) (656 1600 -224 ) (656 1600 -16 ) (656 1664 -16 ) 
4 204 205 (672 1600 -224 ) (752 1600 -224 ) (752 1600 -16 ) (672 1600 -16 ) 
4 206 207 (736 1520 -16 ) (736 1520 -224 ) (736 1360 -224 ) (736 1360 -16 ) 
4 207 208 (672 1360 -224 ) (672 1168 -224 ) (672 1168 -16 ) (672 1360 -16 ) 
4 208 225 (656 1232 -224 ) (656 1168 -224 ) (656 1168 -16 ) (656 1232 -16 ) 
4 208 224 (656 1248 -224 ) (656 1232 -224 ) (656 1232 -16 ) (656 1248 -16 ) 
4 208 214 (656 1360 -224 ) (656 1248 -224 ) (656 1248 -16 ) (656 1360 -16 ) 
4 210 217 (384 1968 -224 ) (384 1824 -224 ) (384 1824 -16 ) (384 1968 -16 ) 
4 210 211 (384 1824 -16 ) (384 1824 -224 ) (400 1824 -224 ) (400 1824 -16 ) 
4 211 212 (384 1744 -16 ) (384 1744 -224 ) (400 1744 -224 ) (400 1744 -16 ) 
4 213 214 (512 1584 -224 ) (656 1584 -224 ) (656 1584 -16 ) (512 1584 -16 ) 
4 213 216 (384 1584 -16 ) (384 1584 -224 ) (496 1584 -224 ) (496 1584 -16 ) 
4 214 224 (608 1248 -224 ) (656 1248 -224 ) (656 1248 -16 ) (608 1248 -16 ) 
4 214 215 (512 1344 -224 ) (512 1248 -224 ) (512 1248 -16 ) (512 1344 -16 ) 
4 215 216 (496 1344 -224 ) (496 1248 -224 ) (496 1248 -16 ) (496 1344 -16 ) 
4 216 219 (384 1520 -224 ) (384 1248 -224 ) (384 1248 -16 ) (384 1520 -16 ) 
4 217 218 (320 1968 -224 ) (320 1824 -224 ) (320 1824 -16 ) (320 1968 -16 ) 
4 218 221 (16 1824 -224 ) (144 1824 -224 ) (144 1824 -16 ) (16 1824 -16 ) 
4 219 223 (368 1520 -224 ) (368 1248 -224 ) (368 1248 -16 ) (368 1520 -16 ) 
4 220 222 (144 1568 -224 ) (368 1568 -224 ) (368 1568 -16 ) (144 1568 -16 ) 
4 220 221 (144 1808 -224 ) (144 1568 -224 ) (144 1568 -16 ) (144 1808 -16 ) 
4 221 349 (0 1568 -16 ) (0 1696 -16 ) (0 1696 -224 ) (0 1568 -224 ) 
4 221 330 (0 1696 -16 ) (0 1824 -16 ) (0 1824 -224 ) (0 1696 -224 ) 
4 221 222 (64 1568 -224 ) (144 1568 -224 ) (144 1568 -16 ) (64 1568 -16 ) 
4 222 223 (64 1552 -224 ) (368 1552 -224 ) (368 1552 -16 ) (64 1552 -16 ) 
4 223 353 (0 1248 -16 ) (0 1552 -16 ) (0 1552 -224 ) (0 1248 -224 ) 
4 224 225 (608 1232 -224 ) (656 1232 -224 ) (656 1232 -16 ) (608 1232 -16 ) 
4 225 226 (608 1232 -16 ) (608 1232 -224 ) (608 1168 -224 ) (608 1168 -16 ) 
4 226 227 (592 1232 -16 ) (592 1232 -224 ) (592 1168 -224 ) (592 1168 -16 ) 
4 227 360 (0 1168 -16 ) (0 1232 -16 ) (0 1232 -224 ) (0 1168 -224 ) 
4 227 231 (0 1168 -224 ) (592 1168 -224 ) (592 1168 -16 ) (0 1168 -16 ) 
4 228 232 (960 1040 -224 ) (1024 1040 -224 ) (1024 1040 -16 ) (960 1040 -16 ) 
4 229 230 (608 1104 -224 ) (608 1040 -224 ) (608 1040 -16 ) (608 1104 -16 ) 
4 230 231 (592 1104 -224 ) (592 1040 -224 ) (592 1040 -16 ) (592 1104 -16 ) 
4 231 360 (0 1040 -16 ) (0 1168 -16 ) (0 1168 -224 ) (0 1040 -224 ) 
4 231 233 (448 1040 -224 ) (464 1040 -224 ) (464 1040 -16 ) (448 1040 -16 ) 
4 232 897 (1024 1024 -224 ) (1024 1024 -48 ) (960 1024 -48 ) (960 1024 -224 ) 
4 232 708 (1024 1024 -48 ) (1024 1024 -16 ) (960 1024 -16 ) (960 1024 -48 ) 
4 233 897 (448 1024 -48 ) (448 1024 -224 ) (464 1024 -224 ) (464 1024 -48 ) 
4 233 738 (464 1024 -16 ) (448 1024 -16 ) (448 1024 -48 ) (464 1024 -48 ) 
4 234 241 (-496 1488 10224 ) (-1008 1488 10224 ) (-1008 1488 9232 ) (-496 1488 9232 ) 
4 234 239 (-16 1488 10224 ) (-496 1488 10224 ) (-496 1488 9232 ) (-16 1488 9232 ) 
4 234 238 (0 1488 9232 ) (0 1488 10224 ) (-16 1488 10224 ) (-16 1488 9232 ) 
4 234 235 (-16 1488 9232 ) (-496 1488 9232 ) (-496 1616 9232 ) (-16 1616 9232 ) 
4 235 258 (-16 1616 992 ) (-16 1488 992 ) (-496 1488 992 ) (-496 1616 992 ) 
4 235 240 (-384 1488 2752 ) (-480 1488 2752 ) (-480 1488 2616 ) (-384 1488 2616 ) 
4 236 387 (-1024 1712 992 ) (-1024 1616 992 ) (-1024 1616 1008 ) (-1024 1712 1008 ) 
4 236 259 (-752 1712 992 ) (-752 1616 992 ) (-1024 1616 992 ) (-1024 1712 992 ) 
4 236 237 (-1024 1616 992 ) (-752 1616 992 ) (-752 1616 1008 ) (-1024 1616 1008 ) 
4 237 387 (-1024 1616 992 ) (-1024 1488 992 ) (-1024 1488 1008 ) (-1024 1616 1008 ) 
4 237 259 (-752 1616 992 ) (-752 1488 992 ) (-1024 1488 992 ) (-1024 1616 992 ) 
4 237 242 (-1024 1488 992 ) (-752 1488 992 ) (-752 1488 1008 ) (-1024 1488 1008 ) 
4 238 243 (0 1472 9232 ) (0 1472 10224 ) (-16 1472 10224 ) (-16 1472 9232 ) 
4 238 239 (-16 1488 10224 ) (-16 1488 9232 ) (-16 1472 9232 ) (-16 1472 10224 ) 
4 239 243 (-496 1472 10224 ) (-496 1472 9232 ) (-16 1472 9232 ) (-16 1472 10224 ) 
4 239 241 (-496 1488 10224 ) (-496 1488 9232 ) (-496 1472 9232 ) (-496 1472 10224 ) 
4 240 244 (-384 1472 2752 ) (-480 1472 2752 ) (-480 1472 2616 ) (-384 1472 2616 ) 
4 241 243 (-1008 1472 9232 ) (-496 1472 9232 ) (-496 1472 10224 ) (-1008 1472 10224 ) 
4 242 387 (-1024 1488 1008 ) (-1024 1488 992 ) (-1024 1472 992 ) (-1024 1472 1008 ) 
4 242 261 (-752 1472 992 ) (-1024 1472 992 ) (-1024 1488 992 ) (-752 1488 992 ) 
4 244 246 (-480 1464 2616 ) (-384 1464 2616 ) (-384 1464 2752 ) (-480 1464 2752 ) 
4 245 1129 (-8 1024 3064 ) (-352 1024 3064 ) (-352 1024 2616 ) (-8 1024 2616 ) 
4 245 252 (-352 1360 2616 ) (-352 1456 2616 ) (-128 1456 2616 ) (-128 1360 2616 ) 
4 245 251 (-352 1456 2616 ) (-352 1464 2616 ) (-128 1464 2616 ) (-128 1456 2616 ) 
4 246 256 (-504 1360 2616 ) (-504 1464 2616 ) (-384 1464 2616 ) (-384 1360 2616 ) 
4 246 247 (-504 1360 2784 ) (-504 1360 2616 ) (-384 1360 2616 ) (-384 1360 2784 ) 
4 247 1130 (-504 1024 2784 ) (-504 1024 2616 ) (-384 1024 2616 ) (-384 1024 2784 ) 
4 247 256 (-384 1024 2616 ) (-504 1024 2616 ) (-504 1360 2616 ) (-384 1360 2616 ) 
4 248 1137 (0 1024 992 ) (0 1024 1008 ) (-8 1024 1008 ) (-8 1024 992 ) 
4 248 263 (0 1456 992 ) (0 1024 992 ) (-8 1024 992 ) (-8 1456 992 ) 
4 248 250 (-8 1360 992 ) (-8 1024 992 ) (-8 1024 1008 ) (-8 1360 1008 ) 
4 248 249 (-8 1456 1008 ) (-8 1456 992 ) (-8 1360 992 ) (-8 1360 1008 ) 
4 249 263 (-128 1360 992 ) (-128 1456 992 ) (-8 1456 992 ) (-8 1360 992 ) 
4 249 253 (-128 1456 1008 ) (-128 1456 992 ) (-128 1360 992 ) (-128 1360 1008 ) 
4 249 250 (-128 1360 1008 ) (-128 1360 992 ) (-8 1360 992 ) (-8 1360 1008 ) 
4 250 1139 (-128 1024 1008 ) (-128 1024 992 ) (-8 1024 992 ) (-8 1024 1008 ) 
4 250 263 (-8 1024 992 ) (-128 1024 992 ) (-128 1360 992 ) (-8 1360 992 ) 
4 250 254 (-128 1360 1008 ) (-128 1360 992 ) (-128 1024 992 ) (-128 1024 1008 ) 
4 251 252 (-352 1456 2616 ) (-352 1456 2496 ) (-128 1456 2496 ) (-128 1456 2616 ) 
4 253 263 (-352 1360 992 ) (-352 1456 992 ) (-128 1456 992 ) (-128 1360 992 ) 
4 253 255 (-352 1456 1008 ) (-352 1456 992 ) (-352 1360 992 ) (-352 1360 1008 ) 
4 253 254 (-352 1360 1008 ) (-352 1360 992 ) (-128 1360 992 ) (-128 1360 1008 ) 
4 254 1139 (-352 1024 1008 ) (-352 1024 992 ) (-128 1024 992 ) (-128 1024 1008 ) 
4 254 263 (-128 1024 992 ) (-352 1024 992 ) (-352 1360 992 ) (-128 1360 992 ) 
4 254 255 (-352 1360 1008 ) (-352 1360 992 ) (-352 1024 992 ) (-352 1024 1008 ) 
4 255 1140 (-368 1024 1008 ) (-368 1024 992 ) (-352 1024 992 ) (-352 1024 1008 ) 
4 255 263 (-352 1024 992 ) (-368 1024 992 ) (-368 1456 992 ) (-352 1456 992 ) 
4 257 258 (-16 1488 896 ) (-16 1552 896 ) (-16 1552 808 ) (-16 1488 808 ) 
4 258 264 (-16 1616 800 ) (-16 1488 800 ) (-496 1488 800 ) (-496 1616 800 ) 
4 258 260 (-240 1488 864 ) (-240 1488 976 ) (-336 1488 976 ) (-336 1488 864 ) 
4 259 387 (-1024 1488 992 ) (-1024 1712 992 ) (-1024 1712 800 ) (-1024 1488 800 ) 
4 259 265 (-752 1712 800 ) (-752 1488 800 ) (-1024 1488 800 ) (-1024 1712 800 ) 
4 259 261 (-1024 1488 800 ) (-752 1488 800 ) (-752 1488 992 ) (-1024 1488 992 ) 
4 260 262 (-240 1472 864 ) (-240 1472 976 ) (-336 1472 976 ) (-336 1472 864 ) 
4 261 387 (-1024 1472 992 ) (-1024 1488 992 ) (-1024 1488 800 ) (-1024 1472 800 ) 
4 261 265 (-752 1472 800 ) (-1024 1472 800 ) (-1024 1488 800 ) (-752 1488 800 ) 
4 262 263 (-240 1456 864 ) (-240 1456 976 ) (-336 1456 976 ) (-336 1456 864 ) 
4 263 1161 (-112 1024 992 ) (-368 1024 992 ) (-368 1024 816 ) (-112 1024 816 ) 
4 263 1156 (0 1024 816 ) (0 1024 992 ) (-112 1024 992 ) (-112 1024 816 ) 
4 264 269 (-16 1616 768 ) (-16 1488 768 ) (-496 1488 768 ) (-496 1616 768 ) 
4 265 387 (-1024 1472 800 ) (-1024 1712 800 ) (-1024 1712 768 ) (-1024 1472 768 ) 
4 265 271 (-1024 1472 768 ) (-1024 1712 768 ) (-752 1712 768 ) (-752 1472 768 ) 
4 266 1157 (0 1024 768 ) (0 1024 800 ) (-56 1024 800 ) (-56 1024 768 ) 
4 266 267 (-56 1320 768 ) (-56 1024 768 ) (-56 1024 800 ) (-56 1320 800 ) 
4 267 1162 (-112 1024 800 ) (-288 1024 800 ) (-288 1024 768 ) (-112 1024 768 ) 
4 267 1157 (-56 1024 800 ) (-112 1024 800 ) (-112 1024 768 ) (-56 1024 768 ) 
4 268 270 (-544 1664 576 ) (-544 1664 672 ) (-544 1824 672 ) (-544 1824 576 ) 
4 269 286 (-496 1488 544 ) (-496 1616 544 ) (-16 1616 544 ) (-16 1488 544 ) 
4 270 274 (-544 1440 576 ) (-544 1440 672 ) (-704 1440 672 ) (-704 1440 576 ) 
4 271 387 (-1024 1472 768 ) (-1024 1712 768 ) (-1024 1712 544 ) (-1024 1472 544 ) 
4 271 316 (-1024 1472 544 ) (-1024 1632 544 ) (-1008 1632 544 ) (-1008 1472 544 ) 
4 271 315 (-1024 1632 544 ) (-1024 1640 544 ) (-1008 1640 544 ) (-1008 1632 544 ) 
4 271 314 (-1024 1640 544 ) (-1024 1712 544 ) (-1008 1712 544 ) (-1008 1640 544 ) 
4 271 301 (-752 1632 544 ) (-752 1472 544 ) (-1008 1472 544 ) (-1008 1632 544 ) 
4 271 300 (-1008 1712 544 ) (-752 1712 544 ) (-752 1632 544 ) (-1008 1632 544 ) 
4 272 274 (-352 1440 736 ) (-352 1440 576 ) (-352 1312 576 ) (-352 1312 736 ) 
4 272 273 (-352 1312 736 ) (-352 1312 576 ) (-64 1312 576 ) (-64 1312 736 ) 
4 273 1211 (0 1024 576 ) (0 1024 607.729980 ) (-352 1024 607.729980 ) (-352 1024 576 ) 
4 273 1170 (0 1024 607.729980 ) (0 1024 736 ) (-352 1024 736 ) (-352 1024 607.729980 ) 
4 274 276 (-704 1424 576 ) (-704 1328 576 ) (-704 1328 720 ) (-704 1424 720 ) 
4 275 281 (-400 1040 576 ) (-704 1040 576 ) (-704 1264 576 ) (-400 1264 576 ) 
4 275 280 (-704 1040 576 ) (-432 1040 576 ) (-432 1040 608 ) (-704 1040 608 ) 
4 275 277 (-704 1264 576 ) (-704 1040 576 ) (-704 1040 752 ) (-704 1264 752 ) 
4 276 278 (-736 1424 576 ) (-736 1328 576 ) (-736 1328 720 ) (-736 1424 720 ) 
4 277 281 (-704 1264 576 ) (-704 1040 576 ) (-736 1040 576 ) (-736 1264 576 ) 
4 277 280 (-736 1040 576 ) (-704 1040 576 ) (-704 1040 608 ) (-736 1040 608 ) 
4 277 279 (-736 1264 576 ) (-736 1040 576 ) (-736 1040 752 ) (-736 1264 752 ) 
4 278 394 (-1024 1440 752 ) (-1024 1440 576 ) (-1024 1296 576 ) (-1024 1296 752 ) 
4 278 282 (-1024 1440 576 ) (-736 1440 576 ) (-736 1296 576 ) (-1024 1296 576 ) 
4 279 396 (-1024 1184 576 ) (-1024 1040 576 ) (-1024 1040 752 ) (-1024 1184 752 ) 
4 279 395 (-1024 1264 752 ) (-1024 1264 576 ) (-1024 1184 576 ) (-1024 1184 752 ) 
4 279 283 (-736 1264 576 ) (-736 1040 576 ) (-1024 1040 576 ) (-1024 1264 576 ) 
4 279 280 (-1024 1040 576 ) (-736 1040 576 ) (-736 1040 608 ) (-1024 1040 608 ) 
4 280 1230 (-1024 1024 607.729980 ) (-1024 1024 576 ) (-1008 1024 576 ) (-1008 1024 607.729980 ) 
4 280 1228 (-1008 1024 576 ) (-464 1024 576 ) (-464 1024 607.729980 ) (-1008 1024 607.729980 ) 
4 280 1224 (-464 1024 576 ) (-432 1024 576 ) (-432 1024 607.729980 ) (-464 1024 607.729980 ) 
4 280 1191 (-1024 1024 608 ) (-1024 1024 607.729980 ) (-432 1024 607.729980 ) (-432 1024 608 ) 
4 280 284 (-432 1024 576 ) (-1024 1024 576 ) (-1024 1040 576 ) (-432 1040 576 ) 
4 281 284 (-432 1040 576 ) (-736 1040 576 ) (-736 1040 560 ) (-432 1040 560 ) 
4 281 283 (-736 1040 560 ) (-736 1040 576 ) (-736 1264 576 ) (-736 1264 560 ) 
4 282 394 (-1024 1296 576 ) (-1024 1440 576 ) (-1024 1440 544 ) (-1024 1296 544 ) 
4 282 318 (-1024 1296 544 ) (-1024 1440 544 ) (-1008 1440 544 ) (-1008 1296 544 ) 
4 282 306 (-736 1424 544 ) (-736 1296 544 ) (-1008 1296 544 ) (-1008 1424 544 ) 
4 282 302 (-1008 1440 544 ) (-736 1440 544 ) (-736 1424 544 ) (-1008 1424 544 ) 
4 283 396 (-1024 1040 576 ) (-1024 1184 576 ) (-1024 1184 560 ) (-1024 1040 560 ) 
4 283 395 (-1024 1184 576 ) (-1024 1264 576 ) (-1024 1264 560 ) (-1024 1184 560 ) 
4 283 284 (-736 1040 560 ) (-736 1040 576 ) (-1024 1040 576 ) (-1024 1040 560 ) 
4 284 1230 (-1024 1024 576 ) (-1024 1024 560 ) (-1008 1024 560 ) (-1008 1024 576 ) 
4 284 1228 (-1008 1024 560 ) (-464 1024 560 ) (-464 1024 576 ) (-1008 1024 576 ) 
4 284 1224 (-464 1024 560 ) (-432 1024 560 ) (-432 1024 576 ) (-464 1024 576 ) 
4 285 286 (-16 1504 432 ) (-16 1504 544 ) (-16 1600 544 ) (-16 1600 432 ) 
4 287 288 (-368 1168 432 ) (-368 1088 432 ) (-368 1088 528 ) (-368 1168 528 ) 
4 288 289 (-400 1088 432 ) (-400 1088 528 ) (-400 1168 528 ) (-400 1168 432 ) 
4 289 1229 (-736 1024 528 ) (-736 1024 432 ) (-464 1024 432 ) (-464 1024 528 ) 
4 289 1225 (-464 1024 432 ) (-432 1024 432 ) (-432 1024 528 ) (-464 1024 528 ) 
4 289 1223 (-432 1024 432 ) (-400 1024 432 ) (-400 1024 528 ) (-432 1024 528 ) 
4 289 307 (-736 1024 432 ) (-736 1024 528 ) (-736 1184 528 ) (-736 1184 432 ) 
4 290 303 (-736 1424 400 ) (-736 1632 400 ) (-736 1632 240 ) (-736 1424 240 ) 
4 291 292 (-152 1392 400 ) (-152 1392 240 ) (-152 1216 240 ) (-152 1216 400 ) 
4 292 294 (-560 1392 400 ) (-560 1392 240 ) (-560 1216 240 ) (-560 1216 400 ) 
4 293 297 (0 1032 400 ) (-528 1032 400 ) (-528 1032 240 ) (0 1032 240 ) 
4 294 298 (-560 1032 400 ) (-736 1032 400 ) (-736 1032 240 ) (-560 1032 240 ) 
4 295 299 (0 1032 8 ) (0 1032 120 ) (-128 1032 120 ) (-128 1032 8 ) 
4 296 310 (-736 1032 32 ) (-736 1032 216 ) (-736 1040 216 ) (-736 1040 32 ) 
4 296 309 (-736 1040 216 ) (-736 1424 216 ) (-736 1424 32 ) (-736 1040 32 ) 
4 296 305 (-736 1424 216 ) (-736 1640 216 ) (-736 1640 32 ) (-736 1424 32 ) 
4 297 1251 (-384 1024 400 ) (-528 1024 400 ) (-528 1024 240 ) (-384 1024 240 ) 
4 297 1250 (-304 1024 400 ) (-384 1024 400 ) (-384 1024 240 ) (-304 1024 240 ) 
4 297 1248 (-160 1024 400 ) (-304 1024 400 ) (-304 1024 240 ) (-160 1024 240 ) 
4 297 1246 (0 1024 240 ) (0 1024 400 ) (-160 1024 400 ) (-160 1024 240 ) 
4 298 1254 (-560 1024 400 ) (-736 1024 400 ) (-736 1024 240 ) (-560 1024 240 ) 
4 299 1247 (0 1024 8 ) (0 1024 120 ) (-128 1024 120 ) (-128 1024 8 ) 
4 300 315 (-1008 1632 544 ) (-1008 1640 544 ) (-1008 1640 432 ) (-1008 1632 432 ) 
4 300 314 (-1008 1640 544 ) (-1008 1712 544 ) (-1008 1712 432 ) (-1008 1640 432 ) 
4 300 301 (-1008 1632 544 ) (-1008 1632 432 ) (-752 1632 432 ) (-752 1632 544 ) 
4 301 316 (-1008 1472 544 ) (-1008 1632 544 ) (-1008 1632 432 ) (-1008 1472 432 ) 
4 302 318 (-1008 1424 432 ) (-1008 1424 544 ) (-1008 1440 544 ) (-1008 1440 432 ) 
4 302 306 (-1008 1424 544 ) (-1008 1424 432 ) (-736 1424 432 ) (-736 1424 544 ) 
4 303 304 (-768 1632 400 ) (-768 1632 240 ) (-768 1424 240 ) (-768 1424 400 ) 
4 304 308 (-1008 1424 400 ) (-1008 1424 240 ) (-768 1424 240 ) (-768 1424 400 ) 
4 305 319 (-1008 1424 32 ) (-1008 1424 216 ) (-1008 1440 216 ) (-1008 1440 32 ) 
4 305 317 (-1008 1440 216 ) (-1008 1640 216 ) (-1008 1640 32 ) (-1008 1440 32 ) 
4 305 309 (-1008 1424 216 ) (-1008 1424 32 ) (-736 1424 32 ) (-736 1424 216 ) 
4 306 318 (-1008 1296 544 ) (-1008 1424 544 ) (-1008 1424 432 ) (-1008 1296 432 ) 
4 307 1229 (-1008 1024 528 ) (-1008 1024 432 ) (-736 1024 432 ) (-736 1024 528 ) 
4 307 320 (-1008 1088 528 ) (-1008 1152 528 ) (-1008 1152 432 ) (-1008 1088 432 ) 
4 308 312 (-1008 1032 400 ) (-1008 1032 240 ) (-944 1032 240 ) (-944 1032 400 ) 
4 308 311 (-944 1032 240 ) (-768 1032 240 ) (-768 1032 400 ) (-944 1032 400 ) 
4 309 322 (-1008 1040 32 ) (-1008 1040 216 ) (-1008 1088 216 ) (-1008 1088 32 ) 
4 309 321 (-1008 1088 216 ) (-1008 1152 216 ) (-1008 1152 32 ) (-1008 1088 32 ) 
4 309 319 (-1008 1152 216 ) (-1008 1424 216 ) (-1008 1424 32 ) (-1008 1152 32 ) 
4 309 310 (-736 1040 32 ) (-736 1040 216 ) (-1008 1040 216 ) (-1008 1040 32 ) 
4 310 322 (-1008 1032 32 ) (-1008 1032 216 ) (-1008 1040 216 ) (-1008 1040 32 ) 
4 310 313 (-944 1032 216 ) (-1008 1032 216 ) (-1008 1032 128 ) (-944 1032 128 ) 
4 311 1258 (-768 1024 240 ) (-768 1024 400 ) (-944 1024 400 ) (-944 1024 240 ) 
4 311 312 (-944 1032 400 ) (-944 1032 240 ) (-944 1024 240 ) (-944 1024 400 ) 
4 312 1261 (-1008 1024 400 ) (-1008 1024 240 ) (-944 1024 240 ) (-944 1024 400 ) 
4 313 1262 (-1008 1024 216 ) (-1008 1024 128 ) (-944 1024 128 ) (-944 1024 216 ) 
4 313 323 (-1008 1024 128 ) (-1008 1024 216 ) (-1008 1032 216 ) (-1008 1032 128 ) 
4 314 387 (-1024 1640 544 ) (-1024 1712 544 ) (-1024 1712 432 ) (-1024 1640 432 ) 
4 314 315 (-1008 1640 432 ) (-1008 1640 544 ) (-1024 1640 544 ) (-1024 1640 432 ) 
4 315 387 (-1024 1632 544 ) (-1024 1640 544 ) (-1024 1640 432 ) (-1024 1632 432 ) 
4 315 316 (-1008 1632 432 ) (-1008 1632 544 ) (-1024 1632 544 ) (-1024 1632 432 ) 
4 316 387 (-1024 1472 544 ) (-1024 1632 544 ) (-1024 1632 432 ) (-1024 1472 432 ) 
4 317 416 (-1024 1472 32 ) (-1024 1440 32 ) (-1024 1440 216 ) (-1024 1472 216 ) 
4 317 415 (-1024 1640 216 ) (-1024 1640 32 ) (-1024 1472 32 ) (-1024 1472 216 ) 
4 317 319 (-1008 1440 32 ) (-1008 1440 216 ) (-1024 1440 216 ) (-1024 1440 32 ) 
4 318 394 (-1024 1296 544 ) (-1024 1440 544 ) (-1024 1440 432 ) (-1024 1296 432 ) 
4 319 416 (-1024 1440 216 ) (-1024 1440 32 ) (-1024 1152 32 ) (-1024 1152 216 ) 
4 319 321 (-1008 1152 32 ) (-1008 1152 216 ) (-1024 1152 216 ) (-1024 1152 32 ) 
4 320 397 (-1024 1152 528 ) (-1024 1152 432 ) (-1024 1088 432 ) (-1024 1088 528 ) 
4 321 416 (-1024 1152 216 ) (-1024 1152 32 ) (-1024 1088 32 ) (-1024 1088 216 ) 
4 321 322 (-1008 1088 32 ) (-1008 1088 216 ) (-1024 1088 216 ) (-1024 1088 32 ) 
4 322 416 (-1024 1088 216 ) (-1024 1088 32 ) (-1024 1032 32 ) (-1024 1032 216 ) 
4 322 323 (-1008 1032 128 ) (-1008 1032 216 ) (-1016 1032 216 ) (-1016 1032 128 ) 
4 323 1262 (-1016 1024 216 ) (-1016 1024 128 ) (-1008 1024 128 ) (-1008 1024 216 ) 
4 324 325 (-160 1984 -16 ) (-160 1984 -224 ) (0 1984 -224 ) (0 1984 -16 ) 
4 325 326 (-160 1984 -224 ) (-160 1840 -224 ) (-160 1840 -16 ) (-160 1984 -16 ) 
4 326 329 (-240 1984 -224 ) (-240 1840 -224 ) (-240 1840 -16 ) (-240 1984 -16 ) 
4 326 327 (-240 1840 -16 ) (-240 1840 -224 ) (-160 1840 -224 ) (-160 1840 -16 ) 
4 327 331 (-240 1824 -224 ) (-160 1824 -224 ) (-160 1824 -16 ) (-240 1824 -16 ) 
4 328 329 (-384 1984 -16 ) (-384 1984 -224 ) (-240 1984 -224 ) (-240 1984 -16 ) 
4 330 349 (-160 1696 -224 ) (0 1696 -224 ) (0 1696 -16 ) (-160 1696 -16 ) 
4 330 331 (-160 1824 -16 ) (-160 1824 -224 ) (-160 1696 -224 ) (-160 1696 -16 ) 
4 331 350 (-256 1696 -224 ) (-160 1696 -224 ) (-160 1696 -16 ) (-256 1696 -16 ) 
4 331 332 (-256 1824 -16 ) (-256 1824 -224 ) (-256 1696 -224 ) (-256 1696 -16 ) 
4 332 351 (-400 1696 -224 ) (-256 1696 -224 ) (-256 1696 -16 ) (-400 1696 -16 ) 
4 332 337 (-400 1824 -224 ) (-400 1696 -224 ) (-400 1696 -16 ) (-400 1824 -16 ) 
4 333 335 (-512 1952 -224 ) (-400 1952 -224 ) (-400 1952 -16 ) (-512 1952 -16 ) 
4 333 334 (-512 2032 -16 ) (-512 2032 -224 ) (-512 1952 -224 ) (-512 1952 -16 ) 
4 334 336 (-768 2032 -16 ) (-768 2032 -224 ) (-768 1952 -224 ) (-768 1952 -16 ) 
4 335 337 (-512 1936 -224 ) (-400 1936 -224 ) (-400 1936 -16 ) (-512 1936 -16 ) 
4 336 343 (-912 1936 -224 ) (-832 1936 -224 ) (-832 1936 -16 ) (-912 1936 -16 ) 
4 336 341 (-832 1936 -224 ) (-768 1936 -224 ) (-768 1936 -16 ) (-832 1936 -16 ) 
4 337 361 (-560 1696 -224 ) (-400 1696 -224 ) (-400 1696 -16 ) (-560 1696 -16 ) 
4 337 338 (-560 1936 -16 ) (-560 1936 -224 ) (-560 1872 -224 ) (-560 1872 -16 ) 
4 338 339 (-576 1936 -16 ) (-576 1936 -224 ) (-576 1872 -224 ) (-576 1872 -16 ) 
4 339 362 (-688 1696 -224 ) (-576 1696 -224 ) (-576 1696 -16 ) (-688 1696 -16 ) 
4 339 346 (-688 1760 -224 ) (-688 1696 -224 ) (-688 1696 -16 ) (-688 1760 -16 ) 
4 339 340 (-688 1936 -16 ) (-688 1936 -224 ) (-688 1776 -224 ) (-688 1776 -16 ) 
4 341 343 (-832 1936 -16 ) (-832 1936 -224 ) (-832 1856 -224 ) (-832 1856 -16 ) 
4 341 342 (-832 1856 -16 ) (-832 1856 -224 ) (-768 1856 -224 ) (-768 1856 -16 ) 
4 342 344 (-832 1840 -224 ) (-832 1776 -224 ) (-832 1776 -16 ) (-832 1840 -16 ) 
4 344 345 (-912 1840 -224 ) (-912 1776 -224 ) (-912 1776 -16 ) (-912 1840 -16 ) 
4 345 348 (-928 1840 -224 ) (-928 1776 -224 ) (-928 1776 -16 ) (-928 1840 -16 ) 
4 346 363 (-704 1696 -224 ) (-688 1696 -224 ) (-688 1696 -16 ) (-704 1696 -16 ) 
4 346 347 (-704 1760 -16 ) (-704 1760 -224 ) (-704 1696 -224 ) (-704 1696 -16 ) 
4 347 377 (-928 1696 -224 ) (-864 1696 -224 ) (-864 1696 -16 ) (-928 1696 -16 ) 
4 347 376 (-816 1696 -224 ) (-752 1696 -224 ) (-752 1696 -16 ) (-816 1696 -16 ) 
4 347 369 (-752 1696 -224 ) (-704 1696 -224 ) (-704 1696 -16 ) (-752 1696 -16 ) 
4 347 348 (-928 1760 -224 ) (-928 1696 -224 ) (-928 1696 -16 ) (-928 1760 -16 ) 
4 348 377 (-960 1696 -224 ) (-928 1696 -224 ) (-928 1696 -16 ) (-960 1696 -16 ) 
4 349 350 (-160 1696 -16 ) (-160 1696 -224 ) (-160 1568 -224 ) (-160 1568 -16 ) 
4 350 357 (-256 1568 -224 ) (-240 1568 -224 ) (-240 1568 -16 ) (-256 1568 -16 ) 
4 350 352 (-240 1568 -224 ) (-160 1568 -224 ) (-160 1568 -16 ) (-240 1568 -16 ) 
4 350 351 (-256 1696 -16 ) (-256 1696 -224 ) (-256 1568 -224 ) (-256 1568 -16 ) 
4 351 364 (-400 1648 -224 ) (-400 1568 -224 ) (-400 1568 -160 ) (-400 1648 -160 ) 
4 351 361 (-400 1696 -16 ) (-400 1696 -224 ) (-400 1664 -224 ) (-400 1664 -16 ) 
4 351 358 (-400 1568 -16 ) (-400 1568 -224 ) (-256 1568 -224 ) (-256 1568 -16 ) 
4 352 357 (-240 1568 -16 ) (-240 1568 -224 ) (-240 1552 -224 ) (-240 1552 -16 ) 
4 352 356 (-240 1552 -16 ) (-240 1552 -224 ) (-172 1552 -224 ) (-172 1552 -16 ) 
4 353 355 (-160 1440 -224 ) (-160 1248 -224 ) (-160 1248 -16 ) (-160 1440 -16 ) 
4 353 354 (-160 1551.992188 -16 ) (-160 1551.992188 -224 ) (-160 1440 -224 ) (-160 1440 -16 ) 
4 354 355 (-240 1440 -16 ) (-240 1440 -224 ) (-160 1440 -224 ) (-160 1440 -16 ) 
4 356 357 (-240 1552 -224 ) (-240 1461.333374 -224 ) (-240 1461.333374 -16 ) (-240 1552 -16 ) 
4 357 358 (-256 1568 -16 ) (-256 1568 -224 ) (-256 1440 -224 ) (-256 1440 -16 ) 
4 358 364 (-400 1568 -224 ) (-400 1552 -224 ) (-400 1552 -160 ) (-400 1568 -160 ) 
4 358 359 (-400 1392 -16 ) (-400 1392 -224 ) (-256 1392 -224 ) (-256 1392 -16 ) 
4 359 367 (-400 1392 -224 ) (-400 1248 -224 ) (-400 1248 -16 ) (-400 1392 -16 ) 
4 360 384 (-304 1040 -224 ) (-160 1040 -224 ) (-160 1040 -16 ) (-304 1040 -16 ) 
4 360 368 (-400 1232 -224 ) (-400 1040 -224 ) (-400 1040 -16 ) (-400 1232 -16 ) 
4 362 365 (-688 1664 -224 ) (-576 1664 -224 ) (-576 1664 -16 ) (-688 1664 -16 ) 
4 362 363 (-688 1696 -16 ) (-688 1696 -224 ) (-688 1664 -224 ) (-688 1664 -16 ) 
4 363 369 (-704 1696 -16 ) (-704 1696 -224 ) (-704 1664 -224 ) (-704 1664 -16 ) 
4 364 366 (-416 1648 -224 ) (-416 1552 -224 ) (-416 1552 -160 ) (-416 1648 -160 ) 
4 365 366 (-688 1648 -16 ) (-688 1648 -224 ) (-576 1648 -224 ) (-576 1648 -16 ) 
4 367 370 (-704 1392 -224 ) (-704 1376 -224 ) (-704 1376 -16 ) (-704 1392 -16 ) 
4 367 371 (-704 1376 -224 ) (-704 1248 -224 ) (-704 1248 -16 ) (-704 1376 -16 ) 
4 368 372 (-704 1232 -224 ) (-704 1040 -224 ) (-704 1040 -16 ) (-704 1232 -16 ) 
4 369 376 (-752 1696 -16 ) (-752 1696 -224 ) (-752 1488 -224 ) (-752 1488 -16 ) 
4 369 370 (-752 1488 -16 ) (-752 1488 -224 ) (-704 1488 -224 ) (-704 1488 -16 ) 
4 370 378 (-752 1488 -224 ) (-752 1376 -224 ) (-752 1376 -16 ) (-752 1488 -16 ) 
4 370 371 (-752 1376 -16 ) (-752 1376 -224 ) (-704 1376 -224 ) (-704 1376 -16 ) 
4 372 374 (-720 1120 -224 ) (-720 1040 -224 ) (-720 1040 -16 ) (-720 1120 -16 ) 
4 373 380 (-752 1232 -224 ) (-752 1120 -224 ) (-752 1120 -16 ) (-752 1232 -16 ) 
4 373 375 (-752 1120 -16 ) (-752 1120 -224 ) (-736 1120 -224 ) (-736 1120 -16 ) 
4 374 375 (-736 1120 -16 ) (-736 1120 -224 ) (-736 1040 -224 ) (-736 1040 -16 ) 
4 375 380 (-752 1120 -224 ) (-752 1040 -224 ) (-752 1040 -16 ) (-752 1120 -16 ) 
4 376 378 (-816 1488 -224 ) (-752 1488 -224 ) (-752 1488 -16 ) (-816 1488 -16 ) 
4 377 378 (-960 1488 -224 ) (-864 1488 -224 ) (-864 1488 -16 ) (-960 1488 -16 ) 
4 379 381 (-848 1232 -224 ) (-832 1232 -224 ) (-832 1232 -16 ) (-848 1232 -16 ) 
4 379 380 (-832 1232 -224 ) (-768 1232 -224 ) (-768 1232 -16 ) (-832 1232 -16 ) 
4 379 382 (-928 1232 -224 ) (-848 1232 -224 ) (-848 1232 -16 ) (-928 1232 -16 ) 
4 380 381 (-832 1232 -16 ) (-832 1232 -224 ) (-832 1200 -224 ) (-832 1200 -16 ) 
4 381 382 (-848 1232 -16 ) (-848 1232 -224 ) (-848 1200 -224 ) (-848 1200 -16 ) 
4 382 385 (-928 1040 -224 ) (-864 1040 -224 ) (-864 1040 -112 ) (-928 1040 -112 ) 
4 382 383 (-928 1136 -224 ) (-928 1040 -224 ) (-928 1040 -16 ) (-928 1136 -16 ) 
4 383 385 (-944 1040 -224 ) (-928 1040 -224 ) (-928 1040 -112 ) (-944 1040 -112 ) 
4 384 1249 (-160 1024 -16 ) (-304 1024 -16 ) (-304 1024 -224 ) (-160 1024 -224 ) 
4 385 1260 (-944 1024 -112 ) (-944 1024 -224 ) (-864 1024 -224 ) (-864 1024 -112 ) 
4 386 388 (-1504 1712 432 ) (-1120 1712 432 ) (-1120 1712 1008 ) (-1504 1712 1008 ) 
4 386 387 (-1120 1712 432 ) (-1104 1712 432 ) (-1104 1712 1008 ) (-1120 1712 1008 ) 
4 387 388 (-1120 1712 1008 ) (-1120 1712 432 ) (-1120 1472 432 ) (-1120 1472 1008 ) 
4 388 389 (-1792 1712 432 ) (-1792 1472 432 ) (-1792 1472 1008 ) (-1792 1712 1008 ) 
4 389 391 (-1856 1640 432 ) (-1856 1568 432 ) (-1856 1568 520 ) (-1856 1640 520 ) 
4 389 390 (-1856 1472 696 ) (-1856 1472 608 ) (-1792 1472 608 ) (-1792 1472 696 ) 
4 390 402 (-1792 1440 608 ) (-1792 1440 696 ) (-1856 1440 696 ) (-1856 1440 608 ) 
4 391 392 (-1872 1640 432 ) (-1872 1568 432 ) (-1872 1568 520 ) (-1872 1640 520 ) 
4 392 393 (-1888 1640 432 ) (-1888 1568 432 ) (-1888 1568 520 ) (-1888 1640 520 ) 
4 393 413 (-2032 1440 432 ) (-1888 1440 432 ) (-1888 1440 528 ) (-2032 1440 528 ) 
4 394 398 (-1120 1440 528 ) (-1120 1440 432 ) (-1120 1296 432 ) (-1120 1296 528 ) 
4 395 396 (-1120 1184 752 ) (-1120 1184 560 ) (-1024 1184 560 ) (-1024 1184 752 ) 
4 396 399 (-1120 1184 624 ) (-1120 1184 560 ) (-1120 1104 560 ) (-1120 1104 624 ) 
4 397 401 (-1120 1104 432 ) (-1120 1040 432 ) (-1120 1040 528 ) (-1120 1104 528 ) 
4 397 400 (-1120 1184 432 ) (-1120 1104 432 ) (-1120 1104 528 ) (-1120 1184 528 ) 
4 398 403 (-1152 1440 528 ) (-1152 1440 432 ) (-1152 1296 432 ) (-1152 1296 528 ) 
4 399 402 (-1152 1104 560 ) (-1152 1104 624 ) (-1152 1184 624 ) (-1152 1184 560 ) 
4 400 404 (-1152 1184 432 ) (-1152 1104 432 ) (-1152 1104 528 ) (-1152 1184 528 ) 
4 400 401 (-1152 1104 528 ) (-1152 1104 432 ) (-1120 1104 432 ) (-1120 1104 528 ) 
4 401 404 (-1152 1104 432 ) (-1152 1040 432 ) (-1152 1040 528 ) (-1152 1104 528 ) 
4 402 408 (-1872 1184 560 ) (-1872 1056 560 ) (-1872 1056 752 ) (-1872 1184 752 ) 
4 402 407 (-1872 1312 560 ) (-1872 1184 560 ) (-1872 1184 752 ) (-1872 1312 752 ) 
4 402 406 (-1872 1424 560 ) (-1872 1312 560 ) (-1872 1312 752 ) (-1872 1424 752 ) 
4 402 405 (-1872 1440 752 ) (-1872 1440 560 ) (-1872 1424 560 ) (-1872 1424 752 ) 
4 403 409 (-1872 1424 432 ) (-1872 1312 432 ) (-1872 1312 528 ) (-1872 1424 528 ) 
4 404 414 (-1760 1040 520 ) (-1872 1040 520 ) (-1872 1040 456 ) (-1760 1040 456 ) 
4 404 410 (-1872 1184 432 ) (-1872 1040 432 ) (-1872 1040 528 ) (-1872 1184 528 ) 
4 405 411 (-1888 1440 752 ) (-1888 1440 560 ) (-1888 1424 560 ) (-1888 1424 752 ) 
4 405 406 (-1888 1424 752 ) (-1888 1424 560 ) (-1872 1424 560 ) (-1872 1424 752 ) 
4 406 411 (-1888 1424 752 ) (-1888 1424 560 ) (-1888 1312 560 ) (-1888 1312 752 ) 
4 406 407 (-1872 1312 560 ) (-1872 1312 752 ) (-1888 1312 752 ) (-1888 1312 560 ) 
4 407 411 (-1888 1184 560 ) (-1888 1184 752 ) (-1888 1312 752 ) (-1888 1312 560 ) 
4 407 408 (-1872 1184 560 ) (-1872 1184 752 ) (-1888 1184 752 ) (-1888 1184 560 ) 
4 408 411 (-1888 1056 560 ) (-1888 1056 752 ) (-1888 1184 752 ) (-1888 1184 560 ) 
4 409 413 (-1888 1424 432 ) (-1888 1312 432 ) (-1888 1312 528 ) (-1888 1424 528 ) 
4 410 414 (-1872 1040 456 ) (-1872 1040 520 ) (-1888 1040 520 ) (-1888 1040 456 ) 
4 410 413 (-1888 1184 432 ) (-1888 1040 432 ) (-1888 1040 528 ) (-1888 1184 528 ) 
4 411 412 (-2032 1440 752 ) (-2032 1440 560 ) (-2032 1056 560 ) (-2032 1056 752 ) 
4 412 420 (-2048 1440 752 ) (-2048 1440 560 ) (-2048 1056 560 ) (-2048 1056 752 ) 
4 413 417 (-1992 1080 432 ) (-1992 1040 432 ) (-2032 1040 432 ) (-2032 1080 432 ) 
4 413 414 (-1888 1040 456 ) (-1888 1040 520 ) (-2000 1040 520 ) (-2000 1040 456 ) 
4 414 1358 (-1760 1024 520 ) (-2000 1024 520 ) (-2000 1024 456 ) (-1760 1024 456 ) 
4 415 419 (-1872 1472 32 ) (-1872 1472 216 ) (-1872 1640 216 ) (-1872 1640 32 ) 
4 415 416 (-1872 1472 216 ) (-1872 1472 32 ) (-1024 1472 32 ) (-1024 1472 216 ) 
4 416 419 (-1872 1032 32 ) (-1872 1032 216 ) (-1872 1472 216 ) (-1872 1472 32 ) 
4 417 418 (-1992 1080 408 ) (-1992 1040 408 ) (-2032 1040 408 ) (-2032 1080 408 ) 
4 418 419 (-1976 1032 216 ) (-2040 1032 216 ) (-2040 1224 216 ) (-1976 1224 216 ) 
4 420 421 (-2920 1056 624 ) (-2920 1056 560 ) (-2872 1056 560 ) (-2872 1056 624 ) 
4 421 422 (-2872 1040 560 ) (-2872 1040 624 ) (-2920 1040 624 ) (-2920 1040 560 ) 
4 422 1436 (-2872 1024 544 ) (-2872 1024 624 ) (-2920 1024 624 ) (-2920 1024 544 ) 
4 423 426 (2160 968 16 ) (2160 352 16 ) (2160 352 400 ) (2160 968 400 ) 
4 423 424 (2160 976 400 ) (2160 976 16 ) (2160 968 16 ) (2160 968 400 ) 
4 424 452 (2048 968 16 ) (2048 968 288 ) (2048 976 288 ) (2048 976 16 ) 
4 424 442 (2048 968 288 ) (2048 968 400 ) (2048 976 400 ) (2048 976 288 ) 
4 424 426 (2048 968 400 ) (2048 968 16 ) (2160 968 16 ) (2160 968 400 ) 
4 425 441 (2048 352 424 ) (2048 352 480 ) (2048 968 480 ) (2048 968 424 ) 
4 425 433 (2048 352 480 ) (2048 352 544 ) (2048 968 544 ) (2048 968 480 ) 
4 425 431 (2048 352 544 ) (2048 352 576 ) (2048 968 576 ) (2048 968 544 ) 
4 425 430 (2048 352 576 ) (2048 352 608 ) (2048 968 608 ) (2048 968 576 ) 
4 425 427 (2048 352 608 ) (2048 352 424 ) (2160 352 424 ) (2160 352 608 ) 
4 426 452 (2048 352 16 ) (2048 352 288 ) (2048 968 288 ) (2048 968 16 ) 
4 426 442 (2048 352 288 ) (2048 352 400 ) (2048 968 400 ) (2048 968 288 ) 
4 427 441 (2048 24 424 ) (2048 24 480 ) (2048 352 480 ) (2048 352 424 ) 
4 427 433 (2048 24 480 ) (2048 24 544 ) (2048 352 544 ) (2048 352 480 ) 
4 427 431 (2048 24 544 ) (2048 24 576 ) (2048 352 576 ) (2048 352 544 ) 
4 427 430 (2048 24 576 ) (2048 24 608 ) (2048 352 608 ) (2048 352 576 ) 
4 428 1028 (1024 0 1176 ) (1024 0 992 ) (2032 0 992 ) (2032 0 1176 ) 
4 428 1011 (1024 0 1232 ) (1024 0 1176 ) (2032 0 1176 ) (2032 0 1232 ) 
4 428 1010 (1024 0 3056 ) (1024 0 1232 ) (2032 0 1232 ) (2032 0 3056 ) 
4 428 574 (1024 1024 1312 ) (1024 1024 992 ) (1024 0 992 ) (1024 0 1312 ) 
4 428 562 (1024 1024 1400 ) (1024 1024 1312 ) (1024 0 1312 ) (1024 0 1400 ) 
4 428 561 (1024 1024 3056 ) (1024 1024 1400 ) (1024 0 1400 ) (1024 0 3056 ) 
4 428 526 (1056 0 992 ) (1024 0 992 ) (1024 1024 992 ) (1056 1024 992 ) 
4 428 498 (1072 0 992 ) (1056 0 992 ) (1056 1024 992 ) (1072 1024 992 ) 
4 428 472 (1088 0 992 ) (1072 0 992 ) (1072 1024 992 ) (1088 1024 992 ) 
4 428 460 (1680 0 992 ) (1088 0 992 ) (1088 1024 992 ) (1680 1024 992 ) 
4 428 429 (2032 0 992 ) (1680 0 992 ) (1680 1024 992 ) (2032 1024 992 ) 
4 429 1030 (2032 0 992 ) (1680 0 992 ) (1680 0 816 ) (2032 0 816 ) 
4 429 460 (1680 0 816 ) (1680 0 992 ) (1680 1024 992 ) (1680 1024 816 ) 
4 430 431 (1704 24 576 ) (1704 968 576 ) (2048 968 576 ) (2048 24 576 ) 
4 431 439 (1704 80 576 ) (1704 144 576 ) (1704 144 544 ) (1704 80 544 ) 
4 431 437 (1704 384 576 ) (1704 448 576 ) (1704 448 544 ) (1704 384 544 ) 
4 431 438 (1704 240 576 ) (1704 304 576 ) (1704 304 544 ) (1704 240 544 ) 
4 431 436 (1704 560 576 ) (1704 624 576 ) (1704 624 544 ) (1704 560 544 ) 
4 431 435 (1704 704 576 ) (1704 768 576 ) (1704 768 544 ) (1704 704 544 ) 
4 431 434 (1704 864 576 ) (1704 928 576 ) (1704 928 544 ) (1704 864 544 ) 
4 431 433 (1704 24 544 ) (1704 968 544 ) (2048 968 544 ) (2048 24 544 ) 
4 432 440 (1856 1024 480 ) (1936 1024 480 ) (1936 968 480 ) (1856 968 480 ) 
4 432 433 (1936 968 544 ) (1856 968 544 ) (1856 968 480 ) (1936 968 480 ) 
4 433 447 (1712 24 480 ) (1704 24 480 ) (1704 384 480 ) (1712 384 480 ) 
4 433 446 (1704 384 480 ) (1704 448 480 ) (1712 448 480 ) (1712 384 480 ) 
4 433 445 (1704 448 480 ) (1704 560 480 ) (1712 560 480 ) (1712 448 480 ) 
4 433 444 (1704 560 480 ) (1704 624 480 ) (1712 624 480 ) (1712 560 480 ) 
4 433 443 (1704 624 480 ) (1704 968 480 ) (1712 968 480 ) (1712 624 480 ) 
4 433 441 (2048 968 480 ) (2048 24 480 ) (1712 24 480 ) (1712 968 480 ) 
4 433 439 (1704 144 480 ) (1704 80 480 ) (1704 80 544 ) (1704 144 544 ) 
4 433 437 (1704 448 480 ) (1704 384 480 ) (1704 384 544 ) (1704 448 544 ) 
4 433 438 (1704 304 480 ) (1704 240 480 ) (1704 240 544 ) (1704 304 544 ) 
4 433 436 (1704 624 480 ) (1704 560 480 ) (1704 560 544 ) (1704 624 544 ) 
4 433 435 (1704 768 480 ) (1704 704 480 ) (1704 704 544 ) (1704 768 544 ) 
4 433 434 (1704 928 480 ) (1704 864 480 ) (1704 864 544 ) (1704 928 544 ) 
4 434 463 (1680 864 576 ) (1680 928 576 ) (1680 928 480 ) (1680 864 480 ) 
4 435 463 (1680 704 576 ) (1680 768 576 ) (1680 768 480 ) (1680 704 480 ) 
4 436 463 (1680 560 576 ) (1680 624 576 ) (1680 624 480 ) (1680 560 480 ) 
4 437 463 (1680 384 576 ) (1680 448 576 ) (1680 448 480 ) (1680 384 480 ) 
4 438 463 (1680 240 576 ) (1680 304 576 ) (1680 304 480 ) (1680 240 480 ) 
4 439 463 (1680 80 576 ) (1680 144 576 ) (1680 144 480 ) (1680 80 480 ) 
4 440 441 (1856 968 424 ) (1936 968 424 ) (1936 968 480 ) (1856 968 480 ) 
4 441 447 (1712 24 480 ) (1712 384 480 ) (1712 384 424 ) (1712 24 424 ) 
4 441 446 (1712 384 480 ) (1712 448 480 ) (1712 448 424 ) (1712 384 424 ) 
4 441 445 (1712 448 480 ) (1712 560 480 ) (1712 560 424 ) (1712 448 424 ) 
4 441 444 (1712 560 480 ) (1712 624 480 ) (1712 624 424 ) (1712 560 424 ) 
4 441 443 (1712 624 480 ) (1712 968 480 ) (1712 968 424 ) (1712 624 424 ) 
4 442 456 (1712 352 288 ) (1712 976 288 ) (1720 976 288 ) (1720 352 288 ) 
4 442 455 (1720 976 288 ) (1776 976 288 ) (1776 352 288 ) (1720 352 288 ) 
4 442 452 (1776 976 288 ) (2048 976 288 ) (2048 352 288 ) (1776 352 288 ) 
4 442 451 (1712 448 288 ) (1712 384 288 ) (1712 384 384 ) (1712 448 384 ) 
4 442 449 (1712 768 288 ) (1712 704 288 ) (1712 704 384 ) (1712 768 384 ) 
4 442 450 (1712 624 288 ) (1712 560 288 ) (1712 560 384 ) (1712 624 384 ) 
4 442 448 (1712 928 288 ) (1712 864 288 ) (1712 864 384 ) (1712 928 384 ) 
4 443 444 (1712 624 424 ) (1712 624 480 ) (1704 624 480 ) (1704 624 424 ) 
4 444 445 (1712 560 424 ) (1712 560 480 ) (1704 560 480 ) (1704 560 424 ) 
4 445 446 (1712 448 424 ) (1712 448 480 ) (1704 448 480 ) (1704 448 424 ) 
4 446 447 (1712 384 424 ) (1712 384 480 ) (1704 384 480 ) (1704 384 424 ) 
4 448 463 (1680 864 384 ) (1680 928 384 ) (1680 928 288 ) (1680 864 288 ) 
4 448 457 (1680 864 288 ) (1680 928 288 ) (1712 928 288 ) (1712 864 288 ) 
4 449 463 (1680 704 384 ) (1680 768 384 ) (1680 768 288 ) (1680 704 288 ) 
4 450 463 (1680 560 384 ) (1680 624 384 ) (1680 624 288 ) (1680 560 288 ) 
4 451 463 (1680 384 384 ) (1680 448 384 ) (1680 448 288 ) (1680 384 288 ) 
4 452 455 (1776 352 16 ) (1776 352 288 ) (1776 976 288 ) (1776 976 16 ) 
4 453 458 (1712 1024 216 ) (1712 1024 8 ) (1712 1016 8 ) (1712 1016 216 ) 
4 453 454 (1720 1016 8 ) (1776 1016 8 ) (1776 1016 216 ) (1720 1016 216 ) 
4 454 455 (1720 976 216 ) (1720 976 16 ) (1776 976 16 ) (1776 976 216 ) 
4 455 456 (1720 352 16 ) (1720 352 288 ) (1720 976 288 ) (1720 976 16 ) 
4 456 457 (1712 864 288 ) (1712 928 288 ) (1712 928 240 ) (1712 864 240 ) 
4 457 463 (1680 864 288 ) (1680 928 288 ) (1680 928 240 ) (1680 864 240 ) 
4 458 464 (1680 1024 216 ) (1680 1024 8 ) (1680 1016 8 ) (1680 1016 216 ) 
4 459 471 (1680 512 -2048 ) (1680 968 -2048 ) (1680 968 -4096 ) (1680 512 -4096 ) 
4 460 1030 (1680 0 816 ) (1680 0 992 ) (1088 0 992 ) (1088 0 816 ) 
4 460 472 (1088 0 992 ) (1088 1024 992 ) (1088 1024 816 ) (1088 0 816 ) 
4 460 461 (1088 32 816 ) (1088 976 816 ) (1680 976 816 ) (1680 32 816 ) 
4 461 463 (1088 32 800 ) (1088 976 800 ) (1680 976 800 ) (1680 32 800 ) 
4 462 480 (1088 1024 656 ) (1088 1024 592 ) (1088 1008 592 ) (1088 1008 656 ) 
4 462 473 (1088 1024 752 ) (1088 1024 656 ) (1088 1008 656 ) (1088 1008 752 ) 
4 463 495 (1088 144 240 ) (1088 80 240 ) (1088 80 288 ) (1088 144 288 ) 
4 463 492 (1088 80 384 ) (1088 144 384 ) (1088 144 288 ) (1088 80 288 ) 
4 463 491 (1088 240 384 ) (1088 304 384 ) (1088 304 288 ) (1088 240 288 ) 
4 463 490 (1088 384 384 ) (1088 448 384 ) (1088 448 288 ) (1088 384 288 ) 
4 463 488 (1088 704 384 ) (1088 768 384 ) (1088 768 288 ) (1088 704 288 ) 
4 463 489 (1088 560 384 ) (1088 624 384 ) (1088 624 288 ) (1088 560 288 ) 
4 463 487 (1088 864 384 ) (1088 928 384 ) (1088 928 288 ) (1088 864 288 ) 
4 463 486 (1088 80 576 ) (1088 144 576 ) (1088 144 480 ) (1088 80 480 ) 
4 463 485 (1088 240 576 ) (1088 304 576 ) (1088 304 480 ) (1088 240 480 ) 
4 463 484 (1088 384 576 ) (1088 448 576 ) (1088 448 480 ) (1088 384 480 ) 
4 463 483 (1088 560 576 ) (1088 624 576 ) (1088 624 480 ) (1088 560 480 ) 
4 463 482 (1088 704 576 ) (1088 768 576 ) (1088 768 480 ) (1088 704 480 ) 
4 463 481 (1088 864 576 ) (1088 928 576 ) (1088 928 480 ) (1088 864 480 ) 
4 463 479 (1088 80 752 ) (1088 144 752 ) (1088 144 656 ) (1088 80 656 ) 
4 463 478 (1088 240 752 ) (1088 304 752 ) (1088 304 656 ) (1088 240 656 ) 
4 463 477 (1088 384 752 ) (1088 448 752 ) (1088 448 656 ) (1088 384 656 ) 
4 463 476 (1088 560 752 ) (1088 624 752 ) (1088 624 656 ) (1088 560 656 ) 
4 463 475 (1088 704 752 ) (1088 768 752 ) (1088 768 656 ) (1088 704 656 ) 
4 463 474 (1088 864 752 ) (1088 928 752 ) (1088 928 656 ) (1088 864 656 ) 
4 463 470 (1088 560 240 ) (1088 624 240 ) (1128 624 240 ) (1128 560 240 ) 
4 463 469 (1088 864 240 ) (1088 928 240 ) (1128 928 240 ) (1128 864 240 ) 
4 463 468 (1515.880005 744 240 ) (1384 608 240 ) (1252.120117 744 240 ) (1384 880 240 ) 
4 463 467 (1680 624 240 ) (1680 560 240 ) (1640 560 240 ) (1640 624 240 ) 
4 463 466 (1680 928 240 ) (1680 864 240 ) (1640 864 240 ) (1640 928 240 ) 
4 464 465 (1432 1016 40 ) (1432 1016 96 ) (1432 1024 96 ) (1432 1024 40 ) 
4 466 471 (1680 928 -2048 ) (1680 864 -2048 ) (1640 864 -2048 ) (1640 928 -2048 ) 
4 467 471 (1680 624 -2048 ) (1680 560 -2048 ) (1640 560 -2048 ) (1640 624 -2048 ) 
4 468 471 (1515.880005 744 -2048 ) (1384 608 -2048 ) (1252.120117 744 -2048 ) (1384 880 -2048 ) 
4 469 493 (1088 864 80 ) (1088 864 144 ) (1088 928 144 ) (1088 928 80 ) 
4 469 471 (1088 864 -2048 ) (1088 928 -2048 ) (1128 928 -2048 ) (1128 864 -2048 ) 
4 470 494 (1088 560 16 ) (1088 560 80 ) (1088 608 80 ) (1088 608 16 ) 
4 470 471 (1088 560 -2048 ) (1088 624 -2048 ) (1128 624 -2048 ) (1128 560 -2048 ) 
4 471 496 (1088 968 -4096 ) (1088 512 -4096 ) (1088 512 -2048 ) (1088 968 -2048 ) 
4 472 1030 (1088 0 816 ) (1088 0 992 ) (1072 0 992 ) (1072 0 816 ) 
4 472 498 (1072 0 992 ) (1072 1024 992 ) (1072 1024 816 ) (1072 0 816 ) 
4 473 500 (1072 1024 752 ) (1072 1024 656 ) (1072 1008 656 ) (1072 1008 752 ) 
4 473 480 (1072 1008 656 ) (1072 1024 656 ) (1088 1024 656 ) (1088 1008 656 ) 
4 474 501 (1072 928 656 ) (1072 864 656 ) (1072 864 752 ) (1072 928 752 ) 
4 475 501 (1072 768 656 ) (1072 704 656 ) (1072 704 752 ) (1072 768 752 ) 
4 476 502 (1072 624 656 ) (1072 560 656 ) (1072 560 752 ) (1072 624 752 ) 
4 477 503 (1072 448 656 ) (1072 384 656 ) (1072 384 752 ) (1072 448 752 ) 
4 478 504 (1072 304 656 ) (1072 240 656 ) (1072 240 752 ) (1072 304 752 ) 
4 479 506 (1072 144 656 ) (1072 80 656 ) (1072 80 752 ) (1072 144 752 ) 
4 480 500 (1072 1024 656 ) (1072 1024 592 ) (1072 1008 592 ) (1072 1008 656 ) 
4 481 509 (1072 928 480 ) (1072 864 480 ) (1072 864 560 ) (1072 928 560 ) 
4 482 509 (1072 768 480 ) (1072 704 480 ) (1072 704 560 ) (1072 768 560 ) 
4 483 510 (1072 624 480 ) (1072 560 480 ) (1072 560 576 ) (1072 624 576 ) 
4 484 511 (1072 448 480 ) (1072 384 480 ) (1072 384 576 ) (1072 448 576 ) 
4 485 512 (1072 304 480 ) (1072 240 480 ) (1072 240 576 ) (1072 304 576 ) 
4 486 513 (1072 144 480 ) (1072 80 480 ) (1072 80 576 ) (1072 144 576 ) 
4 487 516 (1072 928 288 ) (1072 864 288 ) (1072 864 384 ) (1072 928 384 ) 
4 488 517 (1072 768 288 ) (1072 704 288 ) (1072 704 384 ) (1072 768 384 ) 
4 489 518 (1072 624 288 ) (1072 560 288 ) (1072 560 384 ) (1072 624 384 ) 
4 490 519 (1072 448 288 ) (1072 384 288 ) (1072 384 384 ) (1072 448 384 ) 
4 491 520 (1072 304 288 ) (1072 240 288 ) (1072 240 384 ) (1072 304 384 ) 
4 492 521 (1072 144 288 ) (1072 80 288 ) (1072 80 384 ) (1072 144 384 ) 
4 492 495 (1072 80 288 ) (1072 144 288 ) (1088 144 288 ) (1088 80 288 ) 
4 493 523 (1072 864 80 ) (1072 864 144 ) (1072 928 144 ) (1072 928 80 ) 
4 494 524 (1072 560 16 ) (1072 560 80 ) (1072 608 80 ) (1072 608 16 ) 
4 495 522 (1072 80 240 ) (1072 80 288 ) (1072 144 288 ) (1072 144 240 ) 
4 496 497 (1080 808 -3728 ) (1080 680 -3728 ) (1080 680 -3608 ) (1080 808 -3608 ) 
4 497 525 (1072 808 -3728 ) (1072 680 -3728 ) (1072 680 -3608 ) (1072 808 -3608 ) 
4 498 1030 (1072 0 816 ) (1072 0 992 ) (1056 0 992 ) (1056 0 816 ) 
4 498 526 (1056 0 816 ) (1056 0 992 ) (1056 1024 992 ) (1056 1024 816 ) 
4 499 532 (1056 656 800 ) (1056 672 800 ) (1056 672 768 ) (1056 656 768 ) 
4 499 530 (1056 672 800 ) (1056 976 800 ) (1056 976 768 ) (1056 672 768 ) 
4 499 529 (1056 976 800 ) (1056 1008 800 ) (1056 1008 768 ) (1056 976 768 ) 
4 499 527 (1056 1008 800 ) (1056 1024 800 ) (1056 1024 768 ) (1056 1008 768 ) 
4 500 528 (1056 1008 752 ) (1056 1024 752 ) (1056 1024 592 ) (1056 1008 592 ) 
4 501 531 (1056 672 752 ) (1056 976 752 ) (1056 976 576 ) (1056 672 576 ) 
4 502 533 (1056 560 752 ) (1056 624 752 ) (1056 624 656 ) (1056 560 656 ) 
4 503 533 (1056 384 752 ) (1056 448 752 ) (1056 448 656 ) (1056 384 656 ) 
4 504 534 (1056 240 752 ) (1056 304 752 ) (1056 304 656 ) (1056 240 656 ) 
4 505 535 (1056 224 592 ) (1056 224 576 ) (1056 144 576 ) (1056 144 592 ) 
4 505 513 (1056 144 576 ) (1056 224 576 ) (1072 224 576 ) (1072 144 576 ) 
4 505 507 (1056 144 576 ) (1072 144 576 ) (1072 144 592 ) (1056 144 592 ) 
4 506 534 (1056 80 752 ) (1056 144 752 ) (1056 144 656 ) (1056 80 656 ) 
4 507 535 (1056 144 592 ) (1056 144 576 ) (1056 80 576 ) (1056 80 592 ) 
4 507 513 (1056 80 576 ) (1056 144 576 ) (1072 144 576 ) (1072 80 576 ) 
4 507 508 (1056 80 576 ) (1072 80 576 ) (1072 80 592 ) (1056 80 592 ) 
4 508 535 (1056 80 592 ) (1056 80 576 ) (1056 32 576 ) (1056 32 592 ) 
4 508 513 (1056 32 576 ) (1056 80 576 ) (1072 80 576 ) (1072 32 576 ) 
4 509 536 (1056 1024 560 ) (1056 1024 480 ) (1056 704 480 ) (1056 704 560 ) 
4 509 514 (1056 704 480 ) (1056 1024 480 ) (1072 1024 480 ) (1072 704 480 ) 
4 510 537 (1056 560 576 ) (1056 624 576 ) (1056 624 480 ) (1056 560 480 ) 
4 511 538 (1056 384 576 ) (1056 448 576 ) (1056 448 480 ) (1056 384 480 ) 
4 512 539 (1056 240 576 ) (1056 304 576 ) (1056 304 480 ) (1056 240 480 ) 
4 513 540 (1056 32 576 ) (1056 224 576 ) (1056 224 480 ) (1056 32 480 ) 
4 513 515 (1056 32 480 ) (1056 224 480 ) (1072 224 480 ) (1072 32 480 ) 
4 514 545 (1056 704 480 ) (1056 800 480 ) (1056 800 432 ) (1056 704 432 ) 
4 514 544 (1056 800 480 ) (1056 808 480 ) (1056 808 432 ) (1056 800 432 ) 
4 514 543 (1056 808 480 ) (1056 832 480 ) (1056 832 432 ) (1056 808 432 ) 
4 514 541 (1056 832 480 ) (1056 1024 480 ) (1056 1024 432 ) (1056 832 432 ) 
4 515 556 (1056 32 480 ) (1056 176 480 ) (1056 176 448 ) (1056 32 448 ) 
4 515 555 (1056 176 480 ) (1056 208 480 ) (1056 208 448 ) (1056 176 448 ) 
4 515 553 (1056 208 480 ) (1056 224 480 ) (1056 224 448 ) (1056 208 448 ) 
4 516 542 (1056 864 384 ) (1056 928 384 ) (1056 928 288 ) (1056 864 288 ) 
4 517 546 (1056 704 384 ) (1056 768 384 ) (1056 768 288 ) (1056 704 288 ) 
4 518 551 (1056 560 384 ) (1056 624 384 ) (1056 624 288 ) (1056 560 288 ) 
4 519 552 (1056 384 384 ) (1056 448 384 ) (1056 448 288 ) (1056 384 288 ) 
4 520 552 (1056 240 384 ) (1056 304 384 ) (1056 304 288 ) (1056 240 288 ) 
4 521 557 (1056 80 384 ) (1056 144 384 ) (1056 144 288 ) (1056 80 288 ) 
4 521 522 (1056 80 288 ) (1056 144 288 ) (1072 144 288 ) (1072 80 288 ) 
4 522 557 (1056 80 288 ) (1056 144 288 ) (1056 144 240 ) (1056 80 240 ) 
4 523 542 (1056 864 144 ) (1056 928 144 ) (1056 928 80 ) (1056 864 80 ) 
4 524 559 (1056 560 80 ) (1056 608 80 ) (1056 608 16 ) (1056 560 16 ) 
4 525 550 (1056 680 -3608 ) (1056 808 -3608 ) (1056 808 -3728 ) (1056 680 -3728 ) 
4 526 1030 (1056 0 816 ) (1056 0 992 ) (1024 0 992 ) (1024 0 816 ) 
4 526 637 (1024 1024 832 ) (1024 1024 816 ) (1024 0 816 ) (1024 0 832 ) 
4 526 575 (1024 1024 992 ) (1024 1024 832 ) (1024 0 832 ) (1024 0 992 ) 
4 527 648 (1024 1024 800 ) (1024 1024 768 ) (1024 1008 768 ) (1024 1008 800 ) 
4 527 529 (1056 1008 768 ) (1056 1008 800 ) (1024 1008 800 ) (1024 1008 768 ) 
4 528 695 (1024 1024 608 ) (1024 1024 592 ) (1024 1008 592 ) (1024 1008 608 ) 
4 528 687 (1024 1024 624 ) (1024 1024 608 ) (1024 1008 608 ) (1024 1008 624 ) 
4 528 649 (1024 1024 752 ) (1024 1024 624 ) (1024 1008 624 ) (1024 1008 752 ) 
4 529 648 (1024 976 768 ) (1024 976 800 ) (1024 1008 800 ) (1024 1008 768 ) 
4 529 530 (1056 976 768 ) (1056 976 800 ) (1024 976 800 ) (1024 976 768 ) 
4 530 651 (1024 672 768 ) (1024 672 800 ) (1024 976 800 ) (1024 976 768 ) 
4 530 532 (1056 672 768 ) (1056 672 800 ) (1024 672 800 ) (1024 672 768 ) 
4 531 699 (1024 976 576 ) (1024 672 576 ) (1024 672 592 ) (1024 976 592 ) 
4 531 697 (1024 672 592 ) (1024 672 608 ) (1024 976 608 ) (1024 976 592 ) 
4 531 689 (1024 672 608 ) (1024 672 624 ) (1024 976 624 ) (1024 976 608 ) 
4 531 652 (1024 672 624 ) (1024 672 752 ) (1024 976 752 ) (1024 976 624 ) 
4 532 653 (1024 656 768 ) (1024 656 800 ) (1024 672 800 ) (1024 672 768 ) 
4 533 654 (1024 336 624 ) (1024 336 784 ) (1024 640 784 ) (1024 640 624 ) 
4 534 1031 (1056 0 624 ) (1056 0 784 ) (1024 0 784 ) (1024 0 624 ) 
4 534 655 (1024 0 624 ) (1024 0 784 ) (1024 304 784 ) (1024 304 624 ) 
4 535 800 (1024 224 576 ) (1024 32 576 ) (1024 32 592 ) (1024 224 592 ) 
4 535 540 (1056 224 576 ) (1056 32 576 ) (1024 32 576 ) (1024 224 576 ) 
4 536 712 (1024 976 480 ) (1024 704 480 ) (1024 704 560 ) (1024 976 560 ) 
4 536 709 (1024 992 480 ) (1024 976 480 ) (1024 976 560 ) (1024 992 560 ) 
4 536 703 (1024 1024 560 ) (1024 1024 480 ) (1024 992 480 ) (1024 992 560 ) 
4 536 545 (1024 704 480 ) (1024 800 480 ) (1056 800 480 ) (1056 704 480 ) 
4 536 544 (1024 800 480 ) (1024 808 480 ) (1056 808 480 ) (1056 800 480 ) 
4 536 543 (1024 808 480 ) (1024 832 480 ) (1056 832 480 ) (1056 808 480 ) 
4 536 541 (1024 832 480 ) (1024 1024 480 ) (1056 1024 480 ) (1056 832 480 ) 
4 537 796 (1024 624 480 ) (1024 560 480 ) (1024 560 576 ) (1024 624 576 ) 
4 538 796 (1024 448 480 ) (1024 384 480 ) (1024 384 576 ) (1024 448 576 ) 
4 539 796 (1024 304 480 ) (1024 240 480 ) (1024 240 576 ) (1024 304 576 ) 
4 540 800 (1024 224 480 ) (1024 32 480 ) (1024 32 576 ) (1024 224 576 ) 
4 540 556 (1024 32 480 ) (1024 176 480 ) (1056 176 480 ) (1056 32 480 ) 
4 540 555 (1024 176 480 ) (1024 208 480 ) (1056 208 480 ) (1056 176 480 ) 
4 540 553 (1024 208 480 ) (1024 224 480 ) (1056 224 480 ) (1056 208 480 ) 
4 541 712 (1024 976 432 ) (1024 832 432 ) (1024 832 480 ) (1024 976 480 ) 
4 541 709 (1024 992 432 ) (1024 976 432 ) (1024 976 480 ) (1024 992 480 ) 
4 541 703 (1024 1024 480 ) (1024 1024 432 ) (1024 992 432 ) (1024 992 480 ) 
4 541 543 (1056 832 432 ) (1056 832 480 ) (1024 832 480 ) (1024 832 432 ) 
4 542 718 (1024 992 16 ) (1024 832 16 ) (1024 832 400 ) (1024 992 400 ) 
4 542 707 (1024 1024 400 ) (1024 1024 16 ) (1024 992 16 ) (1024 992 400 ) 
4 543 712 (1024 808 432 ) (1024 808 480 ) (1024 832 480 ) (1024 832 432 ) 
4 543 544 (1056 808 432 ) (1056 808 480 ) (1024 808 480 ) (1024 808 432 ) 
4 544 712 (1024 800 480 ) (1024 808 480 ) (1024 808 432 ) (1024 800 432 ) 
4 544 545 (1056 800 432 ) (1056 800 480 ) (1024 800 480 ) (1024 800 432 ) 
4 545 712 (1024 704 480 ) (1024 800 480 ) (1024 800 432 ) (1024 704 432 ) 
4 546 719 (1024 800 400 ) (1024 800 288 ) (1024 704 288 ) (1024 704 400 ) 
4 546 547 (1024 704 288 ) (1056 704 288 ) (1056 704 400 ) (1024 704 400 ) 
4 547 719 (1024 704 400 ) (1024 704 288 ) (1024 688 288 ) (1024 688 400 ) 
4 548 720 (1024 808 216 ) (1024 808 8 ) (1024 688 8 ) (1024 688 216 ) 
4 548 549 (1048 688 8 ) (1048 688 216 ) (1024 688 216 ) (1024 688 8 ) 
4 549 720 (1024 656 8 ) (1024 656 216 ) (1024 688 216 ) (1024 688 8 ) 
4 549 560 (1024 656 216 ) (1024 656 8 ) (1048 656 8 ) (1048 656 216 ) 
4 550 1009 (1024 680 -3608 ) (1024 808 -3608 ) (1024 808 -3728 ) (1024 680 -3728 ) 
4 551 797 (1024 624 240 ) (1024 528 240 ) (1024 528 400 ) (1024 624 400 ) 
4 551 795 (1024 656 400 ) (1024 656 240 ) (1024 624 240 ) (1024 624 400 ) 
4 552 799 (1024 240 240 ) (1024 224 240 ) (1024 224 400 ) (1024 240 400 ) 
4 552 798 (1024 496 400 ) (1024 496 240 ) (1024 240 240 ) (1024 240 400 ) 
4 552 554 (1024 224 240 ) (1056 224 240 ) (1056 224 400 ) (1024 224 400 ) 
4 553 800 (1024 208 480 ) (1024 224 480 ) (1024 224 448 ) (1024 208 448 ) 
4 553 555 (1056 208 448 ) (1056 208 480 ) (1024 208 480 ) (1024 208 448 ) 
4 554 802 (1024 224 400 ) (1024 224 240 ) (1024 208 240 ) (1024 208 400 ) 
4 555 800 (1024 176 480 ) (1024 208 480 ) (1024 208 448 ) (1024 176 448 ) 
4 555 556 (1056 176 448 ) (1056 176 480 ) (1024 176 480 ) (1024 176 448 ) 
4 556 800 (1024 32 480 ) (1024 176 480 ) (1024 176 448 ) (1024 32 448 ) 
4 557 803 (1024 176 400 ) (1024 176 240 ) (1024 32 240 ) (1024 32 400 ) 
4 557 558 (1024 32 240 ) (1056 32 240 ) (1056 32 400 ) (1024 32 400 ) 
4 558 1032 (1056 0 240 ) (1056 0 400 ) (1024 0 400 ) (1024 0 240 ) 
4 558 804 (1024 0 240 ) (1024 0 400 ) (1024 32 400 ) (1024 32 240 ) 
4 559 560 (1048 608 80 ) (1048 608 16 ) (1048 560 16 ) (1048 560 80 ) 
4 560 807 (1024 184 8 ) (1024 184 216 ) (1024 656 216 ) (1024 656 8 ) 
4 561 1033 (1024 0 1400 ) (1024 0 3056 ) (736 0 3056 ) (736 0 1400 ) 
4 561 562 (736 1024 1400 ) (1024 1024 1400 ) (1024 0 1400 ) (736 0 1400 ) 
4 562 1033 (1024 0 1312 ) (1024 0 1400 ) (736 0 1400 ) (736 0 1312 ) 
4 562 574 (736 1024 1312 ) (1024 1024 1312 ) (1024 0 1312 ) (736 0 1312 ) 
4 562 564 (736 320 1312 ) (736 80 1312 ) (736 80 1400 ) (736 320 1400 ) 
4 562 563 (736 936 1312 ) (736 656 1312 ) (736 656 1400 ) (736 936 1400 ) 
4 563 565 (712 936 1312 ) (712 656 1312 ) (712 656 1400 ) (712 936 1400 ) 
4 564 565 (712 320 1312 ) (712 80 1312 ) (712 80 1400 ) (712 320 1400 ) 
4 565 577 (552 1024 1312 ) (712 1024 1312 ) (712 8 1312 ) (552 8 1312 ) 
3 565 571 (552 248 1432 ) (552 306.404419 1432 ) (552 280.002441 1343.993408 ) 
4 565 570 (552 244.571426 1312 ) (552 8 1312 ) (552 8 1432 ) (552 216 1432 ) 
4 565 566 (552 1024 1312 ) (552 270.404419 1312 ) (552 306.404419 1432 ) (552 1024 1432 ) 
4 566 578 (496 1024 1312 ) (552 1024 1312 ) (552 270.404419 1312 ) (496 270.404419 1312 ) 
4 566 571 (552 280.003448 1343.990601 ) (552 306.406250 1432 ) (496 306.405487 1432 ) (496 280.003021 1343.991821 ) 
3 566 569 (496 422.856995 1312 ) (496 326.856750 1312 ) (496 528 1376 ) 
4 566 568 (496 1024 1312 ) (496 600 1312 ) (496 704 1432 ) (496 1024 1432 ) 
4 566 567 (496 326.856750 1312 ) (496 270.404266 1312 ) (496 306.404297 1432 ) (496 704 1432 ) 
4 567 580 (496 326.856812 1312 ) (496 270.404419 1312 ) (408 270.404419 1312 ) (408 326.856812 1312 ) 
4 567 571 (496 280.003021 1343.991821 ) (496 306.405487 1432 ) (472 306.405151 1432 ) (472 280.002838 1343.992188 ) 
4 567 572 (408 306.404297 1432 ) (408 270.404297 1312 ) (472 270.405151 1312 ) (472 306.405151 1432 ) 
4 567 569 (496 527.995117 1375.997070 ) (496 326.862000 1312 ) (408 326.862152 1312 ) (408 527.994324 1375.996582 ) 
4 567 573 (408 326.856812 1312 ) (408 270.404419 1312 ) (408 306.404419 1432 ) (408 704 1432 ) 
4 568 579 (408 1024 1312 ) (496 1024 1312 ) (496 600 1312 ) (408 600 1312 ) 
4 568 573 (408 1024 1312 ) (408 600 1312 ) (408 704 1432 ) (408 1024 1432 ) 
4 569 580 (496 422.856934 1312 ) (496 326.856812 1312 ) (408 326.856812 1312 ) (408 422.856964 1312 ) 
3 569 573 (408 422.856934 1312 ) (408 326.856812 1312 ) (408 528 1376 ) 
4 570 581 (552 244.571426 1312 ) (552 8 1312 ) (472 8 1312 ) (472 244.571442 1312 ) 
4 570 572 (472 244.571442 1312 ) (472 8 1312 ) (472 8 1432 ) (472 216 1432 ) 
3 571 572 (472 306.404297 1432 ) (472 280.002380 1343.993530 ) (472 248 1432 ) 
4 572 582 (472 8 1312 ) (408 8 1312 ) (408 270.404419 1312 ) (472 270.404419 1312 ) 
4 572 573 (408 270.404419 1312 ) (408 8 1312 ) (408 8 1432 ) (408 306.404419 1432 ) 
4 573 583 (88 1024 1312 ) (408 1024 1312 ) (408 8 1312 ) (88 8 1312 ) 
4 574 1039 (1024 0 992 ) (1024 0 1024 ) (736 0 1024 ) (736 0 992 ) 
4 574 1033 (1024 0 1024 ) (1024 0 1312 ) (736 0 1312 ) (736 0 1024 ) 
4 574 575 (736 1024 992 ) (1024 1024 992 ) (1024 0 992 ) (736 0 992 ) 
4 575 1046 (1024 0 832 ) (1024 0 992 ) (736 0 992 ) (736 0 832 ) 
4 575 637 (736 1024 832 ) (1024 1024 832 ) (1024 0 832 ) (736 0 832 ) 
4 575 576 (736 480 832 ) (736 384 832 ) (736 384 928 ) (736 480 928 ) 
4 576 603 (720 480 832 ) (720 384 832 ) (720 384 928 ) (720 480 928 ) 
4 577 581 (552 8 1264 ) (552 8 1312 ) (552 244.571442 1312 ) (552 256 1264 ) 
4 577 578 (552 270.404419 1312 ) (552 1024 1312 ) (552 1024 1264 ) (552 256.004395 1264 ) 
4 578 580 (496 256.003967 1264 ) (496 270.403992 1312 ) (496 422.856995 1312 ) (496 344 1264 ) 
4 578 579 (496 600 1312 ) (496 1024 1312 ) (496 1024 1264 ) (496 344 1264 ) 
4 579 583 (408 344 1264 ) (408 600 1312 ) (408 1024 1312 ) (408 1024 1264 ) 
4 580 583 (408 256.004395 1264 ) (408 270.404419 1312 ) (408 422.857025 1312 ) (408 344 1264 ) 
4 580 582 (408 270.404297 1312 ) (408 256.003418 1264 ) (472 256.004150 1264 ) (472 270.404633 1312 ) 
4 581 582 (472 256 1264 ) (472 8 1264 ) (472 8 1312 ) (472 244.571442 1312 ) 
4 582 583 (408 8 1264 ) (408 8 1312 ) (408 270.404419 1312 ) (408 256.004395 1264 ) 
4 584 587 (712 736 1032 ) (712 736 1248 ) (704 736 1248 ) (704 736 1032 ) 
4 584 585 (704 736 1032 ) (704 736 1248 ) (704 1024 1248 ) (704 1024 1032 ) 
4 585 608 (80 1024 1248 ) (80 1024 1032 ) (80 736 1032 ) (80 736 1248 ) 
4 585 589 (144 736 1248 ) (80 736 1248 ) (80 736 1032 ) (144 736 1032 ) 
4 585 588 (224 736 1248 ) (144 736 1248 ) (144 736 1032 ) (224 736 1032 ) 
4 585 587 (704 736 1032 ) (704 736 1248 ) (224 736 1248 ) (224 736 1032 ) 
4 586 609 (80 1024 1008 ) (80 1024 992 ) (80 736 992 ) (80 736 1008 ) 
4 586 597 (80 736 992 ) (80 1024 992 ) (704 1024 992 ) (704 736 992 ) 
4 587 590 (712 720 1032 ) (712 720 1248 ) (224 720 1248 ) (224 720 1032 ) 
4 587 588 (224 736 1248 ) (224 736 1032 ) (224 720 1032 ) (224 720 1248 ) 
4 588 590 (224 720 1032 ) (224 720 1248 ) (144 720 1248 ) (144 720 1032 ) 
4 588 589 (144 736 1248 ) (144 736 1032 ) (144 720 1032 ) (144 720 1248 ) 
4 589 610 (80 720 1032 ) (80 720 1248 ) (80 736 1248 ) (80 736 1032 ) 
4 589 590 (144 720 1032 ) (144 720 1248 ) (80 720 1248 ) (80 720 1032 ) 
4 590 611 (80 712 1032 ) (80 712 1248 ) (80 720 1248 ) (80 720 1032 ) 
4 590 591 (712 712 1032 ) (712 712 1248 ) (80 712 1248 ) (80 712 1032 ) 
4 591 612 (80 712 992 ) (80 504 992 ) (80 504 1248 ) (80 712 1248 ) 
4 591 606 (80 504 992 ) (80 704 992 ) (88 704 992 ) (88 504 992 ) 
4 591 605 (88 704 992 ) (96 704 992 ) (96 504 992 ) (88 504 992 ) 
4 591 602 (96 704 992 ) (712 704 992 ) (712 504 992 ) (96 504 992 ) 
4 591 600 (80 704 992 ) (80 712 992 ) (88 712 992 ) (88 704 992 ) 
4 591 599 (88 712 992 ) (712 712 992 ) (712 704 992 ) (88 704 992 ) 
4 591 594 (88 504 992 ) (712 504 992 ) (712 504 1032 ) (88 504 1032 ) 
4 591 592 (712 504 1032 ) (712 504 1248 ) (88 504 1248 ) (88 504 1032 ) 
4 592 594 (88 500 1032 ) (88 504 1032 ) (712 504 1032 ) (712 500 1032 ) 
4 592 593 (88 500 1248 ) (88 500 1032 ) (712 500 1032 ) (712 500 1248 ) 
4 593 596 (88 240 1200 ) (88 288 1200 ) (88 288 1152 ) (88 240 1152 ) 
4 593 594 (88 328 1032 ) (88 500 1032 ) (712 500 1032 ) (712 328 1032 ) 
4 594 605 (88 504 992 ) (96 504 992 ) (96 328 992 ) (88 328 992 ) 
4 594 602 (96 504 992 ) (712 504 992 ) (712 328 992 ) (96 328 992 ) 
4 595 1040 (96 0 992 ) (704 0 992 ) (704 0 1008 ) (96 0 1008 ) 
4 595 604 (704 0 992 ) (96 0 992 ) (96 304 992 ) (704 304 992 ) 
4 596 613 (80 240 1200 ) (80 288 1200 ) (80 288 1152 ) (80 240 1152 ) 
4 597 638 (80 1024 832 ) (704 1024 832 ) (704 736 832 ) (80 736 832 ) 
4 597 625 (80 1024 992 ) (80 1024 832 ) (80 736 832 ) (80 736 992 ) 
4 597 598 (144 736 928 ) (144 736 832 ) (224 736 832 ) (224 736 928 ) 
4 598 601 (144 720 928 ) (144 720 832 ) (224 720 832 ) (224 720 928 ) 
4 599 605 (96 704 992 ) (88 704 992 ) (88 704 952 ) (96 704 952 ) 
4 599 602 (712 704 992 ) (96 704 992 ) (96 704 952 ) (712 704 952 ) 
4 599 600 (88 712 992 ) (88 712 952 ) (88 704 952 ) (88 704 992 ) 
4 600 627 (80 704 952 ) (80 704 992 ) (80 712 992 ) (80 712 952 ) 
4 600 606 (88 704 992 ) (80 704 992 ) (80 704 952 ) (88 704 952 ) 
4 601 603 (144 704 928 ) (144 704 832 ) (224 704 832 ) (224 704 928 ) 
4 602 605 (96 704 992 ) (96 704 952 ) (96 328 952 ) (96 328 992 ) 
4 603 607 (96 640 832 ) (96 504 832 ) (96 504 856 ) (96 640 856 ) 
4 604 1048 (96 0 832 ) (704 0 832 ) (704 0 992 ) (96 0 992 ) 
4 604 642 (704 0 832 ) (96 0 832 ) (96 304 832 ) (704 304 832 ) 
4 605 606 (88 704 992 ) (88 704 952 ) (88 504 952 ) (88 504 992 ) 
4 606 627 (80 504 992 ) (80 704 992 ) (80 704 952 ) (80 504 952 ) 
4 607 628 (80 640 832 ) (80 504 832 ) (80 504 856 ) (80 640 856 ) 
4 608 614 (64 1024 1248 ) (64 1024 1032 ) (64 736 1032 ) (64 736 1248 ) 
4 608 610 (64 736 1248 ) (64 736 1032 ) (80 736 1032 ) (80 736 1248 ) 
4 609 625 (64 1024 992 ) (80 1024 992 ) (80 736 992 ) (64 736 992 ) 
4 609 615 (64 1024 1008 ) (64 1024 992 ) (64 736 992 ) (64 736 1008 ) 
4 610 617 (64 720 1032 ) (64 720 1248 ) (64 736 1248 ) (64 736 1032 ) 
4 610 611 (80 720 1248 ) (64 720 1248 ) (64 720 1032 ) (80 720 1032 ) 
4 611 618 (64 712 1032 ) (64 712 1248 ) (64 720 1248 ) (64 720 1032 ) 
4 611 612 (80 712 1248 ) (64 712 1248 ) (64 712 1032 ) (80 712 1032 ) 
4 612 627 (80 712 992 ) (80 504 992 ) (64 504 992 ) (64 712 992 ) 
4 612 619 (64 712 992 ) (64 504 992 ) (64 504 1248 ) (64 712 1248 ) 
4 613 620 (64 240 1200 ) (64 288 1200 ) (64 288 1152 ) (64 240 1152 ) 
4 614 617 (64 736 1032 ) (64 736 1248 ) (32 736 1248 ) (32 736 1032 ) 
4 614 616 (32 1024 1248 ) (32 1024 1032 ) (32 736 1032 ) (32 736 1248 ) 
4 615 625 (32 1024 992 ) (64 1024 992 ) (64 736 992 ) (32 736 992 ) 
4 616 617 (32 736 1032 ) (32 736 1248 ) (18 736 1248 ) (18 736 1032 ) 
4 617 618 (18 720 1248 ) (18 720 1032 ) (64 720 1032 ) (64 720 1248 ) 
4 618 619 (18 712 1248 ) (18 712 1032 ) (64 712 1032 ) (64 712 1248 ) 
4 619 627 (64 712 992 ) (64 504 992 ) (18 504 992 ) (18 712 992 ) 
4 620 1152 (0 192 1216 ) (0 336 1216 ) (0 336 1008 ) (0 192 1008 ) 
4 620 621 (0 192 1008 ) (0 336 1008 ) (64 336 1008 ) (64 192 1008 ) 
4 621 1153 (0 480 992 ) (0 48 992 ) (0 48 1008 ) (0 480 1008 ) 
4 621 635 (16 48 992 ) (0 48 992 ) (0 480 992 ) (16 480 992 ) 
4 621 630 (64 480 992 ) (64 48 992 ) (16 48 992 ) (16 480 992 ) 
4 621 622 (16 48 992 ) (64 48 992 ) (64 48 1008 ) (16 48 1008 ) 
4 622 631 (64 48 992 ) (64 16 992 ) (16 16 992 ) (16 48 992 ) 
4 622 623 (64 16 992 ) (64 16 1008 ) (16 16 1008 ) (16 16 992 ) 
4 623 1045 (16 0 1008 ) (16 0 992 ) (64 0 992 ) (64 0 1008 ) 
4 623 632 (64 16 992 ) (64 0 992 ) (16 0 992 ) (16 16 992 ) 
4 623 624 (16 16 992 ) (16 0 992 ) (16 0 1008 ) (16 16 1008 ) 
4 624 1154 (0 16 992 ) (0 0 992 ) (0 0 1008 ) (0 16 1008 ) 
4 624 1045 (0 0 1008 ) (0 0 992 ) (16 0 992 ) (16 0 1008 ) 
4 624 636 (16 0 992 ) (0 0 992 ) (0 16 992 ) (16 16 992 ) 
4 625 638 (32 1024 832 ) (80 1024 832 ) (80 736 832 ) (32 736 832 ) 
4 625 626 (32 752 944 ) (32 832 944 ) (32 832 848 ) (32 752 848 ) 
4 626 634 (16 752 944 ) (16 832 944 ) (16 832 848 ) (16 752 848 ) 
4 627 629 (78 504 952 ) (18 504 952 ) (18 712 952 ) (78 712 952 ) 
4 628 629 (78 504 832 ) (78 504 856 ) (78 640 856 ) (78 640 832 ) 
4 629 645 (78 504 832 ) (18 504 832 ) (18 712 832 ) (78 712 832 ) 
4 630 635 (16 48 848 ) (16 48 992 ) (16 480 992 ) (16 480 848 ) 
4 630 631 (16 48 992 ) (16 48 944 ) (64 48 944 ) (64 48 992 ) 
4 631 632 (16 16 992 ) (16 16 944 ) (64 16 944 ) (64 16 992 ) 
4 632 1050 (64 0 944 ) (64 0 992 ) (16 0 992 ) (16 0 944 ) 
4 632 636 (16 0 944 ) (16 0 992 ) (16 16 992 ) (16 16 944 ) 
4 632 633 (16 0 944 ) (16 16 944 ) (64 16 944 ) (64 0 944 ) 
4 633 1050 (64 0 848 ) (64 0 944 ) (16 0 944 ) (16 0 848 ) 
4 633 636 (16 0 848 ) (16 0 944 ) (16 16 944 ) (16 16 848 ) 
4 634 1156 (0 832 848 ) (0 752 848 ) (0 752 944 ) (0 832 944 ) 
4 635 1192 (0 48 848 ) (0 48 992 ) (0 480 992 ) (0 480 848 ) 
4 636 1193 (0 0 848 ) (0 0 992 ) (0 16 992 ) (0 16 848 ) 
4 636 1050 (0 0 992 ) (0 0 848 ) (16 0 848 ) (16 0 992 ) 
4 637 1046 (1024 0 816 ) (1024 0 832 ) (736 0 832 ) (736 0 816 ) 
4 639 643 (96 720 816 ) (96 720 800 ) (96 704 800 ) (96 704 816 ) 
4 639 640 (96 704 816 ) (96 704 800 ) (720 704 800 ) (720 704 816 ) 
4 640 643 (96 704 800 ) (96 336 800 ) (96 336 816 ) (96 704 816 ) 
4 640 641 (96 336 816 ) (96 336 800 ) (720 336 800 ) (720 336 816 ) 
4 641 643 (96 336 800 ) (96 320 800 ) (96 320 816 ) (96 336 816 ) 
4 642 1048 (704 0 832 ) (96 0 832 ) (96 0 800 ) (704 0 800 ) 
4 642 673 (704 0 800 ) (96 0 800 ) (96 304 800 ) (704 304 800 ) 
4 643 644 (80 480 800 ) (80 464 800 ) (80 464 816 ) (80 480 816 ) 
4 644 682 (78 464 800 ) (78 480 800 ) (80 480 800 ) (80 464 800 ) 
4 644 646 (78 480 800 ) (78 464 800 ) (78 464 832 ) (78 480 832 ) 
4 646 682 (64 464 800 ) (64 480 800 ) (78 480 800 ) (78 464 800 ) 
4 646 647 (64 480 816 ) (64 480 800 ) (64 464 800 ) (64 464 816 ) 
4 647 1195 (0 480 800 ) (0 0 800 ) (0 0 816 ) (0 480 816 ) 
4 647 1051 (0 0 816 ) (0 0 800 ) (64 0 800 ) (64 0 816 ) 
4 647 684 (64 0 800 ) (0 0 800 ) (0 480 800 ) (64 480 800 ) 
4 648 656 (736 976 768 ) (736 976 800 ) (736 1024 800 ) (736 1024 768 ) 
4 648 651 (736 976 800 ) (736 976 768 ) (1024 976 768 ) (1024 976 800 ) 
4 649 687 (848 1024 624 ) (1024 1024 624 ) (1024 1008 624 ) (848 1008 624 ) 
4 650 688 (736 1024 624 ) (816 1024 624 ) (816 976 624 ) (736 976 624 ) 
4 650 652 (736 976 752 ) (736 976 624 ) (816 976 624 ) (816 976 752 ) 
4 651 656 (736 672 768 ) (736 672 800 ) (736 976 800 ) (736 976 768 ) 
4 651 653 (736 672 800 ) (736 672 768 ) (1024 672 768 ) (1024 672 800 ) 
4 652 689 (1024 976 624 ) (1024 672 624 ) (736 672 624 ) (736 976 624 ) 
4 653 656 (736 656 768 ) (736 656 800 ) (736 672 800 ) (736 672 768 ) 
4 654 658 (736 432 624 ) (736 352 624 ) (736 352 736 ) (736 432 736 ) 
4 655 1054 (1024 0 624 ) (1024 0 784 ) (736 0 784 ) (736 0 624 ) 
4 655 659 (736 304 624 ) (736 0 624 ) (736 0 736 ) (736 304 736 ) 
4 655 657 (736 0 736 ) (736 0 784 ) (736 304 784 ) (736 304 736 ) 
4 657 1054 (720 0 784 ) (720 0 736 ) (736 0 736 ) (736 0 784 ) 
4 657 660 (720 0 736 ) (720 0 784 ) (720 304 784 ) (720 304 736 ) 
4 657 659 (720 0 736 ) (720 304 736 ) (736 304 736 ) (736 0 736 ) 
4 658 661 (720 432 624 ) (720 352 624 ) (720 352 736 ) (720 432 736 ) 
4 659 1054 (720 0 736 ) (720 0 624 ) (736 0 624 ) (736 0 736 ) 
4 659 662 (720 304 624 ) (720 0 624 ) (720 0 736 ) (720 304 736 ) 
4 660 1054 (704 0 784 ) (704 0 736 ) (720 0 736 ) (720 0 784 ) 
4 660 673 (704 0 736 ) (704 0 784 ) (704 304 784 ) (704 304 736 ) 
4 660 662 (704 0 736 ) (704 304 736 ) (720 304 736 ) (720 0 736 ) 
4 661 664 (704 432 624 ) (704 352 624 ) (704 352 736 ) (704 432 736 ) 
4 662 1054 (704 0 736 ) (704 0 624 ) (720 0 624 ) (720 0 736 ) 
4 662 673 (704 304 624 ) (704 0 624 ) (704 0 736 ) (704 304 736 ) 
4 663 690 (544 808 624 ) (352 808 624 ) (352 896 624 ) (544 896 624 ) 
4 663 668 (256 976 624 ) (256 896 624 ) (256 896 736 ) (256 976 736 ) 
4 663 664 (608 704 624 ) (704 704 624 ) (704 704 784 ) (608 704 784 ) 
4 665 672 (464 336 624 ) (544 336 624 ) (544 336 736 ) (464 336 736 ) 
4 665 671 (256 672 624 ) (256 336 624 ) (256 336 784 ) (256 672 784 ) 
4 666 674 (96 1024 624 ) (96 976 624 ) (96 976 784 ) (96 1024 784 ) 
4 666 669 (96 976 736 ) (96 976 624 ) (224 976 624 ) (224 976 736 ) 
4 666 667 (96 976 784 ) (96 976 736 ) (224 976 736 ) (224 976 784 ) 
4 667 674 (96 896 736 ) (96 896 784 ) (96 976 784 ) (96 976 736 ) 
4 667 670 (96 896 784 ) (96 896 736 ) (224 896 736 ) (224 896 784 ) 
4 667 669 (224 896 736 ) (96 896 736 ) (96 976 736 ) (224 976 736 ) 
4 668 669 (224 896 624 ) (224 896 736 ) (224 976 736 ) (224 976 624 ) 
4 669 674 (96 976 624 ) (96 896 624 ) (96 896 736 ) (96 976 736 ) 
4 669 670 (96 896 736 ) (96 896 624 ) (224 896 624 ) (224 896 736 ) 
4 670 674 (96 896 624 ) (96 672 624 ) (96 672 784 ) (96 896 784 ) 
4 670 671 (96 672 784 ) (96 672 624 ) (224 672 624 ) (224 672 784 ) 
4 671 683 (96 448 624 ) (96 352 624 ) (96 352 768 ) (96 448 768 ) 
4 671 674 (96 672 624 ) (96 512 624 ) (96 512 784 ) (96 672 784 ) 
4 672 673 (464 304 624 ) (544 304 624 ) (544 304 736 ) (464 304 736 ) 
4 673 1055 (704 0 800 ) (96 0 800 ) (96 0 624 ) (704 0 624 ) 
4 675 1157 (0 1024 800 ) (0 1024 768 ) (0 960 768 ) (0 960 800 ) 
4 675 676 (32 960 768 ) (32 960 800 ) (0 960 800 ) (0 960 768 ) 
4 676 1157 (0 864 768 ) (0 864 800 ) (0 960 800 ) (0 960 768 ) 
4 676 679 (16 864 800 ) (0 864 800 ) (0 864 768 ) (16 864 768 ) 
4 676 678 (32 864 768 ) (32 864 800 ) (16 864 800 ) (16 864 768 ) 
4 676 677 (32 864 768 ) (0 864 768 ) (0 960 768 ) (32 960 768 ) 
4 677 1170 (0 864 712 ) (0 864 736 ) (0 960 736 ) (0 960 712 ) 
4 678 680 (32 704 768 ) (32 704 800 ) (16 704 800 ) (16 704 768 ) 
4 678 679 (16 864 800 ) (16 864 768 ) (16 720 768 ) (16 720 800 ) 
4 679 1158 (0 720 800 ) (0 736 800 ) (0 736 768 ) (0 720 768 ) 
4 679 1157 (0 736 800 ) (0 864 800 ) (0 864 768 ) (0 736 768 ) 
4 680 693 (32 704 624 ) (32 512 624 ) (16 512 624 ) (16 704 624 ) 
4 680 681 (16 512 624 ) (32 512 624 ) (32 512 800 ) (16 512 800 ) 
4 681 694 (32 512 624 ) (32 496 624 ) (16 496 624 ) (16 512 624 ) 
4 682 692 (64 464 624 ) (64 480 624 ) (80 480 624 ) (80 464 624 ) 
4 682 685 (64 480 624 ) (64 464 624 ) (64 464 648 ) (64 480 648 ) 
4 682 684 (64 464 648 ) (64 464 800 ) (64 480 800 ) (64 480 648 ) 
4 683 686 (64 448 624 ) (64 352 624 ) (64 352 648 ) (64 448 648 ) 
4 683 684 (64 352 648 ) (64 352 768 ) (64 448 768 ) (64 448 648 ) 
4 684 1195 (0 0 648 ) (0 0 800 ) (0 480 800 ) (0 480 648 ) 
4 684 1057 (64 0 800 ) (0 0 800 ) (0 0 648 ) (64 0 648 ) 
4 684 686 (64 464 648 ) (64 0 648 ) (0 0 648 ) (0 464 648 ) 
4 684 685 (0 480 648 ) (64 480 648 ) (64 464 648 ) (0 464 648 ) 
4 685 1197 (0 480 624 ) (0 464 624 ) (0 464 648 ) (0 480 648 ) 
4 685 686 (0 464 624 ) (64 464 624 ) (64 464 648 ) (0 464 648 ) 
4 686 1199 (0 464 624 ) (0 0 624 ) (0 0 648 ) (0 464 648 ) 
4 686 1058 (0 0 648 ) (0 0 624 ) (64 0 624 ) (64 0 648 ) 
4 687 695 (848 1024 608 ) (1024 1024 608 ) (1024 1008 608 ) (848 1008 608 ) 
4 688 696 (736 976 608 ) (736 1024 608 ) (816 1024 608 ) (816 976 608 ) 
4 688 689 (736 976 624 ) (736 976 608 ) (816 976 608 ) (816 976 624 ) 
4 689 697 (736 672 608 ) (736 976 608 ) (1024 976 608 ) (1024 672 608 ) 
4 690 691 (352 808 612 ) (352 896 612 ) (544 896 612 ) (544 808 612 ) 
4 691 727 (352 896 608 ) (544 896 608 ) (544 808 608 ) (352 808 608 ) 
4 693 694 (16 512 608 ) (32 512 608 ) (32 512 624 ) (16 512 624 ) 
4 696 698 (736 976 592 ) (736 1024 592 ) (816 1024 592 ) (816 976 592 ) 
4 696 697 (736 976 608 ) (736 976 592 ) (816 976 592 ) (816 976 608 ) 
4 697 699 (736 672 592 ) (736 976 592 ) (1024 976 592 ) (1024 672 592 ) 
4 698 699 (736 976 592 ) (736 976 576 ) (816 976 576 ) (816 976 592 ) 
4 699 713 (736 704 576 ) (736 880 576 ) (896 880 576 ) (896 704 576 ) 
4 699 700 (736 880 576 ) (736 704 576 ) (736 704 592 ) (736 880 592 ) 
4 700 713 (704 704 576 ) (704 880 576 ) (736 880 576 ) (736 704 576 ) 
4 700 701 (704 880 576 ) (704 704 576 ) (704 704 592 ) (704 880 592 ) 
4 701 716 (704 656 576 ) (656 656 576 ) (656 704 576 ) (704 704 576 ) 
4 701 714 (656 704 576 ) (656 976 576 ) (704 976 576 ) (704 704 576 ) 
4 701 710 (656 976 576 ) (656 992 576 ) (704 992 576 ) (704 976 576 ) 
4 701 705 (656 992 576 ) (656 1024 576 ) (704 1024 576 ) (704 992 576 ) 
4 701 702 (656 1024 576 ) (656 656 576 ) (656 656 592 ) (656 1024 592 ) 
4 702 812 (656 656 592 ) (624 656 592 ) (624 656 576 ) (656 656 576 ) 
4 702 767 (624 656 576 ) (624 656 592 ) (624 704 592 ) (624 704 576 ) 
4 702 763 (624 704 592 ) (624 752 592 ) (624 752 576 ) (624 704 576 ) 
4 702 758 (624 752 592 ) (624 808 592 ) (624 808 576 ) (624 752 576 ) 
4 702 726 (624 808 592 ) (624 1024 592 ) (624 1024 576 ) (624 808 576 ) 
4 702 717 (656 656 576 ) (624 656 576 ) (624 704 576 ) (656 704 576 ) 
4 702 715 (624 704 576 ) (624 976 576 ) (656 976 576 ) (656 704 576 ) 
4 702 711 (624 976 576 ) (624 992 576 ) (656 992 576 ) (656 976 576 ) 
4 702 706 (624 992 576 ) (624 1024 576 ) (656 1024 576 ) (656 992 576 ) 
4 703 709 (912 992 432 ) (1024 992 432 ) (1024 992 560 ) (912 992 560 ) 
4 705 710 (704 992 576 ) (656 992 576 ) (656 992 432 ) (704 992 432 ) 
4 705 706 (656 1024 432 ) (656 992 432 ) (656 992 576 ) (656 1024 576 ) 
4 706 726 (624 992 432 ) (624 992 576 ) (624 1024 576 ) (624 1024 432 ) 
4 706 711 (656 992 576 ) (624 992 576 ) (624 992 432 ) (656 992 432 ) 
4 707 718 (624 992 400 ) (624 992 16 ) (1024 992 16 ) (1024 992 400 ) 
4 708 898 (1024 1016 -48 ) (1024 992 -48 ) (624 992 -48 ) (624 1016 -48 ) 
4 708 897 (624 1024 -48 ) (1024 1024 -48 ) (1024 1016 -48 ) (624 1016 -48 ) 
4 708 732 (624 1024 -48 ) (624 992 -48 ) (624 992 -16 ) (624 1024 -16 ) 
4 708 721 (624 992 -16 ) (624 992 -48 ) (1024 992 -48 ) (1024 992 -16 ) 
4 709 712 (1024 976 432 ) (1024 976 560 ) (912 976 560 ) (912 976 432 ) 
4 710 714 (704 976 576 ) (656 976 576 ) (656 976 432 ) (704 976 432 ) 
4 710 711 (656 992 576 ) (656 992 432 ) (656 976 432 ) (656 976 576 ) 
4 711 726 (624 976 576 ) (624 992 576 ) (624 992 432 ) (624 976 432 ) 
4 711 715 (656 976 576 ) (624 976 576 ) (624 976 432 ) (656 976 432 ) 
4 713 714 (704 704 448 ) (704 704 576 ) (704 880 576 ) (704 880 448 ) 
4 714 716 (704 704 432 ) (704 704 576 ) (656 704 576 ) (656 704 432 ) 
4 714 715 (656 976 576 ) (656 976 432 ) (656 704 432 ) (656 704 576 ) 
4 715 763 (624 704 576 ) (624 752 576 ) (624 752 432 ) (624 704 432 ) 
4 715 758 (624 752 576 ) (624 808 576 ) (624 808 432 ) (624 752 432 ) 
4 715 726 (624 808 576 ) (624 976 576 ) (624 976 432 ) (624 808 432 ) 
4 715 717 (656 704 576 ) (624 704 576 ) (624 704 432 ) (656 704 432 ) 
4 716 717 (656 704 576 ) (656 704 432 ) (656 656 432 ) (656 656 576 ) 
4 717 812 (656 656 576 ) (624 656 576 ) (624 656 432 ) (656 656 432 ) 
4 717 767 (624 656 432 ) (624 656 576 ) (624 704 576 ) (624 704 432 ) 
4 719 764 (624 752 368 ) (624 752 288 ) (624 704 288 ) (624 704 368 ) 
4 720 819 (632 656 216 ) (624 656 216 ) (624 656 8 ) (632 656 8 ) 
4 720 817 (688 656 216 ) (632 656 216 ) (632 656 8 ) (688 656 8 ) 
4 720 807 (1024 656 8 ) (1024 656 216 ) (688 656 216 ) (688 656 8 ) 
4 720 768 (624 656 8 ) (624 656 216 ) (624 704 216 ) (624 704 8 ) 
4 720 765 (624 704 216 ) (624 752 216 ) (624 752 8 ) (624 704 8 ) 
4 720 759 (624 752 216 ) (624 808 216 ) (624 808 8 ) (624 752 8 ) 
4 721 932 (1024 840 -48 ) (1024 784 -48 ) (624 784 -48 ) (624 840 -48 ) 
4 721 898 (1024 992 -48 ) (1024 840 -48 ) (624 840 -48 ) (624 992 -48 ) 
4 721 760 (624 808 -48 ) (624 784 -48 ) (624 784 -16 ) (624 808 -16 ) 
4 721 739 (624 824 -48 ) (624 808 -48 ) (624 808 -16 ) (624 824 -16 ) 
4 721 732 (624 992 -48 ) (624 824 -48 ) (624 824 -16 ) (624 992 -16 ) 
4 721 723 (704 784 -16 ) (624 784 -16 ) (624 784 -48 ) (704 784 -48 ) 
4 721 722 (1024 784 -16 ) (880 784 -16 ) (880 784 -48 ) (1024 784 -48 ) 
4 722 933 (1024 784 -48 ) (1024 768 -48 ) (880 768 -48 ) (880 784 -48 ) 
4 722 724 (1024 768 -16 ) (880 768 -16 ) (880 768 -48 ) (1024 768 -48 ) 
4 723 934 (704 768 -48 ) (624 768 -48 ) (624 784 -48 ) (704 784 -48 ) 
4 723 761 (624 784 -48 ) (624 768 -48 ) (624 768 -16 ) (624 784 -16 ) 
4 723 725 (704 768 -16 ) (624 768 -16 ) (624 768 -48 ) (704 768 -48 ) 
4 724 937 (1024 768 -48 ) (1024 656 -48 ) (880 656 -48 ) (880 768 -48 ) 
4 724 809 (880 656 -48 ) (1024 656 -48 ) (1024 656 -16 ) (880 656 -16 ) 
4 725 938 (864 656 -48 ) (624 656 -48 ) (624 768 -48 ) (864 768 -48 ) 
4 725 820 (624 656 -48 ) (632 656 -48 ) (632 656 -16 ) (624 656 -16 ) 
4 725 818 (632 656 -48 ) (688 656 -48 ) (688 656 -16 ) (632 656 -16 ) 
4 725 810 (688 656 -48 ) (864 656 -48 ) (864 656 -16 ) (688 656 -16 ) 
4 725 769 (624 704 -48 ) (624 656 -48 ) (624 656 -16 ) (624 704 -16 ) 
4 725 766 (624 752 -48 ) (624 704 -48 ) (624 704 -16 ) (624 752 -16 ) 
4 725 762 (624 768 -48 ) (624 752 -48 ) (624 752 -16 ) (624 768 -16 ) 
4 726 758 (624 808 432 ) (624 808 592 ) (592 808 592 ) (592 808 432 ) 
4 726 729 (592 808 432 ) (592 808 592 ) (592 1024 592 ) (592 1024 432 ) 
4 727 728 (352 808 604 ) (352 896 604 ) (544 896 604 ) (544 808 604 ) 
4 728 729 (544 808 592 ) (352 808 592 ) (352 896 592 ) (544 896 592 ) 
4 729 782 (176 808 592 ) (48 808 592 ) (48 808 432 ) (176 808 432 ) 
4 729 770 (592 808 432 ) (592 808 592 ) (176 808 592 ) (176 808 432 ) 
4 730 1264 (0 1008 272 ) (0 880 272 ) (0 880 400 ) (0 1008 400 ) 
4 730 1246 (0 1024 400 ) (0 1024 272 ) (0 1008 272 ) (0 1008 400 ) 
4 730 755 (0 880 272 ) (0 1008 272 ) (176 1008 272 ) (176 880 272 ) 
4 730 753 (0 1008 272 ) (0 1024 272 ) (176 1024 272 ) (176 1008 272 ) 
4 730 745 (176 1024 272 ) (248 1024 272 ) (248 880 272 ) (176 880 272 ) 
4 730 735 (248 1024 272 ) (592 1024 272 ) (592 880 272 ) (248 880 272 ) 
4 731 1265 (0 848 272 ) (0 808 272 ) (0 808 400 ) (0 848 400 ) 
4 731 793 (0 808 400 ) (0 808 272 ) (32 808 272 ) (32 808 400 ) 
4 731 790 (32 808 272 ) (48 808 272 ) (48 808 400 ) (32 808 400 ) 
4 731 783 (48 808 272 ) (176 808 272 ) (176 808 400 ) (48 808 400 ) 
4 731 771 (176 808 272 ) (592 808 272 ) (592 808 400 ) (176 808 400 ) 
4 731 756 (176 808 272 ) (0 808 272 ) (0 848 272 ) (176 848 272 ) 
4 731 752 (208 808 272 ) (176 808 272 ) (176 824 272 ) (208 824 272 ) 
4 731 750 (248 808 272 ) (208 808 272 ) (208 824 272 ) (248 824 272 ) 
4 731 746 (176 824 272 ) (176 848 272 ) (248 848 272 ) (248 824 272 ) 
4 731 742 (288 808 272 ) (248 808 272 ) (248 824 272 ) (288 824 272 ) 
4 731 740 (592 808 272 ) (288 808 272 ) (288 824 272 ) (592 824 272 ) 
4 731 736 (248 824 272 ) (248 848 272 ) (592 848 272 ) (592 824 272 ) 
4 732 932 (624 840 -48 ) (624 824 -48 ) (600 824 -48 ) (600 840 -48 ) 
4 732 898 (624 1016 -48 ) (624 840 -48 ) (600 840 -48 ) (600 1016 -48 ) 
4 732 897 (600 1024 -48 ) (624 1024 -48 ) (624 1016 -48 ) (600 1016 -48 ) 
4 732 739 (600 824 -48 ) (624 824 -48 ) (624 824 -16 ) (600 824 -16 ) 
4 732 734 (600 1024 -48 ) (600 824 -48 ) (600 824 -16 ) (600 1024 -16 ) 
4 733 737 (592 824 8 ) (592 824 216 ) (592 1024 216 ) (592 1024 8 ) 
4 734 932 (600 840 -48 ) (600 824 -48 ) (592 824 -48 ) (592 840 -48 ) 
4 734 898 (600 1016 -48 ) (600 840 -48 ) (592 840 -48 ) (592 1016 -48 ) 
4 734 897 (592 1024 -48 ) (600 1024 -48 ) (600 1016 -48 ) (592 1016 -48 ) 
4 734 739 (592 824 -48 ) (600 824 -48 ) (600 824 -16 ) (592 824 -16 ) 
4 734 738 (592 1024 -48 ) (592 824 -48 ) (592 824 -16 ) (592 1024 -16 ) 
4 735 745 (248 880 272 ) (248 1024 272 ) (248 1024 240 ) (248 880 240 ) 
4 736 746 (248 824 240 ) (248 824 272 ) (248 848 272 ) (248 848 240 ) 
4 736 742 (248 824 272 ) (248 824 240 ) (288 824 240 ) (288 824 272 ) 
4 736 740 (288 824 240 ) (592 824 240 ) (592 824 272 ) (288 824 272 ) 
4 737 747 (248 824 8 ) (248 824 216 ) (248 1024 216 ) (248 1024 8 ) 
4 737 743 (248 824 104 ) (248 824 24 ) (288 824 24 ) (288 824 104 ) 
4 738 932 (592 840 -48 ) (592 824 -48 ) (248 824 -48 ) (248 840 -48 ) 
4 738 919 (472 840 -48 ) (248 840 -48 ) (248 848 -48 ) (472 848 -48 ) 
4 738 910 (248 848 -48 ) (248 964 -48 ) (472 964 -48 ) (472 848 -48 ) 
4 738 908 (248 964 -48 ) (248 1016 -48 ) (472 1016 -48 ) (472 964 -48 ) 
4 738 898 (592 1016 -48 ) (592 840 -48 ) (472 840 -48 ) (472 1016 -48 ) 
4 738 897 (248 1024 -48 ) (592 1024 -48 ) (592 1016 -48 ) (248 1016 -48 ) 
4 738 748 (248 1024 -48 ) (248 824 -48 ) (248 824 -16 ) (248 1024 -16 ) 
4 738 744 (248 824 -16 ) (248 824 -48 ) (288 824 -48 ) (288 824 -16 ) 
4 738 741 (288 824 -48 ) (592 824 -48 ) (592 824 -16 ) (288 824 -16 ) 
4 739 932 (624 824 -48 ) (624 808 -48 ) (592 808 -48 ) (592 824 -48 ) 
4 739 760 (592 808 -48 ) (624 808 -48 ) (624 808 -16 ) (592 808 -16 ) 
4 739 741 (592 824 -16 ) (592 824 -48 ) (592 808 -48 ) (592 808 -16 ) 
4 740 771 (592 808 240 ) (592 808 272 ) (288 808 272 ) (288 808 240 ) 
4 740 742 (288 824 272 ) (288 824 240 ) (288 808 240 ) (288 808 272 ) 
4 741 932 (592 808 -48 ) (288 808 -48 ) (288 824 -48 ) (592 824 -48 ) 
4 741 777 (288 808 -48 ) (592 808 -48 ) (592 808 -16 ) (288 808 -16 ) 
4 741 744 (288 824 -16 ) (288 824 -48 ) (288 808 -48 ) (288 808 -16 ) 
4 742 771 (288 808 240 ) (288 808 272 ) (248 808 272 ) (248 808 240 ) 
4 742 750 (248 808 240 ) (248 808 272 ) (248 824 272 ) (248 824 240 ) 
4 743 772 (288 808 24 ) (288 808 104 ) (248 808 104 ) (248 808 24 ) 
4 744 932 (288 808 -48 ) (248 808 -48 ) (248 824 -48 ) (288 824 -48 ) 
4 744 777 (248 808 -48 ) (288 808 -48 ) (288 808 -16 ) (248 808 -16 ) 
4 744 751 (248 824 -48 ) (248 808 -48 ) (248 808 -16 ) (248 824 -16 ) 
4 745 755 (176 880 272 ) (176 1008 272 ) (176 1008 240 ) (176 880 240 ) 
4 745 753 (176 1008 272 ) (176 1024 272 ) (176 1024 240 ) (176 1008 240 ) 
4 746 756 (176 824 240 ) (176 824 272 ) (176 848 272 ) (176 848 240 ) 
4 746 752 (176 824 272 ) (176 824 240 ) (208 824 240 ) (208 824 272 ) 
4 746 750 (208 824 240 ) (248 824 240 ) (248 824 272 ) (208 824 272 ) 
4 747 749 (208 824 8 ) (208 824 216 ) (208 1024 216 ) (208 1024 8 ) 
4 748 932 (248 840 -48 ) (248 824 -48 ) (208 824 -48 ) (208 840 -48 ) 
4 748 919 (248 848 -48 ) (248 840 -48 ) (208 840 -48 ) (208 848 -48 ) 
4 748 910 (248 964 -48 ) (248 848 -48 ) (208 848 -48 ) (208 964 -48 ) 
4 748 908 (248 1016 -48 ) (248 964 -48 ) (208 964 -48 ) (208 1016 -48 ) 
4 748 897 (208 1024 -48 ) (248 1024 -48 ) (248 1016 -48 ) (208 1016 -48 ) 
4 748 751 (208 824 -48 ) (248 824 -48 ) (248 824 -16 ) (208 824 -16 ) 
4 750 771 (248 808 240 ) (248 808 272 ) (208 808 272 ) (208 808 240 ) 
4 750 752 (208 824 272 ) (208 824 240 ) (208 808 240 ) (208 808 272 ) 
4 751 932 (248 824 -48 ) (248 808 -48 ) (208 808 -48 ) (208 824 -48 ) 
4 751 777 (208 808 -48 ) (248 808 -48 ) (248 808 -16 ) (208 808 -16 ) 
4 752 771 (208 808 240 ) (208 808 272 ) (176 808 272 ) (176 808 240 ) 
4 752 756 (176 808 240 ) (176 808 272 ) (176 824 272 ) (176 824 240 ) 
4 753 1246 (0 1024 272 ) (0 1024 240 ) (0 1008 240 ) (0 1008 272 ) 
4 753 755 (176 1008 240 ) (176 1008 272 ) (0 1008 272 ) (0 1008 240 ) 
4 754 1247 (0 1024 120 ) (0 1024 8 ) (0 1008 8 ) (0 1008 120 ) 
4 754 757 (104 1008 120 ) (0 1008 120 ) (0 1008 8 ) (104 1008 8 ) 
4 755 1264 (0 880 272 ) (0 1008 272 ) (0 1008 240 ) (0 880 240 ) 
4 756 1265 (0 808 240 ) (0 808 272 ) (0 848 272 ) (0 848 240 ) 
4 756 793 (32 808 272 ) (0 808 272 ) (0 808 240 ) (32 808 240 ) 
4 756 790 (48 808 272 ) (32 808 272 ) (32 808 240 ) (48 808 240 ) 
4 756 783 (176 808 240 ) (176 808 272 ) (48 808 272 ) (48 808 240 ) 
4 757 1270 (0 1008 -48 ) (0 808 -48 ) (0 808 208 ) (0 1008 208 ) 
4 757 936 (176 840 -48 ) (176 808 -48 ) (0 808 -48 ) (0 840 -48 ) 
4 757 931 (144 840 -48 ) (0 840 -48 ) (0 848 -48 ) (144 848 -48 ) 
4 757 924 (176 848 -48 ) (176 840 -48 ) (144 840 -48 ) (144 848 -48 ) 
4 757 911 (176 1008 -48 ) (176 848 -48 ) (0 848 -48 ) (0 1008 -48 ) 
4 757 794 (0 808 -48 ) (32 808 -48 ) (32 808 208 ) (0 808 208 ) 
4 757 791 (32 808 -48 ) (48 808 -48 ) (48 808 208 ) (32 808 208 ) 
4 757 784 (48 808 -48 ) (176 808 -48 ) (176 808 208 ) (48 808 208 ) 
4 758 770 (592 808 592 ) (592 808 432 ) (592 752 432 ) (592 752 592 ) 
4 758 763 (592 752 592 ) (592 752 432 ) (624 752 432 ) (624 752 592 ) 
4 759 772 (592 808 216 ) (592 808 8 ) (592 752 8 ) (592 752 216 ) 
4 759 765 (592 752 216 ) (592 752 8 ) (624 752 8 ) (624 752 216 ) 
4 760 932 (624 808 -48 ) (624 784 -48 ) (592 784 -48 ) (592 808 -48 ) 
4 760 777 (592 808 -16 ) (592 808 -48 ) (592 784 -48 ) (592 784 -16 ) 
4 760 761 (624 784 -48 ) (624 784 -16 ) (592 784 -16 ) (592 784 -48 ) 
4 761 934 (624 784 -48 ) (624 768 -48 ) (592 768 -48 ) (592 784 -48 ) 
4 761 778 (592 784 -48 ) (592 768 -48 ) (592 768 -16 ) (592 784 -16 ) 
4 761 762 (624 768 -48 ) (624 768 -16 ) (592 768 -16 ) (592 768 -48 ) 
4 762 938 (624 768 -48 ) (624 752 -48 ) (592 752 -48 ) (592 768 -48 ) 
4 762 780 (592 768 -48 ) (592 752 -48 ) (592 752 -16 ) (592 768 -16 ) 
4 762 766 (592 752 -16 ) (592 752 -48 ) (624 752 -48 ) (624 752 -16 ) 
4 763 770 (592 704 432 ) (592 704 592 ) (592 752 592 ) (592 752 432 ) 
4 763 767 (592 704 592 ) (592 704 432 ) (624 704 432 ) (624 704 592 ) 
4 764 771 (592 704 288 ) (592 704 368 ) (592 752 368 ) (592 752 288 ) 
4 765 772 (592 704 8 ) (592 704 216 ) (592 752 216 ) (592 752 8 ) 
4 765 768 (592 704 216 ) (592 704 8 ) (624 704 8 ) (624 704 216 ) 
4 766 938 (624 752 -48 ) (624 704 -48 ) (592 704 -48 ) (592 752 -48 ) 
4 766 780 (592 752 -48 ) (592 704 -48 ) (592 704 -16 ) (592 752 -16 ) 
4 766 769 (592 704 -16 ) (592 704 -48 ) (624 704 -48 ) (624 704 -16 ) 
4 767 812 (624 656 432 ) (624 656 592 ) (592 656 592 ) (592 656 432 ) 
4 767 773 (592 656 432 ) (592 656 592 ) (592 688 592 ) (592 688 432 ) 
4 767 770 (592 688 592 ) (592 704 592 ) (592 704 432 ) (592 688 432 ) 
4 768 819 (624 656 8 ) (624 656 216 ) (592 656 216 ) (592 656 8 ) 
4 768 775 (592 656 8 ) (592 656 216 ) (592 688 216 ) (592 688 8 ) 
4 768 772 (592 688 216 ) (592 704 216 ) (592 704 8 ) (592 688 8 ) 
4 769 938 (624 704 -48 ) (624 656 -48 ) (592 656 -48 ) (592 704 -48 ) 
4 769 820 (592 656 -48 ) (624 656 -48 ) (624 656 -16 ) (592 656 -16 ) 
4 769 780 (592 704 -48 ) (592 656 -48 ) (592 656 -16 ) (592 704 -16 ) 
4 770 782 (176 808 592 ) (176 808 432 ) (176 688 432 ) (176 688 592 ) 
4 770 776 (176 688 592 ) (176 688 432 ) (200 688 432 ) (200 688 592 ) 
4 770 773 (200 688 432 ) (592 688 432 ) (592 688 592 ) (200 688 592 ) 
4 771 783 (176 808 400 ) (176 808 240 ) (176 688 240 ) (176 688 400 ) 
4 771 774 (432 688 240 ) (592 688 240 ) (592 688 400 ) (432 688 400 ) 
4 772 775 (592 688 8 ) (592 688 216 ) (200 688 216 ) (200 688 8 ) 
4 773 858 (400 656 592 ) (200 656 592 ) (200 656 432 ) (400 656 432 ) 
4 773 814 (592 656 432 ) (592 656 592 ) (400 656 592 ) (400 656 432 ) 
4 773 776 (200 688 592 ) (200 688 432 ) (200 656 432 ) (200 656 592 ) 
4 774 815 (592 656 240 ) (592 656 400 ) (432 656 400 ) (432 656 240 ) 
4 775 868 (400 656 216 ) (200 656 216 ) (200 656 8 ) (400 656 8 ) 
4 775 819 (592 656 8 ) (592 656 216 ) (400 656 216 ) (400 656 8 ) 
4 776 858 (176 656 592 ) (176 656 432 ) (200 656 432 ) (200 656 592 ) 
4 776 785 (176 656 432 ) (176 656 592 ) (176 688 592 ) (176 688 432 ) 
4 777 932 (208 784 -48 ) (208 808 -48 ) (592 808 -48 ) (592 784 -48 ) 
4 777 778 (528 784 -48 ) (592 784 -48 ) (592 784 -16 ) (528 784 -16 ) 
4 777 779 (208 784 -16 ) (208 784 -48 ) (384 784 -48 ) (384 784 -16 ) 
4 778 934 (528 784 -48 ) (592 784 -48 ) (592 768 -48 ) (528 768 -48 ) 
4 778 780 (528 768 -48 ) (592 768 -48 ) (592 768 -16 ) (528 768 -16 ) 
4 779 935 (208 768 -48 ) (208 784 -48 ) (384 784 -48 ) (384 768 -48 ) 
4 779 781 (208 768 -16 ) (208 768 -48 ) (384 768 -48 ) (384 768 -16 ) 
4 780 938 (592 656 -48 ) (400 656 -48 ) (400 768 -48 ) (592 768 -48 ) 
4 780 820 (400 656 -48 ) (592 656 -48 ) (592 656 -16 ) (400 656 -16 ) 
4 781 939 (384 656 -48 ) (208 656 -48 ) (208 768 -48 ) (384 768 -48 ) 
4 781 870 (208 656 -48 ) (384 656 -48 ) (384 656 -16 ) (208 656 -16 ) 
4 782 788 (48 688 592 ) (48 688 432 ) (112 688 432 ) (112 688 592 ) 
4 782 785 (112 688 432 ) (176 688 432 ) (176 688 592 ) (112 688 592 ) 
4 783 790 (48 808 400 ) (48 808 240 ) (48 688 240 ) (48 688 400 ) 
4 783 786 (112 688 240 ) (176 688 240 ) (176 688 336 ) (112 688 336 ) 
4 784 940 (48 688 -48 ) (48 768 -48 ) (176 768 -48 ) (176 688 -48 ) 
4 784 936 (48 768 -48 ) (48 808 -48 ) (176 808 -48 ) (176 768 -48 ) 
4 784 791 (48 808 208 ) (48 808 -48 ) (48 688 -48 ) (48 688 208 ) 
4 784 789 (48 688 208 ) (48 688 -48 ) (112 688 -48 ) (112 688 208 ) 
4 784 787 (112 688 -48 ) (176 688 -48 ) (176 688 208 ) (112 688 208 ) 
4 785 858 (176 656 432 ) (176 656 592 ) (112 656 592 ) (112 656 432 ) 
4 785 788 (112 688 592 ) (112 688 432 ) (112 656 432 ) (112 656 592 ) 
4 786 875 (160 656 336 ) (112 656 336 ) (112 656 240 ) (160 656 240 ) 
4 786 872 (176 656 240 ) (176 656 336 ) (160 656 336 ) (160 656 240 ) 
4 787 940 (176 656 -48 ) (112 656 -48 ) (112 688 -48 ) (176 688 -48 ) 
4 787 882 (112 656 -48 ) (160 656 -48 ) (160 656 208 ) (112 656 208 ) 
4 787 873 (160 656 -48 ) (176 656 -48 ) (176 656 208 ) (160 656 208 ) 
4 787 789 (112 688 208 ) (112 688 -48 ) (112 656 -48 ) (112 656 208 ) 
4 788 858 (112 656 432 ) (112 656 592 ) (48 656 592 ) (48 656 432 ) 
4 789 940 (112 656 -48 ) (48 656 -48 ) (48 688 -48 ) (112 688 -48 ) 
4 789 882 (48 656 -48 ) (112 656 -48 ) (112 656 208 ) (48 656 208 ) 
4 789 792 (48 688 -48 ) (48 656 -48 ) (48 656 208 ) (48 688 208 ) 
4 790 793 (32 808 400 ) (32 808 240 ) (32 688 240 ) (32 688 400 ) 
4 791 940 (32 688 -48 ) (32 768 -48 ) (48 768 -48 ) (48 688 -48 ) 
4 791 936 (32 768 -48 ) (32 808 -48 ) (48 808 -48 ) (48 768 -48 ) 
4 791 794 (32 808 208 ) (32 808 -48 ) (32 688 -48 ) (32 688 208 ) 
4 791 792 (32 688 208 ) (32 688 -48 ) (48 688 -48 ) (48 688 208 ) 
4 792 940 (48 656 -48 ) (32 656 -48 ) (32 688 -48 ) (48 688 -48 ) 
4 792 882 (32 656 -48 ) (48 656 -48 ) (48 656 208 ) (32 656 208 ) 
4 792 794 (32 688 -48 ) (32 656 -48 ) (32 656 208 ) (32 688 208 ) 
4 793 1265 (0 808 400 ) (0 808 240 ) (0 688 240 ) (0 688 400 ) 
4 794 1270 (0 808 -48 ) (0 656 -48 ) (0 656 208 ) (0 808 208 ) 
4 794 940 (32 656 -48 ) (0 656 -48 ) (0 768 -48 ) (32 768 -48 ) 
4 794 936 (0 768 -48 ) (0 808 -48 ) (32 808 -48 ) (32 768 -48 ) 
4 794 893 (0 656 -48 ) (32 656 -48 ) (32 656 208 ) (0 656 208 ) 
4 795 811 (688 656 400 ) (688 656 240 ) (688 624 240 ) (688 624 400 ) 
4 795 797 (688 624 400 ) (688 624 240 ) (1024 624 240 ) (1024 624 400 ) 
4 796 828 (688 368 592 ) (688 496 592 ) (688 496 448 ) (688 368 448 ) 
4 797 811 (688 624 240 ) (688 528 240 ) (688 528 400 ) (688 624 400 ) 
4 798 842 (688 368 240 ) (688 240 240 ) (688 240 400 ) (688 368 400 ) 
4 798 830 (688 496 240 ) (688 368 240 ) (688 368 400 ) (688 496 400 ) 
4 798 799 (688 240 400 ) (688 240 240 ) (1024 240 240 ) (1024 240 400 ) 
4 799 847 (688 240 240 ) (688 224 240 ) (688 224 400 ) (688 240 400 ) 
4 799 802 (688 224 400 ) (688 224 240 ) (1024 224 240 ) (1024 224 400 ) 
4 800 801 (960 224 448 ) (960 32 448 ) (960 32 592 ) (960 224 592 ) 
4 801 846 (688 128 512 ) (688 128 448 ) (688 64 448 ) (688 64 512 ) 
4 801 805 (688 32 592 ) (688 32 448 ) (960 32 448 ) (960 32 592 ) 
4 802 847 (688 224 240 ) (688 208 240 ) (688 208 400 ) (688 224 400 ) 
4 803 848 (688 176 240 ) (688 32 240 ) (688 32 400 ) (688 176 400 ) 
4 803 808 (688 32 240 ) (688 128 240 ) (992 128 240 ) (992 32 240 ) 
4 803 806 (688 32 400 ) (688 32 240 ) (960 32 240 ) (960 32 400 ) 
4 803 804 (960 32 240 ) (1024 32 240 ) (1024 32 400 ) (960 32 400 ) 
4 804 1068 (1024 0 240 ) (1024 0 400 ) (960 0 400 ) (960 0 240 ) 
4 804 808 (960 32 240 ) (992 32 240 ) (992 0 240 ) (960 0 240 ) 
4 804 806 (960 32 400 ) (960 32 240 ) (960 0 240 ) (960 0 400 ) 
4 805 1063 (688 0 592 ) (688 0 448 ) (960 0 448 ) (960 0 592 ) 
4 806 1068 (688 0 400 ) (688 0 240 ) (960 0 240 ) (960 0 400 ) 
4 806 848 (688 32 240 ) (688 0 240 ) (688 0 400 ) (688 32 400 ) 
4 806 808 (688 0 240 ) (688 32 240 ) (960 32 240 ) (960 0 240 ) 
4 807 852 (688 240 8 ) (688 184 8 ) (688 184 216 ) (688 240 216 ) 
4 807 844 (688 368 8 ) (688 240 8 ) (688 240 216 ) (688 368 216 ) 
4 807 831 (688 496 8 ) (688 368 8 ) (688 368 216 ) (688 496 216 ) 
4 807 821 (688 528 8 ) (688 496 8 ) (688 496 216 ) (688 528 216 ) 
4 807 817 (688 656 216 ) (688 656 8 ) (688 528 8 ) (688 528 216 ) 
4 808 1077 (992 0 240 ) (688 0 240 ) (688 0 160 ) (992 0 160 ) 
4 808 856 (688 0 160 ) (688 0 240 ) (688 128 240 ) (688 128 160 ) 
4 809 1087 (1024 0 -48 ) (1024 0 -16 ) (880 0 -16 ) (880 0 -48 ) 
4 809 937 (1024 656 -48 ) (1024 0 -48 ) (880 0 -48 ) (880 656 -48 ) 
4 810 938 (864 0 -48 ) (688 0 -48 ) (688 656 -48 ) (864 656 -48 ) 
4 810 857 (688 128 -48 ) (688 0 -48 ) (688 0 -16 ) (688 128 -16 ) 
4 810 855 (688 176 -48 ) (688 128 -48 ) (688 128 -16 ) (688 176 -16 ) 
4 810 854 (688 184 -48 ) (688 176 -48 ) (688 176 -16 ) (688 184 -16 ) 
4 810 853 (688 240 -48 ) (688 184 -48 ) (688 184 -16 ) (688 240 -16 ) 
4 810 845 (688 368 -48 ) (688 240 -48 ) (688 240 -16 ) (688 368 -16 ) 
4 810 832 (688 496 -48 ) (688 368 -48 ) (688 368 -16 ) (688 496 -16 ) 
4 810 822 (688 528 -48 ) (688 496 -48 ) (688 496 -16 ) (688 528 -16 ) 
4 810 818 (688 656 -16 ) (688 656 -48 ) (688 528 -48 ) (688 528 -16 ) 
4 811 816 (656 560 240 ) (656 624 240 ) (688 624 240 ) (688 560 240 ) 
4 811 813 (656 656 400 ) (656 656 240 ) (656 528 240 ) (656 528 400 ) 
4 812 814 (592 656 592 ) (592 656 432 ) (592 528 432 ) (592 528 592 ) 
4 813 816 (632 560 240 ) (632 624 240 ) (656 624 240 ) (656 560 240 ) 
4 814 858 (400 656 592 ) (400 656 432 ) (400 528 432 ) (400 528 592 ) 
4 814 823 (528 528 448 ) (528 528 560 ) (448 528 560 ) (448 528 448 ) 
4 816 817 (632 560 216 ) (632 624 216 ) (688 624 216 ) (688 560 216 ) 
4 817 821 (688 528 8 ) (688 528 216 ) (632 528 216 ) (632 528 8 ) 
4 817 819 (632 528 8 ) (632 528 216 ) (632 656 216 ) (632 656 8 ) 
4 818 938 (632 656 -48 ) (688 656 -48 ) (688 528 -48 ) (632 528 -48 ) 
4 818 822 (632 528 -48 ) (688 528 -48 ) (688 528 -16 ) (632 528 -16 ) 
4 818 820 (632 528 -48 ) (632 528 -16 ) (632 656 -16 ) (632 656 -48 ) 
4 819 868 (400 656 216 ) (400 656 8 ) (400 528 8 ) (400 528 216 ) 
4 819 826 (400 528 216 ) (400 528 8 ) (448 528 8 ) (448 528 216 ) 
4 819 824 (448 528 8 ) (528 528 8 ) (528 528 216 ) (448 528 216 ) 
4 819 821 (528 528 8 ) (632 528 8 ) (632 528 216 ) (528 528 216 ) 
4 820 938 (400 528 -48 ) (400 656 -48 ) (632 656 -48 ) (632 528 -48 ) 
4 820 827 (400 528 -16 ) (400 528 -48 ) (448 528 -48 ) (448 528 -16 ) 
4 820 825 (448 528 -48 ) (528 528 -48 ) (528 528 -16 ) (448 528 -16 ) 
4 820 822 (528 528 -48 ) (632 528 -48 ) (632 528 -16 ) (528 528 -16 ) 
4 821 831 (688 496 8 ) (688 496 216 ) (528 496 216 ) (528 496 8 ) 
4 821 824 (528 528 216 ) (528 528 8 ) (528 496 8 ) (528 496 216 ) 
4 822 938 (528 528 -48 ) (688 528 -48 ) (688 496 -48 ) (528 496 -48 ) 
4 822 832 (528 496 -48 ) (688 496 -48 ) (688 496 -16 ) (528 496 -16 ) 
4 822 825 (528 528 -16 ) (528 528 -48 ) (528 496 -48 ) (528 496 -16 ) 
4 823 829 (528 496 448 ) (528 496 560 ) (448 496 560 ) (448 496 448 ) 
4 824 831 (528 496 8 ) (528 496 216 ) (448 496 216 ) (448 496 8 ) 
4 824 826 (448 528 216 ) (448 528 8 ) (448 496 8 ) (448 496 216 ) 
4 825 938 (448 528 -48 ) (528 528 -48 ) (528 496 -48 ) (448 496 -48 ) 
4 825 832 (448 496 -48 ) (528 496 -48 ) (528 496 -16 ) (448 496 -16 ) 
4 825 827 (448 528 -16 ) (448 528 -48 ) (448 496 -48 ) (448 496 -16 ) 
4 826 868 (400 496 8 ) (400 496 216 ) (400 528 216 ) (400 528 8 ) 
4 826 834 (400 496 216 ) (400 496 8 ) (432 496 8 ) (432 496 216 ) 
4 826 831 (432 496 8 ) (448 496 8 ) (448 496 216 ) (432 496 216 ) 
4 827 938 (400 496 -48 ) (400 528 -48 ) (448 528 -48 ) (448 496 -48 ) 
4 827 835 (400 496 -16 ) (400 496 -48 ) (432 496 -48 ) (432 496 -16 ) 
4 827 832 (432 496 -48 ) (448 496 -48 ) (448 496 -16 ) (432 496 -16 ) 
4 828 829 (672 496 448 ) (672 368 448 ) (672 368 592 ) (672 496 592 ) 
4 829 840 (448 368 560 ) (448 368 448 ) (528 368 448 ) (528 368 560 ) 
4 829 836 (432 384 448 ) (432 368 448 ) (432 368 592 ) (432 384 592 ) 
4 829 833 (432 496 592 ) (432 496 448 ) (432 384 448 ) (432 384 592 ) 
4 830 842 (688 368 240 ) (688 368 400 ) (432 368 400 ) (432 368 240 ) 
4 830 837 (432 384 240 ) (432 368 240 ) (432 368 400 ) (432 384 400 ) 
4 831 844 (688 368 8 ) (688 368 216 ) (432 368 216 ) (432 368 8 ) 
4 831 838 (432 384 8 ) (432 368 8 ) (432 368 216 ) (432 384 216 ) 
4 831 834 (432 496 216 ) (432 496 8 ) (432 384 8 ) (432 384 216 ) 
4 832 938 (432 496 -48 ) (688 496 -48 ) (688 368 -48 ) (432 368 -48 ) 
4 832 845 (432 368 -48 ) (688 368 -48 ) (688 368 -16 ) (432 368 -16 ) 
4 832 839 (432 384 -48 ) (432 368 -48 ) (432 368 -16 ) (432 384 -16 ) 
4 832 835 (432 496 -16 ) (432 496 -48 ) (432 384 -48 ) (432 384 -16 ) 
4 833 859 (400 384 448 ) (400 384 592 ) (400 496 592 ) (400 496 448 ) 
4 833 836 (400 384 592 ) (400 384 448 ) (432 384 448 ) (432 384 592 ) 
4 834 868 (400 384 8 ) (400 384 216 ) (400 496 216 ) (400 496 8 ) 
4 834 838 (400 384 216 ) (400 384 8 ) (432 384 8 ) (432 384 216 ) 
4 835 938 (400 384 -48 ) (400 496 -48 ) (432 496 -48 ) (432 384 -48 ) 
4 835 839 (400 384 -16 ) (400 384 -48 ) (432 384 -48 ) (432 384 -16 ) 
4 836 859 (400 368 448 ) (400 368 592 ) (400 384 592 ) (400 384 448 ) 
4 837 867 (400 368 240 ) (400 368 400 ) (400 384 400 ) (400 384 240 ) 
4 837 843 (400 368 400 ) (400 368 240 ) (432 368 240 ) (432 368 400 ) 
4 838 868 (400 368 8 ) (400 368 216 ) (400 384 216 ) (400 384 8 ) 
4 838 844 (400 368 216 ) (400 368 8 ) (432 368 8 ) (432 368 216 ) 
4 839 938 (400 368 -48 ) (400 384 -48 ) (432 384 -48 ) (432 368 -48 ) 
4 839 845 (400 368 -16 ) (400 368 -48 ) (432 368 -48 ) (432 368 -16 ) 
4 840 841 (528 352 448 ) (528 352 560 ) (448 352 560 ) (448 352 448 ) 
4 841 861 (400 240 432 ) (400 240 592 ) (400 336 592 ) (400 336 432 ) 
4 841 860 (400 336 592 ) (400 352 592 ) (400 352 432 ) (400 336 432 ) 
4 841 849 (400 240 592 ) (400 240 432 ) (672 240 432 ) (672 240 592 ) 
4 842 850 (432 240 240 ) (672 240 240 ) (672 240 400 ) (432 240 400 ) 
4 842 847 (672 240 240 ) (688 240 240 ) (688 240 400 ) (672 240 400 ) 
4 842 843 (432 368 240 ) (432 240 240 ) (432 240 400 ) (432 368 400 ) 
4 843 867 (400 240 240 ) (400 240 400 ) (400 368 400 ) (400 368 240 ) 
4 844 868 (400 240 8 ) (400 240 216 ) (400 368 216 ) (400 368 8 ) 
4 844 852 (400 240 216 ) (400 240 8 ) (688 240 8 ) (688 240 216 ) 
4 845 938 (400 240 -48 ) (400 368 -48 ) (688 368 -48 ) (688 240 -48 ) 
4 845 853 (400 240 -16 ) (400 240 -48 ) (688 240 -48 ) (688 240 -16 ) 
4 846 849 (672 128 448 ) (672 64 448 ) (672 64 512 ) (672 128 512 ) 
4 847 850 (672 240 400 ) (672 240 240 ) (672 208 240 ) (672 208 400 ) 
4 848 1068 (672 0 400 ) (672 0 240 ) (688 0 240 ) (688 0 400 ) 
4 848 856 (688 128 240 ) (688 0 240 ) (672 0 240 ) (672 128 240 ) 
4 848 851 (672 176 240 ) (672 0 240 ) (672 0 400 ) (672 176 400 ) 
4 849 1069 (400 0 448 ) (400 0 432 ) (560 0 432 ) (560 0 448 ) 
4 849 1064 (400 0 592 ) (400 0 448 ) (560 0 448 ) (560 0 592 ) 
4 849 861 (400 0 432 ) (400 0 592 ) (400 240 592 ) (400 240 432 ) 
4 851 1070 (400 0 400 ) (400 0 240 ) (560 0 240 ) (560 0 400 ) 
4 851 1068 (560 0 240 ) (672 0 240 ) (672 0 400 ) (560 0 400 ) 
4 851 887 (400 0 240 ) (400 0 400 ) (400 16 400 ) (400 16 240 ) 
4 851 885 (400 16 400 ) (400 128 400 ) (400 128 240 ) (400 16 240 ) 
4 851 883 (400 128 400 ) (400 176 400 ) (400 176 240 ) (400 128 240 ) 
4 851 856 (400 0 240 ) (400 128 240 ) (672 128 240 ) (672 0 240 ) 
4 852 869 (400 184 8 ) (400 184 216 ) (400 208 216 ) (400 208 8 ) 
4 852 868 (400 208 216 ) (400 240 216 ) (400 240 8 ) (400 208 8 ) 
4 853 938 (400 184 -48 ) (400 240 -48 ) (688 240 -48 ) (688 184 -48 ) 
4 853 854 (688 184 -48 ) (688 184 -16 ) (400 184 -16 ) (400 184 -48 ) 
4 854 938 (400 176 -48 ) (400 184 -48 ) (688 184 -48 ) (688 176 -48 ) 
4 854 855 (688 176 -48 ) (688 176 -16 ) (400 176 -16 ) (400 176 -48 ) 
4 855 938 (400 128 -48 ) (400 176 -48 ) (688 176 -48 ) (688 128 -48 ) 
4 855 857 (688 128 -48 ) (688 128 -16 ) (400 128 -16 ) (400 128 -48 ) 
4 856 1077 (400 0 240 ) (400 0 160 ) (688 0 160 ) (688 0 240 ) 
4 856 888 (400 0 160 ) (400 0 240 ) (400 128 240 ) (400 128 160 ) 
4 857 938 (688 0 -48 ) (400 0 -48 ) (400 128 -48 ) (688 128 -48 ) 
4 860 861 (400 336 432 ) (400 336 592 ) (320 336 592 ) (320 336 432 ) 
4 861 1069 (352 0 432 ) (400 0 432 ) (400 0 448 ) (352 0 448 ) 
4 861 1064 (352 0 448 ) (400 0 448 ) (400 0 592 ) (352 0 592 ) 
4 862 865 (288 176 432 ) (288 176 592 ) (160 176 592 ) (160 176 432 ) 
4 862 863 (160 336 592 ) (160 336 432 ) (160 176 432 ) (160 176 592 ) 
4 863 865 (160 176 432 ) (160 176 592 ) (80 176 592 ) (80 176 432 ) 
4 863 864 (80 336 592 ) (80 336 432 ) (80 176 432 ) (80 176 592 ) 
4 864 865 (32 176 592 ) (32 176 432 ) (80 176 432 ) (80 176 592 ) 
4 865 891 (32 64 568 ) (32 128 568 ) (32 128 448 ) (32 64 448 ) 
4 865 866 (32 16 592 ) (32 16 432 ) (288 16 432 ) (288 16 592 ) 
4 866 1115 (32 0 592 ) (32 0 432 ) (176 0 432 ) (176 0 592 ) 
4 866 1113 (176 0 432 ) (208 0 432 ) (208 0 592 ) (176 0 592 ) 
4 866 1072 (208 0 432 ) (288 0 432 ) (288 0 448 ) (208 0 448 ) 
4 866 1065 (288 0 448 ) (288 0 592 ) (208 0 592 ) (208 0 448 ) 
4 867 871 (200 208 400 ) (200 656 400 ) (200 656 240 ) (200 208 240 ) 
4 868 869 (200 208 216 ) (200 208 8 ) (400 208 8 ) (400 208 216 ) 
4 870 939 (208 656 -48 ) (384 656 -48 ) (384 176 -48 ) (208 176 -48 ) 
4 870 889 (384 176 -16 ) (208 176 -16 ) (208 176 -48 ) (384 176 -48 ) 
4 871 872 (176 208 400 ) (176 656 400 ) (176 656 240 ) (176 208 240 ) 
4 872 875 (160 656 384 ) (160 656 240 ) (160 208 240 ) (160 208 384 ) 
4 872 874 (160 208 400 ) (160 656 400 ) (160 656 384 ) (160 208 384 ) 
4 873 940 (160 656 -48 ) (176 656 -48 ) (176 176 -48 ) (160 176 -48 ) 
4 873 890 (160 176 208 ) (160 176 -48 ) (176 176 -48 ) (176 176 208 ) 
4 873 882 (160 176 -48 ) (160 176 208 ) (160 656 208 ) (160 656 -48 ) 
4 874 881 (80 208 400 ) (80 592 400 ) (80 592 384 ) (80 208 384 ) 
4 874 877 (80 592 400 ) (80 656 400 ) (80 656 384 ) (80 592 384 ) 
4 874 875 (80 208 384 ) (80 656 384 ) (160 656 384 ) (160 208 384 ) 
4 875 881 (80 592 240 ) (80 208 240 ) (80 208 384 ) (80 592 384 ) 
4 875 877 (80 656 240 ) (80 592 240 ) (80 592 384 ) (80 656 384 ) 
4 875 876 (160 208 384 ) (80 208 384 ) (80 208 240 ) (160 208 240 ) 
4 876 886 (80 176 384 ) (80 176 240 ) (160 176 240 ) (160 176 384 ) 
4 877 881 (48 592 240 ) (80 592 240 ) (80 592 400 ) (48 592 400 ) 
4 877 878 (48 656 240 ) (48 592 240 ) (48 592 400 ) (48 656 400 ) 
4 878 879 (42 656 240 ) (42 592 240 ) (42 592 400 ) (42 656 400 ) 
4 879 880 (38 656 240 ) (38 592 240 ) (38 592 400 ) (38 656 400 ) 
4 880 892 (32 656 400 ) (32 656 240 ) (32 592 240 ) (32 592 400 ) 
4 882 940 (32 176 -48 ) (32 656 -48 ) (160 656 -48 ) (160 176 -48 ) 
4 882 894 (32 568 -48 ) (32 176 -48 ) (32 176 208 ) (32 568 208 ) 
4 882 893 (32 656 208 ) (32 656 -48 ) (32 568 -48 ) (32 568 208 ) 
4 882 890 (32 176 208 ) (32 176 -48 ) (160 176 -48 ) (160 176 208 ) 
4 883 885 (208 128 240 ) (400 128 240 ) (400 128 400 ) (208 128 400 ) 
4 883 884 (208 176 400 ) (208 176 240 ) (208 128 240 ) (208 128 400 ) 
4 884 886 (176 176 400 ) (176 176 240 ) (176 128 240 ) (176 128 400 ) 
4 885 888 (400 128 240 ) (400 16 240 ) (208 16 240 ) (208 128 240 ) 
4 885 887 (208 16 240 ) (400 16 240 ) (400 16 400 ) (208 16 400 ) 
4 887 1073 (208 0 240 ) (288 0 240 ) (288 0 400 ) (208 0 400 ) 
4 887 1071 (288 0 240 ) (352 0 240 ) (352 0 400 ) (288 0 400 ) 
4 887 1070 (352 0 240 ) (400 0 240 ) (400 0 400 ) (352 0 400 ) 
4 887 888 (208 16 240 ) (400 16 240 ) (400 0 240 ) (208 0 240 ) 
4 888 1077 (400 0 160 ) (400 0 240 ) (208 0 240 ) (208 0 160 ) 
4 889 1088 (208 0 -48 ) (384 0 -48 ) (384 0 -16 ) (208 0 -16 ) 
4 889 939 (384 0 -48 ) (208 0 -48 ) (208 176 -48 ) (384 176 -48 ) 
4 890 1116 (32 0 208 ) (32 0 -48 ) (176 0 -48 ) (176 0 208 ) 
4 890 940 (176 0 -48 ) (32 0 -48 ) (32 176 -48 ) (176 176 -48 ) 
4 890 894 (32 176 -48 ) (32 0 -48 ) (32 0 208 ) (32 176 208 ) 
4 891 1214 (0 64 568 ) (0 128 568 ) (0 128 448 ) (0 64 448 ) 
4 892 1268 (0 656 400 ) (0 656 240 ) (0 592 240 ) (0 592 400 ) 
4 893 1270 (0 656 -48 ) (0 568 -48 ) (0 568 208 ) (0 656 208 ) 
4 893 940 (0 568 -48 ) (0 656 -48 ) (32 656 -48 ) (32 568 -48 ) 
4 893 896 (0 568 -48 ) (8 568 -48 ) (8 568 208 ) (0 568 208 ) 
4 893 894 (8 568 -48 ) (32 568 -48 ) (32 568 208 ) (8 568 208 ) 
4 894 1125 (8 0 -48 ) (16 0 -48 ) (16 0 208 ) (8 0 208 ) 
4 894 1121 (16 0 -48 ) (32 0 -48 ) (32 0 208 ) (16 0 208 ) 
4 894 940 (32 0 -48 ) (8 0 -48 ) (8 568 -48 ) (32 568 -48 ) 
4 894 896 (8 568 208 ) (8 568 -48 ) (8 0 -48 ) (8 0 208 ) 
4 895 1289 (0 0 232 ) (0 0 408 ) (0 496 408 ) (0 496 232 ) 
4 895 1274 (0 496 408 ) (0 568 408 ) (0 568 232 ) (0 496 232 ) 
4 895 1123 (0 0 408 ) (0 0 232 ) (8 0 232 ) (8 0 408 ) 
4 896 1322 (0 496 -48 ) (0 0 -48 ) (0 0 208 ) (0 496 208 ) 
4 896 1275 (0 568 -48 ) (0 496 -48 ) (0 496 208 ) (0 568 208 ) 
4 896 1125 (0 0 208 ) (0 0 -48 ) (8 0 -48 ) (8 0 208 ) 
4 896 940 (8 0 -48 ) (0 0 -48 ) (0 568 -48 ) (8 568 -48 ) 
4 897 908 (472 1016 -48 ) (208 1016 -48 ) (208 1016 -224 ) (472 1016 -224 ) 
4 897 898 (1024 1016 -224 ) (1024 1016 -48 ) (472 1016 -48 ) (472 1016 -224 ) 
4 898 932 (1024 840 -48 ) (472 840 -48 ) (472 840 -224 ) (1024 840 -224 ) 
4 898 919 (472 848 -224 ) (472 840 -224 ) (472 840 -48 ) (472 848 -48 ) 
4 898 910 (472 964 -224 ) (472 848 -224 ) (472 848 -48 ) (472 964 -48 ) 
4 898 908 (472 1016 -48 ) (472 1016 -224 ) (472 964 -224 ) (472 964 -48 ) 
4 899 912 (472 1016 -248 ) (472 1016 -328 ) (472 964 -328 ) (472 964 -248 ) 
4 899 902 (816 1016 -328 ) (920 1016 -328 ) (920 964 -328 ) (816 964 -328 ) 
4 899 901 (472 964 -328 ) (480 964 -328 ) (480 964 -248 ) (472 964 -248 ) 
4 899 900 (480 964 -328 ) (920 964 -328 ) (920 964 -248 ) (480 964 -248 ) 
4 900 943 (480 840 -328 ) (792 840 -328 ) (792 840 -248 ) (480 840 -248 ) 
4 900 942 (792 840 -328 ) (816 840 -328 ) (816 840 -248 ) (792 840 -248 ) 
4 900 941 (816 840 -328 ) (920 840 -328 ) (920 840 -248 ) (816 840 -248 ) 
4 900 902 (920 840 -328 ) (816 840 -328 ) (816 964 -328 ) (920 964 -328 ) 
4 900 901 (480 944 -248 ) (480 964 -248 ) (480 964 -328 ) (480 944 -328 ) 
4 901 912 (472 964 -328 ) (472 944 -328 ) (472 944 -248 ) (472 964 -248 ) 
4 902 941 (920 840 -792 ) (920 840 -328 ) (816 840 -328 ) (816 840 -792 ) 
4 902 903 (816 944 -536 ) (816 1016 -536 ) (816 1016 -632 ) (816 944 -632 ) 
4 903 904 (792 944 -536 ) (792 1016 -536 ) (792 1016 -632 ) (792 944 -632 ) 
4 904 944 (792 840 -632 ) (792 840 -344 ) (768 840 -344 ) (768 840 -632 ) 
4 904 946 (768 840 -344 ) (480 840 -344 ) (480 840 -632 ) (768 840 -632 ) 
4 904 906 (480 944 -528 ) (480 1016 -528 ) (480 1016 -608 ) (480 944 -608 ) 
4 905 945 (792 840 -792 ) (792 840 -648 ) (768 840 -648 ) (768 840 -792 ) 
4 905 946 (768 840 -648 ) (480 840 -648 ) (480 840 -792 ) (768 840 -792 ) 
4 905 907 (480 888 -696 ) (480 976 -696 ) (480 976 -792 ) (480 888 -792 ) 
4 906 916 (472 1016 -528 ) (472 1016 -608 ) (472 944 -608 ) (472 944 -528 ) 
4 907 918 (472 976 -792 ) (472 888 -792 ) (472 888 -696 ) (472 976 -696 ) 
4 908 910 (208 964 -48 ) (208 964 -224 ) (472 964 -224 ) (472 964 -48 ) 
4 908 909 (280 964 -224 ) (208 964 -224 ) (208 1016 -224 ) (280 1016 -224 ) 
4 909 912 (208 964 -248 ) (208 1016 -248 ) (280 1016 -248 ) (280 964 -248 ) 
4 910 919 (472 848 -224 ) (472 848 -48 ) (208 848 -48 ) (208 848 -224 ) 
4 911 1270 (0 848 -224 ) (0 848 -48 ) (0 1008 -48 ) (0 1008 -224 ) 
4 911 931 (144 848 -48 ) (0 848 -48 ) (0 848 -224 ) (144 848 -224 ) 
4 911 924 (176 848 -48 ) (144 848 -48 ) (144 848 -224 ) (176 848 -224 ) 
4 912 923 (176 848 -288 ) (176 848 -368 ) (208 848 -368 ) (208 848 -288 ) 
4 912 922 (232 848 -288 ) (208 848 -288 ) (208 848 -368 ) (232 848 -368 ) 
4 912 920 (440 848 -288 ) (384 848 -288 ) (384 848 -368 ) (440 848 -368 ) 
4 912 921 (336 848 -288 ) (288 848 -288 ) (288 848 -368 ) (336 848 -368 ) 
4 912 913 (144 880 -368 ) (144 1016 -368 ) (280 1016 -368 ) (260 964 -368 ) 
4 913 914 (144 880 -376 ) (144 1016 -376 ) (280 1016 -376 ) (260 964 -376 ) 
4 914 926 (336 848 -408 ) (288 848 -408 ) (288 848 -488 ) (336 848 -488 ) 
4 914 927 (232 848 -408 ) (176 848 -408 ) (176 848 -488 ) (232 848 -488 ) 
4 914 925 (440 848 -408 ) (384 848 -408 ) (384 848 -488 ) (440 848 -488 ) 
4 914 915 (144 880 -488 ) (144 1016 -488 ) (280 1016 -488 ) (260 964 -488 ) 
4 915 916 (144 880 -496 ) (144 1016 -496 ) (280 1016 -496 ) (260 964 -496 ) 
4 916 930 (232 848 -528 ) (176 848 -528 ) (176 848 -608 ) (232 848 -608 ) 
4 916 928 (440 848 -528 ) (384 848 -528 ) (384 848 -608 ) (440 848 -608 ) 
4 916 929 (336 848 -528 ) (288 848 -528 ) (288 848 -608 ) (336 848 -608 ) 
4 916 917 (144 880 -608 ) (144 1016 -608 ) (280 1016 -608 ) (260 964 -608 ) 
4 917 918 (144 880 -616 ) (144 1016 -616 ) (280 1016 -616 ) (260 964 -616 ) 
4 919 932 (472 840 -48 ) (208 840 -48 ) (208 840 -224 ) (472 840 -224 ) 
4 920 946 (384 840 -368 ) (440 840 -368 ) (440 840 -328 ) (384 840 -328 ) 
4 920 943 (440 840 -328 ) (440 840 -288 ) (384 840 -288 ) (384 840 -328 ) 
4 921 946 (288 840 -368 ) (336 840 -368 ) (336 840 -328 ) (288 840 -328 ) 
4 921 943 (336 840 -328 ) (336 840 -288 ) (288 840 -288 ) (288 840 -328 ) 
4 922 994 (208 840 -288 ) (208 840 -368 ) (232 840 -368 ) (232 840 -288 ) 
4 922 923 (208 848 -288 ) (208 848 -368 ) (208 840 -368 ) (208 840 -288 ) 
4 923 998 (176 840 -288 ) (176 840 -368 ) (208 840 -368 ) (208 840 -288 ) 
4 924 936 (176 840 -48 ) (144 840 -48 ) (144 840 -224 ) (176 840 -224 ) 
4 924 931 (144 848 -48 ) (144 848 -224 ) (144 840 -224 ) (144 840 -48 ) 
4 925 946 (384 840 -488 ) (440 840 -488 ) (440 840 -408 ) (384 840 -408 ) 
4 926 946 (288 840 -488 ) (336 840 -488 ) (336 840 -408 ) (288 840 -408 ) 
4 927 998 (176 840 -488 ) (208 840 -488 ) (208 840 -408 ) (176 840 -408 ) 
4 927 994 (208 840 -488 ) (232 840 -488 ) (232 840 -408 ) (208 840 -408 ) 
4 928 946 (384 840 -608 ) (440 840 -608 ) (440 840 -528 ) (384 840 -528 ) 
4 929 946 (288 840 -608 ) (336 840 -608 ) (336 840 -528 ) (288 840 -528 ) 
4 930 1004 (176 840 -608 ) (232 840 -608 ) (232 840 -528 ) (176 840 -528 ) 
4 931 1270 (0 840 -224 ) (0 840 -48 ) (0 848 -48 ) (0 848 -224 ) 
4 931 936 (144 840 -48 ) (0 840 -48 ) (0 840 -224 ) (144 840 -224 ) 
4 932 935 (208 784 -48 ) (208 784 -224 ) (384 784 -224 ) (384 784 -48 ) 
4 932 933 (880 784 -224 ) (1024 784 -224 ) (1024 784 -48 ) (880 784 -48 ) 
4 932 934 (528 784 -224 ) (704 784 -224 ) (704 784 -48 ) (528 784 -48 ) 
4 933 937 (880 768 -224 ) (1024 768 -224 ) (1024 768 -48 ) (880 768 -48 ) 
4 934 938 (528 768 -224 ) (704 768 -224 ) (704 768 -48 ) (528 768 -48 ) 
4 935 939 (208 768 -224 ) (384 768 -224 ) (384 768 -48 ) (208 768 -48 ) 
4 936 1270 (0 768 -48 ) (0 840 -48 ) (0 840 -224 ) (0 768 -224 ) 
4 936 940 (0 768 -224 ) (176 768 -224 ) (176 768 -48 ) (0 768 -48 ) 
4 937 1087 (1024 0 -224 ) (1024 0 -48 ) (880 0 -48 ) (880 0 -224 ) 
4 939 1088 (384 0 -48 ) (208 0 -48 ) (208 0 -224 ) (384 0 -224 ) 
4 940 1322 (0 0 -224 ) (0 0 -48 ) (0 496 -48 ) (0 496 -224 ) 
4 940 1275 (0 496 -48 ) (0 568 -48 ) (0 568 -224 ) (0 496 -224 ) 
4 940 1270 (0 568 -48 ) (0 768 -48 ) (0 768 -224 ) (0 568 -224 ) 
4 940 1125 (16 0 -48 ) (0 0 -48 ) (0 0 -224 ) (16 0 -224 ) 
4 940 1121 (32 0 -48 ) (16 0 -48 ) (16 0 -224 ) (32 0 -224 ) 
4 940 1116 (176 0 -48 ) (32 0 -48 ) (32 0 -224 ) (176 0 -224 ) 
4 941 949 (816 824 -792 ) (920 824 -792 ) (920 824 -680 ) (816 824 -680 ) 
4 941 948 (872 824 -384 ) (816 824 -384 ) (816 824 -472 ) (872 824 -472 ) 
4 941 947 (920 824 -328 ) (920 824 -248 ) (816 824 -248 ) (816 824 -328 ) 
4 941 942 (816 824 -328 ) (816 824 -248 ) (816 840 -248 ) (816 840 -328 ) 
4 942 943 (792 824 -328 ) (792 824 -248 ) (792 840 -248 ) (792 840 -328 ) 
4 943 994 (288 824 -328 ) (288 824 -248 ) (288 840 -248 ) (288 840 -328 ) 
4 943 955 (288 824 -248 ) (288 824 -328 ) (680 824 -328 ) (680 824 -248 ) 
4 943 953 (680 824 -328 ) (768 824 -328 ) (768 824 -248 ) (680 824 -248 ) 
4 943 946 (768 824 -328 ) (288 824 -328 ) (288 840 -328 ) (768 840 -328 ) 
4 944 946 (768 824 -632 ) (768 824 -344 ) (768 840 -344 ) (768 840 -632 ) 
4 945 946 (768 840 -792 ) (768 824 -792 ) (768 824 -648 ) (768 840 -648 ) 
4 946 1005 (288 840 -792 ) (288 824 -792 ) (288 824 -688 ) (288 840 -688 ) 
4 946 1001 (288 824 -664 ) (288 824 -496 ) (288 840 -496 ) (288 840 -664 ) 
4 946 995 (288 824 -496 ) (288 824 -488 ) (288 840 -488 ) (288 840 -496 ) 
4 946 994 (288 824 -488 ) (288 824 -328 ) (288 840 -328 ) (288 840 -488 ) 
4 946 958 (328 824 -792 ) (576 824 -792 ) (576 824 -672 ) (328 824 -672 ) 
4 946 959 (288 824 -672 ) (288 824 -792 ) (312 824 -792 ) (312 824 -672 ) 
4 946 956 (576 824 -792 ) (680 824 -792 ) (680 824 -672 ) (576 824 -672 ) 
4 946 955 (288 824 -328 ) (288 824 -672 ) (680 824 -672 ) (680 824 -328 ) 
4 946 953 (680 824 -792 ) (768 824 -792 ) (768 824 -328 ) (680 824 -328 ) 
4 947 950 (816 800 -248 ) (816 800 -328 ) (920 800 -328 ) (920 800 -248 ) 
4 948 950 (816 800 -384 ) (816 800 -472 ) (872 800 -472 ) (872 800 -384 ) 
4 949 950 (816 800 -680 ) (816 800 -792 ) (920 800 -792 ) (920 800 -680 ) 
4 950 952 (816 728 -248 ) (816 776 -248 ) (816 776 -792 ) (816 728 -792 ) 
4 950 951 (816 728 -248 ) (816 728 -672 ) (920 728 -672 ) (920 728 -248 ) 
4 951 960 (920 712 -672 ) (920 712 -248 ) (816 712 -248 ) (816 712 -672 ) 
4 951 954 (816 712 -672 ) (816 712 -248 ) (816 728 -248 ) (816 728 -672 ) 
4 952 954 (816 728 -672 ) (816 728 -248 ) (768 728 -248 ) (768 728 -672 ) 
4 952 953 (768 728 -792 ) (768 728 -248 ) (768 776 -248 ) (768 776 -792 ) 
4 953 956 (680 824 -672 ) (680 824 -792 ) (680 728 -792 ) (680 728 -672 ) 
4 953 955 (680 728 -248 ) (680 824 -248 ) (680 824 -672 ) (680 728 -672 ) 
4 953 954 (680 728 -248 ) (680 728 -672 ) (768 728 -672 ) (768 728 -248 ) 
4 954 969 (680 712 -376 ) (680 712 -672 ) (720 712 -672 ) (720 712 -376 ) 
4 954 966 (688 712 -248 ) (680 712 -248 ) (680 712 -376 ) (688 712 -376 ) 
4 954 965 (720 712 -248 ) (688 712 -248 ) (688 712 -376 ) (720 712 -376 ) 
4 954 962 (768 712 -248 ) (720 712 -248 ) (720 712 -672 ) (768 712 -672 ) 
4 954 961 (816 712 -672 ) (816 712 -248 ) (768 712 -248 ) (768 712 -672 ) 
4 954 955 (680 712 -672 ) (680 712 -248 ) (680 728 -248 ) (680 728 -672 ) 
4 955 1001 (288 712 -664 ) (288 712 -496 ) (288 824 -496 ) (288 824 -664 ) 
4 955 995 (288 712 -496 ) (288 712 -488 ) (288 824 -488 ) (288 824 -496 ) 
4 955 994 (288 712 -488 ) (288 712 -248 ) (288 824 -248 ) (288 824 -488 ) 
4 955 973 (288 712 -248 ) (288 712 -672 ) (336 712 -672 ) (336 712 -248 ) 
4 955 971 (336 712 -672 ) (384 712 -672 ) (384 712 -376 ) (336 712 -376 ) 
4 955 969 (384 712 -672 ) (680 712 -672 ) (680 712 -376 ) (384 712 -376 ) 
4 955 966 (680 712 -376 ) (680 712 -248 ) (416 712 -248 ) (416 712 -376 ) 
4 955 968 (416 712 -248 ) (336 712 -248 ) (336 712 -376 ) (416 712 -376 ) 
4 955 958 (328 824 -672 ) (576 824 -672 ) (576 728 -672 ) (328 728 -672 ) 
4 955 959 (288 824 -672 ) (312 824 -672 ) (312 712 -672 ) (288 712 -672 ) 
4 955 956 (576 824 -672 ) (680 824 -672 ) (680 728 -672 ) (576 728 -672 ) 
4 956 958 (576 728 -672 ) (576 824 -672 ) (576 824 -792 ) (576 728 -792 ) 
4 956 957 (576 728 -696 ) (576 728 -792 ) (680 728 -792 ) (680 728 -696 ) 
4 957 969 (576 712 -792 ) (680 712 -792 ) (680 712 -696 ) (576 712 -696 ) 
4 959 1005 (288 824 -792 ) (288 712 -792 ) (288 712 -688 ) (288 824 -688 ) 
4 959 973 (288 712 -672 ) (288 712 -792 ) (312 712 -792 ) (312 712 -672 ) 
4 960 1007 (920 456 -792 ) (816 456 -792 ) (816 664 -792 ) (920 664 -792 ) 
4 960 976 (816 456 -792 ) (920 456 -792 ) (920 456 -248 ) (816 456 -248 ) 
4 960 961 (816 504 -248 ) (816 712 -248 ) (816 712 -792 ) (816 504 -792 ) 
4 961 962 (768 504 -248 ) (768 712 -248 ) (768 712 -792 ) (768 504 -792 ) 
4 962 970 (720 656 -792 ) (720 504 -792 ) (720 504 -392 ) (720 656 -392 ) 
4 962 969 (720 712 -376 ) (720 712 -792 ) (720 656 -792 ) (720 656 -376 ) 
4 962 965 (720 504 -248 ) (720 712 -248 ) (720 712 -376 ) (720 504 -376 ) 
4 962 963 (720 504 -248 ) (720 504 -376 ) (768 504 -376 ) (768 504 -248 ) 
4 962 964 (720 504 -392 ) (720 504 -792 ) (768 504 -792 ) (768 504 -392 ) 
4 963 979 (768 456 -376 ) (768 456 -248 ) (720 456 -248 ) (720 456 -376 ) 
4 963 965 (720 456 -376 ) (720 456 -248 ) (720 504 -248 ) (720 504 -376 ) 
4 964 979 (720 456 -792 ) (768 456 -792 ) (768 456 -392 ) (720 456 -392 ) 
4 964 970 (720 456 -792 ) (720 456 -392 ) (720 504 -392 ) (720 504 -792 ) 
4 965 979 (720 456 -376 ) (720 456 -248 ) (688 456 -248 ) (688 456 -376 ) 
4 965 969 (688 712 -376 ) (720 712 -376 ) (720 656 -376 ) (688 656 -376 ) 
4 965 966 (688 712 -376 ) (688 632 -376 ) (688 632 -248 ) (688 712 -248 ) 
4 965 967 (688 608 -376 ) (688 456 -376 ) (688 456 -248 ) (688 608 -248 ) 
4 966 969 (416 712 -376 ) (688 712 -376 ) (688 656 -376 ) (416 656 -376 ) 
4 966 968 (416 712 -376 ) (416 632 -376 ) (416 632 -248 ) (416 712 -248 ) 
4 967 979 (688 456 -248 ) (416 456 -248 ) (416 456 -376 ) (688 456 -376 ) 
4 967 968 (416 608 -376 ) (416 456 -376 ) (416 456 -248 ) (416 608 -248 ) 
4 968 993 (408 456 -248 ) (336 456 -248 ) (336 456 -376 ) (408 456 -376 ) 
4 968 979 (416 456 -248 ) (408 456 -248 ) (408 456 -376 ) (416 456 -376 ) 
4 968 974 (336 504 -248 ) (336 656 -248 ) (336 656 -376 ) (336 504 -376 ) 
4 968 973 (336 656 -248 ) (336 712 -248 ) (336 712 -376 ) (336 656 -376 ) 
4 968 971 (336 504 -376 ) (336 712 -376 ) (384 712 -376 ) (384 504 -376 ) 
4 968 969 (384 712 -376 ) (416 712 -376 ) (416 656 -376 ) (384 656 -376 ) 
4 969 971 (384 656 -376 ) (384 712 -376 ) (384 712 -792 ) (384 656 -792 ) 
4 969 970 (384 656 -392 ) (384 656 -792 ) (720 656 -792 ) (720 656 -392 ) 
4 970 993 (384 456 -792 ) (408 456 -792 ) (408 456 -392 ) (384 456 -392 ) 
4 970 979 (408 456 -792 ) (720 456 -792 ) (720 456 -392 ) (408 456 -392 ) 
4 970 972 (384 456 -792 ) (384 456 -392 ) (384 504 -392 ) (384 504 -792 ) 
4 970 971 (384 504 -392 ) (384 656 -392 ) (384 656 -792 ) (384 504 -792 ) 
4 971 974 (336 504 -376 ) (336 656 -376 ) (336 656 -488 ) (336 504 -488 ) 
4 971 975 (336 656 -496 ) (336 656 -792 ) (336 504 -792 ) (336 504 -496 ) 
4 971 973 (336 656 -376 ) (336 712 -376 ) (336 712 -792 ) (336 656 -792 ) 
4 971 972 (384 504 -792 ) (384 504 -392 ) (336 504 -392 ) (336 504 -792 ) 
4 972 993 (336 456 -792 ) (384 456 -792 ) (384 456 -392 ) (336 456 -392 ) 
4 973 1005 (288 712 -792 ) (288 656 -792 ) (288 656 -688 ) (288 712 -688 ) 
4 973 1001 (288 656 -664 ) (288 656 -496 ) (288 712 -496 ) (288 712 -664 ) 
4 973 995 (288 656 -496 ) (288 656 -488 ) (288 712 -488 ) (288 712 -496 ) 
4 973 994 (288 656 -488 ) (288 656 -248 ) (288 712 -248 ) (288 712 -488 ) 
4 973 974 (336 656 -488 ) (336 656 -248 ) (288 656 -248 ) (288 656 -488 ) 
4 973 975 (336 656 -792 ) (336 656 -496 ) (288 656 -496 ) (288 656 -792 ) 
4 974 994 (288 504 -488 ) (288 504 -248 ) (288 656 -248 ) (288 656 -488 ) 
4 975 1005 (288 656 -792 ) (288 504 -792 ) (288 504 -688 ) (288 656 -688 ) 
4 975 1001 (288 504 -664 ) (288 504 -496 ) (288 656 -496 ) (288 656 -664 ) 
4 976 977 (784 296 -248 ) (784 456 -248 ) (784 456 -656 ) (784 296 -656 ) 
4 976 978 (784 240 -792 ) (784 240 -248 ) (784 296 -248 ) (784 296 -792 ) 
4 977 978 (768 296 -248 ) (768 296 -656 ) (784 296 -656 ) (784 296 -248 ) 
4 977 979 (768 296 -248 ) (768 456 -248 ) (768 456 -656 ) (768 296 -656 ) 
4 978 979 (768 240 -792 ) (768 240 -248 ) (768 296 -248 ) (768 296 -792 ) 
4 979 993 (408 456 -248 ) (408 456 -792 ) (408 240 -792 ) (408 240 -248 ) 
4 979 980 (544 240 -544 ) (656 240 -544 ) (656 240 -248 ) (544 240 -248 ) 
4 979 981 (408 240 -248 ) (408 240 -544 ) (520 240 -544 ) (520 240 -248 ) 
4 979 991 (408 240 -544 ) (408 240 -792 ) (656 240 -792 ) (656 240 -544 ) 
4 980 985 (656 144 -496 ) (656 144 -376 ) (544 144 -376 ) (544 144 -496 ) 
4 980 986 (544 144 -544 ) (656 144 -544 ) (656 144 -512 ) (544 144 -512 ) 
4 980 982 (656 144 -360 ) (656 144 -248 ) (544 144 -248 ) (544 144 -360 ) 
4 980 991 (544 240 -544 ) (656 240 -544 ) (656 144 -544 ) (544 144 -544 ) 
4 981 989 (520 144 -496 ) (520 144 -376 ) (408 144 -376 ) (408 144 -496 ) 
4 981 990 (408 144 -544 ) (520 144 -544 ) (520 144 -512 ) (408 144 -512 ) 
4 981 984 (520 144 -360 ) (520 144 -248 ) (408 144 -248 ) (408 144 -360 ) 
4 981 991 (408 144 -544 ) (408 240 -544 ) (520 240 -544 ) (520 144 -544 ) 
4 982 983 (544 112 -360 ) (544 64 -360 ) (544 64 -248 ) (544 112 -248 ) 
4 983 984 (520 112 -360 ) (520 64 -360 ) (520 64 -248 ) (520 112 -248 ) 
4 985 987 (544 64 -376 ) (544 112 -376 ) (544 112 -496 ) (544 64 -496 ) 
4 986 992 (656 64 -544 ) (656 64 -512 ) (544 64 -512 ) (544 64 -544 ) 
4 986 988 (544 112 -544 ) (544 64 -544 ) (544 64 -512 ) (544 112 -512 ) 
4 986 991 (656 64 -544 ) (544 64 -544 ) (544 144 -544 ) (656 144 -544 ) 
4 987 989 (520 64 -376 ) (520 112 -376 ) (520 112 -496 ) (520 64 -496 ) 
4 988 992 (520 64 -512 ) (520 64 -544 ) (544 64 -544 ) (544 64 -512 ) 
4 988 990 (520 112 -544 ) (520 64 -544 ) (520 64 -512 ) (520 112 -512 ) 
4 988 991 (544 64 -544 ) (520 64 -544 ) (520 112 -544 ) (544 112 -544 ) 
4 990 992 (408 64 -512 ) (408 64 -544 ) (520 64 -544 ) (520 64 -512 ) 
4 990 991 (520 64 -544 ) (408 64 -544 ) (408 144 -544 ) (520 144 -544 ) 
4 991 1008 (408 64 -792 ) (408 112 -792 ) (656 112 -792 ) (656 64 -792 ) 
4 991 992 (656 64 -792 ) (656 64 -544 ) (408 64 -544 ) (408 64 -792 ) 
4 992 1109 (472 0 -792 ) (592 0 -792 ) (592 0 -664 ) (472 0 -664 ) 
4 992 1008 (656 0 -792 ) (408 0 -792 ) (408 64 -792 ) (656 64 -792 ) 
4 993 1006 (288 456 -792 ) (288 240 -792 ) (288 240 -664 ) (288 456 -664 ) 
4 993 1001 (288 240 -664 ) (288 240 -496 ) (288 456 -496 ) (288 456 -664 ) 
4 993 996 (288 240 -496 ) (288 240 -488 ) (288 456 -488 ) (288 456 -496 ) 
4 993 994 (288 240 -488 ) (288 240 -248 ) (288 456 -248 ) (288 456 -488 ) 
4 994 998 (208 600 -248 ) (208 840 -248 ) (208 840 -488 ) (208 600 -488 ) 
4 994 999 (208 240 -488 ) (208 240 -248 ) (208 600 -248 ) (208 600 -488 ) 
4 994 997 (232 240 -488 ) (208 240 -488 ) (208 600 -488 ) (232 600 -488 ) 
4 994 995 (232 656 -488 ) (232 840 -488 ) (288 840 -488 ) (288 656 -488 ) 
4 994 996 (288 240 -488 ) (232 240 -488 ) (232 600 -488 ) (288 600 -488 ) 
4 995 1002 (232 656 -496 ) (232 840 -496 ) (256 840 -496 ) (256 656 -496 ) 
4 995 1001 (256 840 -496 ) (288 840 -496 ) (288 656 -496 ) (256 656 -496 ) 
4 996 1003 (256 240 -496 ) (232 240 -496 ) (232 600 -496 ) (256 600 -496 ) 
4 996 1001 (288 240 -496 ) (256 240 -496 ) (256 600 -496 ) (288 600 -496 ) 
4 996 997 (232 600 -496 ) (232 240 -496 ) (232 240 -488 ) (232 600 -488 ) 
4 997 1004 (232 240 -496 ) (208 240 -496 ) (208 600 -496 ) (232 600 -496 ) 
4 997 999 (208 600 -496 ) (208 240 -496 ) (208 240 -488 ) (208 600 -488 ) 
4 998 1000 (176 600 -488 ) (176 600 -248 ) (176 840 -248 ) (176 840 -488 ) 
4 998 999 (208 600 -488 ) (208 600 -248 ) (176 600 -248 ) (176 600 -488 ) 
4 999 1004 (208 240 -496 ) (176 240 -496 ) (176 600 -496 ) (208 600 -496 ) 
4 999 1000 (176 600 -496 ) (176 240 -496 ) (176 240 -248 ) (176 600 -248 ) 
4 1000 1004 (176 240 -496 ) (144 240 -496 ) (144 840 -496 ) (176 840 -496 ) 
4 1001 1006 (288 240 -664 ) (256 240 -664 ) (256 456 -664 ) (288 456 -664 ) 
4 1001 1002 (256 840 -664 ) (256 656 -664 ) (256 656 -496 ) (256 840 -496 ) 
4 1001 1003 (256 632 -664 ) (256 240 -664 ) (256 240 -496 ) (256 632 -496 ) 
4 1002 1004 (232 840 -664 ) (232 656 -664 ) (232 656 -496 ) (232 840 -496 ) 
4 1003 1006 (256 240 -664 ) (232 240 -664 ) (232 456 -664 ) (256 456 -664 ) 
4 1003 1004 (232 632 -664 ) (232 240 -664 ) (232 240 -496 ) (232 632 -496 ) 
4 1004 1006 (232 240 -664 ) (144 240 -664 ) (144 456 -664 ) (232 456 -664 ) 
4 1008 1109 (592 0 -792 ) (472 0 -792 ) (472 0 -800 ) (592 0 -800 ) 
4 1009 1343 (0 680 -3608 ) (0 808 -3608 ) (0 808 -3728 ) (0 680 -3728 ) 
4 1010 1033 (1024 0 3056 ) (1024 0 1232 ) (1024 -256 1232 ) (1024 -256 3056 ) 
4 1010 1011 (1024 -256 1232 ) (1024 0 1232 ) (2032 0 1232 ) (2032 -256 1232 ) 
4 1011 1033 (1024 0 1232 ) (1024 0 1176 ) (1024 -256 1176 ) (1024 -256 1232 ) 
4 1011 1028 (1024 0 1176 ) (2032 0 1176 ) (2032 -256 1176 ) (1024 -256 1176 ) 
4 1011 1024 (1024 -256 1176 ) (1040 -256 1176 ) (1040 -256 1232 ) (1024 -256 1232 ) 
4 1011 1021 (1088 -256 1176 ) (1136 -256 1176 ) (1136 -256 1232 ) (1088 -256 1232 ) 
4 1011 1018 (1184 -256 1176 ) (1232 -256 1176 ) (1232 -256 1232 ) (1184 -256 1232 ) 
4 1011 1015 (1280 -256 1176 ) (1328 -256 1176 ) (1328 -256 1232 ) (1280 -256 1232 ) 
4 1011 1012 (1376 -256 1176 ) (1424 -256 1176 ) (1424 -256 1232 ) (1376 -256 1232 ) 
4 1012 1013 (1376 -257 1232 ) (1376 -257 1176 ) (1424 -257 1176 ) (1424 -257 1232 ) 
4 1013 1014 (1376 -259 1232 ) (1376 -259 1176 ) (1424 -259 1176 ) (1424 -259 1232 ) 
4 1014 1027 (1376 -288 1176 ) (1424 -288 1176 ) (1424 -288 1232 ) (1376 -288 1232 ) 
4 1015 1016 (1280 -257 1232 ) (1280 -257 1176 ) (1328 -257 1176 ) (1328 -257 1232 ) 
4 1016 1017 (1280 -259 1232 ) (1280 -259 1176 ) (1328 -259 1176 ) (1328 -259 1232 ) 
4 1017 1027 (1280 -288 1176 ) (1328 -288 1176 ) (1328 -288 1232 ) (1280 -288 1232 ) 
4 1018 1019 (1184 -257 1232 ) (1184 -257 1176 ) (1232 -257 1176 ) (1232 -257 1232 ) 
4 1019 1020 (1184 -259 1232 ) (1184 -259 1176 ) (1232 -259 1176 ) (1232 -259 1232 ) 
4 1020 1027 (1184 -288 1176 ) (1232 -288 1176 ) (1232 -288 1232 ) (1184 -288 1232 ) 
4 1021 1022 (1088 -257 1232 ) (1088 -257 1176 ) (1136 -257 1176 ) (1136 -257 1232 ) 
4 1022 1023 (1088 -259 1232 ) (1088 -259 1176 ) (1136 -259 1176 ) (1136 -259 1232 ) 
4 1023 1027 (1088 -288 1176 ) (1136 -288 1176 ) (1136 -288 1232 ) (1088 -288 1232 ) 
4 1024 1034 (1024 -256 1176 ) (1024 -257 1176 ) (1024 -257 1232 ) (1024 -256 1232 ) 
4 1024 1025 (1024 -257 1176 ) (1040 -257 1176 ) (1040 -257 1232 ) (1024 -257 1232 ) 
4 1025 1035 (1024 -257 1176 ) (1024 -259 1176 ) (1024 -259 1232 ) (1024 -257 1232 ) 
4 1025 1026 (1024 -259 1176 ) (1040 -259 1176 ) (1040 -259 1232 ) (1024 -259 1232 ) 
4 1026 1036 (1024 -259 1176 ) (1024 -288 1176 ) (1024 -288 1232 ) (1024 -259 1232 ) 
4 1026 1027 (1024 -288 1176 ) (1040 -288 1176 ) (1040 -288 1232 ) (1024 -288 1232 ) 
4 1027 1037 (1024 -288 1176 ) (1024 -400 1176 ) (1024 -400 1232 ) (1024 -288 1232 ) 
4 1027 1029 (1472 -400 1176 ) (1024 -400 1176 ) (1024 -288 1176 ) (1472 -288 1176 ) 
4 1028 1041 (1024 -176 992 ) (1024 -256 992 ) (1024 -256 1024 ) (1024 -176 1024 ) 
4 1028 1039 (1024 0 1024 ) (1024 0 992 ) (1024 -176 992 ) (1024 -176 1024 ) 
4 1028 1033 (1024 0 1176 ) (1024 0 1024 ) (1024 -256 1024 ) (1024 -256 1176 ) 
4 1028 1030 (1024 0 992 ) (2032 0 992 ) (2032 -256 992 ) (1024 -256 992 ) 
4 1029 1037 (1024 -400 1040 ) (1024 -400 1176 ) (1024 -288 1176 ) (1024 -288 1040 ) 
4 1030 1046 (1024 0 992 ) (1024 0 816 ) (1024 -256 816 ) (1024 -256 992 ) 
4 1031 1054 (1024 0 784 ) (1024 0 624 ) (1024 -176 624 ) (1024 -176 784 ) 
4 1032 1068 (1024 0 400 ) (1024 0 240 ) (1024 -48 240 ) (1024 -48 400 ) 
4 1033 1041 (1024 -176 1024 ) (1024 -256 1024 ) (736 -256 1024 ) (736 -176 1024 ) 
4 1033 1039 (1024 0 1024 ) (1024 -176 1024 ) (736 -176 1024 ) (736 0 1024 ) 
4 1033 1034 (1024 -256 1176 ) (1024 -256 1232 ) (992 -256 1232 ) (992 -256 1176 ) 
4 1034 1035 (992 -257 1232 ) (992 -257 1176 ) (1024 -257 1176 ) (1024 -257 1232 ) 
4 1035 1036 (992 -259 1232 ) (992 -259 1176 ) (1024 -259 1176 ) (1024 -259 1232 ) 
4 1036 1037 (1024 -288 1176 ) (1024 -288 1232 ) (992 -288 1232 ) (992 -288 1176 ) 
4 1037 1038 (992 -400 1040 ) (992 -400 1232 ) (992 -288 1232 ) (992 -288 1040 ) 
4 1038 1043 (992 -400 1024 ) (720 -400 1024 ) (720 -288 1024 ) (992 -288 1024 ) 
4 1039 1046 (736 0 992 ) (1024 0 992 ) (1024 -176 992 ) (736 -176 992 ) 
4 1039 1041 (736 -176 992 ) (1024 -176 992 ) (1024 -176 1024 ) (736 -176 1024 ) 
4 1040 1048 (96 -176 992 ) (96 0 992 ) (704 0 992 ) (704 -176 992 ) 
4 1041 1046 (736 -176 992 ) (1024 -176 992 ) (1024 -256 992 ) (736 -256 992 ) 
4 1042 1053 (528 -208 992 ) (704 -208 992 ) (704 -256 992 ) (528 -256 992 ) 
4 1042 1044 (528 -256 992 ) (704 -256 992 ) (704 -256 1024 ) (528 -256 1024 ) 
4 1043 1052 (720 -400 992 ) (704 -400 992 ) (704 -288 992 ) (720 -288 992 ) 
4 1043 1047 (992 -288 992 ) (992 -400 992 ) (720 -400 992 ) (720 -288 992 ) 
4 1043 1044 (704 -288 992 ) (704 -400 992 ) (704 -400 1024 ) (704 -288 1024 ) 
4 1044 1053 (528 -400 992 ) (528 -256 992 ) (704 -256 992 ) (704 -400 992 ) 
4 1045 1362 (0 0 1008 ) (0 0 992 ) (0 -208 992 ) (0 -208 1008 ) 
4 1045 1050 (0 -208 992 ) (0 0 992 ) (64 0 992 ) (64 -208 992 ) 
4 1047 1052 (720 -400 992 ) (720 -288 992 ) (720 -288 816 ) (720 -400 816 ) 
4 1048 1055 (96 0 800 ) (704 0 800 ) (704 -176 800 ) (96 -176 800 ) 
4 1048 1049 (576 -176 816 ) (648 -176 816 ) (648 -176 912 ) (576 -176 912 ) 
4 1049 1053 (648 -208 912 ) (576 -208 912 ) (576 -208 816 ) (648 -208 816 ) 
4 1050 1379 (0 -208 992 ) (0 0 992 ) (0 0 848 ) (0 -208 848 ) 
4 1051 1380 (0 0 816 ) (0 0 800 ) (0 -208 800 ) (0 -208 816 ) 
4 1051 1057 (0 -208 800 ) (0 0 800 ) (64 0 800 ) (64 -208 800 ) 
4 1052 1053 (704 -288 816 ) (704 -400 816 ) (704 -400 992 ) (704 -288 992 ) 
4 1054 1055 (704 0 624 ) (704 -176 624 ) (704 -176 784 ) (704 0 784 ) 
4 1055 1056 (288 -176 624 ) (432 -176 624 ) (432 -176 784 ) (288 -176 784 ) 
4 1057 1385 (0 -208 800 ) (0 0 800 ) (0 0 648 ) (0 -208 648 ) 
4 1057 1058 (64 0 648 ) (64 -208 648 ) (0 -208 648 ) (0 0 648 ) 
4 1058 1386 (0 0 648 ) (0 0 624 ) (0 -208 624 ) (0 -208 648 ) 
4 1059 1060 (320 -480 624 ) (400 -480 624 ) (400 -544 624 ) (320 -544 624 ) 
4 1060 1062 (320 -480 608 ) (400 -480 608 ) (400 -544 608 ) (320 -544 608 ) 
4 1061 1128 (1024 -1024 592 ) (1024 -1024 608 ) (592 -1024 608 ) (592 -1024 592 ) 
4 1061 1084 (1024 -960 592 ) (1024 -1024 592 ) (592 -1024 592 ) (592 -960 592 ) 
4 1061 1079 (1024 -848 592 ) (1024 -960 592 ) (592 -960 592 ) (592 -848 592 ) 
4 1061 1078 (1024 -640 592 ) (1024 -848 592 ) (592 -848 592 ) (592 -640 592 ) 
4 1062 1086 (320 -480 592 ) (352 -480 592 ) (352 -544 592 ) (320 -544 592 ) 
4 1062 1085 (352 -480 592 ) (400 -480 592 ) (400 -544 592 ) (352 -544 592 ) 
4 1064 1085 (352 -368 448 ) (560 -368 448 ) (560 -368 592 ) (352 -368 592 ) 
4 1064 1069 (560 -368 448 ) (352 -368 448 ) (352 0 448 ) (560 0 448 ) 
4 1065 1113 (208 -32 592 ) (208 0 592 ) (208 0 448 ) (208 -32 448 ) 
4 1065 1072 (208 -32 448 ) (208 0 448 ) (288 0 448 ) (288 -32 448 ) 
4 1065 1067 (208 -32 592 ) (208 -32 448 ) (288 -32 448 ) (288 -32 592 ) 
4 1066 1074 (320 -368 448 ) (288 -368 448 ) (288 -32 448 ) (320 -32 448 ) 
4 1066 1067 (288 -32 592 ) (288 -32 448 ) (288 -368 448 ) (288 -368 592 ) 
4 1067 1113 (208 -368 592 ) (208 -32 592 ) (208 -32 448 ) (208 -368 448 ) 
4 1067 1075 (288 -368 448 ) (208 -368 448 ) (208 -32 448 ) (288 -32 448 ) 
4 1068 1077 (560 -48 240 ) (560 0 240 ) (992 0 240 ) (992 -48 240 ) 
4 1068 1070 (560 0 240 ) (560 -48 240 ) (560 -48 400 ) (560 0 400 ) 
4 1069 1085 (560 -368 432 ) (560 -368 448 ) (352 -368 448 ) (352 -368 432 ) 
4 1070 1077 (352 -48 240 ) (352 0 240 ) (560 0 240 ) (560 -48 240 ) 
4 1070 1076 (352 -32 240 ) (352 -48 240 ) (352 -48 400 ) (352 -32 400 ) 
4 1070 1071 (352 0 240 ) (352 -32 240 ) (352 -32 400 ) (352 0 400 ) 
4 1071 1077 (288 0 240 ) (352 0 240 ) (352 -32 240 ) (288 -32 240 ) 
4 1071 1076 (288 -32 240 ) (352 -32 240 ) (352 -32 400 ) (288 -32 400 ) 
4 1071 1073 (288 0 240 ) (288 -32 240 ) (288 -32 400 ) (288 0 400 ) 
4 1072 1113 (208 0 448 ) (208 0 432 ) (208 -32 432 ) (208 -32 448 ) 
4 1072 1075 (288 -32 432 ) (288 -32 448 ) (208 -32 448 ) (208 -32 432 ) 
4 1073 1077 (208 -32 240 ) (208 0 240 ) (288 0 240 ) (288 -32 240 ) 
4 1073 1076 (208 -32 240 ) (288 -32 240 ) (288 -32 400 ) (208 -32 400 ) 
4 1074 1075 (288 -32 448 ) (288 -32 432 ) (288 -368 432 ) (288 -368 448 ) 
4 1075 1113 (208 -368 432 ) (208 -368 448 ) (208 -32 448 ) (208 -32 432 ) 
4 1076 1077 (208 -48 240 ) (208 -32 240 ) (352 -32 240 ) (352 -48 240 ) 
4 1078 1080 (1024 -848 432 ) (1024 -848 560 ) (592 -848 560 ) (592 -848 432 ) 
4 1078 1079 (1024 -848 560 ) (1024 -848 592 ) (592 -848 592 ) (592 -848 560 ) 
4 1079 1084 (592 -960 560 ) (1024 -960 560 ) (1024 -960 592 ) (592 -960 592 ) 
4 1079 1080 (1024 -960 560 ) (592 -960 560 ) (592 -848 560 ) (1024 -848 560 ) 
4 1080 1084 (592 -960 432 ) (1024 -960 432 ) (1024 -960 560 ) (592 -960 560 ) 
4 1080 1081 (592 -848 432 ) (592 -960 432 ) (592 -960 560 ) (592 -848 560 ) 
4 1081 1082 (584 -848 432 ) (584 -960 432 ) (584 -960 560 ) (584 -848 560 ) 
4 1082 1083 (568 -848 432 ) (568 -960 432 ) (568 -960 560 ) (568 -848 560 ) 
4 1083 1085 (560 -960 432 ) (560 -960 560 ) (560 -848 560 ) (560 -848 432 ) 
4 1084 1128 (1024 -1024 432 ) (1024 -1024 592 ) (592 -1024 592 ) (592 -1024 432 ) 
4 1085 1086 (352 -400 432 ) (352 -768 432 ) (352 -768 592 ) (352 -400 592 ) 
4 1086 1122 (208 -656 592 ) (208 -512 592 ) (208 -512 432 ) (208 -656 432 ) 
4 1086 1114 (208 -400 528 ) (208 -400 448 ) (208 -464 448 ) (208 -464 528 ) 
4 1087 1089 (880 -16 -224 ) (1024 -16 -224 ) (1024 -16 -16 ) (880 -16 -16 ) 
4 1088 1089 (208 -16 -224 ) (384 -16 -224 ) (384 -16 -16 ) (208 -16 -16 ) 
4 1089 1097 (208 -160 -224 ) (256 -160 -224 ) (256 -160 -128 ) (208 -160 -128 ) 
4 1089 1090 (976 -160 -224 ) (1024 -160 -224 ) (1024 -160 -128 ) (976 -160 -128 ) 
4 1090 1098 (976 -352 -224 ) (1024 -352 -224 ) (1024 -352 -128 ) (976 -352 -128 ) 
4 1091 1101 (816 -352 -224 ) (880 -352 -224 ) (880 -352 -128 ) (816 -352 -128 ) 
4 1091 1099 (896 -352 -224 ) (960 -352 -224 ) (960 -352 -128 ) (896 -352 -128 ) 
4 1091 1092 (816 -176 -16 ) (816 -176 -224 ) (816 -240 -224 ) (816 -240 -16 ) 
4 1092 1093 (800 -176 -16 ) (800 -176 -224 ) (800 -240 -224 ) (800 -240 -16 ) 
4 1093 1095 (432 -176 -16 ) (432 -176 -224 ) (432 -240 -224 ) (432 -240 -16 ) 
4 1094 1102 (432 -352 -224 ) (800 -352 -224 ) (800 -352 -16 ) (432 -352 -16 ) 
4 1095 1096 (416 -176 -16 ) (416 -176 -224 ) (416 -240 -224 ) (416 -240 -16 ) 
4 1096 1106 (272 -352 -224 ) (336 -352 -224 ) (336 -352 -128 ) (272 -352 -128 ) 
4 1096 1103 (352 -352 -224 ) (416 -352 -224 ) (416 -352 -128 ) (352 -352 -128 ) 
4 1097 1107 (208 -352 -224 ) (256 -352 -224 ) (256 -352 -128 ) (208 -352 -128 ) 
4 1098 1100 (976 -368 -224 ) (1024 -368 -224 ) (1024 -368 -128 ) (976 -368 -128 ) 
4 1099 1100 (896 -368 -128 ) (896 -368 -224 ) (960 -368 -224 ) (960 -368 -128 ) 
4 1100 1105 (896 -560 -224 ) (896 -1008 -224 ) (896 -1008 -16 ) (896 -560 -16 ) 
4 1101 1104 (816 -384 -224 ) (880 -384 -224 ) (880 -384 -128 ) (816 -384 -128 ) 
4 1102 1104 (432 -384 -224 ) (800 -384 -224 ) (800 -384 -16 ) (432 -384 -16 ) 
4 1103 1104 (352 -384 -224 ) (416 -384 -224 ) (416 -384 -128 ) (352 -384 -128 ) 
4 1105 1108 (336 -560 -224 ) (336 -1008 -224 ) (336 -1008 -16 ) (336 -560 -16 ) 
4 1106 1108 (272 -368 -224 ) (336 -368 -224 ) (336 -368 -128 ) (272 -368 -128 ) 
4 1107 1108 (208 -368 -224 ) (256 -368 -224 ) (256 -368 -128 ) (208 -368 -128 ) 
4 1109 1111 (592 -8 -664 ) (472 -8 -664 ) (472 -8 -800 ) (592 -8 -800 ) 
4 1110 1111 (656 -8 -664 ) (656 -8 -800 ) (656 -144 -800 ) (656 -144 -664 ) 
4 1111 1112 (408 -8 -664 ) (408 -8 -800 ) (408 -144 -800 ) (408 -144 -664 ) 
4 1113 1118 (176 -368 432 ) (176 -368 592 ) (176 -32 592 ) (176 -32 432 ) 
4 1113 1117 (176 -32 592 ) (176 -16 592 ) (176 -16 432 ) (176 -32 432 ) 
4 1113 1115 (176 -16 592 ) (176 0 592 ) (176 0 432 ) (176 -16 432 ) 
4 1114 1119 (176 -464 448 ) (176 -464 528 ) (176 -400 528 ) (176 -400 448 ) 
4 1115 1117 (32 -16 592 ) (32 -16 432 ) (176 -16 432 ) (176 -16 592 ) 
4 1116 1121 (32 0 208 ) (32 0 -224 ) (32 -16 -224 ) (32 -16 208 ) 
4 1117 1118 (32 -32 592 ) (32 -32 432 ) (176 -32 432 ) (176 -32 592 ) 
4 1118 1120 (32 -368 432 ) (32 -32 432 ) (176 -32 432 ) (176 -368 432 ) 
4 1118 1119 (32 -368 592 ) (32 -368 432 ) (176 -368 432 ) (176 -368 592 ) 
4 1119 1120 (32 -480 432 ) (32 -368 432 ) (176 -368 432 ) (176 -480 432 ) 
4 1121 1125 (16 -16 -224 ) (16 -16 208 ) (16 0 208 ) (16 0 -224 ) 
4 1122 1127 (16 -656 432 ) (16 -656 592 ) (16 -512 592 ) (16 -512 432 ) 
4 1123 1402 (0 -208 408 ) (0 0 408 ) (0 0 232 ) (0 -208 232 ) 
4 1123 1124 (8 -208 232 ) (8 -208 408 ) (0 -208 408 ) (0 -208 232 ) 
4 1124 1402 (0 -216 232 ) (0 -216 408 ) (0 -208 408 ) (0 -208 232 ) 
4 1125 1403 (0 -16 208 ) (0 0 208 ) (0 0 -224 ) (0 -16 -224 ) 
4 1125 1126 (0 -16 -224 ) (16 -16 -224 ) (16 -16 208 ) (0 -16 208 ) 
4 1126 1404 (0 -208 -224 ) (0 -208 208 ) (0 -16 208 ) (0 -16 -224 ) 
4 1127 1430 (0 -656 432 ) (0 -656 592 ) (0 -512 592 ) (0 -512 432 ) 
4 1129 1138 (-352 1024 2591 ) (-8 1024 2591 ) (-8 888 2591 ) (-352 888 2591 ) 
4 1129 1131 (-352 888 2591 ) (-8 888 2591 ) (-8 888 2784 ) (-352 888 2784 ) 
4 1130 1131 (-504 888 2784 ) (-504 888 2616 ) (-384 888 2616 ) (-384 888 2784 ) 
4 1131 1145 (-352 712 2591 ) (-504 712 2591 ) (-504 720 2591 ) (-352 720 2591 ) 
4 1131 1144 (-8 712 2591 ) (-352 712 2591 ) (-352 720 2591 ) (-8 720 2591 ) 
4 1131 1143 (-504 720 2591 ) (-504 888 2591 ) (-368 888 2591 ) (-368 720 2591 ) 
4 1131 1141 (-368 888 2591 ) (-352 888 2591 ) (-352 720 2591 ) (-368 720 2591 ) 
4 1131 1138 (-352 888 2591 ) (-8 888 2591 ) (-8 720 2591 ) (-352 720 2591 ) 
4 1131 1132 (-368 712 2592 ) (-368 712 2688 ) (-448 712 2688 ) (-448 712 2592 ) 
4 1132 1133 (-368 704 2592 ) (-368 704 2688 ) (-448 704 2688 ) (-448 704 2592 ) 
4 1133 1134 (-448 192 2592 ) (-448 112 2592 ) (-448 112 2688 ) (-448 192 2688 ) 
4 1134 1136 (-640 112 2592 ) (-560 112 2592 ) (-560 112 2688 ) (-640 112 2688 ) 
4 1134 1135 (-752 192 2592 ) (-752 112 2592 ) (-752 112 2688 ) (-752 192 2688 ) 
4 1136 1361 (-560 0 2688 ) (-640 0 2688 ) (-640 0 2592 ) (-560 0 2592 ) 
4 1137 1156 (-8 1024 992 ) (0 1024 992 ) (0 736 992 ) (-8 736 992 ) 
4 1137 1139 (-8 1024 992 ) (-8 736 992 ) (-8 736 1008 ) (-8 1024 1008 ) 
4 1138 1144 (-8 720 2496 ) (-8 720 2591 ) (-352 720 2591 ) (-352 720 2496 ) 
4 1138 1141 (-352 720 2496 ) (-352 720 2591 ) (-352 888 2591 ) (-352 888 2496 ) 
4 1139 1161 (-352 1024 992 ) (-112 1024 992 ) (-112 736 992 ) (-352 736 992 ) 
4 1139 1156 (-112 1024 992 ) (-8 1024 992 ) (-8 736 992 ) (-112 736 992 ) 
4 1139 1142 (-352 888 992 ) (-352 736 992 ) (-352 736 1008 ) (-352 888 1008 ) 
4 1139 1140 (-352 1024 992 ) (-352 888 992 ) (-352 888 1008 ) (-352 1024 1008 ) 
4 1140 1161 (-368 1024 992 ) (-352 1024 992 ) (-352 888 992 ) (-368 888 992 ) 
4 1140 1142 (-368 888 992 ) (-352 888 992 ) (-352 888 1008 ) (-368 888 1008 ) 
4 1141 1145 (-352 720 2496 ) (-352 720 2591 ) (-368 720 2591 ) (-368 720 2496 ) 
4 1141 1143 (-368 888 2591 ) (-368 888 2496 ) (-368 720 2496 ) (-368 720 2591 ) 
4 1142 1161 (-352 888 992 ) (-352 736 992 ) (-368 736 992 ) (-368 888 992 ) 
4 1143 1145 (-504 720 2591 ) (-504 720 2496 ) (-368 720 2496 ) (-368 720 2591 ) 
4 1144 1145 (-352 720 2591 ) (-352 720 2496 ) (-352 712 2496 ) (-352 712 2591 ) 
4 1146 1159 (-96 704 992 ) (0 704 992 ) (0 512 992 ) (-96 512 992 ) 
4 1146 1147 (-96 688 992 ) (-96 528 992 ) (-96 528 1008 ) (-96 688 1008 ) 
4 1147 1160 (-96 688 992 ) (-96 528 992 ) (-112 528 992 ) (-112 688 992 ) 
4 1147 1148 (-112 688 992 ) (-112 528 992 ) (-112 528 1008 ) (-112 688 1008 ) 
4 1148 1166 (-112 688 992 ) (-112 528 992 ) (-128 528 992 ) (-128 688 992 ) 
4 1148 1149 (-128 688 992 ) (-128 528 992 ) (-128 528 1008 ) (-128 688 1008 ) 
4 1149 1167 (-128 688 992 ) (-128 512 992 ) (-368 512 992 ) (-368 688 992 ) 
4 1149 1165 (-368 704 992 ) (-128 704 992 ) (-128 688 992 ) (-368 688 992 ) 
4 1149 1150 (-368 704 1008 ) (-368 704 992 ) (-368 512 992 ) (-368 512 1008 ) 
4 1150 1168 (-384 704 992 ) (-368 704 992 ) (-368 512 992 ) (-384 512 992 ) 
4 1150 1151 (-384 704 1008 ) (-384 704 992 ) (-384 512 992 ) (-384 512 1008 ) 
4 1151 1188 (-464 496 992 ) (-1008 496 992 ) (-1008 512 992 ) (-464 512 992 ) 
4 1151 1186 (-416 496 992 ) (-464 496 992 ) (-464 512 992 ) (-416 512 992 ) 
4 1151 1185 (-384 512 992 ) (-384 496 992 ) (-416 496 992 ) (-416 512 992 ) 
4 1151 1182 (-1008 704 992 ) (-384 704 992 ) (-384 512 992 ) (-1008 512 992 ) 
4 1151 1155 (-1008 496 992 ) (-784 496 992 ) (-784 496 1008 ) (-1008 496 1008 ) 
4 1152 1153 (-768 192 1008 ) (-768 336 1008 ) (0 336 1008 ) (0 192 1008 ) 
4 1153 1192 (0 480 992 ) (0 48 992 ) (-768 48 992 ) (-768 480 992 ) 
4 1154 1362 (0 0 992 ) (0 0 1008 ) (-768 0 1008 ) (-768 0 992 ) 
4 1154 1194 (-576 0 992 ) (-768 0 992 ) (-768 16 992 ) (-576 16 992 ) 
4 1154 1193 (0 16 992 ) (0 0 992 ) (-576 0 992 ) (-576 16 992 ) 
4 1155 1364 (-1008 0 1008 ) (-1008 0 992 ) (-800 0 992 ) (-800 0 1008 ) 
4 1155 1363 (-800 0 992 ) (-784 0 992 ) (-784 0 1008 ) (-800 0 1008 ) 
4 1155 1206 (-784 480 992 ) (-784 0 992 ) (-1008 0 992 ) (-1008 480 992 ) 
4 1155 1190 (-1008 496 992 ) (-784 496 992 ) (-784 480 992 ) (-1008 480 992 ) 
4 1156 1161 (-112 736 816 ) (-112 736 992 ) (-112 1024 992 ) (-112 1024 816 ) 
4 1157 1162 (-112 1024 768 ) (-112 736 768 ) (-112 736 800 ) (-112 1024 800 ) 
4 1157 1158 (-112 736 800 ) (-112 736 768 ) (0 736 768 ) (0 736 800 ) 
4 1158 1164 (-112 736 768 ) (-112 720 768 ) (-112 720 800 ) (-112 736 800 ) 
4 1159 1177 (0 544 768 ) (0 512 768 ) (-96 512 768 ) (-96 544 768 ) 
4 1159 1174 (0 640 768 ) (0 544 768 ) (-96 544 768 ) (-96 640 768 ) 
4 1159 1172 (0 704 768 ) (0 640 768 ) (-96 640 768 ) (-96 704 768 ) 
4 1159 1160 (-96 528 960 ) (-96 528 992 ) (-96 688 992 ) (-96 688 960 ) 
4 1160 1166 (-112 528 960 ) (-112 528 992 ) (-112 688 992 ) (-112 688 960 ) 
4 1162 1164 (-288 736 768 ) (-112 736 768 ) (-112 736 800 ) (-288 736 800 ) 
4 1162 1163 (-288 1016 768 ) (-288 736 768 ) (-288 736 800 ) (-288 1016 800 ) 
4 1163 1169 (-368 1016 768 ) (-368 736 768 ) (-368 736 800 ) (-368 1016 800 ) 
4 1163 1164 (-368 736 800 ) (-368 736 768 ) (-288 736 768 ) (-288 736 800 ) 
4 1164 1169 (-368 736 768 ) (-368 720 768 ) (-368 720 800 ) (-368 736 800 ) 
4 1165 1168 (-368 688 848 ) (-368 688 992 ) (-368 704 992 ) (-368 704 848 ) 
4 1165 1167 (-368 688 992 ) (-368 688 768 ) (-128 688 768 ) (-128 688 992 ) 
4 1166 1167 (-128 688 992 ) (-128 688 960 ) (-128 528 960 ) (-128 528 992 ) 
4 1167 1168 (-368 512 848 ) (-368 512 992 ) (-368 688 992 ) (-368 688 848 ) 
4 1168 1182 (-384 512 992 ) (-384 704 992 ) (-384 704 848 ) (-384 512 848 ) 
4 1170 1211 (-352 1024 607.729980 ) (0 1024 607.729980 ) (0 736 607.729980 ) (-352 736 607.729980 ) 
4 1170 1180 (-96 736 607.729980 ) (0 736 607.729980 ) (0 736 608 ) (-96 736 608 ) 
4 1170 1171 (-352 992 607.729980 ) (-352 768 607.729980 ) (-352 768 736 ) (-352 992 736 ) 
4 1171 1217 (-352 992 607.729980 ) (-352 768 607.729980 ) (-384 768 607.729980 ) (-384 992 607.729980 ) 
4 1172 1174 (0 640 624 ) (0 640 768 ) (-96 640 768 ) (-96 640 624 ) 
4 1172 1173 (0 640 624 ) (-96 640 624 ) (-96 704 624 ) (0 704 624 ) 
4 1173 1180 (-96 704 608 ) (0 704 608 ) (0 640 608 ) (-96 640 608 ) 
4 1173 1175 (-96 640 608 ) (0 640 608 ) (0 640 624 ) (-96 640 624 ) 
4 1174 1177 (0 544 624 ) (0 544 768 ) (-96 544 768 ) (-96 544 624 ) 
4 1174 1176 (-96 640 736 ) (-96 640 656 ) (-96 544 656 ) (-96 544 736 ) 
4 1174 1175 (0 544 624 ) (-96 544 624 ) (-96 640 624 ) (0 640 624 ) 
4 1175 1180 (-96 640 608 ) (0 640 608 ) (0 544 608 ) (-96 544 608 ) 
4 1175 1178 (-96 544 608 ) (0 544 608 ) (0 544 624 ) (-96 544 624 ) 
4 1176 1179 (-128 544 656 ) (-128 544 736 ) (-128 640 736 ) (-128 640 656 ) 
4 1177 1178 (0 512 624 ) (-96 512 624 ) (-96 544 624 ) (0 544 624 ) 
4 1178 1180 (0 512 608 ) (-96 512 608 ) (-96 544 608 ) (0 544 608 ) 
4 1180 1212 (0 736 607.729980 ) (0 512 607.729980 ) (-96 512 607.729980 ) (-96 736 607.729980 ) 
4 1181 1184 (-1008 960 624 ) (-1008 1008 624 ) (-960 1008 624 ) (-960 960 624 ) 
4 1181 1183 (-1008 752 784 ) (-1008 752 624 ) (-432 752 624 ) (-432 752 784 ) 
4 1182 1188 (-464 512 992 ) (-1008 512 992 ) (-1008 512 848 ) (-464 512 848 ) 
4 1182 1186 (-416 512 992 ) (-464 512 992 ) (-464 512 848 ) (-416 512 848 ) 
4 1182 1185 (-384 512 848 ) (-384 512 992 ) (-416 512 992 ) (-416 512 848 ) 
4 1183 1187 (-416 512 640 ) (-416 512 784 ) (-464 512 784 ) (-464 512 640 ) 
4 1184 1191 (-960 960 608 ) (-1008 960 608 ) (-1008 1008 608 ) (-960 1008 608 ) 
4 1185 1186 (-416 512 992 ) (-416 512 848 ) (-416 496 848 ) (-416 496 992 ) 
4 1186 1188 (-464 512 992 ) (-464 512 848 ) (-464 496 848 ) (-464 496 992 ) 
4 1187 1189 (-416 496 640 ) (-416 496 784 ) (-464 496 784 ) (-464 496 640 ) 
4 1188 1190 (-784 496 992 ) (-1008 496 992 ) (-1008 496 848 ) (-784 496 848 ) 
4 1189 1200 (-464 480 648 ) (-464 480 640 ) (-416 480 640 ) (-416 480 648 ) 
4 1189 1195 (-464 480 784 ) (-464 480 648 ) (-416 480 648 ) (-416 480 784 ) 
4 1190 1206 (-784 480 992 ) (-1008 480 992 ) (-1008 480 848 ) (-784 480 848 ) 
4 1191 1230 (-1024 944 607.729980 ) (-1024 1024 607.729980 ) (-1008 1024 607.729980 ) (-1008 944 607.729980 ) 
4 1191 1228 (-1008 1024 607.729980 ) (-464 1024 607.729980 ) (-464 944 607.729980 ) (-1008 944 607.729980 ) 
4 1191 1226 (-432 960 607.729980 ) (-432 944 607.729980 ) (-464 944 607.729980 ) (-464 960 607.729980 ) 
4 1191 1224 (-464 1024 607.729980 ) (-432 1024 607.729980 ) (-432 960 607.729980 ) (-464 960 607.729980 ) 
4 1192 1204 (-768 336 896 ) (-768 192 896 ) (-768 192 976 ) (-768 336 976 ) 
4 1193 1379 (0 0 848 ) (0 0 992 ) (-576 0 992 ) (-576 0 848 ) 
4 1193 1194 (-576 16 992 ) (-576 16 848 ) (-576 0 848 ) (-576 0 992 ) 
4 1194 1381 (-576 0 992 ) (-768 0 992 ) (-768 0 848 ) (-576 0 848 ) 
4 1195 1385 (0 0 648 ) (0 0 800 ) (-576 0 800 ) (-576 0 648 ) 
4 1195 1380 (0 0 800 ) (0 0 816 ) (-576 0 816 ) (-576 0 800 ) 
4 1195 1201 (-576 176 648 ) (-576 352 648 ) (-352 352 648 ) (-352 176 648 ) 
4 1195 1200 (-576 352 648 ) (-576 480 648 ) (-352 480 648 ) (-352 352 648 ) 
4 1195 1202 (-352 0 648 ) (-576 0 648 ) (-576 176 648 ) (-352 176 648 ) 
4 1195 1198 (-352 464 648 ) (-352 480 648 ) (-80 480 648 ) (-80 464 648 ) 
4 1195 1197 (-80 480 648 ) (0 480 648 ) (0 464 648 ) (-80 464 648 ) 
4 1195 1199 (0 0 648 ) (-352 0 648 ) (-352 464 648 ) (0 464 648 ) 
4 1196 1392 (-768 0 784 ) (-768 0 648 ) (-672 0 648 ) (-672 0 784 ) 
4 1196 1389 (-672 0 648 ) (-608 0 648 ) (-608 0 784 ) (-672 0 784 ) 
4 1196 1205 (-768 480 784 ) (-768 480 648 ) (-768 0 648 ) (-768 0 784 ) 
4 1196 1203 (-608 0 648 ) (-768 0 648 ) (-768 480 648 ) (-608 480 648 ) 
4 1197 1199 (-80 464 624 ) (0 464 624 ) (0 464 648 ) (-80 464 648 ) 
4 1197 1198 (-80 480 624 ) (-80 464 624 ) (-80 464 648 ) (-80 480 648 ) 
4 1198 1200 (-352 480 624 ) (-352 464 624 ) (-352 464 648 ) (-352 480 648 ) 
4 1198 1199 (-352 464 648 ) (-352 464 624 ) (-80 464 624 ) (-80 464 648 ) 
4 1199 1386 (0 0 624 ) (0 0 648 ) (-352 0 648 ) (-352 0 624 ) 
4 1199 1201 (-352 352 624 ) (-352 176 624 ) (-352 176 648 ) (-352 352 648 ) 
4 1199 1200 (-352 464 624 ) (-352 352 624 ) (-352 352 648 ) (-352 464 648 ) 
4 1199 1202 (-352 176 624 ) (-352 0 624 ) (-352 0 648 ) (-352 176 648 ) 
4 1200 1201 (-576 352 648 ) (-576 352 624 ) (-352 352 624 ) (-352 352 648 ) 
4 1201 1202 (-576 176 648 ) (-576 176 624 ) (-352 176 624 ) (-352 176 648 ) 
4 1202 1387 (-352 0 648 ) (-576 0 648 ) (-576 0 624 ) (-352 0 624 ) 
4 1203 1392 (-672 0 648 ) (-768 0 648 ) (-768 0 624 ) (-672 0 624 ) 
4 1203 1389 (-608 0 648 ) (-672 0 648 ) (-672 0 624 ) (-608 0 624 ) 
4 1203 1205 (-768 480 648 ) (-768 480 624 ) (-768 0 624 ) (-768 0 648 ) 
4 1204 1206 (-784 336 896 ) (-784 192 896 ) (-784 192 976 ) (-784 336 976 ) 
4 1205 1392 (-784 0 784 ) (-784 0 624 ) (-768 0 624 ) (-768 0 784 ) 
4 1205 1207 (-784 480 784 ) (-784 480 624 ) (-784 0 624 ) (-784 0 784 ) 
4 1206 1406 (-784 0 992 ) (-1008 0 992 ) (-1008 0 848 ) (-784 0 848 ) 
4 1206 1208 (-1008 256 896 ) (-1008 56 896 ) (-1008 56 992 ) (-1008 256 992 ) 
4 1207 1410 (-1008 0 784 ) (-1008 0 624 ) (-800 0 624 ) (-800 0 784 ) 
4 1207 1409 (-800 0 624 ) (-784 0 624 ) (-784 0 784 ) (-800 0 784 ) 
4 1207 1210 (-1008 76 688 ) (-1008 36 688 ) (-1008 36 748 ) (-1008 76 748 ) 
4 1207 1209 (-1008 408 688 ) (-1008 364 688 ) (-1008 364 748 ) (-1008 408 748 ) 
4 1208 1354 (-1024 56 992 ) (-1024 256 992 ) (-1024 256 896 ) (-1024 56 896 ) 
4 1209 1355 (-1024 364 748 ) (-1024 408 748 ) (-1024 408 688 ) (-1024 364 688 ) 
4 1210 1356 (-1024 36 748 ) (-1024 76 748 ) (-1024 76 688 ) (-1024 36 688 ) 
4 1211 1218 (-352 776 568 ) (-352 840 568 ) (-352 840 536 ) (-352 776 536 ) 
4 1211 1217 (-352 768 607.729980 ) (-352 992 607.729980 ) (-352 992 576 ) (-352 768 576 ) 
4 1211 1212 (-96 736 576 ) (0 736 576 ) (0 736 607.729980 ) (-96 736 607.729980 ) 
4 1211 1213 (-352 736 576 ) (-352 736 528 ) (0 736 528 ) (0 736 576 ) 
4 1212 1213 (-96 512 576 ) (-96 736 576 ) (0 736 576 ) (0 512 576 ) 
4 1213 1221 (-352 480 544 ) (-352 480 448 ) (-352 416 448 ) (-352 416 544 ) 
4 1213 1220 (-352 640 480 ) (-352 576 480 ) (-352 576 536 ) (-352 640 536 ) 
4 1213 1219 (-352 640 536 ) (-352 576 536 ) (-352 576 544 ) (-352 640 544 ) 
4 1213 1214 (-160 384 448 ) (0 384 448 ) (0 384 576 ) (-160 384 576 ) 
4 1214 1388 (0 0 448 ) (0 0 576 ) (-160 0 576 ) (-160 0 448 ) 
4 1214 1215 (-160 128 448 ) (-160 64 448 ) (-160 64 568 ) (-160 128 568 ) 
4 1215 1216 (-176 128 448 ) (-176 64 448 ) (-176 64 568 ) (-176 128 568 ) 
4 1216 1222 (-352 16 448 ) (-352 16 576 ) (-352 352 576 ) (-352 352 448 ) 
4 1218 1227 (-384 776 568 ) (-384 840 568 ) (-384 840 536 ) (-384 776 536 ) 
4 1219 1239 (-384 576 536 ) (-384 576 544 ) (-384 640 544 ) (-384 640 536 ) 
4 1219 1220 (-352 576 536 ) (-384 576 536 ) (-384 640 536 ) (-352 640 536 ) 
4 1220 1239 (-384 576 480 ) (-384 576 536 ) (-384 640 536 ) (-384 640 480 ) 
4 1221 1239 (-384 416 448 ) (-384 416 544 ) (-384 480 544 ) (-384 480 448 ) 
4 1222 1241 (-384 16 448 ) (-384 16 576 ) (-384 352 576 ) (-384 352 448 ) 
4 1223 1225 (-432 960 432 ) (-432 960 528 ) (-432 1024 528 ) (-432 1024 432 ) 
4 1224 1228 (-464 960 560 ) (-464 960 607.729980 ) (-464 1024 607.729980 ) (-464 1024 560 ) 
4 1224 1226 (-464 960 607.729980 ) (-464 960 560 ) (-432 960 560 ) (-432 960 607.729980 ) 
4 1225 1229 (-464 960 432 ) (-464 960 528 ) (-464 1024 528 ) (-464 1024 432 ) 
4 1226 1228 (-464 944 560 ) (-464 944 607.729980 ) (-464 960 607.729980 ) (-464 960 560 ) 
4 1227 1231 (-464 776 568 ) (-464 840 568 ) (-464 840 536 ) (-464 776 536 ) 
4 1228 1230 (-1008 944 607.729980 ) (-1008 1024 607.729980 ) (-1008 1024 560 ) (-1008 944 560 ) 
4 1231 1233 (-520 720 556 ) (-580 720 556 ) (-580 720 476 ) (-520 720 476 ) 
4 1231 1232 (-800 928 448 ) (-800 720 448 ) (-800 720 576 ) (-800 928 576 ) 
4 1232 1234 (-800 720 576 ) (-1008 720 576 ) (-1008 720 448 ) (-800 720 448 ) 
4 1233 1235 (-520 704 556 ) (-580 704 556 ) (-580 704 476 ) (-520 704 476 ) 
4 1234 1237 (-800 704 448 ) (-800 704 576 ) (-1008 704 576 ) (-1008 704 448 ) 
4 1235 1238 (-520 656 556 ) (-580 656 556 ) (-580 656 476 ) (-520 656 476 ) 
4 1236 1240 (-672 656 448 ) (-672 656 576 ) (-784 656 576 ) (-784 656 448 ) 
4 1237 1244 (-800 656 448 ) (-800 656 576 ) (-1008 656 576 ) (-1008 656 448 ) 
4 1238 1239 (-580 640 476 ) (-520 640 476 ) (-520 640 556 ) (-580 640 556 ) 
4 1240 1243 (-784 352 576 ) (-784 352 448 ) (-776 352 448 ) (-776 352 576 ) 
4 1240 1242 (-776 352 448 ) (-672 352 448 ) (-672 352 576 ) (-776 352 576 ) 
4 1241 1242 (-672 352 448 ) (-672 16 448 ) (-672 16 576 ) (-672 352 576 ) 
4 1242 1243 (-776 352 576 ) (-776 352 448 ) (-776 16 448 ) (-776 16 576 ) 
4 1244 1412 (-1008 0 576 ) (-1008 0 448 ) (-800 0 448 ) (-800 0 576 ) 
4 1244 1245 (-936 416 448 ) (-856 416 448 ) (-856 352 448 ) (-936 352 448 ) 
4 1245 1317 (-936 416 408 ) (-856 416 408 ) (-856 352 408 ) (-936 352 408 ) 
4 1246 1264 (0 1008 240 ) (0 1008 400 ) (-160 1008 400 ) (-160 1008 240 ) 
4 1246 1248 (-160 1008 240 ) (-160 1008 400 ) (-160 1024 400 ) (-160 1024 240 ) 
4 1247 1270 (0 1008 8 ) (0 1008 120 ) (-128 1008 120 ) (-128 1008 8 ) 
4 1248 1264 (-160 1008 240 ) (-160 1008 400 ) (-304 1008 400 ) (-304 1008 240 ) 
4 1248 1250 (-304 1008 240 ) (-304 1008 400 ) (-304 1024 400 ) (-304 1024 240 ) 
4 1249 1270 (-160 1008 -224 ) (-160 1008 -16 ) (-304 1008 -16 ) (-304 1008 -224 ) 
4 1250 1264 (-304 1008 240 ) (-304 1008 400 ) (-384 1008 400 ) (-384 1008 240 ) 
4 1250 1251 (-384 1008 240 ) (-384 1008 400 ) (-384 1024 400 ) (-384 1024 240 ) 
4 1251 1264 (-384 1008 240 ) (-384 1008 400 ) (-528 1008 400 ) (-528 1008 240 ) 
4 1252 1271 (-384 1008 32 ) (-384 1008 216 ) (-528 1008 216 ) (-528 1008 32 ) 
4 1252 1253 (-528 1008 32 ) (-528 1008 216 ) (-528 1016 216 ) (-528 1016 32 ) 
4 1253 1271 (-528 1008 32 ) (-528 1008 216 ) (-560 1008 216 ) (-560 1008 32 ) 
4 1253 1256 (-560 1008 32 ) (-560 1008 216 ) (-560 1016 216 ) (-560 1016 32 ) 
4 1254 1255 (-736 1016 400 ) (-736 1016 240 ) (-560 1016 240 ) (-560 1016 400 ) 
4 1255 1266 (-736 1008 400 ) (-736 1008 240 ) (-560 1008 240 ) (-560 1008 400 ) 
4 1256 1271 (-736 1008 216 ) (-736 1008 32 ) (-560 1008 32 ) (-560 1008 216 ) 
4 1256 1257 (-736 1008 32 ) (-736 1008 216 ) (-736 1016 216 ) (-736 1016 32 ) 
4 1257 1271 (-768 1008 216 ) (-768 1008 32 ) (-736 1008 32 ) (-736 1008 216 ) 
4 1257 1259 (-768 1008 32 ) (-768 1008 216 ) (-768 1016 216 ) (-768 1016 32 ) 
4 1258 1267 (-944 1008 400 ) (-944 1008 240 ) (-768 1008 240 ) (-768 1008 400 ) 
4 1258 1261 (-944 1008 240 ) (-944 1008 400 ) (-944 1024 400 ) (-944 1024 240 ) 
4 1259 1271 (-944 1008 216 ) (-944 1008 32 ) (-768 1008 32 ) (-768 1008 216 ) 
4 1259 1263 (-944 1008 32 ) (-944 1008 216 ) (-944 1016 216 ) (-944 1016 32 ) 
4 1260 1272 (-944 1008 -112 ) (-944 1008 -224 ) (-864 1008 -224 ) (-864 1008 -112 ) 
4 1261 1267 (-944 1008 240 ) (-944 1008 400 ) (-1008 1008 400 ) (-1008 1008 240 ) 
4 1262 1263 (-944 1016 128 ) (-944 1016 216 ) (-1016 1016 216 ) (-1016 1016 128 ) 
4 1263 1273 (-1008 1008 216 ) (-1016 1008 216 ) (-1016 1008 32 ) (-1008 1008 32 ) 
4 1263 1271 (-944 1008 32 ) (-944 1008 216 ) (-1008 1008 216 ) (-1008 1008 32 ) 
4 1265 1266 (-560 848 240 ) (-560 688 240 ) (-560 688 400 ) (-560 848 400 ) 
4 1267 1269 (-1008 688 400 ) (-1008 688 240 ) (-768 688 240 ) (-768 688 400 ) 
4 1268 1269 (-768 656 240 ) (-768 592 240 ) (-768 592 400 ) (-768 656 400 ) 
4 1270 1275 (0 568 -224 ) (0 568 208 ) (-352 568 208 ) (-352 568 -224 ) 
4 1271 1284 (-784 568 216 ) (-1008 568 216 ) (-1008 568 32 ) (-784 568 32 ) 
4 1271 1283 (-776 568 216 ) (-784 568 216 ) (-784 568 32 ) (-776 568 32 ) 
4 1271 1279 (-384 568 32 ) (-384 568 216 ) (-776 568 216 ) (-776 568 32 ) 
4 1271 1273 (-1008 1008 216 ) (-1008 1008 32 ) (-1008 568 32 ) (-1008 568 216 ) 
4 1272 1342 (-1008 1008 -320 ) (-384 1008 -320 ) (-384 568 -320 ) (-1008 568 -320 ) 
4 1272 1285 (-1008 568 -320 ) (-384 568 -320 ) (-384 568 -16 ) (-1008 568 -16 ) 
4 1273 1284 (-1008 568 32 ) (-1008 568 216 ) (-1016 568 216 ) (-1016 568 32 ) 
4 1274 1296 (-272 496 408 ) (-352 496 408 ) (-352 496 232 ) (-272 496 232 ) 
4 1274 1293 (-192 496 408 ) (-272 496 408 ) (-272 496 232 ) (-192 496 232 ) 
4 1274 1290 (-176 496 408 ) (-192 496 408 ) (-192 496 232 ) (-176 496 232 ) 
4 1274 1289 (0 496 232 ) (0 496 408 ) (-176 496 408 ) (-176 496 232 ) 
4 1274 1277 (-352 528 232 ) (-352 496 232 ) (-352 496 408 ) (-352 528 408 ) 
4 1274 1276 (-352 568 408 ) (-352 568 232 ) (-352 528 232 ) (-352 528 408 ) 
4 1275 1322 (0 496 -224 ) (0 496 208 ) (-352 496 208 ) (-352 496 -224 ) 
4 1276 1280 (-384 536 232 ) (-384 528 232 ) (-384 528 408 ) (-384 536 408 ) 
4 1276 1278 (-384 568 408 ) (-384 568 232 ) (-384 536 232 ) (-384 536 408 ) 
4 1276 1277 (-384 528 408 ) (-384 528 232 ) (-352 528 232 ) (-352 528 408 ) 
4 1277 1296 (-352 496 232 ) (-352 496 408 ) (-384 496 408 ) (-384 496 232 ) 
4 1277 1280 (-384 496 232 ) (-384 496 408 ) (-384 528 408 ) (-384 528 232 ) 
4 1278 1282 (-776 536 408 ) (-776 536 232 ) (-752 536 232 ) (-752 536 408 ) 
4 1278 1280 (-752 536 232 ) (-384 536 232 ) (-384 536 408 ) (-752 536 408 ) 
4 1279 1283 (-776 568 216 ) (-776 568 32 ) (-776 536 32 ) (-776 536 216 ) 
4 1279 1281 (-752 536 32 ) (-384 536 32 ) (-384 536 216 ) (-752 536 216 ) 
4 1280 1308 (-688 496 408 ) (-752 496 408 ) (-752 496 232 ) (-688 496 232 ) 
4 1280 1307 (-520 496 408 ) (-688 496 408 ) (-688 496 232 ) (-520 496 232 ) 
4 1280 1304 (-504 496 408 ) (-520 496 408 ) (-520 496 232 ) (-504 496 232 ) 
4 1280 1301 (-424 496 408 ) (-504 496 408 ) (-504 496 232 ) (-424 496 232 ) 
4 1280 1296 (-384 496 232 ) (-384 496 408 ) (-424 496 408 ) (-424 496 232 ) 
4 1280 1282 (-752 536 408 ) (-752 536 232 ) (-752 496 232 ) (-752 496 408 ) 
4 1281 1324 (-384 496 32 ) (-384 496 216 ) (-752 496 216 ) (-752 496 32 ) 
4 1282 1308 (-752 496 408 ) (-776 496 408 ) (-776 496 232 ) (-752 496 232 ) 
4 1283 1284 (-784 568 216 ) (-784 568 32 ) (-784 536 32 ) (-784 536 216 ) 
4 1285 1342 (-1008 568 -320 ) (-384 568 -320 ) (-384 536 -320 ) (-1008 536 -320 ) 
4 1285 1287 (-1008 536 -320 ) (-752 536 -320 ) (-752 536 -16 ) (-1008 536 -16 ) 
4 1285 1286 (-752 536 -320 ) (-384 536 -320 ) (-384 536 -16 ) (-752 536 -16 ) 
4 1286 1342 (-752 536 -320 ) (-384 536 -320 ) (-384 528 -320 ) (-752 528 -320 ) 
4 1286 1288 (-464 528 -224 ) (-464 528 -128 ) (-512 528 -128 ) (-512 528 -224 ) 
4 1286 1287 (-752 536 -16 ) (-752 536 -320 ) (-752 528 -320 ) (-752 528 -16 ) 
4 1287 1342 (-1008 536 -320 ) (-752 536 -320 ) (-752 528 -320 ) (-1008 528 -320 ) 
4 1288 1325 (-464 496 -224 ) (-464 496 -128 ) (-512 496 -128 ) (-512 496 -224 ) 
4 1289 1402 (0 0 232 ) (0 0 408 ) (-176 0 408 ) (-176 0 232 ) 
4 1289 1292 (-176 16 232 ) (-176 0 232 ) (-176 0 408 ) (-176 16 408 ) 
4 1289 1291 (-176 104 272 ) (-176 104 376 ) (-176 248 376 ) (-176 248 272 ) 
4 1289 1290 (-176 496 408 ) (-176 496 232 ) (-176 336 232 ) (-176 336 408 ) 
4 1290 1293 (-192 496 408 ) (-192 496 232 ) (-192 336 232 ) (-192 336 408 ) 
4 1291 1294 (-192 104 272 ) (-192 104 376 ) (-192 248 376 ) (-192 248 272 ) 
4 1292 1402 (-176 0 408 ) (-192 0 408 ) (-192 0 232 ) (-176 0 232 ) 
4 1292 1295 (-192 16 232 ) (-192 0 232 ) (-192 0 408 ) (-192 16 408 ) 
4 1293 1296 (-272 496 408 ) (-272 496 232 ) (-272 336 232 ) (-272 336 408 ) 
4 1294 1298 (-272 320 232 ) (-272 32 232 ) (-272 32 408 ) (-272 320 408 ) 
4 1295 1402 (-192 0 408 ) (-272 0 408 ) (-272 0 232 ) (-192 0 232 ) 
4 1295 1300 (-272 16 232 ) (-272 0 232 ) (-272 0 408 ) (-272 16 408 ) 
4 1296 1301 (-424 496 408 ) (-424 496 232 ) (-424 336 232 ) (-424 336 408 ) 
4 1296 1297 (-424 336 376 ) (-424 336 272 ) (-272 336 272 ) (-272 336 376 ) 
4 1297 1298 (-424 320 376 ) (-424 320 272 ) (-272 320 272 ) (-272 320 376 ) 
4 1298 1302 (-424 320 232 ) (-424 32 232 ) (-424 32 408 ) (-424 320 408 ) 
4 1298 1299 (-424 32 376 ) (-424 32 272 ) (-272 32 272 ) (-272 32 376 ) 
4 1299 1300 (-424 16 376 ) (-424 16 272 ) (-272 16 272 ) (-272 16 376 ) 
4 1300 1402 (-272 0 408 ) (-424 0 408 ) (-424 0 232 ) (-272 0 232 ) 
4 1300 1303 (-424 16 232 ) (-424 0 232 ) (-424 0 408 ) (-424 16 408 ) 
4 1301 1304 (-504 496 408 ) (-504 496 232 ) (-504 336 232 ) (-504 336 408 ) 
4 1302 1305 (-504 240 232 ) (-504 112 232 ) (-504 112 408 ) (-504 240 408 ) 
4 1303 1402 (-424 0 408 ) (-504 0 408 ) (-504 0 232 ) (-424 0 232 ) 
4 1303 1306 (-504 16 232 ) (-504 0 232 ) (-504 0 408 ) (-504 16 408 ) 
4 1304 1307 (-520 496 408 ) (-520 496 232 ) (-520 336 232 ) (-520 336 408 ) 
4 1305 1307 (-520 240 232 ) (-520 112 232 ) (-520 112 408 ) (-520 240 408 ) 
4 1306 1402 (-504 0 408 ) (-520 0 408 ) (-520 0 232 ) (-504 0 232 ) 
4 1306 1307 (-520 16 232 ) (-520 0 232 ) (-520 0 408 ) (-520 16 408 ) 
4 1307 1402 (-520 0 408 ) (-688 0 408 ) (-688 0 232 ) (-520 0 232 ) 
4 1307 1310 (-688 96 232 ) (-688 0 232 ) (-688 0 408 ) (-688 96 408 ) 
4 1307 1308 (-688 496 408 ) (-688 496 232 ) (-688 256 232 ) (-688 256 408 ) 
4 1307 1309 (-688 240 232 ) (-688 112 232 ) (-688 112 408 ) (-688 240 408 ) 
4 1308 1311 (-776 472 320 ) (-776 312 320 ) (-776 312 392 ) (-776 472 392 ) 
4 1309 1312 (-776 240 232 ) (-776 112 232 ) (-776 112 408 ) (-776 240 408 ) 
4 1310 1402 (-688 0 408 ) (-776 0 408 ) (-776 0 232 ) (-688 0 232 ) 
4 1311 1313 (-784 472 320 ) (-784 312 320 ) (-784 312 392 ) (-784 472 392 ) 
4 1312 1314 (-784 240 232 ) (-784 112 232 ) (-784 112 408 ) (-784 240 408 ) 
4 1313 1320 (-800 352 320 ) (-800 312 320 ) (-800 312 392 ) (-800 352 392 ) 
4 1313 1316 (-800 416 320 ) (-800 352 320 ) (-800 352 392 ) (-800 416 392 ) 
4 1313 1315 (-800 472 320 ) (-800 416 320 ) (-800 416 392 ) (-800 472 392 ) 
4 1314 1416 (-784 0 408 ) (-800 0 408 ) (-800 0 232 ) (-784 0 232 ) 
4 1314 1321 (-800 264 232 ) (-800 0 232 ) (-800 0 408 ) (-800 264 408 ) 
4 1315 1338 (-1008 496 232 ) (-800 496 232 ) (-800 416 232 ) (-1008 416 232 ) 
4 1315 1319 (-1008 416 232 ) (-936 416 232 ) (-936 416 400 ) (-1008 416 400 ) 
4 1315 1318 (-936 416 232 ) (-856 416 232 ) (-856 416 400 ) (-936 416 400 ) 
4 1315 1316 (-856 416 232 ) (-800 416 232 ) (-800 416 400 ) (-856 416 400 ) 
4 1316 1338 (-856 416 232 ) (-800 416 232 ) (-800 352 232 ) (-856 352 232 ) 
4 1316 1320 (-856 352 232 ) (-800 352 232 ) (-800 352 400 ) (-856 352 400 ) 
4 1316 1318 (-856 416 400 ) (-856 416 232 ) (-856 352 232 ) (-856 352 400 ) 
4 1317 1318 (-936 352 400 ) (-936 416 400 ) (-856 416 400 ) (-856 352 400 ) 
4 1318 1338 (-936 416 232 ) (-856 416 232 ) (-856 352 232 ) (-936 352 232 ) 
4 1318 1320 (-936 352 232 ) (-856 352 232 ) (-856 352 400 ) (-936 352 400 ) 
4 1318 1319 (-936 416 400 ) (-936 416 232 ) (-936 352 232 ) (-936 352 400 ) 
4 1319 1338 (-1008 416 232 ) (-936 416 232 ) (-936 352 232 ) (-1008 352 232 ) 
4 1319 1320 (-1008 352 232 ) (-936 352 232 ) (-936 352 400 ) (-1008 352 400 ) 
4 1320 1338 (-1008 352 232 ) (-800 352 232 ) (-800 288 232 ) (-1008 288 232 ) 
4 1321 1418 (-1008 0 408 ) (-1016 0 408 ) (-1016 0 232 ) (-1008 0 232 ) 
4 1321 1416 (-800 0 408 ) (-1008 0 408 ) (-1008 0 232 ) (-800 0 232 ) 
4 1322 1403 (0 0 -224 ) (0 0 208 ) (-352 0 208 ) (-352 0 -224 ) 
4 1322 1323 (-352 0 32 ) (-352 0 144 ) (-352 56 144 ) (-352 56 32 ) 
4 1323 1333 (-368 56 144 ) (-368 56 32 ) (-368 0 32 ) (-368 0 144 ) 
4 1324 1328 (-464 488 144 ) (-464 488 64 ) (-424 488 64 ) (-424 488 144 ) 
4 1325 1330 (-464 488 -112 ) (-752 488 -112 ) (-752 488 -224 ) (-464 488 -224 ) 
4 1325 1329 (-424 488 -112 ) (-464 488 -112 ) (-464 488 -224 ) (-424 488 -224 ) 
4 1325 1327 (-384 488 -224 ) (-384 488 -112 ) (-424 488 -112 ) (-424 488 -224 ) 
4 1325 1326 (-752 488 -224 ) (-752 488 -112 ) (-752 496 -112 ) (-752 496 -224 ) 
4 1326 1334 (-760 496 -112 ) (-760 496 -224 ) (-760 488 -224 ) (-760 488 -112 ) 
4 1326 1330 (-760 488 -112 ) (-760 488 -224 ) (-752 488 -224 ) (-752 488 -112 ) 
4 1327 1332 (-384 472 -224 ) (-384 472 -112 ) (-424 472 -112 ) (-424 472 -224 ) 
4 1327 1329 (-424 488 -112 ) (-424 488 -224 ) (-424 472 -224 ) (-424 472 -112 ) 
4 1328 1331 (-424 472 64 ) (-424 472 144 ) (-464 472 144 ) (-464 472 64 ) 
4 1329 1332 (-424 472 -224 ) (-424 472 -112 ) (-464 472 -112 ) (-464 472 -224 ) 
4 1329 1330 (-464 488 -112 ) (-464 488 -224 ) (-464 472 -224 ) (-464 472 -112 ) 
4 1330 1334 (-760 488 -112 ) (-760 488 -224 ) (-760 472 -224 ) (-760 472 -112 ) 
4 1330 1332 (-760 472 -112 ) (-760 472 -224 ) (-464 472 -224 ) (-464 472 -112 ) 
4 1331 1335 (-760 232 32 ) (-760 160 32 ) (-760 160 144 ) (-760 232 144 ) 
4 1332 1334 (-760 472 -112 ) (-760 472 -224 ) (-760 288 -224 ) (-760 288 -112 ) 
4 1333 1336 (-760 56 144 ) (-760 56 32 ) (-760 0 32 ) (-760 0 144 ) 
4 1334 1337 (-784 496 -112 ) (-784 496 -224 ) (-784 288 -224 ) (-784 288 -112 ) 
4 1335 1339 (-784 160 32 ) (-784 160 144 ) (-784 232 144 ) (-784 232 32 ) 
4 1336 1341 (-784 0 32 ) (-784 0 144 ) (-784 56 144 ) (-784 56 32 ) 
4 1337 1338 (-800 288 -224 ) (-800 288 -112 ) (-800 496 -112 ) (-800 496 -224 ) 
4 1338 1344 (-1008 496 -320 ) (-800 496 -320 ) (-800 288 -320 ) (-1008 288 -320 ) 
4 1339 1340 (-880 160 144 ) (-960 160 144 ) (-960 160 32 ) (-880 160 32 ) 
4 1340 1341 (-880 56 32 ) (-880 56 144 ) (-960 56 144 ) (-960 56 32 ) 
4 1341 1420 (-1024 0 144 ) (-1024 0 32 ) (-1016 0 32 ) (-1016 0 144 ) 
4 1341 1419 (-1016 0 32 ) (-1008 0 32 ) (-1008 0 144 ) (-1016 0 144 ) 
4 1341 1417 (-1008 0 32 ) (-984 0 32 ) (-984 0 144 ) (-1008 0 144 ) 
4 1341 1357 (-1024 16 144 ) (-1024 56 144 ) (-1024 56 32 ) (-1024 16 32 ) 
4 1345 1347 (-1328 1008 2032 ) (-1328 1008 1040 ) (-1328 16 1040 ) (-1328 16 2032 ) 
4 1346 1359 (-1040 16 992 ) (-1328 16 992 ) (-1328 1008 992 ) (-1040 1008 992 ) 
4 1346 1351 (-1328 304 992 ) (-1328 16 992 ) (-1328 16 1008 ) (-1328 304 1008 ) 
4 1346 1350 (-1328 720 992 ) (-1328 304 992 ) (-1328 304 1008 ) (-1328 720 1008 ) 
4 1346 1348 (-1328 1008 1008 ) (-1328 1008 992 ) (-1328 720 992 ) (-1328 720 1008 ) 
4 1347 1352 (-1744 1008 2032 ) (-1744 1008 1040 ) (-1744 16 1040 ) (-1744 16 2032 ) 
4 1347 1349 (-1744 304 1040 ) (-1744 720 1040 ) (-1328 720 1040 ) (-1328 304 1040 ) 
4 1348 1359 (-1744 720 992 ) (-1744 1008 992 ) (-1328 1008 992 ) (-1328 720 992 ) 
4 1348 1353 (-1744 1008 1008 ) (-1744 1008 992 ) (-1744 720 992 ) (-1744 720 1008 ) 
4 1348 1350 (-1328 720 992 ) (-1328 720 1008 ) (-1744 720 1008 ) (-1744 720 992 ) 
4 1349 1350 (-1328 304 1008 ) (-1744 304 1008 ) (-1744 720 1008 ) (-1328 720 1008 ) 
4 1350 1359 (-1744 304 992 ) (-1744 720 992 ) (-1328 720 992 ) (-1328 304 992 ) 
4 1350 1353 (-1744 720 992 ) (-1744 304 992 ) (-1744 304 1008 ) (-1744 720 1008 ) 
4 1350 1351 (-1328 304 992 ) (-1328 304 1008 ) (-1744 304 1008 ) (-1744 304 992 ) 
4 1351 1359 (-1328 16 992 ) (-1744 16 992 ) (-1744 304 992 ) (-1328 304 992 ) 
4 1351 1353 (-1744 304 992 ) (-1744 16 992 ) (-1744 16 1008 ) (-1744 304 1008 ) 
4 1353 1359 (-1744 16 992 ) (-2032 16 992 ) (-2032 1008 992 ) (-1744 1008 992 ) 
4 1354 1359 (-1040 56 992 ) (-1040 256 992 ) (-1040 256 896 ) (-1040 56 896 ) 
4 1355 1359 (-1040 408 688 ) (-1040 364 688 ) (-1040 364 748 ) (-1040 408 748 ) 
4 1356 1359 (-1040 76 688 ) (-1040 36 688 ) (-1040 36 748 ) (-1040 76 748 ) 
4 1357 1359 (-1040 16 144 ) (-1040 56 144 ) (-1040 56 32 ) (-1040 16 32 ) 
4 1358 1359 (-1760 1008 520 ) (-2000 1008 520 ) (-2000 1008 456 ) (-1760 1008 456 ) 
4 1359 1360 (-1968 16 392 ) (-1968 16 272 ) (-1648 16 272 ) (-1648 16 392 ) 
4 1360 1431 (-1648 0 272 ) (-1648 0 392 ) (-1968 0 392 ) (-1968 0 272 ) 
4 1361 1368 (-560 -240 2688 ) (-640 -240 2688 ) (-640 -240 2592 ) (-560 -240 2592 ) 
4 1362 1382 (-576 -96 992 ) (-576 -208 992 ) (-768 -208 992 ) (-768 -96 992 ) 
4 1362 1381 (-768 0 992 ) (-576 0 992 ) (-576 -96 992 ) (-768 -96 992 ) 
4 1362 1379 (-576 0 992 ) (0 0 992 ) (0 -208 992 ) (-576 -208 992 ) 
4 1363 1406 (-800 0 992 ) (-784 0 992 ) (-784 -64 992 ) (-800 -64 992 ) 
4 1363 1364 (-800 0 992 ) (-800 -64 992 ) (-800 -64 1008 ) (-800 0 1008 ) 
4 1364 1406 (-1008 0 992 ) (-800 0 992 ) (-800 -64 992 ) (-1008 -64 992 ) 
4 1365 1408 (-800 -96 992 ) (-800 -224 992 ) (-1008 -224 992 ) (-1008 -96 992 ) 
4 1365 1366 (-896 -224 1216 ) (-800 -224 1216 ) (-800 -224 1296 ) (-896 -224 1296 ) 
4 1366 1371 (-800 -240 1216 ) (-800 -240 1296 ) (-896 -240 1296 ) (-896 -240 1216 ) 
4 1367 1369 (-640 -256 3072 ) (-336 -256 3072 ) (-336 -1008 3072 ) (-640 -1008 3072 ) 
4 1368 1369 (-640 -256 2688 ) (-640 -256 2592 ) (-560 -256 2592 ) (-560 -256 2688 ) 
4 1369 1376 (-640 -1008 2048 ) (-640 -896 2048 ) (-336 -896 2048 ) (-336 -1008 2048 ) 
4 1369 1373 (-640 -896 2048 ) (-640 -384 2048 ) (-336 -384 2048 ) (-336 -896 2048 ) 
4 1369 1371 (-640 -384 2048 ) (-640 -256 2048 ) (-336 -256 2048 ) (-336 -384 2048 ) 
4 1370 1430 (0 -1024 992 ) (-128 -1024 992 ) (-128 -240 992 ) (0 -240 992 ) 
4 1370 1377 (-128 -896 992 ) (-128 -1024 992 ) (-128 -1024 1008 ) (-128 -896 1008 ) 
4 1370 1375 (-128 -384 992 ) (-128 -896 992 ) (-128 -896 1008 ) (-128 -384 1008 ) 
4 1370 1372 (-128 -240 1008 ) (-128 -240 992 ) (-128 -384 992 ) (-128 -384 1008 ) 
4 1371 1373 (-896 -384 2048 ) (-896 -384 1216 ) (-128 -384 1216 ) (-128 -384 2048 ) 
4 1372 1430 (-896 -384 992 ) (-896 -240 992 ) (-128 -240 992 ) (-128 -384 992 ) 
4 1372 1378 (-896 -240 1008 ) (-896 -240 992 ) (-896 -384 992 ) (-896 -384 1008 ) 
4 1372 1375 (-896 -384 1008 ) (-896 -384 992 ) (-128 -384 992 ) (-128 -384 1008 ) 
4 1373 1376 (-896 -896 2048 ) (-896 -896 1216 ) (-128 -896 1216 ) (-128 -896 2048 ) 
4 1373 1374 (-128 -896 1216 ) (-896 -896 1216 ) (-896 -384 1216 ) (-128 -384 1216 ) 
4 1374 1375 (-128 -896 1008 ) (-896 -896 1008 ) (-896 -384 1008 ) (-128 -384 1008 ) 
4 1375 1430 (-896 -896 992 ) (-896 -384 992 ) (-128 -384 992 ) (-128 -896 992 ) 
4 1375 1378 (-896 -384 1008 ) (-896 -384 992 ) (-896 -896 992 ) (-896 -896 1008 ) 
4 1375 1377 (-896 -896 1008 ) (-896 -896 992 ) (-128 -896 992 ) (-128 -896 1008 ) 
4 1377 1430 (-128 -1024 992 ) (-896 -1024 992 ) (-896 -896 992 ) (-128 -896 992 ) 
4 1377 1378 (-896 -896 1008 ) (-896 -896 992 ) (-896 -1024 992 ) (-896 -1024 1008 ) 
4 1378 1430 (-896 -1024 992 ) (-1024 -1024 992 ) (-1024 -240 992 ) (-896 -240 992 ) 
4 1379 1382 (-576 -208 848 ) (-576 -208 992 ) (-576 -96 992 ) (-576 -96 848 ) 
4 1379 1381 (-576 -96 992 ) (-576 0 992 ) (-576 0 848 ) (-576 -96 848 ) 
4 1380 1385 (-576 0 800 ) (0 0 800 ) (0 -208 800 ) (-576 -208 800 ) 
4 1380 1383 (-576 -96 800 ) (-576 -208 800 ) (-576 -208 816 ) (-576 -96 816 ) 
4 1381 1382 (-768 -96 992 ) (-768 -96 848 ) (-576 -96 848 ) (-576 -96 992 ) 
4 1382 1384 (-768 -176 992 ) (-768 -96 992 ) (-768 -96 896 ) (-768 -176 896 ) 
4 1383 1397 (-768 -208 800 ) (-768 -96 800 ) (-576 -96 800 ) (-576 -208 800 ) 
4 1384 1407 (-784 -176 992 ) (-784 -96 992 ) (-784 -96 896 ) (-784 -176 896 ) 
4 1385 1397 (-576 -208 648 ) (-576 -208 800 ) (-576 -96 800 ) (-576 -96 648 ) 
4 1385 1387 (-352 -208 648 ) (-576 -208 648 ) (-576 0 648 ) (-352 0 648 ) 
4 1385 1386 (0 -208 648 ) (-352 -208 648 ) (-352 0 648 ) (0 0 648 ) 
4 1386 1387 (-352 0 624 ) (-352 -208 624 ) (-352 -208 648 ) (-352 0 648 ) 
4 1387 1397 (-576 -208 624 ) (-576 -208 648 ) (-576 -96 648 ) (-576 -96 624 ) 
4 1388 1401 (-576 -208 448 ) (0 -208 448 ) (0 -208 576 ) (-576 -208 576 ) 
4 1388 1398 (-576 -96 448 ) (-576 -208 448 ) (-576 -208 576 ) (-576 -96 576 ) 
4 1388 1391 (-576 -64 448 ) (-576 -96 448 ) (-576 -96 576 ) (-576 -64 576 ) 
4 1388 1390 (-576 0 448 ) (-576 -64 448 ) (-576 -64 576 ) (-576 0 576 ) 
4 1389 1392 (-672 0 784 ) (-672 0 624 ) (-672 -64 624 ) (-672 -64 784 ) 
4 1390 1393 (-672 0 448 ) (-672 -64 448 ) (-672 -64 576 ) (-672 0 576 ) 
4 1390 1391 (-576 -64 448 ) (-576 -64 576 ) (-672 -64 576 ) (-672 -64 448 ) 
4 1391 1398 (-672 -96 448 ) (-576 -96 448 ) (-576 -96 576 ) (-672 -96 576 ) 
4 1391 1395 (-672 -64 448 ) (-672 -96 448 ) (-672 -96 576 ) (-672 -64 576 ) 
4 1392 1409 (-784 0 784 ) (-784 0 624 ) (-784 -64 624 ) (-784 -64 784 ) 
4 1392 1394 (-672 -64 624 ) (-672 -64 736 ) (-736 -64 736 ) (-736 -64 624 ) 
4 1393 1411 (-784 0 576 ) (-784 0 448 ) (-784 -64 448 ) (-784 -64 576 ) 
4 1393 1396 (-784 -64 448 ) (-736 -64 448 ) (-736 -64 576 ) (-784 -64 576 ) 
4 1393 1395 (-736 -64 448 ) (-672 -64 448 ) (-672 -64 576 ) (-736 -64 576 ) 
4 1394 1397 (-672 -96 624 ) (-672 -96 736 ) (-736 -96 736 ) (-736 -96 624 ) 
4 1395 1398 (-736 -96 448 ) (-672 -96 448 ) (-672 -96 576 ) (-736 -96 576 ) 
4 1395 1396 (-736 -64 576 ) (-736 -64 448 ) (-736 -96 448 ) (-736 -96 576 ) 
4 1396 1411 (-784 -64 576 ) (-784 -64 448 ) (-784 -96 448 ) (-784 -96 576 ) 
4 1396 1400 (-784 -96 448 ) (-768 -96 448 ) (-768 -96 576 ) (-784 -96 576 ) 
4 1396 1398 (-768 -96 448 ) (-736 -96 448 ) (-736 -96 576 ) (-768 -96 576 ) 
4 1397 1399 (-768 -96 800 ) (-768 -96 688 ) (-768 -176 688 ) (-768 -176 800 ) 
4 1398 1401 (-768 -208 448 ) (-576 -208 448 ) (-576 -208 576 ) (-768 -208 576 ) 
4 1398 1400 (-768 -96 576 ) (-768 -96 448 ) (-768 -208 448 ) (-768 -208 576 ) 
4 1399 1413 (-784 -176 800 ) (-784 -96 800 ) (-784 -96 688 ) (-784 -176 688 ) 
4 1400 1414 (-784 -96 576 ) (-784 -96 448 ) (-784 -208 448 ) (-784 -208 576 ) 
4 1400 1401 (-784 -208 448 ) (-768 -208 448 ) (-768 -208 576 ) (-784 -208 576 ) 
4 1401 1427 (-288 -224 560 ) (-752 -224 560 ) (-752 -224 496 ) (-288 -224 496 ) 
4 1401 1425 (-240 -224 448 ) (-176 -224 448 ) (-176 -224 560 ) (-240 -224 560 ) 
4 1401 1414 (-784 -224 448 ) (-784 -224 576 ) (-784 -208 576 ) (-784 -208 448 ) 
4 1402 1405 (-248 -216 232 ) (-168 -216 232 ) (-168 -216 296 ) (-248 -216 296 ) 
4 1403 1404 (-352 -16 -224 ) (0 -16 -224 ) (0 -16 208 ) (-352 -16 208 ) 
4 1405 1428 (-240 -224 296 ) (-248 -224 296 ) (-248 -224 232 ) (-240 -224 232 ) 
4 1405 1426 (-176 -224 296 ) (-240 -224 296 ) (-240 -224 232 ) (-176 -224 232 ) 
4 1405 1424 (-168 -224 232 ) (-168 -224 296 ) (-176 -224 296 ) (-176 -224 232 ) 
4 1407 1408 (-800 -96 992 ) (-800 -96 896 ) (-800 -176 896 ) (-800 -176 992 ) 
4 1408 1415 (-1008 -224 800 ) (-1008 -96 800 ) (-800 -96 800 ) (-800 -224 800 ) 
4 1409 1410 (-800 -64 624 ) (-800 -64 784 ) (-800 0 784 ) (-800 0 624 ) 
4 1411 1414 (-800 -96 448 ) (-784 -96 448 ) (-784 -96 576 ) (-800 -96 576 ) 
4 1411 1412 (-800 0 448 ) (-800 -96 448 ) (-800 -96 576 ) (-800 0 576 ) 
4 1412 1415 (-1008 -96 448 ) (-800 -96 448 ) (-800 -96 576 ) (-1008 -96 576 ) 
4 1413 1415 (-800 -96 800 ) (-800 -96 688 ) (-800 -176 688 ) (-800 -176 800 ) 
4 1414 1415 (-800 -96 576 ) (-800 -96 448 ) (-800 -224 448 ) (-800 -224 576 ) 
4 1416 1422 (-1008 -64 232 ) (-1008 -208 232 ) (-1008 -208 408 ) (-1008 -64 408 ) 
4 1416 1421 (-1008 -8 232 ) (-1008 -64 232 ) (-1008 -64 408 ) (-1008 -8 408 ) 
4 1416 1418 (-1008 0 408 ) (-1008 0 232 ) (-1008 -8 232 ) (-1008 -8 408 ) 
4 1417 1429 (-1008 -224 144 ) (-1008 -224 32 ) (-984 -224 32 ) (-984 -224 144 ) 
4 1417 1423 (-1008 -224 32 ) (-1008 -224 144 ) (-1008 -8 144 ) (-1008 -8 32 ) 
4 1417 1419 (-1008 -8 144 ) (-1008 0 144 ) (-1008 0 32 ) (-1008 -8 32 ) 
4 1418 1421 (-1008 -8 232 ) (-1008 -8 408 ) (-1016 -8 408 ) (-1016 -8 232 ) 
4 1419 1423 (-1008 -8 32 ) (-1008 -8 144 ) (-1016 -8 144 ) (-1016 -8 32 ) 
4 1419 1420 (-1016 -8 32 ) (-1016 -8 144 ) (-1016 0 144 ) (-1016 0 32 ) 
4 1420 1423 (-1016 -8 32 ) (-1016 -8 144 ) (-1024 -8 144 ) (-1024 -8 32 ) 
4 1421 1432 (-1024 -8 408 ) (-1024 -8 232 ) (-1024 -64 232 ) (-1024 -64 408 ) 
4 1421 1422 (-1024 -64 232 ) (-1008 -64 232 ) (-1008 -64 408 ) (-1024 -64 408 ) 
4 1422 1432 (-1024 -64 408 ) (-1024 -64 232 ) (-1024 -208 232 ) (-1024 -208 408 ) 
4 1423 1429 (-1024 -224 144 ) (-1024 -224 32 ) (-1008 -224 32 ) (-1008 -224 144 ) 
4 1424 1430 (-176 -240 296 ) (-176 -240 232 ) (-168 -240 232 ) (-168 -240 296 ) 
4 1424 1426 (-176 -224 296 ) (-176 -224 232 ) (-176 -240 232 ) (-176 -240 296 ) 
4 1425 1430 (-176 -240 448 ) (-176 -240 560 ) (-240 -240 560 ) (-240 -240 448 ) 
4 1426 1430 (-176 -240 232 ) (-176 -240 296 ) (-240 -240 296 ) (-240 -240 232 ) 
4 1426 1428 (-240 -224 296 ) (-240 -224 232 ) (-240 -240 232 ) (-240 -240 296 ) 
4 1427 1430 (-288 -240 560 ) (-752 -240 560 ) (-752 -240 496 ) (-288 -240 496 ) 
4 1428 1430 (-240 -240 232 ) (-240 -240 296 ) (-248 -240 296 ) (-248 -240 232 ) 
4 1429 1430 (-984 -240 32 ) (-984 -240 144 ) (-1024 -240 144 ) (-1024 -240 32 ) 
4 1431 1432 (-1648 -8 272 ) (-1648 -8 392 ) (-1968 -8 392 ) (-1968 -8 272 ) 
4 1433 1435 (-2720 960 656 ) (-2720 960 544 ) (-2720 896 544 ) (-2720 896 656 ) 
4 1433 1434 (-2480 848 544 ) (-2352 848 544 ) (-2352 848 752 ) (-2480 848 752 ) 
4 1435 1441 (-2736 896 544 ) (-2736 896 656 ) (-2736 960 656 ) (-2736 960 544 ) 
4 1436 1441 (-2872 1008 544 ) (-2872 1008 624 ) (-2920 1008 624 ) (-2920 1008 544 ) 
4 1437 1440 (-3056 1008 976 ) (-2936 1008 976 ) (-2936 512 976 ) (-3056 512 976 ) 
4 1437 1439 (-2936 1008 976 ) (-2856 1008 976 ) (-2856 512 976 ) (-2936 512 976 ) 
4 1437 1438 (-2856 1008 976 ) (-2736 1008 976 ) (-2736 512 976 ) (-2856 512 976 ) 
4 1438 1441 (-2856 1008 728 ) (-2736 1008 728 ) (-2736 512 728 ) (-2856 512 728 ) 
4 1438 1439 (-2856 1008 728 ) (-2856 512 728 ) (-2856 512 976 ) (-2856 1008 976 ) 
4 1439 1441 (-2936 1008 728 ) (-2856 1008 728 ) (-2856 512 728 ) (-2936 512 728 ) 
4 1439 1440 (-2936 1008 728 ) (-2936 512 728 ) (-2936 512 976 ) (-2936 1008 976 ) 
4 1440 1441 (-3056 1008 728 ) (-2936 1008 728 ) (-2936 512 728 ) (-3056 512 728 ) 
